reporterISO,reporter,partnerISO,partner,sector,commodity_code,commodity,trade_value_usd,year,flow
ARG,Argentina,AGO,Angola,agriculture,10,Cereals,260069459.15,2025,Export
ARG,Argentina,AGO,Angola,agriculture,10,Cereals,260069459.15,2025,Export
ARG,Argentina,ARE,United Arab Emirates,agriculture,10,Cereals,113416927.05,2025,Export
ARG,Argentina,ARE,United Arab Emirates,agriculture,10,Cereals,113416927.05,2025,Export
ARG,Argentina,ARE,United Arab Emirates,agriculture,12,"Oil seeds and oleaginous fruits; miscellaneous grains, seeds and fruit, industrial or medicinal plants; straw and fodder",8356305.55,2025,Export
ARG,Argentina,ARE,United Arab Emirates,agriculture,12,"Oil seeds and oleaginous fruits; miscellaneous grains, seeds and fruit, industrial or medicinal plants; straw and fodder",8356305.55,2025,Export
ARG,Argentina,AUS,Australia,agriculture,12,"Oil seeds and oleaginous fruits; miscellaneous grains, seeds and fruit, industrial or medicinal plants; straw and fodder",28483908.71,2025,Export
ARG,Argentina,AUS,Australia,agriculture,12,"Oil seeds and oleaginous fruits; miscellaneous grains, seeds and fruit, industrial or medicinal plants; straw and fodder",28483908.71,2025,Export
ARG,Argentina,BEL,Belgium,agriculture,10,Cereals,2294369.79,2025,Export
ARG,Argentina,BEL,Belgium,agriculture,10,Cereals,2294369.79,2025,Export
ARG,Argentina,BEL,Belgium,agriculture,12,"Oil seeds and oleaginous fruits; miscellaneous grains, seeds and fruit, industrial or medicinal plants; straw and fodder",31201859.15,2025,Export
ARG,Argentina,BEL,Belgium,agriculture,12,"Oil seeds and oleaginous fruits; miscellaneous grains, seeds and fruit, industrial or medicinal plants; straw and fodder",31201859.15,2025,Export
ARG,Argentina,BGD,Bangladesh,agriculture,10,Cereals,245651848.12,2025,Export
ARG,Argentina,BGD,Bangladesh,agriculture,10,Cereals,245651848.12,2025,Export
ARG,Argentina,BGR,Bulgaria,agriculture,10,Cereals,78277.0,2025,Export
ARG,Argentina,BGR,Bulgaria,agriculture,10,Cereals,78277.0,2025,Export
ARG,Argentina,BGR,Bulgaria,agriculture,12,"Oil seeds and oleaginous fruits; miscellaneous grains, seeds and fruit, industrial or medicinal plants; straw and fodder",10769314.19,2025,Export
ARG,Argentina,BGR,Bulgaria,agriculture,12,"Oil seeds and oleaginous fruits; miscellaneous grains, seeds and fruit, industrial or medicinal plants; straw and fodder",10769314.19,2025,Export
ARG,Argentina,BHR,Bahrain,agriculture,10,Cereals,53934.44,2025,Export
ARG,Argentina,BHR,Bahrain,agriculture,10,Cereals,53934.44,2025,Export
ARG,Argentina,BOL,Bolivia (Plurinational State of),agriculture,10,Cereals,11862808.94,2025,Export
ARG,Argentina,BOL,Bolivia (Plurinational State of),agriculture,10,Cereals,11862808.94,2025,Export
ARG,Argentina,BOL,Bolivia (Plurinational State of),agriculture,11,"Products of the milling industry; malt, starches, inulin, wheat gluten",70333141.63,2025,Export
ARG,Argentina,BOL,Bolivia (Plurinational State of),agriculture,11,"Products of the milling industry; malt, starches, inulin, wheat gluten",70333141.63,2025,Export
ARG,Argentina,BOL,Bolivia (Plurinational State of),agriculture,12,"Oil seeds and oleaginous fruits; miscellaneous grains, seeds and fruit, industrial or medicinal plants; straw and fodder",5546691.84,2025,Export
ARG,Argentina,BOL,Bolivia (Plurinational State of),agriculture,12,"Oil seeds and oleaginous fruits; miscellaneous grains, seeds and fruit, industrial or medicinal plants; straw and fodder",5546691.84,2025,Export
ARG,Argentina,BRA,Brazil,agriculture,10,Cereals,1457402895.71,2025,Export
ARG,Argentina,BRA,Brazil,agriculture,10,Cereals,1457402895.71,2025,Export
ARG,Argentina,BRA,Brazil,agriculture,11,"Products of the milling industry; malt, starches, inulin, wheat gluten",289872743.37,2025,Export
ARG,Argentina,BRA,Brazil,agriculture,11,"Products of the milling industry; malt, starches, inulin, wheat gluten",289872743.37,2025,Export
ARG,Argentina,BRA,Brazil,agriculture,12,"Oil seeds and oleaginous fruits; miscellaneous grains, seeds and fruit, industrial or medicinal plants; straw and fodder",18751376.71,2025,Export
ARG,Argentina,BRA,Brazil,agriculture,12,"Oil seeds and oleaginous fruits; miscellaneous grains, seeds and fruit, industrial or medicinal plants; straw and fodder",18751376.71,2025,Export
ARG,Argentina,CAN,Canada,agriculture,10,Cereals,67709.75,2025,Export
ARG,Argentina,CAN,Canada,agriculture,10,Cereals,67709.75,2025,Export
ARG,Argentina,CAN,Canada,agriculture,12,"Oil seeds and oleaginous fruits; miscellaneous grains, seeds and fruit, industrial or medicinal plants; straw and fodder",13037757.28,2025,Export
ARG,Argentina,CAN,Canada,agriculture,12,"Oil seeds and oleaginous fruits; miscellaneous grains, seeds and fruit, industrial or medicinal plants; straw and fodder",13037757.28,2025,Export
ARG,Argentina,CHL,Chile,agriculture,10,Cereals,538284290.08,2025,Export
ARG,Argentina,CHL,Chile,agriculture,10,Cereals,538284290.08,2025,Export
ARG,Argentina,CHL,Chile,agriculture,11,"Products of the milling industry; malt, starches, inulin, wheat gluten",78727931.49,2025,Export
ARG,Argentina,CHL,Chile,agriculture,11,"Products of the milling industry; malt, starches, inulin, wheat gluten",78727931.49,2025,Export
ARG,Argentina,CHL,Chile,agriculture,12,"Oil seeds and oleaginous fruits; miscellaneous grains, seeds and fruit, industrial or medicinal plants; straw and fodder",54375471.58,2025,Export
ARG,Argentina,CHL,Chile,agriculture,12,"Oil seeds and oleaginous fruits; miscellaneous grains, seeds and fruit, industrial or medicinal plants; straw and fodder",54375471.58,2025,Export
ARG,Argentina,CHN,China,agriculture,10,Cereals,435055553.55,2025,Export
ARG,Argentina,CHN,China,agriculture,10,Cereals,435055553.55,2025,Export
ARG,Argentina,CHN,China,agriculture,12,"Oil seeds and oleaginous fruits; miscellaneous grains, seeds and fruit, industrial or medicinal plants; straw and fodder",4650928742.58,2025,Export
ARG,Argentina,CHN,China,agriculture,12,"Oil seeds and oleaginous fruits; miscellaneous grains, seeds and fruit, industrial or medicinal plants; straw and fodder",4650928742.58,2025,Export
ARG,Argentina,CIV,Côte d'Ivoire,agriculture,10,Cereals,22865203.49,2025,Export
ARG,Argentina,CIV,Côte d'Ivoire,agriculture,10,Cereals,22865203.49,2025,Export
ARG,Argentina,CMR,Cameroon,agriculture,10,Cereals,22759345.85,2025,Export
ARG,Argentina,CMR,Cameroon,agriculture,10,Cereals,22759345.85,2025,Export
ARG,Argentina,COD,Dem. Rep. of the Congo,agriculture,10,Cereals,15942513.93,2025,Export
ARG,Argentina,COD,Dem. Rep. of the Congo,agriculture,10,Cereals,15942513.93,2025,Export
ARG,Argentina,COG,Congo,agriculture,10,Cereals,9734921.5,2025,Export
ARG,Argentina,COG,Congo,agriculture,10,Cereals,9734921.5,2025,Export
ARG,Argentina,COL,Colombia,agriculture,10,Cereals,83697581.37,2025,Export
ARG,Argentina,COL,Colombia,agriculture,10,Cereals,83697581.37,2025,Export
ARG,Argentina,COL,Colombia,agriculture,11,"Products of the milling industry; malt, starches, inulin, wheat gluten",123624.98,2025,Export
ARG,Argentina,COL,Colombia,agriculture,11,"Products of the milling industry; malt, starches, inulin, wheat gluten",123624.98,2025,Export
ARG,Argentina,COL,Colombia,agriculture,12,"Oil seeds and oleaginous fruits; miscellaneous grains, seeds and fruit, industrial or medicinal plants; straw and fodder",4456413.08,2025,Export
ARG,Argentina,COL,Colombia,agriculture,12,"Oil seeds and oleaginous fruits; miscellaneous grains, seeds and fruit, industrial or medicinal plants; straw and fodder",4456413.08,2025,Export
ARG,Argentina,CRI,Costa Rica,agriculture,10,Cereals,11332562.96,2025,Export
ARG,Argentina,CRI,Costa Rica,agriculture,10,Cereals,11332562.96,2025,Export
ARG,Argentina,CRI,Costa Rica,agriculture,12,"Oil seeds and oleaginous fruits; miscellaneous grains, seeds and fruit, industrial or medicinal plants; straw and fodder",240216.06,2025,Export
ARG,Argentina,CRI,Costa Rica,agriculture,12,"Oil seeds and oleaginous fruits; miscellaneous grains, seeds and fruit, industrial or medicinal plants; straw and fodder",240216.06,2025,Export
ARG,Argentina,CUB,Cuba,agriculture,10,Cereals,6451475.26,2025,Export
ARG,Argentina,CUB,Cuba,agriculture,10,Cereals,6451475.26,2025,Export
ARG,Argentina,CYP,Cyprus,agriculture,12,"Oil seeds and oleaginous fruits; miscellaneous grains, seeds and fruit, industrial or medicinal plants; straw and fodder",242604.65,2025,Export
ARG,Argentina,CYP,Cyprus,agriculture,12,"Oil seeds and oleaginous fruits; miscellaneous grains, seeds and fruit, industrial or medicinal plants; straw and fodder",242604.65,2025,Export
ARG,Argentina,CZE,Czechia,agriculture,12,"Oil seeds and oleaginous fruits; miscellaneous grains, seeds and fruit, industrial or medicinal plants; straw and fodder",498463.24,2025,Export
ARG,Argentina,CZE,Czechia,agriculture,12,"Oil seeds and oleaginous fruits; miscellaneous grains, seeds and fruit, industrial or medicinal plants; straw and fodder",498463.24,2025,Export
ARG,Argentina,DEU,Germany,agriculture,10,Cereals,169965.84,2025,Export
ARG,Argentina,DEU,Germany,agriculture,10,Cereals,169965.84,2025,Export
ARG,Argentina,DEU,Germany,agriculture,12,"Oil seeds and oleaginous fruits; miscellaneous grains, seeds and fruit, industrial or medicinal plants; straw and fodder",28949701.02,2025,Export
ARG,Argentina,DEU,Germany,agriculture,12,"Oil seeds and oleaginous fruits; miscellaneous grains, seeds and fruit, industrial or medicinal plants; straw and fodder",28949701.02,2025,Export
ARG,Argentina,DNK,Denmark,agriculture,12,"Oil seeds and oleaginous fruits; miscellaneous grains, seeds and fruit, industrial or medicinal plants; straw and fodder",1207261.77,2025,Export
ARG,Argentina,DNK,Denmark,agriculture,12,"Oil seeds and oleaginous fruits; miscellaneous grains, seeds and fruit, industrial or medicinal plants; straw and fodder",1207261.77,2025,Export
ARG,Argentina,DOM,Dominican Rep.,agriculture,10,Cereals,27340679.45,2025,Export
ARG,Argentina,DOM,Dominican Rep.,agriculture,10,Cereals,27340679.45,2025,Export
ARG,Argentina,DOM,Dominican Rep.,agriculture,12,"Oil seeds and oleaginous fruits; miscellaneous grains, seeds and fruit, industrial or medicinal plants; straw and fodder",1252899.37,2025,Export
ARG,Argentina,DOM,Dominican Rep.,agriculture,12,"Oil seeds and oleaginous fruits; miscellaneous grains, seeds and fruit, industrial or medicinal plants; straw and fodder",1252899.37,2025,Export
ARG,Argentina,DZA,Algeria,agriculture,10,Cereals,605218925.29,2025,Export
ARG,Argentina,DZA,Algeria,agriculture,10,Cereals,605218925.29,2025,Export
ARG,Argentina,DZA,Algeria,agriculture,12,"Oil seeds and oleaginous fruits; miscellaneous grains, seeds and fruit, industrial or medicinal plants; straw and fodder",2803037.68,2025,Export
ARG,Argentina,DZA,Algeria,agriculture,12,"Oil seeds and oleaginous fruits; miscellaneous grains, seeds and fruit, industrial or medicinal plants; straw and fodder",2803037.68,2025,Export
ARG,Argentina,ECU,Ecuador,agriculture,10,Cereals,71885293.88,2025,Export
ARG,Argentina,ECU,Ecuador,agriculture,10,Cereals,71885293.88,2025,Export
ARG,Argentina,ECU,Ecuador,agriculture,11,"Products of the milling industry; malt, starches, inulin, wheat gluten",288983.32,2025,Export
ARG,Argentina,ECU,Ecuador,agriculture,11,"Products of the milling industry; malt, starches, inulin, wheat gluten",288983.32,2025,Export
ARG,Argentina,ECU,Ecuador,agriculture,12,"Oil seeds and oleaginous fruits; miscellaneous grains, seeds and fruit, industrial or medicinal plants; straw and fodder",6138851.68,2025,Export
ARG,Argentina,ECU,Ecuador,agriculture,12,"Oil seeds and oleaginous fruits; miscellaneous grains, seeds and fruit, industrial or medicinal plants; straw and fodder",6138851.68,2025,Export
ARG,Argentina,EGY,Egypt,agriculture,10,Cereals,366108548.41,2025,Export
ARG,Argentina,EGY,Egypt,agriculture,10,Cereals,366108548.41,2025,Export
ARG,Argentina,EGY,Egypt,agriculture,12,"Oil seeds and oleaginous fruits; miscellaneous grains, seeds and fruit, industrial or medicinal plants; straw and fodder",1138770.29,2025,Export
ARG,Argentina,EGY,Egypt,agriculture,12,"Oil seeds and oleaginous fruits; miscellaneous grains, seeds and fruit, industrial or medicinal plants; straw and fodder",1138770.29,2025,Export
ARG,Argentina,ESP,Spain,agriculture,10,Cereals,57821065.91,2025,Export
ARG,Argentina,ESP,Spain,agriculture,10,Cereals,57821065.91,2025,Export
ARG,Argentina,ESP,Spain,agriculture,12,"Oil seeds and oleaginous fruits; miscellaneous grains, seeds and fruit, industrial or medicinal plants; straw and fodder",36734796.3,2025,Export
ARG,Argentina,ESP,Spain,agriculture,12,"Oil seeds and oleaginous fruits; miscellaneous grains, seeds and fruit, industrial or medicinal plants; straw and fodder",36734796.3,2025,Export
ARG,Argentina,EST,Estonia,agriculture,12,"Oil seeds and oleaginous fruits; miscellaneous grains, seeds and fruit, industrial or medicinal plants; straw and fodder",315450.92,2025,Export
ARG,Argentina,EST,Estonia,agriculture,12,"Oil seeds and oleaginous fruits; miscellaneous grains, seeds and fruit, industrial or medicinal plants; straw and fodder",315450.92,2025,Export
ARG,Argentina,FIN,Finland,agriculture,12,"Oil seeds and oleaginous fruits; miscellaneous grains, seeds and fruit, industrial or medicinal plants; straw and fodder",216005.6,2025,Export
ARG,Argentina,FIN,Finland,agriculture,12,"Oil seeds and oleaginous fruits; miscellaneous grains, seeds and fruit, industrial or medicinal plants; straw and fodder",216005.6,2025,Export
ARG,Argentina,FRA,France,agriculture,10,Cereals,39155.0,2025,Export
ARG,Argentina,FRA,France,agriculture,10,Cereals,39155.0,2025,Export
ARG,Argentina,FRA,France,agriculture,12,"Oil seeds and oleaginous fruits; miscellaneous grains, seeds and fruit, industrial or medicinal plants; straw and fodder",41165768.83,2025,Export
ARG,Argentina,FRA,France,agriculture,12,"Oil seeds and oleaginous fruits; miscellaneous grains, seeds and fruit, industrial or medicinal plants; straw and fodder",41165768.83,2025,Export
ARG,Argentina,GAB,Gabon,agriculture,10,Cereals,127370.87,2025,Export
ARG,Argentina,GAB,Gabon,agriculture,10,Cereals,127370.87,2025,Export
ARG,Argentina,GBR,United Kingdom,agriculture,10,Cereals,27381014.91,2025,Export
ARG,Argentina,GBR,United Kingdom,agriculture,10,Cereals,27381014.91,2025,Export
ARG,Argentina,GBR,United Kingdom,agriculture,12,"Oil seeds and oleaginous fruits; miscellaneous grains, seeds and fruit, industrial or medicinal plants; straw and fodder",70570646.45,2025,Export
ARG,Argentina,GBR,United Kingdom,agriculture,12,"Oil seeds and oleaginous fruits; miscellaneous grains, seeds and fruit, industrial or medicinal plants; straw and fodder",70570646.45,2025,Export
ARG,Argentina,GHA,Ghana,agriculture,10,Cereals,37102369.24,2025,Export
ARG,Argentina,GHA,Ghana,agriculture,10,Cereals,37102369.24,2025,Export
ARG,Argentina,GIN,Guinea,agriculture,10,Cereals,2588886.0,2025,Export
ARG,Argentina,GIN,Guinea,agriculture,10,Cereals,2588886.0,2025,Export
ARG,Argentina,GMB,Gambia,agriculture,10,Cereals,2446170.0,2025,Export
ARG,Argentina,GMB,Gambia,agriculture,10,Cereals,2446170.0,2025,Export
ARG,Argentina,GRC,Greece,agriculture,10,Cereals,346648.19,2025,Export
ARG,Argentina,GRC,Greece,agriculture,10,Cereals,346648.19,2025,Export
ARG,Argentina,GRC,Greece,agriculture,12,"Oil seeds and oleaginous fruits; miscellaneous grains, seeds and fruit, industrial or medicinal plants; straw and fodder",23557526.01,2025,Export
ARG,Argentina,GRC,Greece,agriculture,12,"Oil seeds and oleaginous fruits; miscellaneous grains, seeds and fruit, industrial or medicinal plants; straw and fodder",23557526.01,2025,Export
ARG,Argentina,GTM,Guatemala,agriculture,10,Cereals,10768180.18,2025,Export
ARG,Argentina,GTM,Guatemala,agriculture,10,Cereals,10768180.18,2025,Export
ARG,Argentina,GTM,Guatemala,agriculture,12,"Oil seeds and oleaginous fruits; miscellaneous grains, seeds and fruit, industrial or medicinal plants; straw and fodder",121553.24,2025,Export
ARG,Argentina,GTM,Guatemala,agriculture,12,"Oil seeds and oleaginous fruits; miscellaneous grains, seeds and fruit, industrial or medicinal plants; straw and fodder",121553.24,2025,Export
ARG,Argentina,HND,Honduras,agriculture,10,Cereals,665066.8,2025,Export
ARG,Argentina,HND,Honduras,agriculture,10,Cereals,665066.8,2025,Export
ARG,Argentina,HRV,Croatia,agriculture,10,Cereals,77114.0,2025,Export
ARG,Argentina,HRV,Croatia,agriculture,10,Cereals,77114.0,2025,Export
ARG,Argentina,HRV,Croatia,agriculture,12,"Oil seeds and oleaginous fruits; miscellaneous grains, seeds and fruit, industrial or medicinal plants; straw and fodder",6326410.1,2025,Export
ARG,Argentina,HRV,Croatia,agriculture,12,"Oil seeds and oleaginous fruits; miscellaneous grains, seeds and fruit, industrial or medicinal plants; straw and fodder",6326410.1,2025,Export
ARG,Argentina,HUN,Hungary,agriculture,12,"Oil seeds and oleaginous fruits; miscellaneous grains, seeds and fruit, industrial or medicinal plants; straw and fodder",7666360.61,2025,Export
ARG,Argentina,HUN,Hungary,agriculture,12,"Oil seeds and oleaginous fruits; miscellaneous grains, seeds and fruit, industrial or medicinal plants; straw and fodder",7666360.61,2025,Export
ARG,Argentina,IDN,Indonesia,agriculture,10,Cereals,517407870.21,2025,Export
ARG,Argentina,IDN,Indonesia,agriculture,10,Cereals,517407870.21,2025,Export
ARG,Argentina,IND,India,agriculture,10,Cereals,19449798.08,2025,Export
ARG,Argentina,IND,India,agriculture,10,Cereals,19449798.08,2025,Export
ARG,Argentina,IRL,Ireland,agriculture,12,"Oil seeds and oleaginous fruits; miscellaneous grains, seeds and fruit, industrial or medicinal plants; straw and fodder",918299.8,2025,Export
ARG,Argentina,IRL,Ireland,agriculture,12,"Oil seeds and oleaginous fruits; miscellaneous grains, seeds and fruit, industrial or medicinal plants; straw and fodder",918299.8,2025,Export
ARG,Argentina,IRQ,Iraq,agriculture,10,Cereals,124894803.0,2025,Export
ARG,Argentina,IRQ,Iraq,agriculture,10,Cereals,124894803.0,2025,Export
ARG,Argentina,IRQ,Iraq,agriculture,12,"Oil seeds and oleaginous fruits; miscellaneous grains, seeds and fruit, industrial or medicinal plants; straw and fodder",44433223.81,2025,Export
ARG,Argentina,IRQ,Iraq,agriculture,12,"Oil seeds and oleaginous fruits; miscellaneous grains, seeds and fruit, industrial or medicinal plants; straw and fodder",44433223.81,2025,Export
ARG,Argentina,ISR,Israel,agriculture,12,"Oil seeds and oleaginous fruits; miscellaneous grains, seeds and fruit, industrial or medicinal plants; straw and fodder",5059185.99,2025,Export
ARG,Argentina,ISR,Israel,agriculture,12,"Oil seeds and oleaginous fruits; miscellaneous grains, seeds and fruit, industrial or medicinal plants; straw and fodder",5059185.99,2025,Export
ARG,Argentina,ITA,Italy,agriculture,10,Cereals,7209082.87,2025,Export
ARG,Argentina,ITA,Italy,agriculture,10,Cereals,7209082.87,2025,Export
ARG,Argentina,ITA,Italy,agriculture,12,"Oil seeds and oleaginous fruits; miscellaneous grains, seeds and fruit, industrial or medicinal plants; straw and fodder",40655926.67,2025,Export
ARG,Argentina,ITA,Italy,agriculture,12,"Oil seeds and oleaginous fruits; miscellaneous grains, seeds and fruit, industrial or medicinal plants; straw and fodder",40655926.67,2025,Export
ARG,Argentina,JOR,Jordan,agriculture,10,Cereals,62801665.85,2025,Export
ARG,Argentina,JOR,Jordan,agriculture,10,Cereals,62801665.85,2025,Export
ARG,Argentina,JOR,Jordan,agriculture,12,"Oil seeds and oleaginous fruits; miscellaneous grains, seeds and fruit, industrial or medicinal plants; straw and fodder",45290.0,2025,Export
ARG,Argentina,JOR,Jordan,agriculture,12,"Oil seeds and oleaginous fruits; miscellaneous grains, seeds and fruit, industrial or medicinal plants; straw and fodder",45290.0,2025,Export
ARG,Argentina,JPN,Japan,agriculture,12,"Oil seeds and oleaginous fruits; miscellaneous grains, seeds and fruit, industrial or medicinal plants; straw and fodder",6493767.89,2025,Export
ARG,Argentina,JPN,Japan,agriculture,12,"Oil seeds and oleaginous fruits; miscellaneous grains, seeds and fruit, industrial or medicinal plants; straw and fodder",6493767.89,2025,Export
ARG,Argentina,KEN,Kenya,agriculture,10,Cereals,172688879.16,2025,Export
ARG,Argentina,KEN,Kenya,agriculture,10,Cereals,172688879.16,2025,Export
ARG,Argentina,KOR,Rep. of Korea,agriculture,10,Cereals,110806602.31,2025,Export
ARG,Argentina,KOR,Rep. of Korea,agriculture,10,Cereals,110806602.31,2025,Export
ARG,Argentina,KWT,Kuwait,agriculture,10,Cereals,62860093.81,2025,Export
ARG,Argentina,KWT,Kuwait,agriculture,10,Cereals,62860093.81,2025,Export
ARG,Argentina,LBN,Lebanon,agriculture,10,Cereals,29460287.17,2025,Export
ARG,Argentina,LBN,Lebanon,agriculture,10,Cereals,29460287.17,2025,Export
ARG,Argentina,LBN,Lebanon,agriculture,12,"Oil seeds and oleaginous fruits; miscellaneous grains, seeds and fruit, industrial or medicinal plants; straw and fodder",188691.8,2025,Export
ARG,Argentina,LBN,Lebanon,agriculture,12,"Oil seeds and oleaginous fruits; miscellaneous grains, seeds and fruit, industrial or medicinal plants; straw and fodder",188691.8,2025,Export
ARG,Argentina,LBR,Liberia,agriculture,10,Cereals,4770699.18,2025,Export
ARG,Argentina,LBR,Liberia,agriculture,10,Cereals,4770699.18,2025,Export
ARG,Argentina,LBY,Libya,agriculture,10,Cereals,8623073.74,2025,Export
ARG,Argentina,LBY,Libya,agriculture,10,Cereals,8623073.74,2025,Export
ARG,Argentina,LTU,Lithuania,agriculture,12,"Oil seeds and oleaginous fruits; miscellaneous grains, seeds and fruit, industrial or medicinal plants; straw and fodder",6696326.46,2025,Export
ARG,Argentina,LTU,Lithuania,agriculture,12,"Oil seeds and oleaginous fruits; miscellaneous grains, seeds and fruit, industrial or medicinal plants; straw and fodder",6696326.46,2025,Export
ARG,Argentina,MAR,Morocco,agriculture,10,Cereals,225921272.65,2025,Export
ARG,Argentina,MAR,Morocco,agriculture,10,Cereals,225921272.65,2025,Export
ARG,Argentina,MAR,Morocco,agriculture,12,"Oil seeds and oleaginous fruits; miscellaneous grains, seeds and fruit, industrial or medicinal plants; straw and fodder",167177.4,2025,Export
ARG,Argentina,MAR,Morocco,agriculture,12,"Oil seeds and oleaginous fruits; miscellaneous grains, seeds and fruit, industrial or medicinal plants; straw and fodder",167177.4,2025,Export
ARG,Argentina,MEX,Mexico,agriculture,10,Cereals,9599242.19,2025,Export
ARG,Argentina,MEX,Mexico,agriculture,10,Cereals,9599242.19,2025,Export
ARG,Argentina,MEX,Mexico,agriculture,12,"Oil seeds and oleaginous fruits; miscellaneous grains, seeds and fruit, industrial or medicinal plants; straw and fodder",13444853.69,2025,Export
ARG,Argentina,MEX,Mexico,agriculture,12,"Oil seeds and oleaginous fruits; miscellaneous grains, seeds and fruit, industrial or medicinal plants; straw and fodder",13444853.69,2025,Export
ARG,Argentina,MKD,North Macedonia,agriculture,12,"Oil seeds and oleaginous fruits; miscellaneous grains, seeds and fruit, industrial or medicinal plants; straw and fodder",103939.55,2025,Export
ARG,Argentina,MKD,North Macedonia,agriculture,12,"Oil seeds and oleaginous fruits; miscellaneous grains, seeds and fruit, industrial or medicinal plants; straw and fodder",103939.55,2025,Export
ARG,Argentina,MLI,Mali,agriculture,10,Cereals,1699982.91,2025,Export
ARG,Argentina,MLI,Mali,agriculture,10,Cereals,1699982.91,2025,Export
ARG,Argentina,MYS,Malaysia,agriculture,10,Cereals,687736582.26,2025,Export
ARG,Argentina,MYS,Malaysia,agriculture,10,Cereals,687736582.26,2025,Export
ARG,Argentina,MYS,Malaysia,agriculture,12,"Oil seeds and oleaginous fruits; miscellaneous grains, seeds and fruit, industrial or medicinal plants; straw and fodder",13875385.36,2025,Export
ARG,Argentina,MYS,Malaysia,agriculture,12,"Oil seeds and oleaginous fruits; miscellaneous grains, seeds and fruit, industrial or medicinal plants; straw and fodder",13875385.36,2025,Export
ARG,Argentina,NER,Niger,agriculture,10,Cereals,334835.2,2025,Export
ARG,Argentina,NER,Niger,agriculture,10,Cereals,334835.2,2025,Export
ARG,Argentina,NGA,Nigeria,agriculture,10,Cereals,107912579.85,2025,Export
ARG,Argentina,NGA,Nigeria,agriculture,10,Cereals,107912579.85,2025,Export
ARG,Argentina,NIC,Nicaragua,agriculture,12,"Oil seeds and oleaginous fruits; miscellaneous grains, seeds and fruit, industrial or medicinal plants; straw and fodder",66207.48,2025,Export
ARG,Argentina,NIC,Nicaragua,agriculture,12,"Oil seeds and oleaginous fruits; miscellaneous grains, seeds and fruit, industrial or medicinal plants; straw and fodder",66207.48,2025,Export
ARG,Argentina,NLD,Netherlands,agriculture,10,Cereals,34098624.35,2025,Export
ARG,Argentina,NLD,Netherlands,agriculture,10,Cereals,34098624.35,2025,Export
ARG,Argentina,NLD,Netherlands,agriculture,12,"Oil seeds and oleaginous fruits; miscellaneous grains, seeds and fruit, industrial or medicinal plants; straw and fodder",409525445.28,2025,Export
ARG,Argentina,NLD,Netherlands,agriculture,12,"Oil seeds and oleaginous fruits; miscellaneous grains, seeds and fruit, industrial or medicinal plants; straw and fodder",409525445.28,2025,Export
ARG,Argentina,NOR,Norway,agriculture,12,"Oil seeds and oleaginous fruits; miscellaneous grains, seeds and fruit, industrial or medicinal plants; straw and fodder",2807682.69,2025,Export
ARG,Argentina,NOR,Norway,agriculture,12,"Oil seeds and oleaginous fruits; miscellaneous grains, seeds and fruit, industrial or medicinal plants; straw and fodder",2807682.69,2025,Export
ARG,Argentina,NZL,New Zealand,agriculture,10,Cereals,49820.3,2025,Export
ARG,Argentina,NZL,New Zealand,agriculture,10,Cereals,49820.3,2025,Export
ARG,Argentina,NZL,New Zealand,agriculture,12,"Oil seeds and oleaginous fruits; miscellaneous grains, seeds and fruit, industrial or medicinal plants; straw and fodder",6088384.54,2025,Export
ARG,Argentina,NZL,New Zealand,agriculture,12,"Oil seeds and oleaginous fruits; miscellaneous grains, seeds and fruit, industrial or medicinal plants; straw and fodder",6088384.54,2025,Export
ARG,Argentina,OMN,Oman,agriculture,10,Cereals,40322100.96,2025,Export
ARG,Argentina,OMN,Oman,agriculture,10,Cereals,40322100.96,2025,Export
ARG,Argentina,PAN,Panama,agriculture,12,"Oil seeds and oleaginous fruits; miscellaneous grains, seeds and fruit, industrial or medicinal plants; straw and fodder",1025974.56,2025,Export
ARG,Argentina,PAN,Panama,agriculture,12,"Oil seeds and oleaginous fruits; miscellaneous grains, seeds and fruit, industrial or medicinal plants; straw and fodder",1025974.56,2025,Export
ARG,Argentina,PER,Peru,agriculture,10,Cereals,1011223822.04,2025,Export
ARG,Argentina,PER,Peru,agriculture,10,Cereals,1011223822.04,2025,Export
ARG,Argentina,PER,Peru,agriculture,11,"Products of the milling industry; malt, starches, inulin, wheat gluten",172455.51,2025,Export
ARG,Argentina,PER,Peru,agriculture,11,"Products of the milling industry; malt, starches, inulin, wheat gluten",172455.51,2025,Export
ARG,Argentina,PER,Peru,agriculture,12,"Oil seeds and oleaginous fruits; miscellaneous grains, seeds and fruit, industrial or medicinal plants; straw and fodder",39163787.53,2025,Export
ARG,Argentina,PER,Peru,agriculture,12,"Oil seeds and oleaginous fruits; miscellaneous grains, seeds and fruit, industrial or medicinal plants; straw and fodder",39163787.53,2025,Export
ARG,Argentina,PHL,Philippines,agriculture,10,Cereals,95474583.35,2025,Export
ARG,Argentina,PHL,Philippines,agriculture,10,Cereals,95474583.35,2025,Export
ARG,Argentina,PHL,Philippines,agriculture,12,"Oil seeds and oleaginous fruits; miscellaneous grains, seeds and fruit, industrial or medicinal plants; straw and fodder",7204681.14,2025,Export
ARG,Argentina,PHL,Philippines,agriculture,12,"Oil seeds and oleaginous fruits; miscellaneous grains, seeds and fruit, industrial or medicinal plants; straw and fodder",7204681.14,2025,Export
ARG,Argentina,POL,Poland,agriculture,10,Cereals,17254141.04,2025,Export
ARG,Argentina,POL,Poland,agriculture,10,Cereals,17254141.04,2025,Export
ARG,Argentina,POL,Poland,agriculture,12,"Oil seeds and oleaginous fruits; miscellaneous grains, seeds and fruit, industrial or medicinal plants; straw and fodder",68483619.57,2025,Export
ARG,Argentina,POL,Poland,agriculture,12,"Oil seeds and oleaginous fruits; miscellaneous grains, seeds and fruit, industrial or medicinal plants; straw and fodder",68483619.57,2025,Export
ARG,Argentina,PRT,Portugal,agriculture,10,Cereals,1851194.38,2025,Export
ARG,Argentina,PRT,Portugal,agriculture,10,Cereals,1851194.38,2025,Export
ARG,Argentina,PRT,Portugal,agriculture,12,"Oil seeds and oleaginous fruits; miscellaneous grains, seeds and fruit, industrial or medicinal plants; straw and fodder",48757753.52,2025,Export
ARG,Argentina,PRT,Portugal,agriculture,12,"Oil seeds and oleaginous fruits; miscellaneous grains, seeds and fruit, industrial or medicinal plants; straw and fodder",48757753.52,2025,Export
ARG,Argentina,PRY,Paraguay,agriculture,10,Cereals,2595183.76,2025,Export
ARG,Argentina,PRY,Paraguay,agriculture,10,Cereals,2595183.76,2025,Export
ARG,Argentina,PRY,Paraguay,agriculture,11,"Products of the milling industry; malt, starches, inulin, wheat gluten",9252144.27,2025,Export
ARG,Argentina,PRY,Paraguay,agriculture,11,"Products of the milling industry; malt, starches, inulin, wheat gluten",9252144.27,2025,Export
ARG,Argentina,PRY,Paraguay,agriculture,12,"Oil seeds and oleaginous fruits; miscellaneous grains, seeds and fruit, industrial or medicinal plants; straw and fodder",3947013.11,2025,Export
ARG,Argentina,PRY,Paraguay,agriculture,12,"Oil seeds and oleaginous fruits; miscellaneous grains, seeds and fruit, industrial or medicinal plants; straw and fodder",3947013.11,2025,Export
ARG,Argentina,QAT,Qatar,agriculture,10,Cereals,16255275.6,2025,Export
ARG,Argentina,QAT,Qatar,agriculture,10,Cereals,16255275.6,2025,Export
ARG,Argentina,ROU,Romania,agriculture,12,"Oil seeds and oleaginous fruits; miscellaneous grains, seeds and fruit, industrial or medicinal plants; straw and fodder",5942343.0,2025,Export
ARG,Argentina,ROU,Romania,agriculture,12,"Oil seeds and oleaginous fruits; miscellaneous grains, seeds and fruit, industrial or medicinal plants; straw and fodder",5942343.0,2025,Export
ARG,Argentina,RUS,Russian Federation,agriculture,12,"Oil seeds and oleaginous fruits; miscellaneous grains, seeds and fruit, industrial or medicinal plants; straw and fodder",94946907.81,2025,Export
ARG,Argentina,RUS,Russian Federation,agriculture,12,"Oil seeds and oleaginous fruits; miscellaneous grains, seeds and fruit, industrial or medicinal plants; straw and fodder",94946907.81,2025,Export
ARG,Argentina,S19,"Other Asia, nes",agriculture,10,Cereals,14046207.7,2025,Export
ARG,Argentina,S19,"Other Asia, nes",agriculture,10,Cereals,14046207.7,2025,Export
ARG,Argentina,S19,"Other Asia, nes",agriculture,12,"Oil seeds and oleaginous fruits; miscellaneous grains, seeds and fruit, industrial or medicinal plants; straw and fodder",2524077.16,2025,Export
ARG,Argentina,S19,"Other Asia, nes",agriculture,12,"Oil seeds and oleaginous fruits; miscellaneous grains, seeds and fruit, industrial or medicinal plants; straw and fodder",2524077.16,2025,Export
ARG,Argentina,SAU,Saudi Arabia,agriculture,10,Cereals,793462785.89,2025,Export
ARG,Argentina,SAU,Saudi Arabia,agriculture,10,Cereals,793462785.89,2025,Export
ARG,Argentina,SAU,Saudi Arabia,agriculture,12,"Oil seeds and oleaginous fruits; miscellaneous grains, seeds and fruit, industrial or medicinal plants; straw and fodder",50305464.29,2025,Export
ARG,Argentina,SAU,Saudi Arabia,agriculture,12,"Oil seeds and oleaginous fruits; miscellaneous grains, seeds and fruit, industrial or medicinal plants; straw and fodder",50305464.29,2025,Export
ARG,Argentina,SEN,Senegal,agriculture,10,Cereals,98580598.06,2025,Export
ARG,Argentina,SEN,Senegal,agriculture,10,Cereals,98580598.06,2025,Export
ARG,Argentina,SLV,El Salvador,agriculture,10,Cereals,11145903.85,2025,Export
ARG,Argentina,SLV,El Salvador,agriculture,10,Cereals,11145903.85,2025,Export
ARG,Argentina,SLV,El Salvador,agriculture,12,"Oil seeds and oleaginous fruits; miscellaneous grains, seeds and fruit, industrial or medicinal plants; straw and fodder",63480.0,2025,Export
ARG,Argentina,SLV,El Salvador,agriculture,12,"Oil seeds and oleaginous fruits; miscellaneous grains, seeds and fruit, industrial or medicinal plants; straw and fodder",63480.0,2025,Export
ARG,Argentina,SRB,Serbia,agriculture,12,"Oil seeds and oleaginous fruits; miscellaneous grains, seeds and fruit, industrial or medicinal plants; straw and fodder",1694627.01,2025,Export
ARG,Argentina,SRB,Serbia,agriculture,12,"Oil seeds and oleaginous fruits; miscellaneous grains, seeds and fruit, industrial or medicinal plants; straw and fodder",1694627.01,2025,Export
ARG,Argentina,SVN,Slovenia,agriculture,12,"Oil seeds and oleaginous fruits; miscellaneous grains, seeds and fruit, industrial or medicinal plants; straw and fodder",169896.1,2025,Export
ARG,Argentina,SVN,Slovenia,agriculture,12,"Oil seeds and oleaginous fruits; miscellaneous grains, seeds and fruit, industrial or medicinal plants; straw and fodder",169896.1,2025,Export
ARG,Argentina,SWE,Sweden,agriculture,12,"Oil seeds and oleaginous fruits; miscellaneous grains, seeds and fruit, industrial or medicinal plants; straw and fodder",1173447.97,2025,Export
ARG,Argentina,SWE,Sweden,agriculture,12,"Oil seeds and oleaginous fruits; miscellaneous grains, seeds and fruit, industrial or medicinal plants; straw and fodder",1173447.97,2025,Export
ARG,Argentina,TGO,Togo,agriculture,10,Cereals,246023.98,2025,Export
ARG,Argentina,TGO,Togo,agriculture,10,Cereals,246023.98,2025,Export
ARG,Argentina,THA,Thailand,agriculture,12,"Oil seeds and oleaginous fruits; miscellaneous grains, seeds and fruit, industrial or medicinal plants; straw and fodder",574492.16,2025,Export
ARG,Argentina,THA,Thailand,agriculture,12,"Oil seeds and oleaginous fruits; miscellaneous grains, seeds and fruit, industrial or medicinal plants; straw and fodder",574492.16,2025,Export
ARG,Argentina,TTO,Trinidad and Tobago,agriculture,12,"Oil seeds and oleaginous fruits; miscellaneous grains, seeds and fruit, industrial or medicinal plants; straw and fodder",96689.73,2025,Export
ARG,Argentina,TTO,Trinidad and Tobago,agriculture,12,"Oil seeds and oleaginous fruits; miscellaneous grains, seeds and fruit, industrial or medicinal plants; straw and fodder",96689.73,2025,Export
ARG,Argentina,TUR,Türkiye,agriculture,10,Cereals,35319124.8,2025,Export
ARG,Argentina,TUR,Türkiye,agriculture,10,Cereals,35319124.8,2025,Export
ARG,Argentina,TUR,Türkiye,agriculture,12,"Oil seeds and oleaginous fruits; miscellaneous grains, seeds and fruit, industrial or medicinal plants; straw and fodder",33414033.43,2025,Export
ARG,Argentina,TUR,Türkiye,agriculture,12,"Oil seeds and oleaginous fruits; miscellaneous grains, seeds and fruit, industrial or medicinal plants; straw and fodder",33414033.43,2025,Export
ARG,Argentina,TZA,United Rep. of Tanzania,agriculture,10,Cereals,7061380.0,2025,Export
ARG,Argentina,TZA,United Rep. of Tanzania,agriculture,10,Cereals,7061380.0,2025,Export
ARG,Argentina,UGA,Uganda,agriculture,10,Cereals,36154392.4,2025,Export
ARG,Argentina,UGA,Uganda,agriculture,10,Cereals,36154392.4,2025,Export
ARG,Argentina,UKR,Ukraine,agriculture,12,"Oil seeds and oleaginous fruits; miscellaneous grains, seeds and fruit, industrial or medicinal plants; straw and fodder",470836.64,2025,Export
ARG,Argentina,UKR,Ukraine,agriculture,12,"Oil seeds and oleaginous fruits; miscellaneous grains, seeds and fruit, industrial or medicinal plants; straw and fodder",470836.64,2025,Export
ARG,Argentina,URY,Uruguay,agriculture,10,Cereals,34160511.75,2025,Export
ARG,Argentina,URY,Uruguay,agriculture,10,Cereals,34160511.75,2025,Export
ARG,Argentina,URY,Uruguay,agriculture,11,"Products of the milling industry; malt, starches, inulin, wheat gluten",6624099.57,2025,Export
ARG,Argentina,URY,Uruguay,agriculture,11,"Products of the milling industry; malt, starches, inulin, wheat gluten",6624099.57,2025,Export
ARG,Argentina,URY,Uruguay,agriculture,12,"Oil seeds and oleaginous fruits; miscellaneous grains, seeds and fruit, industrial or medicinal plants; straw and fodder",19576304.64,2025,Export
ARG,Argentina,URY,Uruguay,agriculture,12,"Oil seeds and oleaginous fruits; miscellaneous grains, seeds and fruit, industrial or medicinal plants; straw and fodder",19576304.64,2025,Export
ARG,Argentina,USA,USA,agriculture,10,Cereals,45330533.77,2025,Export
ARG,Argentina,USA,USA,agriculture,10,Cereals,45330533.77,2025,Export
ARG,Argentina,USA,USA,agriculture,11,"Products of the milling industry; malt, starches, inulin, wheat gluten",564006.98,2025,Export
ARG,Argentina,USA,USA,agriculture,11,"Products of the milling industry; malt, starches, inulin, wheat gluten",564006.98,2025,Export
ARG,Argentina,USA,USA,agriculture,12,"Oil seeds and oleaginous fruits; miscellaneous grains, seeds and fruit, industrial or medicinal plants; straw and fodder",110211213.08,2025,Export
ARG,Argentina,USA,USA,agriculture,12,"Oil seeds and oleaginous fruits; miscellaneous grains, seeds and fruit, industrial or medicinal plants; straw and fodder",110211213.08,2025,Export
ARG,Argentina,VEN,Venezuela,agriculture,10,Cereals,83705324.47,2025,Export
ARG,Argentina,VEN,Venezuela,agriculture,10,Cereals,83705324.47,2025,Export
ARG,Argentina,VEN,Venezuela,agriculture,12,"Oil seeds and oleaginous fruits; miscellaneous grains, seeds and fruit, industrial or medicinal plants; straw and fodder",6052839.46,2025,Export
ARG,Argentina,VEN,Venezuela,agriculture,12,"Oil seeds and oleaginous fruits; miscellaneous grains, seeds and fruit, industrial or medicinal plants; straw and fodder",6052839.46,2025,Export
ARG,Argentina,VNM,Viet Nam,agriculture,10,Cereals,1262405039.75,2025,Export
ARG,Argentina,VNM,Viet Nam,agriculture,10,Cereals,1262405039.75,2025,Export
ARG,Argentina,VNM,Viet Nam,agriculture,12,"Oil seeds and oleaginous fruits; miscellaneous grains, seeds and fruit, industrial or medicinal plants; straw and fodder",1174797.49,2025,Export
ARG,Argentina,VNM,Viet Nam,agriculture,12,"Oil seeds and oleaginous fruits; miscellaneous grains, seeds and fruit, industrial or medicinal plants; straw and fodder",1174797.49,2025,Export
ARG,Argentina,W00,World,agriculture,10,Cereals,10462655969.12,2025,Export
ARG,Argentina,W00,World,agriculture,10,Cereals,10462655969.12,2025,Export
ARG,Argentina,W00,World,agriculture,11,"Products of the milling industry; malt, starches, inulin, wheat gluten",455974302.82,2025,Export
ARG,Argentina,W00,World,agriculture,11,"Products of the milling industry; malt, starches, inulin, wheat gluten",455974302.82,2025,Export
ARG,Argentina,W00,World,agriculture,12,"Oil seeds and oleaginous fruits; miscellaneous grains, seeds and fruit, industrial or medicinal plants; straw and fodder",6120602073.32,2025,Export
ARG,Argentina,W00,World,agriculture,12,"Oil seeds and oleaginous fruits; miscellaneous grains, seeds and fruit, industrial or medicinal plants; straw and fodder",6120602073.32,2025,Export
ARG,Argentina,YEM,Yemen,agriculture,10,Cereals,87193560.37,2025,Export
ARG,Argentina,YEM,Yemen,agriculture,10,Cereals,87193560.37,2025,Export
ARG,Argentina,ZAF,South Africa,agriculture,10,Cereals,57715262.9,2025,Export
ARG,Argentina,ZAF,South Africa,agriculture,10,Cereals,57715262.9,2025,Export
ARG,Argentina,ZAF,South Africa,agriculture,12,"Oil seeds and oleaginous fruits; miscellaneous grains, seeds and fruit, industrial or medicinal plants; straw and fodder",17269873.54,2025,Export
ARG,Argentina,ZAF,South Africa,agriculture,12,"Oil seeds and oleaginous fruits; miscellaneous grains, seeds and fruit, industrial or medicinal plants; straw and fodder",17269873.54,2025,Export
ARG,Argentina,_X,"Areas, nes",agriculture,10,Cereals,75719091.3,2025,Export
ARG,Argentina,_X,"Areas, nes",agriculture,10,Cereals,75719091.3,2025,Export
ARG,Argentina,_X,"Areas, nes",agriculture,11,"Products of the milling industry; malt, starches, inulin, wheat gluten",15171.7,2025,Export
ARG,Argentina,_X,"Areas, nes",agriculture,11,"Products of the milling industry; malt, starches, inulin, wheat gluten",15171.7,2025,Export
ARG,Argentina,_X,"Areas, nes",agriculture,12,"Oil seeds and oleaginous fruits; miscellaneous grains, seeds and fruit, industrial or medicinal plants; straw and fodder",733967.48,2025,Export
ARG,Argentina,_X,"Areas, nes",agriculture,12,"Oil seeds and oleaginous fruits; miscellaneous grains, seeds and fruit, industrial or medicinal plants; straw and fodder",733967.48,2025,Export
AUS,Australia,ARE,United Arab Emirates,agriculture,10,Cereals,98859106.896,2025,Export
AUS,Australia,ARE,United Arab Emirates,agriculture,11,"Products of the milling industry; malt, starches, inulin, wheat gluten",1236986.212,2025,Export
AUS,Australia,ARE,United Arab Emirates,agriculture,12,"Oil seeds and oleaginous fruits; miscellaneous grains, seeds and fruit, industrial or medicinal plants; straw and fodder",440931616.165,2025,Export
AUS,Australia,ARG,Argentina,agriculture,10,Cereals,48400.839,2025,Export
AUS,Australia,ARG,Argentina,agriculture,11,"Products of the milling industry; malt, starches, inulin, wheat gluten",16831.208,2025,Export
AUS,Australia,ARG,Argentina,agriculture,12,"Oil seeds and oleaginous fruits; miscellaneous grains, seeds and fruit, industrial or medicinal plants; straw and fodder",7569893.634,2025,Export
AUS,Australia,AUT,Austria,agriculture,11,"Products of the milling industry; malt, starches, inulin, wheat gluten",2902.71,2025,Export
AUS,Australia,AUT,Austria,agriculture,12,"Oil seeds and oleaginous fruits; miscellaneous grains, seeds and fruit, industrial or medicinal plants; straw and fodder",131198.631,2025,Export
AUS,Australia,AZE,Azerbaijan,agriculture,12,"Oil seeds and oleaginous fruits; miscellaneous grains, seeds and fruit, industrial or medicinal plants; straw and fodder",15657.238,2025,Export
AUS,Australia,BDI,Burundi,agriculture,10,Cereals,1803307.856,2025,Export
AUS,Australia,BEL,Belgium,agriculture,10,Cereals,218371.43,2025,Export
AUS,Australia,BEL,Belgium,agriculture,12,"Oil seeds and oleaginous fruits; miscellaneous grains, seeds and fruit, industrial or medicinal plants; straw and fodder",628929747.842,2025,Export
AUS,Australia,BGD,Bangladesh,agriculture,10,Cereals,47370361.225,2025,Export
AUS,Australia,BGD,Bangladesh,agriculture,11,"Products of the milling industry; malt, starches, inulin, wheat gluten",302.191,2025,Export
AUS,Australia,BGD,Bangladesh,agriculture,12,"Oil seeds and oleaginous fruits; miscellaneous grains, seeds and fruit, industrial or medicinal plants; straw and fodder",77319825.132,2025,Export
AUS,Australia,BHR,Bahrain,agriculture,10,Cereals,32600663.376,2025,Export
AUS,Australia,BHR,Bahrain,agriculture,12,"Oil seeds and oleaginous fruits; miscellaneous grains, seeds and fruit, industrial or medicinal plants; straw and fodder",354558.47,2025,Export
AUS,Australia,BHS,Bahamas,agriculture,12,"Oil seeds and oleaginous fruits; miscellaneous grains, seeds and fruit, industrial or medicinal plants; straw and fodder",2341.498,2025,Export
AUS,Australia,BRA,Brazil,agriculture,12,"Oil seeds and oleaginous fruits; miscellaneous grains, seeds and fruit, industrial or medicinal plants; straw and fodder",2267375.495,2025,Export
AUS,Australia,BRB,Barbados,agriculture,12,"Oil seeds and oleaginous fruits; miscellaneous grains, seeds and fruit, industrial or medicinal plants; straw and fodder",15690.743,2025,Export
AUS,Australia,BRN,Brunei Darussalam,agriculture,10,Cereals,16629.533,2025,Export
AUS,Australia,BRN,Brunei Darussalam,agriculture,11,"Products of the milling industry; malt, starches, inulin, wheat gluten",15235.201,2025,Export
AUS,Australia,BRN,Brunei Darussalam,agriculture,12,"Oil seeds and oleaginous fruits; miscellaneous grains, seeds and fruit, industrial or medicinal plants; straw and fodder",63334.493,2025,Export
AUS,Australia,CAN,Canada,agriculture,11,"Products of the milling industry; malt, starches, inulin, wheat gluten",25632.767,2025,Export
AUS,Australia,CAN,Canada,agriculture,12,"Oil seeds and oleaginous fruits; miscellaneous grains, seeds and fruit, industrial or medicinal plants; straw and fodder",4369267.518,2025,Export
AUS,Australia,CCK,Cocos Isds,agriculture,11,"Products of the milling industry; malt, starches, inulin, wheat gluten",2278.998,2025,Export
AUS,Australia,CCK,Cocos Isds,agriculture,12,"Oil seeds and oleaginous fruits; miscellaneous grains, seeds and fruit, industrial or medicinal plants; straw and fodder",652.063,2025,Export
AUS,Australia,CHE,Switzerland,agriculture,12,"Oil seeds and oleaginous fruits; miscellaneous grains, seeds and fruit, industrial or medicinal plants; straw and fodder",95364.176,2025,Export
AUS,Australia,CHL,Chile,agriculture,10,Cereals,6814.442,2025,Export
AUS,Australia,CHL,Chile,agriculture,12,"Oil seeds and oleaginous fruits; miscellaneous grains, seeds and fruit, industrial or medicinal plants; straw and fodder",311788.438,2025,Export
AUS,Australia,CHN,China,agriculture,10,Cereals,2710763749.864,2025,Export
AUS,Australia,CHN,China,agriculture,11,"Products of the milling industry; malt, starches, inulin, wheat gluten",11932766.814,2025,Export
AUS,Australia,CHN,China,agriculture,12,"Oil seeds and oleaginous fruits; miscellaneous grains, seeds and fruit, industrial or medicinal plants; straw and fodder",269554445.153,2025,Export
AUS,Australia,COL,Colombia,agriculture,11,"Products of the milling industry; malt, starches, inulin, wheat gluten",43356.373,2025,Export
AUS,Australia,CRI,Costa Rica,agriculture,12,"Oil seeds and oleaginous fruits; miscellaneous grains, seeds and fruit, industrial or medicinal plants; straw and fodder",35615.383,2025,Export
AUS,Australia,CXR,Christmas Isds,agriculture,11,"Products of the milling industry; malt, starches, inulin, wheat gluten",18123.736,2025,Export
AUS,Australia,CZE,Czechia,agriculture,12,"Oil seeds and oleaginous fruits; miscellaneous grains, seeds and fruit, industrial or medicinal plants; straw and fodder",1613134.918,2025,Export
AUS,Australia,DEU,Germany,agriculture,11,"Products of the milling industry; malt, starches, inulin, wheat gluten",712427.512,2025,Export
AUS,Australia,DEU,Germany,agriculture,12,"Oil seeds and oleaginous fruits; miscellaneous grains, seeds and fruit, industrial or medicinal plants; straw and fodder",473524365.226,2025,Export
AUS,Australia,DNK,Denmark,agriculture,12,"Oil seeds and oleaginous fruits; miscellaneous grains, seeds and fruit, industrial or medicinal plants; straw and fodder",25437.534,2025,Export
AUS,Australia,DZA,Algeria,agriculture,10,Cereals,30988551.011,2025,Export
AUS,Australia,DZA,Algeria,agriculture,12,"Oil seeds and oleaginous fruits; miscellaneous grains, seeds and fruit, industrial or medicinal plants; straw and fodder",740412.086,2025,Export
AUS,Australia,ECU,Ecuador,agriculture,10,Cereals,8254047.911,2025,Export
AUS,Australia,ECU,Ecuador,agriculture,12,"Oil seeds and oleaginous fruits; miscellaneous grains, seeds and fruit, industrial or medicinal plants; straw and fodder",129690.253,2025,Export
AUS,Australia,EGY,Egypt,agriculture,10,Cereals,12739457.34,2025,Export
AUS,Australia,EGY,Egypt,agriculture,12,"Oil seeds and oleaginous fruits; miscellaneous grains, seeds and fruit, industrial or medicinal plants; straw and fodder",8540508.351,2025,Export
AUS,Australia,ESP,Spain,agriculture,12,"Oil seeds and oleaginous fruits; miscellaneous grains, seeds and fruit, industrial or medicinal plants; straw and fodder",20954549.657,2025,Export
AUS,Australia,ETH,Ethiopia,agriculture,11,"Products of the milling industry; malt, starches, inulin, wheat gluten",1890003.85,2025,Export
AUS,Australia,FJI,Fiji,agriculture,10,Cereals,44685215.834,2025,Export
AUS,Australia,FJI,Fiji,agriculture,11,"Products of the milling industry; malt, starches, inulin, wheat gluten",3097490.022,2025,Export
AUS,Australia,FJI,Fiji,agriculture,12,"Oil seeds and oleaginous fruits; miscellaneous grains, seeds and fruit, industrial or medicinal plants; straw and fodder",232757.403,2025,Export
AUS,Australia,FRA,France,agriculture,10,Cereals,226.16,2025,Export
AUS,Australia,FRA,France,agriculture,12,"Oil seeds and oleaginous fruits; miscellaneous grains, seeds and fruit, industrial or medicinal plants; straw and fodder",220084124.253,2025,Export
AUS,Australia,FSM,FS Micronesia,agriculture,11,"Products of the milling industry; malt, starches, inulin, wheat gluten",368395.473,2025,Export
AUS,Australia,GBR,United Kingdom,agriculture,10,Cereals,3403407.962,2025,Export
AUS,Australia,GBR,United Kingdom,agriculture,11,"Products of the milling industry; malt, starches, inulin, wheat gluten",293974.625,2025,Export
AUS,Australia,GBR,United Kingdom,agriculture,12,"Oil seeds and oleaginous fruits; miscellaneous grains, seeds and fruit, industrial or medicinal plants; straw and fodder",4086921.775,2025,Export
AUS,Australia,GRC,Greece,agriculture,12,"Oil seeds and oleaginous fruits; miscellaneous grains, seeds and fruit, industrial or medicinal plants; straw and fodder",152506107.425,2025,Export
AUS,Australia,GTM,Guatemala,agriculture,11,"Products of the milling industry; malt, starches, inulin, wheat gluten",3603.098,2025,Export
AUS,Australia,GUM,Guam,agriculture,10,Cereals,77.32,2025,Export
AUS,Australia,GUM,Guam,agriculture,11,"Products of the milling industry; malt, starches, inulin, wheat gluten",116072.967,2025,Export
AUS,Australia,HKG,"China, Hong Kong SAR",agriculture,10,Cereals,1107431.913,2025,Export
AUS,Australia,HKG,"China, Hong Kong SAR",agriculture,11,"Products of the milling industry; malt, starches, inulin, wheat gluten",1438736.486,2025,Export
AUS,Australia,HKG,"China, Hong Kong SAR",agriculture,12,"Oil seeds and oleaginous fruits; miscellaneous grains, seeds and fruit, industrial or medicinal plants; straw and fodder",1188792.204,2025,Export
AUS,Australia,HUN,Hungary,agriculture,10,Cereals,60221.087,2025,Export
AUS,Australia,HUN,Hungary,agriculture,12,"Oil seeds and oleaginous fruits; miscellaneous grains, seeds and fruit, industrial or medicinal plants; straw and fodder",10634.679,2025,Export
AUS,Australia,IDN,Indonesia,agriculture,10,Cereals,1193313438.506,2025,Export
AUS,Australia,IDN,Indonesia,agriculture,11,"Products of the milling industry; malt, starches, inulin, wheat gluten",30734592.549,2025,Export
AUS,Australia,IDN,Indonesia,agriculture,12,"Oil seeds and oleaginous fruits; miscellaneous grains, seeds and fruit, industrial or medicinal plants; straw and fodder",1249959.168,2025,Export
AUS,Australia,IND,India,agriculture,10,Cereals,39489210.726,2025,Export
AUS,Australia,IND,India,agriculture,11,"Products of the milling industry; malt, starches, inulin, wheat gluten",3836418.858,2025,Export
AUS,Australia,IND,India,agriculture,12,"Oil seeds and oleaginous fruits; miscellaneous grains, seeds and fruit, industrial or medicinal plants; straw and fodder",15488449.467,2025,Export
AUS,Australia,IRL,Ireland,agriculture,12,"Oil seeds and oleaginous fruits; miscellaneous grains, seeds and fruit, industrial or medicinal plants; straw and fodder",5521.915,2025,Export
AUS,Australia,IRN,Iran,agriculture,10,Cereals,16704134.748,2025,Export
AUS,Australia,IRN,Iran,agriculture,11,"Products of the milling industry; malt, starches, inulin, wheat gluten",20277.734,2025,Export
AUS,Australia,IRQ,Iraq,agriculture,10,Cereals,135419813.654,2025,Export
AUS,Australia,IRQ,Iraq,agriculture,12,"Oil seeds and oleaginous fruits; miscellaneous grains, seeds and fruit, industrial or medicinal plants; straw and fodder",244571.208,2025,Export
AUS,Australia,ISR,Israel,agriculture,12,"Oil seeds and oleaginous fruits; miscellaneous grains, seeds and fruit, industrial or medicinal plants; straw and fodder",20821.549,2025,Export
AUS,Australia,ITA,Italy,agriculture,10,Cereals,34957455.23,2025,Export
AUS,Australia,ITA,Italy,agriculture,12,"Oil seeds and oleaginous fruits; miscellaneous grains, seeds and fruit, industrial or medicinal plants; straw and fodder",16350885.558,2025,Export
AUS,Australia,JAM,Jamaica,agriculture,11,"Products of the milling industry; malt, starches, inulin, wheat gluten",15488.423,2025,Export
AUS,Australia,JOR,Jordan,agriculture,10,Cereals,84020.732,2025,Export
AUS,Australia,JOR,Jordan,agriculture,11,"Products of the milling industry; malt, starches, inulin, wheat gluten",388746.016,2025,Export
AUS,Australia,JOR,Jordan,agriculture,12,"Oil seeds and oleaginous fruits; miscellaneous grains, seeds and fruit, industrial or medicinal plants; straw and fodder",584405.431,2025,Export
AUS,Australia,JPN,Japan,agriculture,10,Cereals,480854118.071,2025,Export
AUS,Australia,JPN,Japan,agriculture,11,"Products of the milling industry; malt, starches, inulin, wheat gluten",100421954.375,2025,Export
AUS,Australia,JPN,Japan,agriculture,12,"Oil seeds and oleaginous fruits; miscellaneous grains, seeds and fruit, industrial or medicinal plants; straw and fodder",396282692.262,2025,Export
AUS,Australia,KEN,Kenya,agriculture,10,Cereals,120605282.626,2025,Export
AUS,Australia,KEN,Kenya,agriculture,11,"Products of the milling industry; malt, starches, inulin, wheat gluten",5086.347,2025,Export
AUS,Australia,KEN,Kenya,agriculture,12,"Oil seeds and oleaginous fruits; miscellaneous grains, seeds and fruit, industrial or medicinal plants; straw and fodder",185920.355,2025,Export
AUS,Australia,KHM,Cambodia,agriculture,10,Cereals,213946.811,2025,Export
AUS,Australia,KHM,Cambodia,agriculture,11,"Products of the milling industry; malt, starches, inulin, wheat gluten",24120001.111,2025,Export
AUS,Australia,KHM,Cambodia,agriculture,12,"Oil seeds and oleaginous fruits; miscellaneous grains, seeds and fruit, industrial or medicinal plants; straw and fodder",3440.726,2025,Export
AUS,Australia,KIR,Kiribati,agriculture,11,"Products of the milling industry; malt, starches, inulin, wheat gluten",51.546,2025,Export
AUS,Australia,KOR,Rep. of Korea,agriculture,10,Cereals,404854814.058,2025,Export
AUS,Australia,KOR,Rep. of Korea,agriculture,11,"Products of the milling industry; malt, starches, inulin, wheat gluten",35258416.978,2025,Export
AUS,Australia,KOR,Rep. of Korea,agriculture,12,"Oil seeds and oleaginous fruits; miscellaneous grains, seeds and fruit, industrial or medicinal plants; straw and fodder",140003912.649,2025,Export
AUS,Australia,KWT,Kuwait,agriculture,10,Cereals,134591710.083,2025,Export
AUS,Australia,KWT,Kuwait,agriculture,11,"Products of the milling industry; malt, starches, inulin, wheat gluten",207.475,2025,Export
AUS,Australia,KWT,Kuwait,agriculture,12,"Oil seeds and oleaginous fruits; miscellaneous grains, seeds and fruit, industrial or medicinal plants; straw and fodder",820368.38,2025,Export
AUS,Australia,LAO,Lao People's Dem. Rep.,agriculture,10,Cereals,71928.577,2025,Export
AUS,Australia,LAO,Lao People's Dem. Rep.,agriculture,12,"Oil seeds and oleaginous fruits; miscellaneous grains, seeds and fruit, industrial or medicinal plants; straw and fodder",8840.218,2025,Export
AUS,Australia,LBY,Libya,agriculture,12,"Oil seeds and oleaginous fruits; miscellaneous grains, seeds and fruit, industrial or medicinal plants; straw and fodder",4123.717,2025,Export
AUS,Australia,LKA,Sri Lanka,agriculture,10,Cereals,19158359.723,2025,Export
AUS,Australia,LKA,Sri Lanka,agriculture,11,"Products of the milling industry; malt, starches, inulin, wheat gluten",3320569.577,2025,Export
AUS,Australia,LKA,Sri Lanka,agriculture,12,"Oil seeds and oleaginous fruits; miscellaneous grains, seeds and fruit, industrial or medicinal plants; straw and fodder",5276478.799,2025,Export
AUS,Australia,MAR,Morocco,agriculture,12,"Oil seeds and oleaginous fruits; miscellaneous grains, seeds and fruit, industrial or medicinal plants; straw and fodder",2289827.845,2025,Export
AUS,Australia,MDV,Maldives,agriculture,12,"Oil seeds and oleaginous fruits; miscellaneous grains, seeds and fruit, industrial or medicinal plants; straw and fodder",1784.796,2025,Export
AUS,Australia,MEX,Mexico,agriculture,10,Cereals,89393219.714,2025,Export
AUS,Australia,MEX,Mexico,agriculture,11,"Products of the milling industry; malt, starches, inulin, wheat gluten",7871111.181,2025,Export
AUS,Australia,MEX,Mexico,agriculture,12,"Oil seeds and oleaginous fruits; miscellaneous grains, seeds and fruit, industrial or medicinal plants; straw and fodder",576009.801,2025,Export
AUS,Australia,MHL,Marshall Isds,agriculture,11,"Products of the milling industry; malt, starches, inulin, wheat gluten",69976.899,2025,Export
AUS,Australia,MHL,Marshall Isds,agriculture,12,"Oil seeds and oleaginous fruits; miscellaneous grains, seeds and fruit, industrial or medicinal plants; straw and fodder",121.134,2025,Export
AUS,Australia,MLT,Malta,agriculture,12,"Oil seeds and oleaginous fruits; miscellaneous grains, seeds and fruit, industrial or medicinal plants; straw and fodder",1306.058,2025,Export
AUS,Australia,MMR,Myanmar,agriculture,10,Cereals,102070078.386,2025,Export
AUS,Australia,MMR,Myanmar,agriculture,11,"Products of the milling industry; malt, starches, inulin, wheat gluten",12082303.743,2025,Export
AUS,Australia,MMR,Myanmar,agriculture,12,"Oil seeds and oleaginous fruits; miscellaneous grains, seeds and fruit, industrial or medicinal plants; straw and fodder",3297.041,2025,Export
AUS,Australia,MNP,N. Mariana Isds,agriculture,11,"Products of the milling industry; malt, starches, inulin, wheat gluten",261573.808,2025,Export
AUS,Australia,MOZ,Mozambique,agriculture,10,Cereals,93176740.304,2025,Export
AUS,Australia,MUS,Mauritius,agriculture,10,Cereals,14317526.488,2025,Export
AUS,Australia,MUS,Mauritius,agriculture,11,"Products of the milling industry; malt, starches, inulin, wheat gluten",989352.5,2025,Export
AUS,Australia,MUS,Mauritius,agriculture,12,"Oil seeds and oleaginous fruits; miscellaneous grains, seeds and fruit, industrial or medicinal plants; straw and fodder",56025.205,2025,Export
AUS,Australia,MWI,Malawi,agriculture,10,Cereals,35166667.498,2025,Export
AUS,Australia,MYS,Malaysia,agriculture,10,Cereals,286918948.709,2025,Export
AUS,Australia,MYS,Malaysia,agriculture,11,"Products of the milling industry; malt, starches, inulin, wheat gluten",21450480.097,2025,Export
AUS,Australia,MYS,Malaysia,agriculture,12,"Oil seeds and oleaginous fruits; miscellaneous grains, seeds and fruit, industrial or medicinal plants; straw and fodder",21564377.159,2025,Export
AUS,Australia,NCL,New Caledonia,agriculture,10,Cereals,8746936.466,2025,Export
AUS,Australia,NCL,New Caledonia,agriculture,11,"Products of the milling industry; malt, starches, inulin, wheat gluten",651500.883,2025,Export
AUS,Australia,NCL,New Caledonia,agriculture,12,"Oil seeds and oleaginous fruits; miscellaneous grains, seeds and fruit, industrial or medicinal plants; straw and fodder",687884.953,2025,Export
AUS,Australia,NFK,Norfolk Isds,agriculture,11,"Products of the milling industry; malt, starches, inulin, wheat gluten",19478.764,2025,Export
AUS,Australia,NGA,Nigeria,agriculture,11,"Products of the milling industry; malt, starches, inulin, wheat gluten",1398458.725,2025,Export
AUS,Australia,NGA,Nigeria,agriculture,12,"Oil seeds and oleaginous fruits; miscellaneous grains, seeds and fruit, industrial or medicinal plants; straw and fodder",1620.492,2025,Export
AUS,Australia,NLD,Netherlands,agriculture,12,"Oil seeds and oleaginous fruits; miscellaneous grains, seeds and fruit, industrial or medicinal plants; straw and fodder",303583180.052,2025,Export
AUS,Australia,NOR,Norway,agriculture,12,"Oil seeds and oleaginous fruits; miscellaneous grains, seeds and fruit, industrial or medicinal plants; straw and fodder",910822.11,2025,Export
AUS,Australia,NPL,Nepal,agriculture,11,"Products of the milling industry; malt, starches, inulin, wheat gluten",158551.117,2025,Export
AUS,Australia,NPL,Nepal,agriculture,12,"Oil seeds and oleaginous fruits; miscellaneous grains, seeds and fruit, industrial or medicinal plants; straw and fodder",60449359.617,2025,Export
AUS,Australia,NRU,Nauru,agriculture,11,"Products of the milling industry; malt, starches, inulin, wheat gluten",31266.151,2025,Export
AUS,Australia,NRU,Nauru,agriculture,12,"Oil seeds and oleaginous fruits; miscellaneous grains, seeds and fruit, industrial or medicinal plants; straw and fodder",474.227,2025,Export
AUS,Australia,NZL,New Zealand,agriculture,10,Cereals,151079150.594,2025,Export
AUS,Australia,NZL,New Zealand,agriculture,11,"Products of the milling industry; malt, starches, inulin, wheat gluten",18282919.748,2025,Export
AUS,Australia,NZL,New Zealand,agriculture,12,"Oil seeds and oleaginous fruits; miscellaneous grains, seeds and fruit, industrial or medicinal plants; straw and fodder",11744463.723,2025,Export
AUS,Australia,OMN,Oman,agriculture,10,Cereals,56645472.375,2025,Export
AUS,Australia,OMN,Oman,agriculture,12,"Oil seeds and oleaginous fruits; miscellaneous grains, seeds and fruit, industrial or medicinal plants; straw and fodder",192257.992,2025,Export
AUS,Australia,PAK,Pakistan,agriculture,10,Cereals,694116.276,2025,Export
AUS,Australia,PAK,Pakistan,agriculture,11,"Products of the milling industry; malt, starches, inulin, wheat gluten",12144.991,2025,Export
AUS,Australia,PAK,Pakistan,agriculture,12,"Oil seeds and oleaginous fruits; miscellaneous grains, seeds and fruit, industrial or medicinal plants; straw and fodder",197750587.547,2025,Export
AUS,Australia,PAN,Panama,agriculture,12,"Oil seeds and oleaginous fruits; miscellaneous grains, seeds and fruit, industrial or medicinal plants; straw and fodder",63322.895,2025,Export
AUS,Australia,PER,Peru,agriculture,10,Cereals,26474469.508,2025,Export
AUS,Australia,PER,Peru,agriculture,11,"Products of the milling industry; malt, starches, inulin, wheat gluten",589212.783,2025,Export
AUS,Australia,PER,Peru,agriculture,12,"Oil seeds and oleaginous fruits; miscellaneous grains, seeds and fruit, industrial or medicinal plants; straw and fodder",779796.16,2025,Export
AUS,Australia,PHL,Philippines,agriculture,10,Cereals,934910779.726,2025,Export
AUS,Australia,PHL,Philippines,agriculture,11,"Products of the milling industry; malt, starches, inulin, wheat gluten",46249544.629,2025,Export
AUS,Australia,PHL,Philippines,agriculture,12,"Oil seeds and oleaginous fruits; miscellaneous grains, seeds and fruit, industrial or medicinal plants; straw and fodder",4057099.57,2025,Export
AUS,Australia,PLW,Palau,agriculture,10,Cereals,7893.052,2025,Export
AUS,Australia,PLW,Palau,agriculture,11,"Products of the milling industry; malt, starches, inulin, wheat gluten",14530.303,2025,Export
AUS,Australia,PLW,Palau,agriculture,12,"Oil seeds and oleaginous fruits; miscellaneous grains, seeds and fruit, industrial or medicinal plants; straw and fodder",310.567,2025,Export
AUS,Australia,PNG,Papua New Guinea,agriculture,10,Cereals,64509725.944,2025,Export
AUS,Australia,PNG,Papua New Guinea,agriculture,11,"Products of the milling industry; malt, starches, inulin, wheat gluten",6358428.075,2025,Export
AUS,Australia,PNG,Papua New Guinea,agriculture,12,"Oil seeds and oleaginous fruits; miscellaneous grains, seeds and fruit, industrial or medicinal plants; straw and fodder",577272.045,2025,Export
AUS,Australia,POL,Poland,agriculture,12,"Oil seeds and oleaginous fruits; miscellaneous grains, seeds and fruit, industrial or medicinal plants; straw and fodder",4316.372,2025,Export
AUS,Australia,PRT,Portugal,agriculture,12,"Oil seeds and oleaginous fruits; miscellaneous grains, seeds and fruit, industrial or medicinal plants; straw and fodder",16301046.573,2025,Export
AUS,Australia,PRY,Paraguay,agriculture,12,"Oil seeds and oleaginous fruits; miscellaneous grains, seeds and fruit, industrial or medicinal plants; straw and fodder",363424.462,2025,Export
AUS,Australia,PYF,French Polynesia,agriculture,10,Cereals,6443.308,2025,Export
AUS,Australia,PYF,French Polynesia,agriculture,11,"Products of the milling industry; malt, starches, inulin, wheat gluten",1436.213,2025,Export
AUS,Australia,PYF,French Polynesia,agriculture,12,"Oil seeds and oleaginous fruits; miscellaneous grains, seeds and fruit, industrial or medicinal plants; straw and fodder",10093.442,2025,Export
AUS,Australia,QAT,Qatar,agriculture,10,Cereals,22801786.052,2025,Export
AUS,Australia,QAT,Qatar,agriculture,11,"Products of the milling industry; malt, starches, inulin, wheat gluten",13086.358,2025,Export
AUS,Australia,QAT,Qatar,agriculture,12,"Oil seeds and oleaginous fruits; miscellaneous grains, seeds and fruit, industrial or medicinal plants; straw and fodder",178752.82,2025,Export
AUS,Australia,ROU,Romania,agriculture,11,"Products of the milling industry; malt, starches, inulin, wheat gluten",1304.125,2025,Export
AUS,Australia,ROU,Romania,agriculture,12,"Oil seeds and oleaginous fruits; miscellaneous grains, seeds and fruit, industrial or medicinal plants; straw and fodder",45596.067,2025,Export
AUS,Australia,RUS,Russian Federation,agriculture,12,"Oil seeds and oleaginous fruits; miscellaneous grains, seeds and fruit, industrial or medicinal plants; straw and fodder",3479.386,2025,Export
AUS,Australia,RWA,Rwanda,agriculture,10,Cereals,17882757.479,2025,Export
AUS,Australia,S19,"Other Asia, nes",agriculture,10,Cereals,87117123.202,2025,Export
AUS,Australia,S19,"Other Asia, nes",agriculture,11,"Products of the milling industry; malt, starches, inulin, wheat gluten",20055069.701,2025,Export
AUS,Australia,S19,"Other Asia, nes",agriculture,12,"Oil seeds and oleaginous fruits; miscellaneous grains, seeds and fruit, industrial or medicinal plants; straw and fodder",36449344.493,2025,Export
AUS,Australia,SAU,Saudi Arabia,agriculture,10,Cereals,157857365.32,2025,Export
AUS,Australia,SAU,Saudi Arabia,agriculture,11,"Products of the milling industry; malt, starches, inulin, wheat gluten",832466.334,2025,Export
AUS,Australia,SAU,Saudi Arabia,agriculture,12,"Oil seeds and oleaginous fruits; miscellaneous grains, seeds and fruit, industrial or medicinal plants; straw and fodder",102638.67,2025,Export
AUS,Australia,SDN,Sudan,agriculture,12,"Oil seeds and oleaginous fruits; miscellaneous grains, seeds and fruit, industrial or medicinal plants; straw and fodder",564577.44,2025,Export
AUS,Australia,SEN,Senegal,agriculture,12,"Oil seeds and oleaginous fruits; miscellaneous grains, seeds and fruit, industrial or medicinal plants; straw and fodder",35658.553,2025,Export
AUS,Australia,SGP,Singapore,agriculture,10,Cereals,40495707.579,2025,Export
AUS,Australia,SGP,Singapore,agriculture,11,"Products of the milling industry; malt, starches, inulin, wheat gluten",6028730.463,2025,Export
AUS,Australia,SGP,Singapore,agriculture,12,"Oil seeds and oleaginous fruits; miscellaneous grains, seeds and fruit, industrial or medicinal plants; straw and fodder",225684.584,2025,Export
AUS,Australia,SLB,Solomon Isds,agriculture,10,Cereals,4082764.553,2025,Export
AUS,Australia,SLB,Solomon Isds,agriculture,11,"Products of the milling industry; malt, starches, inulin, wheat gluten",1388894.923,2025,Export
AUS,Australia,SLB,Solomon Isds,agriculture,12,"Oil seeds and oleaginous fruits; miscellaneous grains, seeds and fruit, industrial or medicinal plants; straw and fodder",2653.354,2025,Export
AUS,Australia,SWE,Sweden,agriculture,12,"Oil seeds and oleaginous fruits; miscellaneous grains, seeds and fruit, industrial or medicinal plants; straw and fodder",13183.008,2025,Export
AUS,Australia,THA,Thailand,agriculture,10,Cereals,444659343.51,2025,Export
AUS,Australia,THA,Thailand,agriculture,11,"Products of the milling industry; malt, starches, inulin, wheat gluten",61626236.212,2025,Export
AUS,Australia,THA,Thailand,agriculture,12,"Oil seeds and oleaginous fruits; miscellaneous grains, seeds and fruit, industrial or medicinal plants; straw and fodder",806800.062,2025,Export
AUS,Australia,TLS,Timor-Leste,agriculture,10,Cereals,2154.642,2025,Export
AUS,Australia,TLS,Timor-Leste,agriculture,11,"Products of the milling industry; malt, starches, inulin, wheat gluten",65206.274,2025,Export
AUS,Australia,TUR,Türkiye,agriculture,10,Cereals,8216829.433,2025,Export
AUS,Australia,TUV,Tuvalu,agriculture,10,Cereals,461.985,2025,Export
AUS,Australia,TUV,Tuvalu,agriculture,11,"Products of the milling industry; malt, starches, inulin, wheat gluten",919.46,2025,Export
AUS,Australia,TZA,United Rep. of Tanzania,agriculture,10,Cereals,103800321.71,2025,Export
AUS,Australia,UGA,Uganda,agriculture,10,Cereals,31475514.944,2025,Export
AUS,Australia,UGA,Uganda,agriculture,12,"Oil seeds and oleaginous fruits; miscellaneous grains, seeds and fruit, industrial or medicinal plants; straw and fodder",141743.104,2025,Export
AUS,Australia,URY,Uruguay,agriculture,10,Cereals,20471.033,2025,Export
AUS,Australia,URY,Uruguay,agriculture,12,"Oil seeds and oleaginous fruits; miscellaneous grains, seeds and fruit, industrial or medicinal plants; straw and fodder",975471.038,2025,Export
AUS,Australia,USA,USA,agriculture,10,Cereals,62351.889,2025,Export
AUS,Australia,USA,USA,agriculture,11,"Products of the milling industry; malt, starches, inulin, wheat gluten",137016974.967,2025,Export
AUS,Australia,USA,USA,agriculture,12,"Oil seeds and oleaginous fruits; miscellaneous grains, seeds and fruit, industrial or medicinal plants; straw and fodder",44792958.892,2025,Export
AUS,Australia,VNM,Viet Nam,agriculture,10,Cereals,437834302.689,2025,Export
AUS,Australia,VNM,Viet Nam,agriculture,11,"Products of the milling industry; malt, starches, inulin, wheat gluten",101614377.382,2025,Export
AUS,Australia,VNM,Viet Nam,agriculture,12,"Oil seeds and oleaginous fruits; miscellaneous grains, seeds and fruit, industrial or medicinal plants; straw and fodder",20087427.992,2025,Export
AUS,Australia,VUT,Vanuatu,agriculture,10,Cereals,130.155,2025,Export
AUS,Australia,VUT,Vanuatu,agriculture,11,"Products of the milling industry; malt, starches, inulin, wheat gluten",648854.616,2025,Export
AUS,Australia,VUT,Vanuatu,agriculture,12,"Oil seeds and oleaginous fruits; miscellaneous grains, seeds and fruit, industrial or medicinal plants; straw and fodder",64209.494,2025,Export
AUS,Australia,W00,World,agriculture,10,Cereals,9648959806.668,2025,Export
AUS,Australia,W00,World,agriculture,11,"Products of the milling industry; malt, starches, inulin, wheat gluten",669192011.162,2025,Export
AUS,Australia,W00,World,agriculture,12,"Oil seeds and oleaginous fruits; miscellaneous grains, seeds and fruit, industrial or medicinal plants; straw and fodder",3635155308.506,2025,Export
AUS,Australia,WLF,Wallis and Futuna Isds,agriculture,10,Cereals,16422.703,2025,Export
AUS,Australia,WSM,Samoa,agriculture,10,Cereals,136.598,2025,Export
AUS,Australia,WSM,Samoa,agriculture,11,"Products of the milling industry; malt, starches, inulin, wheat gluten",1039500.12,2025,Export
AUS,Australia,WSM,Samoa,agriculture,12,"Oil seeds and oleaginous fruits; miscellaneous grains, seeds and fruit, industrial or medicinal plants; straw and fodder",68.299,2025,Export
AUS,Australia,X1,Bunkers,agriculture,11,"Products of the milling industry; malt, starches, inulin, wheat gluten",15706.851,2025,Export
AUS,Australia,X1,Bunkers,agriculture,12,"Oil seeds and oleaginous fruits; miscellaneous grains, seeds and fruit, industrial or medicinal plants; straw and fodder",11480053.571,2025,Export
AUS,Australia,YEM,Yemen,agriculture,10,Cereals,382477781.803,2025,Export
AUS,Australia,ZAF,South Africa,agriculture,10,Cereals,212477876.189,2025,Export
AUS,Australia,ZAF,South Africa,agriculture,11,"Products of the milling industry; malt, starches, inulin, wheat gluten",3015481.535,2025,Export
AUS,Australia,ZAF,South Africa,agriculture,12,"Oil seeds and oleaginous fruits; miscellaneous grains, seeds and fruit, industrial or medicinal plants; straw and fodder",4945088.531,2025,Export
AUS,Australia,ZMB,Zambia,agriculture,10,Cereals,19469770.583,2025,Export
AUS,Australia,ZWE,Zimbabwe,agriculture,10,Cereals,1683286.43,2025,Export
AUS,Australia,ZWE,Zimbabwe,agriculture,12,"Oil seeds and oleaginous fruits; miscellaneous grains, seeds and fruit, industrial or medicinal plants; straw and fodder",133638.068,2025,Export
AUS,Australia,_X,"Areas, nes",agriculture,10,Cereals,239162702.296,2025,Export
BRA,Brazil,ABW,Aruba,agriculture,10,Cereals,390902.0,2025,Export
BRA,Brazil,ABW,Aruba,agriculture,11,"Products of the milling industry; malt, starches, inulin, wheat gluten",614.0,2025,Export
BRA,Brazil,ABW,Aruba,agriculture,12,"Oil seeds and oleaginous fruits; miscellaneous grains, seeds and fruit, industrial or medicinal plants; straw and fodder",678.0,2025,Export
BRA,Brazil,AGO,Angola,agriculture,10,Cereals,5905388.0,2025,Export
BRA,Brazil,AGO,Angola,agriculture,11,"Products of the milling industry; malt, starches, inulin, wheat gluten",1696188.0,2025,Export
BRA,Brazil,AGO,Angola,agriculture,12,"Oil seeds and oleaginous fruits; miscellaneous grains, seeds and fruit, industrial or medicinal plants; straw and fodder",2481117.0,2025,Export
BRA,Brazil,ALB,Albania,agriculture,12,"Oil seeds and oleaginous fruits; miscellaneous grains, seeds and fruit, industrial or medicinal plants; straw and fodder",617568.0,2025,Export
BRA,Brazil,ARE,United Arab Emirates,agriculture,10,Cereals,26996476.0,2025,Export
BRA,Brazil,ARE,United Arab Emirates,agriculture,11,"Products of the milling industry; malt, starches, inulin, wheat gluten",165422.0,2025,Export
BRA,Brazil,ARE,United Arab Emirates,agriculture,12,"Oil seeds and oleaginous fruits; miscellaneous grains, seeds and fruit, industrial or medicinal plants; straw and fodder",15838698.0,2025,Export
BRA,Brazil,ARG,Argentina,agriculture,10,Cereals,13223503.0,2025,Export
BRA,Brazil,ARG,Argentina,agriculture,11,"Products of the milling industry; malt, starches, inulin, wheat gluten",2992476.0,2025,Export
BRA,Brazil,ARG,Argentina,agriculture,12,"Oil seeds and oleaginous fruits; miscellaneous grains, seeds and fruit, industrial or medicinal plants; straw and fodder",144155366.0,2025,Export
BRA,Brazil,ARM,Armenia,agriculture,12,"Oil seeds and oleaginous fruits; miscellaneous grains, seeds and fruit, industrial or medicinal plants; straw and fodder",197354.0,2025,Export
BRA,Brazil,ATG,Antigua and Barbuda,agriculture,10,Cereals,366773.0,2025,Export
BRA,Brazil,ATG,Antigua and Barbuda,agriculture,11,"Products of the milling industry; malt, starches, inulin, wheat gluten",5714.0,2025,Export
BRA,Brazil,ATG,Antigua and Barbuda,agriculture,12,"Oil seeds and oleaginous fruits; miscellaneous grains, seeds and fruit, industrial or medicinal plants; straw and fodder",1066.0,2025,Export
BRA,Brazil,AUS,Australia,agriculture,10,Cereals,48077.0,2025,Export
BRA,Brazil,AUS,Australia,agriculture,11,"Products of the milling industry; malt, starches, inulin, wheat gluten",1139906.0,2025,Export
BRA,Brazil,AUS,Australia,agriculture,12,"Oil seeds and oleaginous fruits; miscellaneous grains, seeds and fruit, industrial or medicinal plants; straw and fodder",3146539.0,2025,Export
BRA,Brazil,AUT,Austria,agriculture,10,Cereals,30833.0,2025,Export
BRA,Brazil,AUT,Austria,agriculture,12,"Oil seeds and oleaginous fruits; miscellaneous grains, seeds and fruit, industrial or medicinal plants; straw and fodder",41200.0,2025,Export
BRA,Brazil,AZE,Azerbaijan,agriculture,12,"Oil seeds and oleaginous fruits; miscellaneous grains, seeds and fruit, industrial or medicinal plants; straw and fodder",2071344.0,2025,Export
BRA,Brazil,BEL,Belgium,agriculture,10,Cereals,501177.0,2025,Export
BRA,Brazil,BEL,Belgium,agriculture,11,"Products of the milling industry; malt, starches, inulin, wheat gluten",534655.0,2025,Export
BRA,Brazil,BEL,Belgium,agriculture,12,"Oil seeds and oleaginous fruits; miscellaneous grains, seeds and fruit, industrial or medicinal plants; straw and fodder",36720044.0,2025,Export
BRA,Brazil,BEN,Benin,agriculture,10,Cereals,39023.0,2025,Export
BRA,Brazil,BEN,Benin,agriculture,11,"Products of the milling industry; malt, starches, inulin, wheat gluten",41.0,2025,Export
BRA,Brazil,BES,Bonaire,agriculture,10,Cereals,14990.0,2025,Export
BRA,Brazil,BGD,Bangladesh,agriculture,10,Cereals,389083775.0,2025,Export
BRA,Brazil,BGD,Bangladesh,agriculture,11,"Products of the milling industry; malt, starches, inulin, wheat gluten",1015.0,2025,Export
BRA,Brazil,BGD,Bangladesh,agriculture,12,"Oil seeds and oleaginous fruits; miscellaneous grains, seeds and fruit, industrial or medicinal plants; straw and fodder",211946405.0,2025,Export
BRA,Brazil,BGR,Bulgaria,agriculture,10,Cereals,1120.0,2025,Export
BRA,Brazil,BGR,Bulgaria,agriculture,11,"Products of the milling industry; malt, starches, inulin, wheat gluten",288.0,2025,Export
BRA,Brazil,BGR,Bulgaria,agriculture,12,"Oil seeds and oleaginous fruits; miscellaneous grains, seeds and fruit, industrial or medicinal plants; straw and fodder",312756.0,2025,Export
BRA,Brazil,BHR,Bahrain,agriculture,10,Cereals,31061.0,2025,Export
BRA,Brazil,BHR,Bahrain,agriculture,11,"Products of the milling industry; malt, starches, inulin, wheat gluten",3008.0,2025,Export
BRA,Brazil,BHR,Bahrain,agriculture,12,"Oil seeds and oleaginous fruits; miscellaneous grains, seeds and fruit, industrial or medicinal plants; straw and fodder",683.0,2025,Export
BRA,Brazil,BHS,Bahamas,agriculture,10,Cereals,401784.0,2025,Export
BRA,Brazil,BHS,Bahamas,agriculture,11,"Products of the milling industry; malt, starches, inulin, wheat gluten",38515.0,2025,Export
BRA,Brazil,BHS,Bahamas,agriculture,12,"Oil seeds and oleaginous fruits; miscellaneous grains, seeds and fruit, industrial or medicinal plants; straw and fodder",8996.0,2025,Export
BRA,Brazil,BIH,Bosnia Herzegovina,agriculture,12,"Oil seeds and oleaginous fruits; miscellaneous grains, seeds and fruit, industrial or medicinal plants; straw and fodder",157030.0,2025,Export
BRA,Brazil,BLR,Belarus,agriculture,12,"Oil seeds and oleaginous fruits; miscellaneous grains, seeds and fruit, industrial or medicinal plants; straw and fodder",5676832.0,2025,Export
BRA,Brazil,BLZ,Belize,agriculture,10,Cereals,1283.0,2025,Export
BRA,Brazil,BLZ,Belize,agriculture,11,"Products of the milling industry; malt, starches, inulin, wheat gluten",688.0,2025,Export
BRA,Brazil,BLZ,Belize,agriculture,12,"Oil seeds and oleaginous fruits; miscellaneous grains, seeds and fruit, industrial or medicinal plants; straw and fodder",1249416.0,2025,Export
BRA,Brazil,BMU,Bermuda,agriculture,10,Cereals,2348.0,2025,Export
BRA,Brazil,BMU,Bermuda,agriculture,11,"Products of the milling industry; malt, starches, inulin, wheat gluten",1454.0,2025,Export
BRA,Brazil,BMU,Bermuda,agriculture,12,"Oil seeds and oleaginous fruits; miscellaneous grains, seeds and fruit, industrial or medicinal plants; straw and fodder",257.0,2025,Export
BRA,Brazil,BOL,Bolivia (Plurinational State of),agriculture,10,Cereals,5859203.0,2025,Export
BRA,Brazil,BOL,Bolivia (Plurinational State of),agriculture,11,"Products of the milling industry; malt, starches, inulin, wheat gluten",5950790.0,2025,Export
BRA,Brazil,BOL,Bolivia (Plurinational State of),agriculture,12,"Oil seeds and oleaginous fruits; miscellaneous grains, seeds and fruit, industrial or medicinal plants; straw and fodder",5432744.0,2025,Export
BRA,Brazil,BRB,Barbados,agriculture,10,Cereals,1395170.0,2025,Export
BRA,Brazil,BRB,Barbados,agriculture,11,"Products of the milling industry; malt, starches, inulin, wheat gluten",417514.0,2025,Export
BRA,Brazil,BRB,Barbados,agriculture,12,"Oil seeds and oleaginous fruits; miscellaneous grains, seeds and fruit, industrial or medicinal plants; straw and fodder",27102.0,2025,Export
BRA,Brazil,CAN,Canada,agriculture,10,Cereals,1385598.0,2025,Export
BRA,Brazil,CAN,Canada,agriculture,11,"Products of the milling industry; malt, starches, inulin, wheat gluten",945802.0,2025,Export
BRA,Brazil,CAN,Canada,agriculture,12,"Oil seeds and oleaginous fruits; miscellaneous grains, seeds and fruit, industrial or medicinal plants; straw and fodder",3284028.0,2025,Export
BRA,Brazil,CHE,Switzerland,agriculture,10,Cereals,7568.0,2025,Export
BRA,Brazil,CHE,Switzerland,agriculture,11,"Products of the milling industry; malt, starches, inulin, wheat gluten",66741.0,2025,Export
BRA,Brazil,CHE,Switzerland,agriculture,12,"Oil seeds and oleaginous fruits; miscellaneous grains, seeds and fruit, industrial or medicinal plants; straw and fodder",82270.0,2025,Export
BRA,Brazil,CHL,Chile,agriculture,10,Cereals,529898.0,2025,Export
BRA,Brazil,CHL,Chile,agriculture,11,"Products of the milling industry; malt, starches, inulin, wheat gluten",609687.0,2025,Export
BRA,Brazil,CHL,Chile,agriculture,12,"Oil seeds and oleaginous fruits; miscellaneous grains, seeds and fruit, industrial or medicinal plants; straw and fodder",2673511.0,2025,Export
BRA,Brazil,CHN,China,agriculture,10,Cereals,368475036.0,2025,Export
BRA,Brazil,CHN,China,agriculture,11,"Products of the milling industry; malt, starches, inulin, wheat gluten",986216.0,2025,Export
BRA,Brazil,CHN,China,agriculture,12,"Oil seeds and oleaginous fruits; miscellaneous grains, seeds and fruit, industrial or medicinal plants; straw and fodder",34756839110.0,2025,Export
BRA,Brazil,CIV,Côte d'Ivoire,agriculture,10,Cereals,4051604.0,2025,Export
BRA,Brazil,CIV,Côte d'Ivoire,agriculture,12,"Oil seeds and oleaginous fruits; miscellaneous grains, seeds and fruit, industrial or medicinal plants; straw and fodder",10761021.0,2025,Export
BRA,Brazil,CMR,Cameroon,agriculture,10,Cereals,207.0,2025,Export
BRA,Brazil,CMR,Cameroon,agriculture,11,"Products of the milling industry; malt, starches, inulin, wheat gluten",877169.0,2025,Export
BRA,Brazil,CMR,Cameroon,agriculture,12,"Oil seeds and oleaginous fruits; miscellaneous grains, seeds and fruit, industrial or medicinal plants; straw and fodder",69.0,2025,Export
BRA,Brazil,COD,Dem. Rep. of the Congo,agriculture,10,Cereals,54940.0,2025,Export
BRA,Brazil,COD,Dem. Rep. of the Congo,agriculture,11,"Products of the milling industry; malt, starches, inulin, wheat gluten",12616278.0,2025,Export
BRA,Brazil,COD,Dem. Rep. of the Congo,agriculture,12,"Oil seeds and oleaginous fruits; miscellaneous grains, seeds and fruit, industrial or medicinal plants; straw and fodder",5364.0,2025,Export
BRA,Brazil,COG,Congo,agriculture,10,Cereals,68651.0,2025,Export
BRA,Brazil,COG,Congo,agriculture,12,"Oil seeds and oleaginous fruits; miscellaneous grains, seeds and fruit, industrial or medicinal plants; straw and fodder",373267.0,2025,Export
BRA,Brazil,COK,Cook Isds,agriculture,10,Cereals,375.0,2025,Export
BRA,Brazil,COK,Cook Isds,agriculture,11,"Products of the milling industry; malt, starches, inulin, wheat gluten",485.0,2025,Export
BRA,Brazil,COL,Colombia,agriculture,10,Cereals,13727856.0,2025,Export
BRA,Brazil,COL,Colombia,agriculture,11,"Products of the milling industry; malt, starches, inulin, wheat gluten",7477237.0,2025,Export
BRA,Brazil,COL,Colombia,agriculture,12,"Oil seeds and oleaginous fruits; miscellaneous grains, seeds and fruit, industrial or medicinal plants; straw and fodder",38415893.0,2025,Export
BRA,Brazil,COM,Comoros,agriculture,10,Cereals,71.0,2025,Export
BRA,Brazil,COM,Comoros,agriculture,11,"Products of the milling industry; malt, starches, inulin, wheat gluten",242.0,2025,Export
BRA,Brazil,COM,Comoros,agriculture,12,"Oil seeds and oleaginous fruits; miscellaneous grains, seeds and fruit, industrial or medicinal plants; straw and fodder",33.0,2025,Export
BRA,Brazil,CPV,Cabo Verde,agriculture,10,Cereals,7315723.0,2025,Export
BRA,Brazil,CPV,Cabo Verde,agriculture,11,"Products of the milling industry; malt, starches, inulin, wheat gluten",633987.0,2025,Export
BRA,Brazil,CPV,Cabo Verde,agriculture,12,"Oil seeds and oleaginous fruits; miscellaneous grains, seeds and fruit, industrial or medicinal plants; straw and fodder",29314.0,2025,Export
BRA,Brazil,CRI,Costa Rica,agriculture,10,Cereals,77116253.0,2025,Export
BRA,Brazil,CRI,Costa Rica,agriculture,11,"Products of the milling industry; malt, starches, inulin, wheat gluten",2043827.0,2025,Export
BRA,Brazil,CRI,Costa Rica,agriculture,12,"Oil seeds and oleaginous fruits; miscellaneous grains, seeds and fruit, industrial or medicinal plants; straw and fodder",7392768.0,2025,Export
BRA,Brazil,CUB,Cuba,agriculture,10,Cereals,12455496.0,2025,Export
BRA,Brazil,CUB,Cuba,agriculture,11,"Products of the milling industry; malt, starches, inulin, wheat gluten",134442.0,2025,Export
BRA,Brazil,CUB,Cuba,agriculture,12,"Oil seeds and oleaginous fruits; miscellaneous grains, seeds and fruit, industrial or medicinal plants; straw and fodder",14442.0,2025,Export
BRA,Brazil,CUW,Curaçao,agriculture,10,Cereals,1478082.0,2025,Export
BRA,Brazil,CUW,Curaçao,agriculture,11,"Products of the milling industry; malt, starches, inulin, wheat gluten",12821.0,2025,Export
BRA,Brazil,CUW,Curaçao,agriculture,12,"Oil seeds and oleaginous fruits; miscellaneous grains, seeds and fruit, industrial or medicinal plants; straw and fodder",12.0,2025,Export
BRA,Brazil,CYM,Cayman Isds,agriculture,10,Cereals,4058.0,2025,Export
BRA,Brazil,CYM,Cayman Isds,agriculture,11,"Products of the milling industry; malt, starches, inulin, wheat gluten",1501.0,2025,Export
BRA,Brazil,CYM,Cayman Isds,agriculture,12,"Oil seeds and oleaginous fruits; miscellaneous grains, seeds and fruit, industrial or medicinal plants; straw and fodder",177.0,2025,Export
BRA,Brazil,CYP,Cyprus,agriculture,10,Cereals,71878.0,2025,Export
BRA,Brazil,CYP,Cyprus,agriculture,11,"Products of the milling industry; malt, starches, inulin, wheat gluten",17450.0,2025,Export
BRA,Brazil,CYP,Cyprus,agriculture,12,"Oil seeds and oleaginous fruits; miscellaneous grains, seeds and fruit, industrial or medicinal plants; straw and fodder",23616.0,2025,Export
BRA,Brazil,CZE,Czechia,agriculture,12,"Oil seeds and oleaginous fruits; miscellaneous grains, seeds and fruit, industrial or medicinal plants; straw and fodder",21601.0,2025,Export
BRA,Brazil,DEU,Germany,agriculture,10,Cereals,20888.0,2025,Export
BRA,Brazil,DEU,Germany,agriculture,11,"Products of the milling industry; malt, starches, inulin, wheat gluten",828965.0,2025,Export
BRA,Brazil,DEU,Germany,agriculture,12,"Oil seeds and oleaginous fruits; miscellaneous grains, seeds and fruit, industrial or medicinal plants; straw and fodder",7387221.0,2025,Export
BRA,Brazil,DJI,Djibouti,agriculture,10,Cereals,1114.0,2025,Export
BRA,Brazil,DJI,Djibouti,agriculture,11,"Products of the milling industry; malt, starches, inulin, wheat gluten",110.0,2025,Export
BRA,Brazil,DMA,Dominica,agriculture,11,"Products of the milling industry; malt, starches, inulin, wheat gluten",338.0,2025,Export
BRA,Brazil,DNK,Denmark,agriculture,10,Cereals,9625081.0,2025,Export
BRA,Brazil,DNK,Denmark,agriculture,11,"Products of the milling industry; malt, starches, inulin, wheat gluten",8247.0,2025,Export
BRA,Brazil,DNK,Denmark,agriculture,12,"Oil seeds and oleaginous fruits; miscellaneous grains, seeds and fruit, industrial or medicinal plants; straw and fodder",23051.0,2025,Export
BRA,Brazil,DOM,Dominican Rep.,agriculture,10,Cereals,198220929.0,2025,Export
BRA,Brazil,DOM,Dominican Rep.,agriculture,11,"Products of the milling industry; malt, starches, inulin, wheat gluten",1249585.0,2025,Export
BRA,Brazil,DOM,Dominican Rep.,agriculture,12,"Oil seeds and oleaginous fruits; miscellaneous grains, seeds and fruit, industrial or medicinal plants; straw and fodder",1595617.0,2025,Export
BRA,Brazil,DZA,Algeria,agriculture,10,Cereals,307037596.0,2025,Export
BRA,Brazil,DZA,Algeria,agriculture,11,"Products of the milling industry; malt, starches, inulin, wheat gluten",459416.0,2025,Export
BRA,Brazil,DZA,Algeria,agriculture,12,"Oil seeds and oleaginous fruits; miscellaneous grains, seeds and fruit, industrial or medicinal plants; straw and fodder",303499060.0,2025,Export
BRA,Brazil,ECU,Ecuador,agriculture,10,Cereals,47644934.0,2025,Export
BRA,Brazil,ECU,Ecuador,agriculture,11,"Products of the milling industry; malt, starches, inulin, wheat gluten",232684.0,2025,Export
BRA,Brazil,ECU,Ecuador,agriculture,12,"Oil seeds and oleaginous fruits; miscellaneous grains, seeds and fruit, industrial or medicinal plants; straw and fodder",6909750.0,2025,Export
BRA,Brazil,EGY,Egypt,agriculture,10,Cereals,1558566646.0,2025,Export
BRA,Brazil,EGY,Egypt,agriculture,11,"Products of the milling industry; malt, starches, inulin, wheat gluten",25.0,2025,Export
BRA,Brazil,EGY,Egypt,agriculture,12,"Oil seeds and oleaginous fruits; miscellaneous grains, seeds and fruit, industrial or medicinal plants; straw and fodder",68781851.0,2025,Export
BRA,Brazil,ESP,Spain,agriculture,10,Cereals,256068563.0,2025,Export
BRA,Brazil,ESP,Spain,agriculture,11,"Products of the milling industry; malt, starches, inulin, wheat gluten",1420681.0,2025,Export
BRA,Brazil,ESP,Spain,agriculture,12,"Oil seeds and oleaginous fruits; miscellaneous grains, seeds and fruit, industrial or medicinal plants; straw and fodder",1607137505.0,2025,Export
BRA,Brazil,EST,Estonia,agriculture,12,"Oil seeds and oleaginous fruits; miscellaneous grains, seeds and fruit, industrial or medicinal plants; straw and fodder",40860.0,2025,Export
BRA,Brazil,ETH,Ethiopia,agriculture,12,"Oil seeds and oleaginous fruits; miscellaneous grains, seeds and fruit, industrial or medicinal plants; straw and fodder",465720.0,2025,Export
BRA,Brazil,FIN,Finland,agriculture,10,Cereals,236.0,2025,Export
BRA,Brazil,FIN,Finland,agriculture,11,"Products of the milling industry; malt, starches, inulin, wheat gluten",1400.0,2025,Export
BRA,Brazil,FIN,Finland,agriculture,12,"Oil seeds and oleaginous fruits; miscellaneous grains, seeds and fruit, industrial or medicinal plants; straw and fodder",262.0,2025,Export
BRA,Brazil,FJI,Fiji,agriculture,12,"Oil seeds and oleaginous fruits; miscellaneous grains, seeds and fruit, industrial or medicinal plants; straw and fodder",7805.0,2025,Export
BRA,Brazil,FLK,Falkland Isds (Malvinas),agriculture,11,"Products of the milling industry; malt, starches, inulin, wheat gluten",54.0,2025,Export
BRA,Brazil,FLK,Falkland Isds (Malvinas),agriculture,12,"Oil seeds and oleaginous fruits; miscellaneous grains, seeds and fruit, industrial or medicinal plants; straw and fodder",46.0,2025,Export
BRA,Brazil,FRA,France,agriculture,10,Cereals,112993.0,2025,Export
BRA,Brazil,FRA,France,agriculture,11,"Products of the milling industry; malt, starches, inulin, wheat gluten",1215454.0,2025,Export
BRA,Brazil,FRA,France,agriculture,12,"Oil seeds and oleaginous fruits; miscellaneous grains, seeds and fruit, industrial or medicinal plants; straw and fodder",16452288.0,2025,Export
BRA,Brazil,GAB,Gabon,agriculture,10,Cereals,158571.0,2025,Export
BRA,Brazil,GAB,Gabon,agriculture,11,"Products of the milling industry; malt, starches, inulin, wheat gluten",948.0,2025,Export
BRA,Brazil,GAB,Gabon,agriculture,12,"Oil seeds and oleaginous fruits; miscellaneous grains, seeds and fruit, industrial or medicinal plants; straw and fodder",108351.0,2025,Export
BRA,Brazil,GBR,United Kingdom,agriculture,10,Cereals,21425641.0,2025,Export
BRA,Brazil,GBR,United Kingdom,agriculture,11,"Products of the milling industry; malt, starches, inulin, wheat gluten",2020820.0,2025,Export
BRA,Brazil,GBR,United Kingdom,agriculture,12,"Oil seeds and oleaginous fruits; miscellaneous grains, seeds and fruit, industrial or medicinal plants; straw and fodder",222280800.0,2025,Export
BRA,Brazil,GEO,Georgia,agriculture,11,"Products of the milling industry; malt, starches, inulin, wheat gluten",2405.0,2025,Export
BRA,Brazil,GEO,Georgia,agriculture,12,"Oil seeds and oleaginous fruits; miscellaneous grains, seeds and fruit, industrial or medicinal plants; straw and fodder",259519.0,2025,Export
BRA,Brazil,GHA,Ghana,agriculture,10,Cereals,3000847.0,2025,Export
BRA,Brazil,GHA,Ghana,agriculture,11,"Products of the milling industry; malt, starches, inulin, wheat gluten",58625.0,2025,Export
BRA,Brazil,GHA,Ghana,agriculture,12,"Oil seeds and oleaginous fruits; miscellaneous grains, seeds and fruit, industrial or medicinal plants; straw and fodder",383150.0,2025,Export
BRA,Brazil,GIB,Gibraltar,agriculture,10,Cereals,9730.0,2025,Export
BRA,Brazil,GIB,Gibraltar,agriculture,11,"Products of the milling industry; malt, starches, inulin, wheat gluten",3628.0,2025,Export
BRA,Brazil,GIB,Gibraltar,agriculture,12,"Oil seeds and oleaginous fruits; miscellaneous grains, seeds and fruit, industrial or medicinal plants; straw and fodder",521.0,2025,Export
BRA,Brazil,GIN,Guinea,agriculture,10,Cereals,28140.0,2025,Export
BRA,Brazil,GIN,Guinea,agriculture,11,"Products of the milling industry; malt, starches, inulin, wheat gluten",1170446.0,2025,Export
BRA,Brazil,GIN,Guinea,agriculture,12,"Oil seeds and oleaginous fruits; miscellaneous grains, seeds and fruit, industrial or medicinal plants; straw and fodder",18.0,2025,Export
BRA,Brazil,GMB,Gambia,agriculture,10,Cereals,35882036.0,2025,Export
BRA,Brazil,GMB,Gambia,agriculture,11,"Products of the milling industry; malt, starches, inulin, wheat gluten",84979.0,2025,Export
BRA,Brazil,GNB,Guinea-Bissau,agriculture,10,Cereals,62.0,2025,Export
BRA,Brazil,GNB,Guinea-Bissau,agriculture,11,"Products of the milling industry; malt, starches, inulin, wheat gluten",37519.0,2025,Export
BRA,Brazil,GNB,Guinea-Bissau,agriculture,12,"Oil seeds and oleaginous fruits; miscellaneous grains, seeds and fruit, industrial or medicinal plants; straw and fodder",52054.0,2025,Export
BRA,Brazil,GRC,Greece,agriculture,10,Cereals,152113.0,2025,Export
BRA,Brazil,GRC,Greece,agriculture,11,"Products of the milling industry; malt, starches, inulin, wheat gluten",30933.0,2025,Export
BRA,Brazil,GRC,Greece,agriculture,12,"Oil seeds and oleaginous fruits; miscellaneous grains, seeds and fruit, industrial or medicinal plants; straw and fodder",59434033.0,2025,Export
BRA,Brazil,GRD,Grenada,agriculture,11,"Products of the milling industry; malt, starches, inulin, wheat gluten",26427.0,2025,Export
BRA,Brazil,GTM,Guatemala,agriculture,10,Cereals,92127629.0,2025,Export
BRA,Brazil,GTM,Guatemala,agriculture,11,"Products of the milling industry; malt, starches, inulin, wheat gluten",433702.0,2025,Export
BRA,Brazil,GTM,Guatemala,agriculture,12,"Oil seeds and oleaginous fruits; miscellaneous grains, seeds and fruit, industrial or medicinal plants; straw and fodder",39459829.0,2025,Export
BRA,Brazil,GUY,Guyana,agriculture,10,Cereals,1875528.0,2025,Export
BRA,Brazil,GUY,Guyana,agriculture,11,"Products of the milling industry; malt, starches, inulin, wheat gluten",372459.0,2025,Export
BRA,Brazil,GUY,Guyana,agriculture,12,"Oil seeds and oleaginous fruits; miscellaneous grains, seeds and fruit, industrial or medicinal plants; straw and fodder",726344.0,2025,Export
BRA,Brazil,HKG,"China, Hong Kong SAR",agriculture,10,Cereals,100748.0,2025,Export
BRA,Brazil,HKG,"China, Hong Kong SAR",agriculture,11,"Products of the milling industry; malt, starches, inulin, wheat gluten",86897.0,2025,Export
BRA,Brazil,HKG,"China, Hong Kong SAR",agriculture,12,"Oil seeds and oleaginous fruits; miscellaneous grains, seeds and fruit, industrial or medicinal plants; straw and fodder",45161.0,2025,Export
BRA,Brazil,HND,Honduras,agriculture,10,Cereals,1037301.0,2025,Export
BRA,Brazil,HND,Honduras,agriculture,11,"Products of the milling industry; malt, starches, inulin, wheat gluten",791712.0,2025,Export
BRA,Brazil,HND,Honduras,agriculture,12,"Oil seeds and oleaginous fruits; miscellaneous grains, seeds and fruit, industrial or medicinal plants; straw and fodder",7718248.0,2025,Export
BRA,Brazil,HRV,Croatia,agriculture,10,Cereals,3029.0,2025,Export
BRA,Brazil,HRV,Croatia,agriculture,11,"Products of the milling industry; malt, starches, inulin, wheat gluten",606.0,2025,Export
BRA,Brazil,HRV,Croatia,agriculture,12,"Oil seeds and oleaginous fruits; miscellaneous grains, seeds and fruit, industrial or medicinal plants; straw and fodder",48839.0,2025,Export
BRA,Brazil,HTI,Haiti,agriculture,11,"Products of the milling industry; malt, starches, inulin, wheat gluten",316209.0,2025,Export
BRA,Brazil,HUN,Hungary,agriculture,12,"Oil seeds and oleaginous fruits; miscellaneous grains, seeds and fruit, industrial or medicinal plants; straw and fodder",1408497.0,2025,Export
BRA,Brazil,IDN,Indonesia,agriculture,10,Cereals,105283768.0,2025,Export
BRA,Brazil,IDN,Indonesia,agriculture,11,"Products of the milling industry; malt, starches, inulin, wheat gluten",342672.0,2025,Export
BRA,Brazil,IDN,Indonesia,agriculture,12,"Oil seeds and oleaginous fruits; miscellaneous grains, seeds and fruit, industrial or medicinal plants; straw and fodder",8702732.0,2025,Export
BRA,Brazil,IND,India,agriculture,10,Cereals,3333881.0,2025,Export
BRA,Brazil,IND,India,agriculture,11,"Products of the milling industry; malt, starches, inulin, wheat gluten",86967.0,2025,Export
BRA,Brazil,IND,India,agriculture,12,"Oil seeds and oleaginous fruits; miscellaneous grains, seeds and fruit, industrial or medicinal plants; straw and fodder",121193721.0,2025,Export
BRA,Brazil,IRL,Ireland,agriculture,10,Cereals,37146977.0,2025,Export
BRA,Brazil,IRL,Ireland,agriculture,11,"Products of the milling industry; malt, starches, inulin, wheat gluten",206892.0,2025,Export
BRA,Brazil,IRL,Ireland,agriculture,12,"Oil seeds and oleaginous fruits; miscellaneous grains, seeds and fruit, industrial or medicinal plants; straw and fodder",867.0,2025,Export
BRA,Brazil,IRN,Iran,agriculture,10,Cereals,1984635546.0,2025,Export
BRA,Brazil,IRN,Iran,agriculture,11,"Products of the milling industry; malt, starches, inulin, wheat gluten",38.0,2025,Export
BRA,Brazil,IRN,Iran,agriculture,12,"Oil seeds and oleaginous fruits; miscellaneous grains, seeds and fruit, industrial or medicinal plants; straw and fodder",563642081.0,2025,Export
BRA,Brazil,IRQ,Iraq,agriculture,10,Cereals,167479431.0,2025,Export
BRA,Brazil,IRQ,Iraq,agriculture,12,"Oil seeds and oleaginous fruits; miscellaneous grains, seeds and fruit, industrial or medicinal plants; straw and fodder",262913154.0,2025,Export
BRA,Brazil,ISR,Israel,agriculture,10,Cereals,9972262.0,2025,Export
BRA,Brazil,ISR,Israel,agriculture,11,"Products of the milling industry; malt, starches, inulin, wheat gluten",89618.0,2025,Export
BRA,Brazil,ISR,Israel,agriculture,12,"Oil seeds and oleaginous fruits; miscellaneous grains, seeds and fruit, industrial or medicinal plants; straw and fodder",82287221.0,2025,Export
BRA,Brazil,ITA,Italy,agriculture,10,Cereals,86587340.0,2025,Export
BRA,Brazil,ITA,Italy,agriculture,11,"Products of the milling industry; malt, starches, inulin, wheat gluten",833377.0,2025,Export
BRA,Brazil,ITA,Italy,agriculture,12,"Oil seeds and oleaginous fruits; miscellaneous grains, seeds and fruit, industrial or medicinal plants; straw and fodder",255017767.0,2025,Export
BRA,Brazil,JAM,Jamaica,agriculture,10,Cereals,745162.0,2025,Export
BRA,Brazil,JAM,Jamaica,agriculture,11,"Products of the milling industry; malt, starches, inulin, wheat gluten",637802.0,2025,Export
BRA,Brazil,JAM,Jamaica,agriculture,12,"Oil seeds and oleaginous fruits; miscellaneous grains, seeds and fruit, industrial or medicinal plants; straw and fodder",123241.0,2025,Export
BRA,Brazil,JOR,Jordan,agriculture,10,Cereals,115801464.0,2025,Export
BRA,Brazil,JOR,Jordan,agriculture,11,"Products of the milling industry; malt, starches, inulin, wheat gluten",25989.0,2025,Export
BRA,Brazil,JOR,Jordan,agriculture,12,"Oil seeds and oleaginous fruits; miscellaneous grains, seeds and fruit, industrial or medicinal plants; straw and fodder",25031279.0,2025,Export
BRA,Brazil,JPN,Japan,agriculture,10,Cereals,52931826.0,2025,Export
BRA,Brazil,JPN,Japan,agriculture,11,"Products of the milling industry; malt, starches, inulin, wheat gluten",498104.0,2025,Export
BRA,Brazil,JPN,Japan,agriculture,12,"Oil seeds and oleaginous fruits; miscellaneous grains, seeds and fruit, industrial or medicinal plants; straw and fodder",269713220.0,2025,Export
BRA,Brazil,KAZ,Kazakhstan,agriculture,12,"Oil seeds and oleaginous fruits; miscellaneous grains, seeds and fruit, industrial or medicinal plants; straw and fodder",1663729.0,2025,Export
BRA,Brazil,KEN,Kenya,agriculture,10,Cereals,14611725.0,2025,Export
BRA,Brazil,KEN,Kenya,agriculture,12,"Oil seeds and oleaginous fruits; miscellaneous grains, seeds and fruit, industrial or medicinal plants; straw and fodder",74884.0,2025,Export
BRA,Brazil,KNA,Saint Kitts and Nevis,agriculture,10,Cereals,2168.0,2025,Export
BRA,Brazil,KNA,Saint Kitts and Nevis,agriculture,11,"Products of the milling industry; malt, starches, inulin, wheat gluten",1257.0,2025,Export
BRA,Brazil,KNA,Saint Kitts and Nevis,agriculture,12,"Oil seeds and oleaginous fruits; miscellaneous grains, seeds and fruit, industrial or medicinal plants; straw and fodder",942.0,2025,Export
BRA,Brazil,KOR,Rep. of Korea,agriculture,10,Cereals,137455599.0,2025,Export
BRA,Brazil,KOR,Rep. of Korea,agriculture,11,"Products of the milling industry; malt, starches, inulin, wheat gluten",1591116.0,2025,Export
BRA,Brazil,KOR,Rep. of Korea,agriculture,12,"Oil seeds and oleaginous fruits; miscellaneous grains, seeds and fruit, industrial or medicinal plants; straw and fodder",161619759.0,2025,Export
BRA,Brazil,KWT,Kuwait,agriculture,10,Cereals,10233565.0,2025,Export
BRA,Brazil,KWT,Kuwait,agriculture,12,"Oil seeds and oleaginous fruits; miscellaneous grains, seeds and fruit, industrial or medicinal plants; straw and fodder",1211804.0,2025,Export
BRA,Brazil,LAO,Lao People's Dem. Rep.,agriculture,12,"Oil seeds and oleaginous fruits; miscellaneous grains, seeds and fruit, industrial or medicinal plants; straw and fodder",32673.0,2025,Export
BRA,Brazil,LBN,Lebanon,agriculture,10,Cereals,6614187.0,2025,Export
BRA,Brazil,LBN,Lebanon,agriculture,11,"Products of the milling industry; malt, starches, inulin, wheat gluten",3060.0,2025,Export
BRA,Brazil,LBN,Lebanon,agriculture,12,"Oil seeds and oleaginous fruits; miscellaneous grains, seeds and fruit, industrial or medicinal plants; straw and fodder",27980921.0,2025,Export
BRA,Brazil,LBR,Liberia,agriculture,10,Cereals,490417.0,2025,Export
BRA,Brazil,LBR,Liberia,agriculture,11,"Products of the milling industry; malt, starches, inulin, wheat gluten",232651.0,2025,Export
BRA,Brazil,LBR,Liberia,agriculture,12,"Oil seeds and oleaginous fruits; miscellaneous grains, seeds and fruit, industrial or medicinal plants; straw and fodder",27866.0,2025,Export
BRA,Brazil,LBY,Libya,agriculture,10,Cereals,44550.0,2025,Export
BRA,Brazil,LBY,Libya,agriculture,12,"Oil seeds and oleaginous fruits; miscellaneous grains, seeds and fruit, industrial or medicinal plants; straw and fodder",12315.0,2025,Export
BRA,Brazil,LCA,Saint Lucia,agriculture,11,"Products of the milling industry; malt, starches, inulin, wheat gluten",40915.0,2025,Export
BRA,Brazil,LTU,Lithuania,agriculture,10,Cereals,182374.0,2025,Export
BRA,Brazil,LTU,Lithuania,agriculture,11,"Products of the milling industry; malt, starches, inulin, wheat gluten",27.0,2025,Export
BRA,Brazil,LTU,Lithuania,agriculture,12,"Oil seeds and oleaginous fruits; miscellaneous grains, seeds and fruit, industrial or medicinal plants; straw and fodder",278411.0,2025,Export
BRA,Brazil,LUX,Luxembourg,agriculture,10,Cereals,1696.0,2025,Export
BRA,Brazil,LUX,Luxembourg,agriculture,11,"Products of the milling industry; malt, starches, inulin, wheat gluten",179.0,2025,Export
BRA,Brazil,LUX,Luxembourg,agriculture,12,"Oil seeds and oleaginous fruits; miscellaneous grains, seeds and fruit, industrial or medicinal plants; straw and fodder",316.0,2025,Export
BRA,Brazil,LVA,Latvia,agriculture,10,Cereals,140.0,2025,Export
BRA,Brazil,LVA,Latvia,agriculture,11,"Products of the milling industry; malt, starches, inulin, wheat gluten",203.0,2025,Export
BRA,Brazil,MAC,"China, Macao SAR",agriculture,11,"Products of the milling industry; malt, starches, inulin, wheat gluten",418.0,2025,Export
BRA,Brazil,MAR,Morocco,agriculture,10,Cereals,372528139.0,2025,Export
BRA,Brazil,MAR,Morocco,agriculture,11,"Products of the milling industry; malt, starches, inulin, wheat gluten",365.0,2025,Export
BRA,Brazil,MAR,Morocco,agriculture,12,"Oil seeds and oleaginous fruits; miscellaneous grains, seeds and fruit, industrial or medicinal plants; straw and fodder",804363.0,2025,Export
BRA,Brazil,MDA,Rep. of Moldova,agriculture,11,"Products of the milling industry; malt, starches, inulin, wheat gluten",36.0,2025,Export
BRA,Brazil,MDA,Rep. of Moldova,agriculture,12,"Oil seeds and oleaginous fruits; miscellaneous grains, seeds and fruit, industrial or medicinal plants; straw and fodder",317832.0,2025,Export
BRA,Brazil,MDG,Madagascar,agriculture,12,"Oil seeds and oleaginous fruits; miscellaneous grains, seeds and fruit, industrial or medicinal plants; straw and fodder",7201.0,2025,Export
BRA,Brazil,MEX,Mexico,agriculture,10,Cereals,68996495.0,2025,Export
BRA,Brazil,MEX,Mexico,agriculture,11,"Products of the milling industry; malt, starches, inulin, wheat gluten",1245996.0,2025,Export
BRA,Brazil,MEX,Mexico,agriculture,12,"Oil seeds and oleaginous fruits; miscellaneous grains, seeds and fruit, industrial or medicinal plants; straw and fodder",490348796.0,2025,Export
BRA,Brazil,MHL,Marshall Isds,agriculture,10,Cereals,414585.0,2025,Export
BRA,Brazil,MHL,Marshall Isds,agriculture,11,"Products of the milling industry; malt, starches, inulin, wheat gluten",129888.0,2025,Export
BRA,Brazil,MHL,Marshall Isds,agriculture,12,"Oil seeds and oleaginous fruits; miscellaneous grains, seeds and fruit, industrial or medicinal plants; straw and fodder",22798.0,2025,Export
BRA,Brazil,MKD,North Macedonia,agriculture,10,Cereals,24094.0,2025,Export
BRA,Brazil,MKD,North Macedonia,agriculture,12,"Oil seeds and oleaginous fruits; miscellaneous grains, seeds and fruit, industrial or medicinal plants; straw and fodder",1396741.0,2025,Export
BRA,Brazil,MLI,Mali,agriculture,12,"Oil seeds and oleaginous fruits; miscellaneous grains, seeds and fruit, industrial or medicinal plants; straw and fodder",4860.0,2025,Export
BRA,Brazil,MLT,Malta,agriculture,10,Cereals,173614.0,2025,Export
BRA,Brazil,MLT,Malta,agriculture,11,"Products of the milling industry; malt, starches, inulin, wheat gluten",39387.0,2025,Export
BRA,Brazil,MLT,Malta,agriculture,12,"Oil seeds and oleaginous fruits; miscellaneous grains, seeds and fruit, industrial or medicinal plants; straw and fodder",5989.0,2025,Export
BRA,Brazil,MOZ,Mozambique,agriculture,10,Cereals,187009.0,2025,Export
BRA,Brazil,MOZ,Mozambique,agriculture,11,"Products of the milling industry; malt, starches, inulin, wheat gluten",19317.0,2025,Export
BRA,Brazil,MOZ,Mozambique,agriculture,12,"Oil seeds and oleaginous fruits; miscellaneous grains, seeds and fruit, industrial or medicinal plants; straw and fodder",2219972.0,2025,Export
BRA,Brazil,MRT,Mauritania,agriculture,10,Cereals,3249400.0,2025,Export
BRA,Brazil,MRT,Mauritania,agriculture,11,"Products of the milling industry; malt, starches, inulin, wheat gluten",12653.0,2025,Export
BRA,Brazil,MUS,Mauritius,agriculture,11,"Products of the milling industry; malt, starches, inulin, wheat gluten",27615.0,2025,Export
BRA,Brazil,MUS,Mauritius,agriculture,12,"Oil seeds and oleaginous fruits; miscellaneous grains, seeds and fruit, industrial or medicinal plants; straw and fodder",3.0,2025,Export
BRA,Brazil,MWI,Malawi,agriculture,12,"Oil seeds and oleaginous fruits; miscellaneous grains, seeds and fruit, industrial or medicinal plants; straw and fodder",105139.0,2025,Export
BRA,Brazil,MYS,Malaysia,agriculture,10,Cereals,135296951.0,2025,Export
BRA,Brazil,MYS,Malaysia,agriculture,11,"Products of the milling industry; malt, starches, inulin, wheat gluten",1363234.0,2025,Export
BRA,Brazil,MYS,Malaysia,agriculture,12,"Oil seeds and oleaginous fruits; miscellaneous grains, seeds and fruit, industrial or medicinal plants; straw and fodder",20789703.0,2025,Export
BRA,Brazil,NCL,New Caledonia,agriculture,12,"Oil seeds and oleaginous fruits; miscellaneous grains, seeds and fruit, industrial or medicinal plants; straw and fodder",47780.0,2025,Export
BRA,Brazil,NGA,Nigeria,agriculture,10,Cereals,27476075.0,2025,Export
BRA,Brazil,NGA,Nigeria,agriculture,12,"Oil seeds and oleaginous fruits; miscellaneous grains, seeds and fruit, industrial or medicinal plants; straw and fodder",40029300.0,2025,Export
BRA,Brazil,NIC,Nicaragua,agriculture,10,Cereals,55635169.0,2025,Export
BRA,Brazil,NIC,Nicaragua,agriculture,11,"Products of the milling industry; malt, starches, inulin, wheat gluten",10250.0,2025,Export
BRA,Brazil,NIC,Nicaragua,agriculture,12,"Oil seeds and oleaginous fruits; miscellaneous grains, seeds and fruit, industrial or medicinal plants; straw and fodder",7650249.0,2025,Export
BRA,Brazil,NLD,Netherlands,agriculture,10,Cereals,180033493.0,2025,Export
BRA,Brazil,NLD,Netherlands,agriculture,11,"Products of the milling industry; malt, starches, inulin, wheat gluten",2698425.0,2025,Export
BRA,Brazil,NLD,Netherlands,agriculture,12,"Oil seeds and oleaginous fruits; miscellaneous grains, seeds and fruit, industrial or medicinal plants; straw and fodder",431458857.0,2025,Export
BRA,Brazil,NOR,Norway,agriculture,10,Cereals,110222.0,2025,Export
BRA,Brazil,NOR,Norway,agriculture,11,"Products of the milling industry; malt, starches, inulin, wheat gluten",25529.0,2025,Export
BRA,Brazil,NOR,Norway,agriculture,12,"Oil seeds and oleaginous fruits; miscellaneous grains, seeds and fruit, industrial or medicinal plants; straw and fodder",44618028.0,2025,Export
BRA,Brazil,NPL,Nepal,agriculture,10,Cereals,1315239.0,2025,Export
BRA,Brazil,NZL,New Zealand,agriculture,10,Cereals,173.0,2025,Export
BRA,Brazil,NZL,New Zealand,agriculture,11,"Products of the milling industry; malt, starches, inulin, wheat gluten",1026686.0,2025,Export
BRA,Brazil,NZL,New Zealand,agriculture,12,"Oil seeds and oleaginous fruits; miscellaneous grains, seeds and fruit, industrial or medicinal plants; straw and fodder",3135722.0,2025,Export
BRA,Brazil,OMN,Oman,agriculture,10,Cereals,11420204.0,2025,Export
BRA,Brazil,OMN,Oman,agriculture,12,"Oil seeds and oleaginous fruits; miscellaneous grains, seeds and fruit, industrial or medicinal plants; straw and fodder",1196257.0,2025,Export
BRA,Brazil,PAK,Pakistan,agriculture,10,Cereals,2163103.0,2025,Export
BRA,Brazil,PAK,Pakistan,agriculture,12,"Oil seeds and oleaginous fruits; miscellaneous grains, seeds and fruit, industrial or medicinal plants; straw and fodder",596761517.0,2025,Export
BRA,Brazil,PAN,Panama,agriculture,10,Cereals,13019737.0,2025,Export
BRA,Brazil,PAN,Panama,agriculture,11,"Products of the milling industry; malt, starches, inulin, wheat gluten",2792689.0,2025,Export
BRA,Brazil,PAN,Panama,agriculture,12,"Oil seeds and oleaginous fruits; miscellaneous grains, seeds and fruit, industrial or medicinal plants; straw and fodder",2920026.0,2025,Export
BRA,Brazil,PER,Peru,agriculture,10,Cereals,52502846.0,2025,Export
BRA,Brazil,PER,Peru,agriculture,11,"Products of the milling industry; malt, starches, inulin, wheat gluten",651639.0,2025,Export
BRA,Brazil,PER,Peru,agriculture,12,"Oil seeds and oleaginous fruits; miscellaneous grains, seeds and fruit, industrial or medicinal plants; straw and fodder",4480033.0,2025,Export
BRA,Brazil,PHL,Philippines,agriculture,10,Cereals,147528598.0,2025,Export
BRA,Brazil,PHL,Philippines,agriculture,11,"Products of the milling industry; malt, starches, inulin, wheat gluten",1533.0,2025,Export
BRA,Brazil,PHL,Philippines,agriculture,12,"Oil seeds and oleaginous fruits; miscellaneous grains, seeds and fruit, industrial or medicinal plants; straw and fodder",144222.0,2025,Export
BRA,Brazil,PLW,Palau,agriculture,10,Cereals,2482.0,2025,Export
BRA,Brazil,PLW,Palau,agriculture,11,"Products of the milling industry; malt, starches, inulin, wheat gluten",696.0,2025,Export
BRA,Brazil,PLW,Palau,agriculture,12,"Oil seeds and oleaginous fruits; miscellaneous grains, seeds and fruit, industrial or medicinal plants; straw and fodder",94550.0,2025,Export
BRA,Brazil,POL,Poland,agriculture,10,Cereals,3005891.0,2025,Export
BRA,Brazil,POL,Poland,agriculture,11,"Products of the milling industry; malt, starches, inulin, wheat gluten",16855.0,2025,Export
BRA,Brazil,POL,Poland,agriculture,12,"Oil seeds and oleaginous fruits; miscellaneous grains, seeds and fruit, industrial or medicinal plants; straw and fodder",9705708.0,2025,Export
BRA,Brazil,PRT,Portugal,agriculture,10,Cereals,42628038.0,2025,Export
BRA,Brazil,PRT,Portugal,agriculture,11,"Products of the milling industry; malt, starches, inulin, wheat gluten",3996326.0,2025,Export
BRA,Brazil,PRT,Portugal,agriculture,12,"Oil seeds and oleaginous fruits; miscellaneous grains, seeds and fruit, industrial or medicinal plants; straw and fodder",105716911.0,2025,Export
BRA,Brazil,PRY,Paraguay,agriculture,10,Cereals,83872416.0,2025,Export
BRA,Brazil,PRY,Paraguay,agriculture,11,"Products of the milling industry; malt, starches, inulin, wheat gluten",4774465.0,2025,Export
BRA,Brazil,PRY,Paraguay,agriculture,12,"Oil seeds and oleaginous fruits; miscellaneous grains, seeds and fruit, industrial or medicinal plants; straw and fodder",19439097.0,2025,Export
BRA,Brazil,PSE,State of Palestine,agriculture,10,Cereals,197595.0,2025,Export
BRA,Brazil,PYF,French Polynesia,agriculture,11,"Products of the milling industry; malt, starches, inulin, wheat gluten",14337.0,2025,Export
BRA,Brazil,QAT,Qatar,agriculture,10,Cereals,22704.0,2025,Export
BRA,Brazil,QAT,Qatar,agriculture,12,"Oil seeds and oleaginous fruits; miscellaneous grains, seeds and fruit, industrial or medicinal plants; straw and fodder",12403.0,2025,Export
BRA,Brazil,ROU,Romania,agriculture,11,"Products of the milling industry; malt, starches, inulin, wheat gluten",33602.0,2025,Export
BRA,Brazil,ROU,Romania,agriculture,12,"Oil seeds and oleaginous fruits; miscellaneous grains, seeds and fruit, industrial or medicinal plants; straw and fodder",37839160.0,2025,Export
BRA,Brazil,RUS,Russian Federation,agriculture,10,Cereals,411.0,2025,Export
BRA,Brazil,RUS,Russian Federation,agriculture,12,"Oil seeds and oleaginous fruits; miscellaneous grains, seeds and fruit, industrial or medicinal plants; straw and fodder",181715695.0,2025,Export
BRA,Brazil,RWA,Rwanda,agriculture,12,"Oil seeds and oleaginous fruits; miscellaneous grains, seeds and fruit, industrial or medicinal plants; straw and fodder",806000.0,2025,Export
BRA,Brazil,S19,"Other Asia, nes",agriculture,10,Cereals,162021785.0,2025,Export
BRA,Brazil,S19,"Other Asia, nes",agriculture,11,"Products of the milling industry; malt, starches, inulin, wheat gluten",603582.0,2025,Export
BRA,Brazil,S19,"Other Asia, nes",agriculture,12,"Oil seeds and oleaginous fruits; miscellaneous grains, seeds and fruit, industrial or medicinal plants; straw and fodder",354483917.0,2025,Export
BRA,Brazil,SAU,Saudi Arabia,agriculture,10,Cereals,453456020.0,2025,Export
BRA,Brazil,SAU,Saudi Arabia,agriculture,11,"Products of the milling industry; malt, starches, inulin, wheat gluten",5845.0,2025,Export
BRA,Brazil,SAU,Saudi Arabia,agriculture,12,"Oil seeds and oleaginous fruits; miscellaneous grains, seeds and fruit, industrial or medicinal plants; straw and fodder",44550460.0,2025,Export
BRA,Brazil,SEN,Senegal,agriculture,10,Cereals,108378918.0,2025,Export
BRA,Brazil,SEN,Senegal,agriculture,11,"Products of the milling industry; malt, starches, inulin, wheat gluten",34585.0,2025,Export
BRA,Brazil,SEN,Senegal,agriculture,12,"Oil seeds and oleaginous fruits; miscellaneous grains, seeds and fruit, industrial or medicinal plants; straw and fodder",46043.0,2025,Export
BRA,Brazil,SGP,Singapore,agriculture,10,Cereals,153795.0,2025,Export
BRA,Brazil,SGP,Singapore,agriculture,11,"Products of the milling industry; malt, starches, inulin, wheat gluten",78671.0,2025,Export
BRA,Brazil,SGP,Singapore,agriculture,12,"Oil seeds and oleaginous fruits; miscellaneous grains, seeds and fruit, industrial or medicinal plants; straw and fodder",155281.0,2025,Export
BRA,Brazil,SLE,Sierra Leone,agriculture,10,Cereals,8378974.0,2025,Export
BRA,Brazil,SLE,Sierra Leone,agriculture,11,"Products of the milling industry; malt, starches, inulin, wheat gluten",5.0,2025,Export
BRA,Brazil,SLV,El Salvador,agriculture,10,Cereals,23651618.0,2025,Export
BRA,Brazil,SLV,El Salvador,agriculture,11,"Products of the milling industry; malt, starches, inulin, wheat gluten",86966.0,2025,Export
BRA,Brazil,SMR,San Marino,agriculture,10,Cereals,1008.0,2025,Export
BRA,Brazil,SMR,San Marino,agriculture,11,"Products of the milling industry; malt, starches, inulin, wheat gluten",26460.0,2025,Export
BRA,Brazil,SMR,San Marino,agriculture,12,"Oil seeds and oleaginous fruits; miscellaneous grains, seeds and fruit, industrial or medicinal plants; straw and fodder",346.0,2025,Export
BRA,Brazil,SRB,Serbia,agriculture,12,"Oil seeds and oleaginous fruits; miscellaneous grains, seeds and fruit, industrial or medicinal plants; straw and fodder",315892.0,2025,Export
BRA,Brazil,STP,Sao Tome and Principe,agriculture,10,Cereals,639617.0,2025,Export
BRA,Brazil,STP,Sao Tome and Principe,agriculture,11,"Products of the milling industry; malt, starches, inulin, wheat gluten",36217.0,2025,Export
BRA,Brazil,STP,Sao Tome and Principe,agriculture,12,"Oil seeds and oleaginous fruits; miscellaneous grains, seeds and fruit, industrial or medicinal plants; straw and fodder",8405.0,2025,Export
BRA,Brazil,SUR,Suriname,agriculture,10,Cereals,231148.0,2025,Export
BRA,Brazil,SUR,Suriname,agriculture,11,"Products of the milling industry; malt, starches, inulin, wheat gluten",120688.0,2025,Export
BRA,Brazil,SUR,Suriname,agriculture,12,"Oil seeds and oleaginous fruits; miscellaneous grains, seeds and fruit, industrial or medicinal plants; straw and fodder",247172.0,2025,Export
BRA,Brazil,SVN,Slovenia,agriculture,12,"Oil seeds and oleaginous fruits; miscellaneous grains, seeds and fruit, industrial or medicinal plants; straw and fodder",422265.0,2025,Export
BRA,Brazil,SWE,Sweden,agriculture,10,Cereals,18.0,2025,Export
BRA,Brazil,SWE,Sweden,agriculture,12,"Oil seeds and oleaginous fruits; miscellaneous grains, seeds and fruit, industrial or medicinal plants; straw and fodder",651.0,2025,Export
BRA,Brazil,SXM,Sint Maarten,agriculture,10,Cereals,26889.0,2025,Export
BRA,Brazil,SYR,Syria,agriculture,11,"Products of the milling industry; malt, starches, inulin, wheat gluten",29512.0,2025,Export
BRA,Brazil,SYR,Syria,agriculture,12,"Oil seeds and oleaginous fruits; miscellaneous grains, seeds and fruit, industrial or medicinal plants; straw and fodder",1588475.0,2025,Export
BRA,Brazil,TGO,Togo,agriculture,11,"Products of the milling industry; malt, starches, inulin, wheat gluten",132552.0,2025,Export
BRA,Brazil,TGO,Togo,agriculture,12,"Oil seeds and oleaginous fruits; miscellaneous grains, seeds and fruit, industrial or medicinal plants; straw and fodder",24582.0,2025,Export
BRA,Brazil,THA,Thailand,agriculture,10,Cereals,16163.0,2025,Export
BRA,Brazil,THA,Thailand,agriculture,11,"Products of the milling industry; malt, starches, inulin, wheat gluten",46009.0,2025,Export
BRA,Brazil,THA,Thailand,agriculture,12,"Oil seeds and oleaginous fruits; miscellaneous grains, seeds and fruit, industrial or medicinal plants; straw and fodder",1394054550.0,2025,Export
BRA,Brazil,TKL,Tokelau,agriculture,10,Cereals,483.0,2025,Export
BRA,Brazil,TKL,Tokelau,agriculture,11,"Products of the milling industry; malt, starches, inulin, wheat gluten",645.0,2025,Export
BRA,Brazil,TKL,Tokelau,agriculture,12,"Oil seeds and oleaginous fruits; miscellaneous grains, seeds and fruit, industrial or medicinal plants; straw and fodder",13.0,2025,Export
BRA,Brazil,TTO,Trinidad and Tobago,agriculture,10,Cereals,4218070.0,2025,Export
BRA,Brazil,TTO,Trinidad and Tobago,agriculture,11,"Products of the milling industry; malt, starches, inulin, wheat gluten",1383370.0,2025,Export
BRA,Brazil,TTO,Trinidad and Tobago,agriculture,12,"Oil seeds and oleaginous fruits; miscellaneous grains, seeds and fruit, industrial or medicinal plants; straw and fodder",202963.0,2025,Export
BRA,Brazil,TUN,Tunisia,agriculture,10,Cereals,42386943.0,2025,Export
BRA,Brazil,TUN,Tunisia,agriculture,12,"Oil seeds and oleaginous fruits; miscellaneous grains, seeds and fruit, industrial or medicinal plants; straw and fodder",114656841.0,2025,Export
BRA,Brazil,TUR,Türkiye,agriculture,10,Cereals,72384148.0,2025,Export
BRA,Brazil,TUR,Türkiye,agriculture,11,"Products of the milling industry; malt, starches, inulin, wheat gluten",37964.0,2025,Export
BRA,Brazil,TUR,Türkiye,agriculture,12,"Oil seeds and oleaginous fruits; miscellaneous grains, seeds and fruit, industrial or medicinal plants; straw and fodder",769503413.0,2025,Export
BRA,Brazil,TZA,United Rep. of Tanzania,agriculture,10,Cereals,166363.0,2025,Export
BRA,Brazil,TZA,United Rep. of Tanzania,agriculture,11,"Products of the milling industry; malt, starches, inulin, wheat gluten",256.0,2025,Export
BRA,Brazil,TZA,United Rep. of Tanzania,agriculture,12,"Oil seeds and oleaginous fruits; miscellaneous grains, seeds and fruit, industrial or medicinal plants; straw and fodder",781903.0,2025,Export
BRA,Brazil,UGA,Uganda,agriculture,10,Cereals,245554.0,2025,Export
BRA,Brazil,UGA,Uganda,agriculture,12,"Oil seeds and oleaginous fruits; miscellaneous grains, seeds and fruit, industrial or medicinal plants; straw and fodder",299983.0,2025,Export
BRA,Brazil,UKR,Ukraine,agriculture,12,"Oil seeds and oleaginous fruits; miscellaneous grains, seeds and fruit, industrial or medicinal plants; straw and fodder",11221952.0,2025,Export
BRA,Brazil,UMI,United States Minor Outlying Islands,agriculture,11,"Products of the milling industry; malt, starches, inulin, wheat gluten",47841.0,2025,Export
BRA,Brazil,URY,Uruguay,agriculture,10,Cereals,2573150.0,2025,Export
BRA,Brazil,URY,Uruguay,agriculture,11,"Products of the milling industry; malt, starches, inulin, wheat gluten",1651722.0,2025,Export
BRA,Brazil,URY,Uruguay,agriculture,12,"Oil seeds and oleaginous fruits; miscellaneous grains, seeds and fruit, industrial or medicinal plants; straw and fodder",1002059.0,2025,Export
BRA,Brazil,USA,USA,agriculture,10,Cereals,25511344.0,2025,Export
BRA,Brazil,USA,USA,agriculture,11,"Products of the milling industry; malt, starches, inulin, wheat gluten",28235942.0,2025,Export
BRA,Brazil,USA,USA,agriculture,12,"Oil seeds and oleaginous fruits; miscellaneous grains, seeds and fruit, industrial or medicinal plants; straw and fodder",18262091.0,2025,Export
BRA,Brazil,VCT,Saint Vincent and the Grenadines,agriculture,10,Cereals,39066.0,2025,Export
BRA,Brazil,VCT,Saint Vincent and the Grenadines,agriculture,11,"Products of the milling industry; malt, starches, inulin, wheat gluten",669.0,2025,Export
BRA,Brazil,VCT,Saint Vincent and the Grenadines,agriculture,12,"Oil seeds and oleaginous fruits; miscellaneous grains, seeds and fruit, industrial or medicinal plants; straw and fodder",22.0,2025,Export
BRA,Brazil,VEN,Venezuela,agriculture,10,Cereals,138009764.0,2025,Export
BRA,Brazil,VEN,Venezuela,agriculture,11,"Products of the milling industry; malt, starches, inulin, wheat gluten",925864.0,2025,Export
BRA,Brazil,VEN,Venezuela,agriculture,12,"Oil seeds and oleaginous fruits; miscellaneous grains, seeds and fruit, industrial or medicinal plants; straw and fodder",10798918.0,2025,Export
BRA,Brazil,VGB,Br. Virgin Isds,agriculture,12,"Oil seeds and oleaginous fruits; miscellaneous grains, seeds and fruit, industrial or medicinal plants; straw and fodder",10678010.0,2025,Export
BRA,Brazil,VNM,Viet Nam,agriculture,10,Cereals,1089634748.0,2025,Export
BRA,Brazil,VNM,Viet Nam,agriculture,11,"Products of the milling industry; malt, starches, inulin, wheat gluten",43441.0,2025,Export
BRA,Brazil,VNM,Viet Nam,agriculture,12,"Oil seeds and oleaginous fruits; miscellaneous grains, seeds and fruit, industrial or medicinal plants; straw and fodder",536105485.0,2025,Export
BRA,Brazil,VUT,Vanuatu,agriculture,10,Cereals,219.0,2025,Export
BRA,Brazil,VUT,Vanuatu,agriculture,11,"Products of the milling industry; malt, starches, inulin, wheat gluten",395.0,2025,Export
BRA,Brazil,VUT,Vanuatu,agriculture,12,"Oil seeds and oleaginous fruits; miscellaneous grains, seeds and fruit, industrial or medicinal plants; straw and fodder",53.0,2025,Export
BRA,Brazil,W00,World,agriculture,10,Cereals,9587152476.0,2025,Export
BRA,Brazil,W00,World,agriculture,11,"Products of the milling industry; malt, starches, inulin, wheat gluten",107575349.0,2025,Export
BRA,Brazil,W00,World,agriculture,12,"Oil seeds and oleaginous fruits; miscellaneous grains, seeds and fruit, industrial or medicinal plants; straw and fodder",44671893784.0,2025,Export
BRA,Brazil,YEM,Yemen,agriculture,10,Cereals,46834334.0,2025,Export
BRA,Brazil,YEM,Yemen,agriculture,12,"Oil seeds and oleaginous fruits; miscellaneous grains, seeds and fruit, industrial or medicinal plants; straw and fodder",10.0,2025,Export
BRA,Brazil,ZAF,South Africa,agriculture,10,Cereals,8571872.0,2025,Export
BRA,Brazil,ZAF,South Africa,agriculture,11,"Products of the milling industry; malt, starches, inulin, wheat gluten",342130.0,2025,Export
BRA,Brazil,ZAF,South Africa,agriculture,12,"Oil seeds and oleaginous fruits; miscellaneous grains, seeds and fruit, industrial or medicinal plants; straw and fodder",22929706.0,2025,Export
BRA,Brazil,ZMB,Zambia,agriculture,12,"Oil seeds and oleaginous fruits; miscellaneous grains, seeds and fruit, industrial or medicinal plants; straw and fodder",1771.0,2025,Export
BRA,Brazil,ZWE,Zimbabwe,agriculture,10,Cereals,119158.0,2025,Export
BRA,Brazil,_X,"Areas, nes",agriculture,10,Cereals,6011.0,2025,Export
BRA,Brazil,_X,"Areas, nes",agriculture,11,"Products of the milling industry; malt, starches, inulin, wheat gluten",3763.0,2025,Export
BRA,Brazil,_X,"Areas, nes",agriculture,12,"Oil seeds and oleaginous fruits; miscellaneous grains, seeds and fruit, industrial or medicinal plants; straw and fodder",646.0,2025,Export
CAN,Canada,ABW,Aruba,agriculture,10,Cereals,3329.837,2025,Export
CAN,Canada,ABW,Aruba,agriculture,10,Cereals,3329.837,2025,Export
CAN,Canada,ABW,Aruba,agriculture,11,"Products of the milling industry; malt, starches, inulin, wheat gluten",77427.411,2025,Export
CAN,Canada,ABW,Aruba,agriculture,11,"Products of the milling industry; malt, starches, inulin, wheat gluten",77427.411,2025,Export
CAN,Canada,ABW,Aruba,agriculture,12,"Oil seeds and oleaginous fruits; miscellaneous grains, seeds and fruit, industrial or medicinal plants; straw and fodder",45449.816,2025,Export
CAN,Canada,ABW,Aruba,agriculture,12,"Oil seeds and oleaginous fruits; miscellaneous grains, seeds and fruit, industrial or medicinal plants; straw and fodder",45449.816,2025,Export
CAN,Canada,AIA,Anguilla,agriculture,10,Cereals,5122.994,2025,Export
CAN,Canada,AIA,Anguilla,agriculture,10,Cereals,5122.994,2025,Export
CAN,Canada,AIA,Anguilla,agriculture,11,"Products of the milling industry; malt, starches, inulin, wheat gluten",77807.778,2025,Export
CAN,Canada,AIA,Anguilla,agriculture,11,"Products of the milling industry; malt, starches, inulin, wheat gluten",77807.778,2025,Export
CAN,Canada,ARE,United Arab Emirates,agriculture,10,Cereals,107735542.516,2025,Export
CAN,Canada,ARE,United Arab Emirates,agriculture,10,Cereals,107735542.516,2025,Export
CAN,Canada,ARE,United Arab Emirates,agriculture,11,"Products of the milling industry; malt, starches, inulin, wheat gluten",106320.778,2025,Export
CAN,Canada,ARE,United Arab Emirates,agriculture,11,"Products of the milling industry; malt, starches, inulin, wheat gluten",106320.778,2025,Export
CAN,Canada,ARE,United Arab Emirates,agriculture,12,"Oil seeds and oleaginous fruits; miscellaneous grains, seeds and fruit, industrial or medicinal plants; straw and fodder",208489288.527,2025,Export
CAN,Canada,ARE,United Arab Emirates,agriculture,12,"Oil seeds and oleaginous fruits; miscellaneous grains, seeds and fruit, industrial or medicinal plants; straw and fodder",208489288.527,2025,Export
CAN,Canada,ARG,Argentina,agriculture,12,"Oil seeds and oleaginous fruits; miscellaneous grains, seeds and fruit, industrial or medicinal plants; straw and fodder",1652026.034,2025,Export
CAN,Canada,ARG,Argentina,agriculture,12,"Oil seeds and oleaginous fruits; miscellaneous grains, seeds and fruit, industrial or medicinal plants; straw and fodder",1652026.034,2025,Export
CAN,Canada,ASM,American Samoa,agriculture,11,"Products of the milling industry; malt, starches, inulin, wheat gluten",5592.475,2025,Export
CAN,Canada,ASM,American Samoa,agriculture,11,"Products of the milling industry; malt, starches, inulin, wheat gluten",5592.475,2025,Export
CAN,Canada,ATG,Antigua and Barbuda,agriculture,10,Cereals,2675.607,2025,Export
CAN,Canada,ATG,Antigua and Barbuda,agriculture,10,Cereals,2675.607,2025,Export
CAN,Canada,ATG,Antigua and Barbuda,agriculture,11,"Products of the milling industry; malt, starches, inulin, wheat gluten",1649.704,2025,Export
CAN,Canada,ATG,Antigua and Barbuda,agriculture,11,"Products of the milling industry; malt, starches, inulin, wheat gluten",1649.704,2025,Export
CAN,Canada,AUS,Australia,agriculture,10,Cereals,130202.724,2025,Export
CAN,Canada,AUS,Australia,agriculture,10,Cereals,130202.724,2025,Export
CAN,Canada,AUS,Australia,agriculture,11,"Products of the milling industry; malt, starches, inulin, wheat gluten",299460.759,2025,Export
CAN,Canada,AUS,Australia,agriculture,11,"Products of the milling industry; malt, starches, inulin, wheat gluten",299460.759,2025,Export
CAN,Canada,AUS,Australia,agriculture,12,"Oil seeds and oleaginous fruits; miscellaneous grains, seeds and fruit, industrial or medicinal plants; straw and fodder",89606186.115,2025,Export
CAN,Canada,AUS,Australia,agriculture,12,"Oil seeds and oleaginous fruits; miscellaneous grains, seeds and fruit, industrial or medicinal plants; straw and fodder",89606186.115,2025,Export
CAN,Canada,AUT,Austria,agriculture,12,"Oil seeds and oleaginous fruits; miscellaneous grains, seeds and fruit, industrial or medicinal plants; straw and fodder",1426363.627,2025,Export
CAN,Canada,AUT,Austria,agriculture,12,"Oil seeds and oleaginous fruits; miscellaneous grains, seeds and fruit, industrial or medicinal plants; straw and fodder",1426363.627,2025,Export
CAN,Canada,BDI,Burundi,agriculture,10,Cereals,392336.848,2025,Export
CAN,Canada,BDI,Burundi,agriculture,10,Cereals,392336.848,2025,Export
CAN,Canada,BEL,Belgium,agriculture,10,Cereals,55664545.233,2025,Export
CAN,Canada,BEL,Belgium,agriculture,10,Cereals,55664545.233,2025,Export
CAN,Canada,BEL,Belgium,agriculture,11,"Products of the milling industry; malt, starches, inulin, wheat gluten",94196.142,2025,Export
CAN,Canada,BEL,Belgium,agriculture,11,"Products of the milling industry; malt, starches, inulin, wheat gluten",94196.142,2025,Export
CAN,Canada,BEL,Belgium,agriculture,12,"Oil seeds and oleaginous fruits; miscellaneous grains, seeds and fruit, industrial or medicinal plants; straw and fodder",218054786.647,2025,Export
CAN,Canada,BEL,Belgium,agriculture,12,"Oil seeds and oleaginous fruits; miscellaneous grains, seeds and fruit, industrial or medicinal plants; straw and fodder",218054786.647,2025,Export
CAN,Canada,BEN,Benin,agriculture,10,Cereals,684146.806,2025,Export
CAN,Canada,BEN,Benin,agriculture,10,Cereals,684146.806,2025,Export
CAN,Canada,BES,Bonaire,agriculture,12,"Oil seeds and oleaginous fruits; miscellaneous grains, seeds and fruit, industrial or medicinal plants; straw and fodder",6025.73,2025,Export
CAN,Canada,BES,Bonaire,agriculture,12,"Oil seeds and oleaginous fruits; miscellaneous grains, seeds and fruit, industrial or medicinal plants; straw and fodder",6025.73,2025,Export
CAN,Canada,BFA,Burkina Faso,agriculture,12,"Oil seeds and oleaginous fruits; miscellaneous grains, seeds and fruit, industrial or medicinal plants; straw and fodder",3518.934,2025,Export
CAN,Canada,BFA,Burkina Faso,agriculture,12,"Oil seeds and oleaginous fruits; miscellaneous grains, seeds and fruit, industrial or medicinal plants; straw and fodder",3518.934,2025,Export
CAN,Canada,BGD,Bangladesh,agriculture,10,Cereals,465268207.915,2025,Export
CAN,Canada,BGD,Bangladesh,agriculture,10,Cereals,465268207.915,2025,Export
CAN,Canada,BGD,Bangladesh,agriculture,12,"Oil seeds and oleaginous fruits; miscellaneous grains, seeds and fruit, industrial or medicinal plants; straw and fodder",195366427.995,2025,Export
CAN,Canada,BGD,Bangladesh,agriculture,12,"Oil seeds and oleaginous fruits; miscellaneous grains, seeds and fruit, industrial or medicinal plants; straw and fodder",195366427.995,2025,Export
CAN,Canada,BGR,Bulgaria,agriculture,10,Cereals,159979.265,2025,Export
CAN,Canada,BGR,Bulgaria,agriculture,10,Cereals,159979.265,2025,Export
CAN,Canada,BGR,Bulgaria,agriculture,12,"Oil seeds and oleaginous fruits; miscellaneous grains, seeds and fruit, industrial or medicinal plants; straw and fodder",148732446.431,2025,Export
CAN,Canada,BGR,Bulgaria,agriculture,12,"Oil seeds and oleaginous fruits; miscellaneous grains, seeds and fruit, industrial or medicinal plants; straw and fodder",148732446.431,2025,Export
CAN,Canada,BHR,Bahrain,agriculture,10,Cereals,95340.864,2025,Export
CAN,Canada,BHR,Bahrain,agriculture,10,Cereals,95340.864,2025,Export
CAN,Canada,BHR,Bahrain,agriculture,12,"Oil seeds and oleaginous fruits; miscellaneous grains, seeds and fruit, industrial or medicinal plants; straw and fodder",51153.865,2025,Export
CAN,Canada,BHR,Bahrain,agriculture,12,"Oil seeds and oleaginous fruits; miscellaneous grains, seeds and fruit, industrial or medicinal plants; straw and fodder",51153.865,2025,Export
CAN,Canada,BHS,Bahamas,agriculture,11,"Products of the milling industry; malt, starches, inulin, wheat gluten",3315284.836,2025,Export
CAN,Canada,BHS,Bahamas,agriculture,11,"Products of the milling industry; malt, starches, inulin, wheat gluten",3315284.836,2025,Export
CAN,Canada,BHS,Bahamas,agriculture,12,"Oil seeds and oleaginous fruits; miscellaneous grains, seeds and fruit, industrial or medicinal plants; straw and fodder",6885.721,2025,Export
CAN,Canada,BHS,Bahamas,agriculture,12,"Oil seeds and oleaginous fruits; miscellaneous grains, seeds and fruit, industrial or medicinal plants; straw and fodder",6885.721,2025,Export
CAN,Canada,BLZ,Belize,agriculture,10,Cereals,187945.262,2025,Export
CAN,Canada,BLZ,Belize,agriculture,10,Cereals,187945.262,2025,Export
CAN,Canada,BLZ,Belize,agriculture,12,"Oil seeds and oleaginous fruits; miscellaneous grains, seeds and fruit, industrial or medicinal plants; straw and fodder",140897.907,2025,Export
CAN,Canada,BLZ,Belize,agriculture,12,"Oil seeds and oleaginous fruits; miscellaneous grains, seeds and fruit, industrial or medicinal plants; straw and fodder",140897.907,2025,Export
CAN,Canada,BMU,Bermuda,agriculture,11,"Products of the milling industry; malt, starches, inulin, wheat gluten",668742.324,2025,Export
CAN,Canada,BMU,Bermuda,agriculture,11,"Products of the milling industry; malt, starches, inulin, wheat gluten",668742.324,2025,Export
CAN,Canada,BMU,Bermuda,agriculture,12,"Oil seeds and oleaginous fruits; miscellaneous grains, seeds and fruit, industrial or medicinal plants; straw and fodder",1383.81,2025,Export
CAN,Canada,BMU,Bermuda,agriculture,12,"Oil seeds and oleaginous fruits; miscellaneous grains, seeds and fruit, industrial or medicinal plants; straw and fodder",1383.81,2025,Export
CAN,Canada,BOL,Bolivia (Plurinational State of),agriculture,10,Cereals,2281349.344,2025,Export
CAN,Canada,BOL,Bolivia (Plurinational State of),agriculture,10,Cereals,2281349.344,2025,Export
CAN,Canada,BRA,Brazil,agriculture,10,Cereals,12909458.245,2025,Export
CAN,Canada,BRA,Brazil,agriculture,10,Cereals,12909458.245,2025,Export
CAN,Canada,BRA,Brazil,agriculture,12,"Oil seeds and oleaginous fruits; miscellaneous grains, seeds and fruit, industrial or medicinal plants; straw and fodder",4169413.461,2025,Export
CAN,Canada,BRA,Brazil,agriculture,12,"Oil seeds and oleaginous fruits; miscellaneous grains, seeds and fruit, industrial or medicinal plants; straw and fodder",4169413.461,2025,Export
CAN,Canada,BRB,Barbados,agriculture,10,Cereals,1841.699,2025,Export
CAN,Canada,BRB,Barbados,agriculture,10,Cereals,1841.699,2025,Export
CAN,Canada,BRB,Barbados,agriculture,11,"Products of the milling industry; malt, starches, inulin, wheat gluten",184168.403,2025,Export
CAN,Canada,BRB,Barbados,agriculture,11,"Products of the milling industry; malt, starches, inulin, wheat gluten",184168.403,2025,Export
CAN,Canada,BRB,Barbados,agriculture,12,"Oil seeds and oleaginous fruits; miscellaneous grains, seeds and fruit, industrial or medicinal plants; straw and fodder",85582.47,2025,Export
CAN,Canada,BRB,Barbados,agriculture,12,"Oil seeds and oleaginous fruits; miscellaneous grains, seeds and fruit, industrial or medicinal plants; straw and fodder",85582.47,2025,Export
CAN,Canada,BRN,Brunei Darussalam,agriculture,12,"Oil seeds and oleaginous fruits; miscellaneous grains, seeds and fruit, industrial or medicinal plants; straw and fodder",479997.93,2025,Export
CAN,Canada,BRN,Brunei Darussalam,agriculture,12,"Oil seeds and oleaginous fruits; miscellaneous grains, seeds and fruit, industrial or medicinal plants; straw and fodder",479997.93,2025,Export
CAN,Canada,BWA,Botswana,agriculture,12,"Oil seeds and oleaginous fruits; miscellaneous grains, seeds and fruit, industrial or medicinal plants; straw and fodder",231941.715,2025,Export
CAN,Canada,BWA,Botswana,agriculture,12,"Oil seeds and oleaginous fruits; miscellaneous grains, seeds and fruit, industrial or medicinal plants; straw and fodder",231941.715,2025,Export
CAN,Canada,CHE,Switzerland,agriculture,10,Cereals,145.626,2025,Export
CAN,Canada,CHE,Switzerland,agriculture,10,Cereals,145.626,2025,Export
CAN,Canada,CHE,Switzerland,agriculture,11,"Products of the milling industry; malt, starches, inulin, wheat gluten",28126.113,2025,Export
CAN,Canada,CHE,Switzerland,agriculture,11,"Products of the milling industry; malt, starches, inulin, wheat gluten",28126.113,2025,Export
CAN,Canada,CHE,Switzerland,agriculture,12,"Oil seeds and oleaginous fruits; miscellaneous grains, seeds and fruit, industrial or medicinal plants; straw and fodder",5252807.469,2025,Export
CAN,Canada,CHE,Switzerland,agriculture,12,"Oil seeds and oleaginous fruits; miscellaneous grains, seeds and fruit, industrial or medicinal plants; straw and fodder",5252807.469,2025,Export
CAN,Canada,CHL,Chile,agriculture,10,Cereals,88457821.156,2025,Export
CAN,Canada,CHL,Chile,agriculture,10,Cereals,88457821.156,2025,Export
CAN,Canada,CHL,Chile,agriculture,11,"Products of the milling industry; malt, starches, inulin, wheat gluten",31870.368,2025,Export
CAN,Canada,CHL,Chile,agriculture,11,"Products of the milling industry; malt, starches, inulin, wheat gluten",31870.368,2025,Export
CAN,Canada,CHL,Chile,agriculture,12,"Oil seeds and oleaginous fruits; miscellaneous grains, seeds and fruit, industrial or medicinal plants; straw and fodder",15352761.138,2025,Export
CAN,Canada,CHL,Chile,agriculture,12,"Oil seeds and oleaginous fruits; miscellaneous grains, seeds and fruit, industrial or medicinal plants; straw and fodder",15352761.138,2025,Export
CAN,Canada,CHN,China,agriculture,10,Cereals,1256707612.885,2025,Export
CAN,Canada,CHN,China,agriculture,10,Cereals,1256707612.885,2025,Export
CAN,Canada,CHN,China,agriculture,11,"Products of the milling industry; malt, starches, inulin, wheat gluten",13387029.074,2025,Export
CAN,Canada,CHN,China,agriculture,11,"Products of the milling industry; malt, starches, inulin, wheat gluten",13387029.074,2025,Export
CAN,Canada,CHN,China,agriculture,12,"Oil seeds and oleaginous fruits; miscellaneous grains, seeds and fruit, industrial or medicinal plants; straw and fodder",1889022575.229,2025,Export
CAN,Canada,CHN,China,agriculture,12,"Oil seeds and oleaginous fruits; miscellaneous grains, seeds and fruit, industrial or medicinal plants; straw and fodder",1889022575.229,2025,Export
CAN,Canada,CIV,Côte d'Ivoire,agriculture,10,Cereals,933122.421,2025,Export
CAN,Canada,CIV,Côte d'Ivoire,agriculture,10,Cereals,933122.421,2025,Export
CAN,Canada,CIV,Côte d'Ivoire,agriculture,11,"Products of the milling industry; malt, starches, inulin, wheat gluten",8946.221,2025,Export
CAN,Canada,CIV,Côte d'Ivoire,agriculture,11,"Products of the milling industry; malt, starches, inulin, wheat gluten",8946.221,2025,Export
CAN,Canada,CIV,Côte d'Ivoire,agriculture,12,"Oil seeds and oleaginous fruits; miscellaneous grains, seeds and fruit, industrial or medicinal plants; straw and fodder",171272.167,2025,Export
CAN,Canada,CIV,Côte d'Ivoire,agriculture,12,"Oil seeds and oleaginous fruits; miscellaneous grains, seeds and fruit, industrial or medicinal plants; straw and fodder",171272.167,2025,Export
CAN,Canada,CMR,Cameroon,agriculture,10,Cereals,22962094.317,2025,Export
CAN,Canada,CMR,Cameroon,agriculture,10,Cereals,22962094.317,2025,Export
CAN,Canada,CMR,Cameroon,agriculture,11,"Products of the milling industry; malt, starches, inulin, wheat gluten",8867.974,2025,Export
CAN,Canada,CMR,Cameroon,agriculture,11,"Products of the milling industry; malt, starches, inulin, wheat gluten",8867.974,2025,Export
CAN,Canada,CMR,Cameroon,agriculture,12,"Oil seeds and oleaginous fruits; miscellaneous grains, seeds and fruit, industrial or medicinal plants; straw and fodder",733.202,2025,Export
CAN,Canada,CMR,Cameroon,agriculture,12,"Oil seeds and oleaginous fruits; miscellaneous grains, seeds and fruit, industrial or medicinal plants; straw and fodder",733.202,2025,Export
CAN,Canada,COL,Colombia,agriculture,10,Cereals,291961602.078,2025,Export
CAN,Canada,COL,Colombia,agriculture,10,Cereals,291961602.078,2025,Export
CAN,Canada,COL,Colombia,agriculture,11,"Products of the milling industry; malt, starches, inulin, wheat gluten",2530771.256,2025,Export
CAN,Canada,COL,Colombia,agriculture,11,"Products of the milling industry; malt, starches, inulin, wheat gluten",2530771.256,2025,Export
CAN,Canada,COL,Colombia,agriculture,12,"Oil seeds and oleaginous fruits; miscellaneous grains, seeds and fruit, industrial or medicinal plants; straw and fodder",1779324.932,2025,Export
CAN,Canada,COL,Colombia,agriculture,12,"Oil seeds and oleaginous fruits; miscellaneous grains, seeds and fruit, industrial or medicinal plants; straw and fodder",1779324.932,2025,Export
CAN,Canada,CRI,Costa Rica,agriculture,10,Cereals,50601681.943,2025,Export
CAN,Canada,CRI,Costa Rica,agriculture,10,Cereals,50601681.943,2025,Export
CAN,Canada,CRI,Costa Rica,agriculture,11,"Products of the milling industry; malt, starches, inulin, wheat gluten",10920.504,2025,Export
CAN,Canada,CRI,Costa Rica,agriculture,11,"Products of the milling industry; malt, starches, inulin, wheat gluten",10920.504,2025,Export
CAN,Canada,CRI,Costa Rica,agriculture,12,"Oil seeds and oleaginous fruits; miscellaneous grains, seeds and fruit, industrial or medicinal plants; straw and fodder",355146.42,2025,Export
CAN,Canada,CRI,Costa Rica,agriculture,12,"Oil seeds and oleaginous fruits; miscellaneous grains, seeds and fruit, industrial or medicinal plants; straw and fodder",355146.42,2025,Export
CAN,Canada,CUB,Cuba,agriculture,10,Cereals,75783878.623,2025,Export
CAN,Canada,CUB,Cuba,agriculture,10,Cereals,75783878.623,2025,Export
CAN,Canada,CUB,Cuba,agriculture,11,"Products of the milling industry; malt, starches, inulin, wheat gluten",3280062.895,2025,Export
CAN,Canada,CUB,Cuba,agriculture,11,"Products of the milling industry; malt, starches, inulin, wheat gluten",3280062.895,2025,Export
CAN,Canada,CUB,Cuba,agriculture,12,"Oil seeds and oleaginous fruits; miscellaneous grains, seeds and fruit, industrial or medicinal plants; straw and fodder",18105.447,2025,Export
CAN,Canada,CUB,Cuba,agriculture,12,"Oil seeds and oleaginous fruits; miscellaneous grains, seeds and fruit, industrial or medicinal plants; straw and fodder",18105.447,2025,Export
CAN,Canada,CUW,Curaçao,agriculture,11,"Products of the milling industry; malt, starches, inulin, wheat gluten",111416.24,2025,Export
CAN,Canada,CUW,Curaçao,agriculture,11,"Products of the milling industry; malt, starches, inulin, wheat gluten",111416.24,2025,Export
CAN,Canada,CXR,Christmas Isds,agriculture,12,"Oil seeds and oleaginous fruits; miscellaneous grains, seeds and fruit, industrial or medicinal plants; straw and fodder",136220.485,2025,Export
CAN,Canada,CXR,Christmas Isds,agriculture,12,"Oil seeds and oleaginous fruits; miscellaneous grains, seeds and fruit, industrial or medicinal plants; straw and fodder",136220.485,2025,Export
CAN,Canada,CYM,Cayman Isds,agriculture,10,Cereals,14798.794,2025,Export
CAN,Canada,CYM,Cayman Isds,agriculture,10,Cereals,14798.794,2025,Export
CAN,Canada,CYM,Cayman Isds,agriculture,12,"Oil seeds and oleaginous fruits; miscellaneous grains, seeds and fruit, industrial or medicinal plants; straw and fodder",19317.548,2025,Export
CAN,Canada,CYM,Cayman Isds,agriculture,12,"Oil seeds and oleaginous fruits; miscellaneous grains, seeds and fruit, industrial or medicinal plants; straw and fodder",19317.548,2025,Export
CAN,Canada,CYP,Cyprus,agriculture,10,Cereals,16866.539,2025,Export
CAN,Canada,CYP,Cyprus,agriculture,10,Cereals,16866.539,2025,Export
CAN,Canada,CZE,Czechia,agriculture,12,"Oil seeds and oleaginous fruits; miscellaneous grains, seeds and fruit, industrial or medicinal plants; straw and fodder",14200038.99,2025,Export
CAN,Canada,CZE,Czechia,agriculture,12,"Oil seeds and oleaginous fruits; miscellaneous grains, seeds and fruit, industrial or medicinal plants; straw and fodder",14200038.99,2025,Export
CAN,Canada,DEU,Germany,agriculture,10,Cereals,1053536.322,2025,Export
CAN,Canada,DEU,Germany,agriculture,10,Cereals,1053536.322,2025,Export
CAN,Canada,DEU,Germany,agriculture,11,"Products of the milling industry; malt, starches, inulin, wheat gluten",302495.722,2025,Export
CAN,Canada,DEU,Germany,agriculture,11,"Products of the milling industry; malt, starches, inulin, wheat gluten",302495.722,2025,Export
CAN,Canada,DEU,Germany,agriculture,12,"Oil seeds and oleaginous fruits; miscellaneous grains, seeds and fruit, industrial or medicinal plants; straw and fodder",336226772.454,2025,Export
CAN,Canada,DEU,Germany,agriculture,12,"Oil seeds and oleaginous fruits; miscellaneous grains, seeds and fruit, industrial or medicinal plants; straw and fodder",336226772.454,2025,Export
CAN,Canada,DMA,Dominica,agriculture,10,Cereals,26273.547,2025,Export
CAN,Canada,DMA,Dominica,agriculture,10,Cereals,26273.547,2025,Export
CAN,Canada,DMA,Dominica,agriculture,11,"Products of the milling industry; malt, starches, inulin, wheat gluten",40720.23,2025,Export
CAN,Canada,DMA,Dominica,agriculture,11,"Products of the milling industry; malt, starches, inulin, wheat gluten",40720.23,2025,Export
CAN,Canada,DNK,Denmark,agriculture,10,Cereals,131659.709,2025,Export
CAN,Canada,DNK,Denmark,agriculture,10,Cereals,131659.709,2025,Export
CAN,Canada,DNK,Denmark,agriculture,11,"Products of the milling industry; malt, starches, inulin, wheat gluten",312.987,2025,Export
CAN,Canada,DNK,Denmark,agriculture,11,"Products of the milling industry; malt, starches, inulin, wheat gluten",312.987,2025,Export
CAN,Canada,DNK,Denmark,agriculture,12,"Oil seeds and oleaginous fruits; miscellaneous grains, seeds and fruit, industrial or medicinal plants; straw and fodder",1634970.399,2025,Export
CAN,Canada,DNK,Denmark,agriculture,12,"Oil seeds and oleaginous fruits; miscellaneous grains, seeds and fruit, industrial or medicinal plants; straw and fodder",1634970.399,2025,Export
CAN,Canada,DOM,Dominican Rep.,agriculture,10,Cereals,28380621.326,2025,Export
CAN,Canada,DOM,Dominican Rep.,agriculture,10,Cereals,28380621.326,2025,Export
CAN,Canada,DOM,Dominican Rep.,agriculture,12,"Oil seeds and oleaginous fruits; miscellaneous grains, seeds and fruit, industrial or medicinal plants; straw and fodder",275109.332,2025,Export
CAN,Canada,DOM,Dominican Rep.,agriculture,12,"Oil seeds and oleaginous fruits; miscellaneous grains, seeds and fruit, industrial or medicinal plants; straw and fodder",275109.332,2025,Export
CAN,Canada,DZA,Algeria,agriculture,10,Cereals,478169374.894,2025,Export
CAN,Canada,DZA,Algeria,agriculture,10,Cereals,478169374.894,2025,Export
CAN,Canada,DZA,Algeria,agriculture,12,"Oil seeds and oleaginous fruits; miscellaneous grains, seeds and fruit, industrial or medicinal plants; straw and fodder",234220526.546,2025,Export
CAN,Canada,DZA,Algeria,agriculture,12,"Oil seeds and oleaginous fruits; miscellaneous grains, seeds and fruit, industrial or medicinal plants; straw and fodder",234220526.546,2025,Export
CAN,Canada,ECU,Ecuador,agriculture,10,Cereals,296929570.077,2025,Export
CAN,Canada,ECU,Ecuador,agriculture,10,Cereals,296929570.077,2025,Export
CAN,Canada,ECU,Ecuador,agriculture,11,"Products of the milling industry; malt, starches, inulin, wheat gluten",9525.102,2025,Export
CAN,Canada,ECU,Ecuador,agriculture,11,"Products of the milling industry; malt, starches, inulin, wheat gluten",9525.102,2025,Export
CAN,Canada,ECU,Ecuador,agriculture,12,"Oil seeds and oleaginous fruits; miscellaneous grains, seeds and fruit, industrial or medicinal plants; straw and fodder",2303767.786,2025,Export
CAN,Canada,ECU,Ecuador,agriculture,12,"Oil seeds and oleaginous fruits; miscellaneous grains, seeds and fruit, industrial or medicinal plants; straw and fodder",2303767.786,2025,Export
CAN,Canada,EGY,Egypt,agriculture,10,Cereals,38079905.584,2025,Export
CAN,Canada,EGY,Egypt,agriculture,10,Cereals,38079905.584,2025,Export
CAN,Canada,EGY,Egypt,agriculture,12,"Oil seeds and oleaginous fruits; miscellaneous grains, seeds and fruit, industrial or medicinal plants; straw and fodder",13591188.818,2025,Export
CAN,Canada,EGY,Egypt,agriculture,12,"Oil seeds and oleaginous fruits; miscellaneous grains, seeds and fruit, industrial or medicinal plants; straw and fodder",13591188.818,2025,Export
CAN,Canada,ESP,Spain,agriculture,10,Cereals,335727450.455,2025,Export
CAN,Canada,ESP,Spain,agriculture,10,Cereals,335727450.455,2025,Export
CAN,Canada,ESP,Spain,agriculture,11,"Products of the milling industry; malt, starches, inulin, wheat gluten",77.522,2025,Export
CAN,Canada,ESP,Spain,agriculture,11,"Products of the milling industry; malt, starches, inulin, wheat gluten",77.522,2025,Export
CAN,Canada,ESP,Spain,agriculture,12,"Oil seeds and oleaginous fruits; miscellaneous grains, seeds and fruit, industrial or medicinal plants; straw and fodder",3662763.066,2025,Export
CAN,Canada,ESP,Spain,agriculture,12,"Oil seeds and oleaginous fruits; miscellaneous grains, seeds and fruit, industrial or medicinal plants; straw and fodder",3662763.066,2025,Export
CAN,Canada,EST,Estonia,agriculture,11,"Products of the milling industry; malt, starches, inulin, wheat gluten",172.433,2025,Export
CAN,Canada,EST,Estonia,agriculture,11,"Products of the milling industry; malt, starches, inulin, wheat gluten",172.433,2025,Export
CAN,Canada,EST,Estonia,agriculture,12,"Oil seeds and oleaginous fruits; miscellaneous grains, seeds and fruit, industrial or medicinal plants; straw and fodder",454808.247,2025,Export
CAN,Canada,EST,Estonia,agriculture,12,"Oil seeds and oleaginous fruits; miscellaneous grains, seeds and fruit, industrial or medicinal plants; straw and fodder",454808.247,2025,Export
CAN,Canada,FIN,Finland,agriculture,12,"Oil seeds and oleaginous fruits; miscellaneous grains, seeds and fruit, industrial or medicinal plants; straw and fodder",351275.375,2025,Export
CAN,Canada,FIN,Finland,agriculture,12,"Oil seeds and oleaginous fruits; miscellaneous grains, seeds and fruit, industrial or medicinal plants; straw and fodder",351275.375,2025,Export
CAN,Canada,FRA,France,agriculture,10,Cereals,403866.663,2025,Export
CAN,Canada,FRA,France,agriculture,10,Cereals,403866.663,2025,Export
CAN,Canada,FRA,France,agriculture,11,"Products of the milling industry; malt, starches, inulin, wheat gluten",443906.58,2025,Export
CAN,Canada,FRA,France,agriculture,11,"Products of the milling industry; malt, starches, inulin, wheat gluten",443906.58,2025,Export
CAN,Canada,FRA,France,agriculture,12,"Oil seeds and oleaginous fruits; miscellaneous grains, seeds and fruit, industrial or medicinal plants; straw and fodder",300054269.545,2025,Export
CAN,Canada,FRA,France,agriculture,12,"Oil seeds and oleaginous fruits; miscellaneous grains, seeds and fruit, industrial or medicinal plants; straw and fodder",300054269.545,2025,Export
CAN,Canada,GBR,United Kingdom,agriculture,10,Cereals,257058269.263,2025,Export
CAN,Canada,GBR,United Kingdom,agriculture,10,Cereals,257058269.263,2025,Export
CAN,Canada,GBR,United Kingdom,agriculture,11,"Products of the milling industry; malt, starches, inulin, wheat gluten",926520.707,2025,Export
CAN,Canada,GBR,United Kingdom,agriculture,11,"Products of the milling industry; malt, starches, inulin, wheat gluten",926520.707,2025,Export
CAN,Canada,GBR,United Kingdom,agriculture,12,"Oil seeds and oleaginous fruits; miscellaneous grains, seeds and fruit, industrial or medicinal plants; straw and fodder",80883630.222,2025,Export
CAN,Canada,GBR,United Kingdom,agriculture,12,"Oil seeds and oleaginous fruits; miscellaneous grains, seeds and fruit, industrial or medicinal plants; straw and fodder",80883630.222,2025,Export
CAN,Canada,GHA,Ghana,agriculture,10,Cereals,114623435.581,2025,Export
CAN,Canada,GHA,Ghana,agriculture,10,Cereals,114623435.581,2025,Export
CAN,Canada,GIN,Guinea,agriculture,10,Cereals,17627015.379,2025,Export
CAN,Canada,GIN,Guinea,agriculture,10,Cereals,17627015.379,2025,Export
CAN,Canada,GMB,Gambia,agriculture,10,Cereals,724.508,2025,Export
CAN,Canada,GMB,Gambia,agriculture,10,Cereals,724.508,2025,Export
CAN,Canada,GRC,Greece,agriculture,10,Cereals,12312288.585,2025,Export
CAN,Canada,GRC,Greece,agriculture,10,Cereals,12312288.585,2025,Export
CAN,Canada,GRC,Greece,agriculture,11,"Products of the milling industry; malt, starches, inulin, wheat gluten",29.705,2025,Export
CAN,Canada,GRC,Greece,agriculture,11,"Products of the milling industry; malt, starches, inulin, wheat gluten",29.705,2025,Export
CAN,Canada,GRC,Greece,agriculture,12,"Oil seeds and oleaginous fruits; miscellaneous grains, seeds and fruit, industrial or medicinal plants; straw and fodder",210233.292,2025,Export
CAN,Canada,GRC,Greece,agriculture,12,"Oil seeds and oleaginous fruits; miscellaneous grains, seeds and fruit, industrial or medicinal plants; straw and fodder",210233.292,2025,Export
CAN,Canada,GRD,Grenada,agriculture,10,Cereals,19067.593,2025,Export
CAN,Canada,GRD,Grenada,agriculture,10,Cereals,19067.593,2025,Export
CAN,Canada,GRD,Grenada,agriculture,11,"Products of the milling industry; malt, starches, inulin, wheat gluten",47033.59,2025,Export
CAN,Canada,GRD,Grenada,agriculture,11,"Products of the milling industry; malt, starches, inulin, wheat gluten",47033.59,2025,Export
CAN,Canada,GRL,Greenland,agriculture,10,Cereals,5767.806,2025,Export
CAN,Canada,GRL,Greenland,agriculture,10,Cereals,5767.806,2025,Export
CAN,Canada,GTM,Guatemala,agriculture,10,Cereals,136900849.854,2025,Export
CAN,Canada,GTM,Guatemala,agriculture,10,Cereals,136900849.854,2025,Export
CAN,Canada,GTM,Guatemala,agriculture,11,"Products of the milling industry; malt, starches, inulin, wheat gluten",2124177.546,2025,Export
CAN,Canada,GTM,Guatemala,agriculture,11,"Products of the milling industry; malt, starches, inulin, wheat gluten",2124177.546,2025,Export
CAN,Canada,GTM,Guatemala,agriculture,12,"Oil seeds and oleaginous fruits; miscellaneous grains, seeds and fruit, industrial or medicinal plants; straw and fodder",630454.267,2025,Export
CAN,Canada,GTM,Guatemala,agriculture,12,"Oil seeds and oleaginous fruits; miscellaneous grains, seeds and fruit, industrial or medicinal plants; straw and fodder",630454.267,2025,Export
CAN,Canada,GUY,Guyana,agriculture,10,Cereals,121568.766,2025,Export
CAN,Canada,GUY,Guyana,agriculture,10,Cereals,121568.766,2025,Export
CAN,Canada,GUY,Guyana,agriculture,11,"Products of the milling industry; malt, starches, inulin, wheat gluten",155536.584,2025,Export
CAN,Canada,GUY,Guyana,agriculture,11,"Products of the milling industry; malt, starches, inulin, wheat gluten",155536.584,2025,Export
CAN,Canada,GUY,Guyana,agriculture,12,"Oil seeds and oleaginous fruits; miscellaneous grains, seeds and fruit, industrial or medicinal plants; straw and fodder",51304.562,2025,Export
CAN,Canada,GUY,Guyana,agriculture,12,"Oil seeds and oleaginous fruits; miscellaneous grains, seeds and fruit, industrial or medicinal plants; straw and fodder",51304.562,2025,Export
CAN,Canada,HKG,"China, Hong Kong SAR",agriculture,10,Cereals,119907.47,2025,Export
CAN,Canada,HKG,"China, Hong Kong SAR",agriculture,10,Cereals,119907.47,2025,Export
CAN,Canada,HKG,"China, Hong Kong SAR",agriculture,11,"Products of the milling industry; malt, starches, inulin, wheat gluten",296562.729,2025,Export
CAN,Canada,HKG,"China, Hong Kong SAR",agriculture,11,"Products of the milling industry; malt, starches, inulin, wheat gluten",296562.729,2025,Export
CAN,Canada,HKG,"China, Hong Kong SAR",agriculture,12,"Oil seeds and oleaginous fruits; miscellaneous grains, seeds and fruit, industrial or medicinal plants; straw and fodder",12796548.07,2025,Export
CAN,Canada,HKG,"China, Hong Kong SAR",agriculture,12,"Oil seeds and oleaginous fruits; miscellaneous grains, seeds and fruit, industrial or medicinal plants; straw and fodder",12796548.07,2025,Export
CAN,Canada,HND,Honduras,agriculture,10,Cereals,33433.856,2025,Export
CAN,Canada,HND,Honduras,agriculture,10,Cereals,33433.856,2025,Export
CAN,Canada,HND,Honduras,agriculture,12,"Oil seeds and oleaginous fruits; miscellaneous grains, seeds and fruit, industrial or medicinal plants; straw and fodder",115545.934,2025,Export
CAN,Canada,HND,Honduras,agriculture,12,"Oil seeds and oleaginous fruits; miscellaneous grains, seeds and fruit, industrial or medicinal plants; straw and fodder",115545.934,2025,Export
CAN,Canada,HRV,Croatia,agriculture,12,"Oil seeds and oleaginous fruits; miscellaneous grains, seeds and fruit, industrial or medicinal plants; straw and fodder",2608.228,2025,Export
CAN,Canada,HRV,Croatia,agriculture,12,"Oil seeds and oleaginous fruits; miscellaneous grains, seeds and fruit, industrial or medicinal plants; straw and fodder",2608.228,2025,Export
CAN,Canada,HTI,Haiti,agriculture,11,"Products of the milling industry; malt, starches, inulin, wheat gluten",41738.887,2025,Export
CAN,Canada,HTI,Haiti,agriculture,11,"Products of the milling industry; malt, starches, inulin, wheat gluten",41738.887,2025,Export
CAN,Canada,HUN,Hungary,agriculture,11,"Products of the milling industry; malt, starches, inulin, wheat gluten",14644.474,2025,Export
CAN,Canada,HUN,Hungary,agriculture,11,"Products of the milling industry; malt, starches, inulin, wheat gluten",14644.474,2025,Export
CAN,Canada,HUN,Hungary,agriculture,12,"Oil seeds and oleaginous fruits; miscellaneous grains, seeds and fruit, industrial or medicinal plants; straw and fodder",43400.908,2025,Export
CAN,Canada,HUN,Hungary,agriculture,12,"Oil seeds and oleaginous fruits; miscellaneous grains, seeds and fruit, industrial or medicinal plants; straw and fodder",43400.908,2025,Export
CAN,Canada,IDN,Indonesia,agriculture,10,Cereals,641080491.686,2025,Export
CAN,Canada,IDN,Indonesia,agriculture,10,Cereals,641080491.686,2025,Export
CAN,Canada,IDN,Indonesia,agriculture,11,"Products of the milling industry; malt, starches, inulin, wheat gluten",57475.194,2025,Export
CAN,Canada,IDN,Indonesia,agriculture,11,"Products of the milling industry; malt, starches, inulin, wheat gluten",57475.194,2025,Export
CAN,Canada,IDN,Indonesia,agriculture,12,"Oil seeds and oleaginous fruits; miscellaneous grains, seeds and fruit, industrial or medicinal plants; straw and fodder",141528471.677,2025,Export
CAN,Canada,IDN,Indonesia,agriculture,12,"Oil seeds and oleaginous fruits; miscellaneous grains, seeds and fruit, industrial or medicinal plants; straw and fodder",141528471.677,2025,Export
CAN,Canada,IND,India,agriculture,10,Cereals,193503.685,2025,Export
CAN,Canada,IND,India,agriculture,10,Cereals,193503.685,2025,Export
CAN,Canada,IND,India,agriculture,12,"Oil seeds and oleaginous fruits; miscellaneous grains, seeds and fruit, industrial or medicinal plants; straw and fodder",644416.979,2025,Export
CAN,Canada,IND,India,agriculture,12,"Oil seeds and oleaginous fruits; miscellaneous grains, seeds and fruit, industrial or medicinal plants; straw and fodder",644416.979,2025,Export
CAN,Canada,IRL,Ireland,agriculture,10,Cereals,228921861.364,2025,Export
CAN,Canada,IRL,Ireland,agriculture,10,Cereals,228921861.364,2025,Export
CAN,Canada,IRL,Ireland,agriculture,11,"Products of the milling industry; malt, starches, inulin, wheat gluten",75705.256,2025,Export
CAN,Canada,IRL,Ireland,agriculture,11,"Products of the milling industry; malt, starches, inulin, wheat gluten",75705.256,2025,Export
CAN,Canada,IRL,Ireland,agriculture,12,"Oil seeds and oleaginous fruits; miscellaneous grains, seeds and fruit, industrial or medicinal plants; straw and fodder",8178706.377,2025,Export
CAN,Canada,IRL,Ireland,agriculture,12,"Oil seeds and oleaginous fruits; miscellaneous grains, seeds and fruit, industrial or medicinal plants; straw and fodder",8178706.377,2025,Export
CAN,Canada,IRN,Iran,agriculture,12,"Oil seeds and oleaginous fruits; miscellaneous grains, seeds and fruit, industrial or medicinal plants; straw and fodder",271283780.494,2025,Export
CAN,Canada,IRN,Iran,agriculture,12,"Oil seeds and oleaginous fruits; miscellaneous grains, seeds and fruit, industrial or medicinal plants; straw and fodder",271283780.494,2025,Export
CAN,Canada,ISL,Iceland,agriculture,11,"Products of the milling industry; malt, starches, inulin, wheat gluten",312229.483,2025,Export
CAN,Canada,ISL,Iceland,agriculture,11,"Products of the milling industry; malt, starches, inulin, wheat gluten",312229.483,2025,Export
CAN,Canada,ISR,Israel,agriculture,10,Cereals,288405.497,2025,Export
CAN,Canada,ISR,Israel,agriculture,10,Cereals,288405.497,2025,Export
CAN,Canada,ISR,Israel,agriculture,11,"Products of the milling industry; malt, starches, inulin, wheat gluten",13347.605,2025,Export
CAN,Canada,ISR,Israel,agriculture,11,"Products of the milling industry; malt, starches, inulin, wheat gluten",13347.605,2025,Export
CAN,Canada,ISR,Israel,agriculture,12,"Oil seeds and oleaginous fruits; miscellaneous grains, seeds and fruit, industrial or medicinal plants; straw and fodder",61136609.012,2025,Export
CAN,Canada,ISR,Israel,agriculture,12,"Oil seeds and oleaginous fruits; miscellaneous grains, seeds and fruit, industrial or medicinal plants; straw and fodder",61136609.012,2025,Export
CAN,Canada,ITA,Italy,agriculture,10,Cereals,465850369.398,2025,Export
CAN,Canada,ITA,Italy,agriculture,10,Cereals,465850369.398,2025,Export
CAN,Canada,ITA,Italy,agriculture,11,"Products of the milling industry; malt, starches, inulin, wheat gluten",51517.568,2025,Export
CAN,Canada,ITA,Italy,agriculture,11,"Products of the milling industry; malt, starches, inulin, wheat gluten",51517.568,2025,Export
CAN,Canada,ITA,Italy,agriculture,12,"Oil seeds and oleaginous fruits; miscellaneous grains, seeds and fruit, industrial or medicinal plants; straw and fodder",58263268.065,2025,Export
CAN,Canada,ITA,Italy,agriculture,12,"Oil seeds and oleaginous fruits; miscellaneous grains, seeds and fruit, industrial or medicinal plants; straw and fodder",58263268.065,2025,Export
CAN,Canada,JAM,Jamaica,agriculture,10,Cereals,40316.679,2025,Export
CAN,Canada,JAM,Jamaica,agriculture,10,Cereals,40316.679,2025,Export
CAN,Canada,JAM,Jamaica,agriculture,11,"Products of the milling industry; malt, starches, inulin, wheat gluten",667324.462,2025,Export
CAN,Canada,JAM,Jamaica,agriculture,11,"Products of the milling industry; malt, starches, inulin, wheat gluten",667324.462,2025,Export
CAN,Canada,JAM,Jamaica,agriculture,12,"Oil seeds and oleaginous fruits; miscellaneous grains, seeds and fruit, industrial or medicinal plants; straw and fodder",166918.6,2025,Export
CAN,Canada,JAM,Jamaica,agriculture,12,"Oil seeds and oleaginous fruits; miscellaneous grains, seeds and fruit, industrial or medicinal plants; straw and fodder",166918.6,2025,Export
CAN,Canada,JOR,Jordan,agriculture,10,Cereals,417696.79,2025,Export
CAN,Canada,JOR,Jordan,agriculture,10,Cereals,417696.79,2025,Export
CAN,Canada,JOR,Jordan,agriculture,11,"Products of the milling industry; malt, starches, inulin, wheat gluten",203814.153,2025,Export
CAN,Canada,JOR,Jordan,agriculture,11,"Products of the milling industry; malt, starches, inulin, wheat gluten",203814.153,2025,Export
CAN,Canada,JOR,Jordan,agriculture,12,"Oil seeds and oleaginous fruits; miscellaneous grains, seeds and fruit, industrial or medicinal plants; straw and fodder",202015.201,2025,Export
CAN,Canada,JOR,Jordan,agriculture,12,"Oil seeds and oleaginous fruits; miscellaneous grains, seeds and fruit, industrial or medicinal plants; straw and fodder",202015.201,2025,Export
CAN,Canada,JPN,Japan,agriculture,10,Cereals,739365541.534,2025,Export
CAN,Canada,JPN,Japan,agriculture,10,Cereals,739365541.534,2025,Export
CAN,Canada,JPN,Japan,agriculture,11,"Products of the milling industry; malt, starches, inulin, wheat gluten",87208432.295,2025,Export
CAN,Canada,JPN,Japan,agriculture,11,"Products of the milling industry; malt, starches, inulin, wheat gluten",87208432.295,2025,Export
CAN,Canada,JPN,Japan,agriculture,12,"Oil seeds and oleaginous fruits; miscellaneous grains, seeds and fruit, industrial or medicinal plants; straw and fodder",1308656575.544,2025,Export
CAN,Canada,JPN,Japan,agriculture,12,"Oil seeds and oleaginous fruits; miscellaneous grains, seeds and fruit, industrial or medicinal plants; straw and fodder",1308656575.544,2025,Export
CAN,Canada,KEN,Kenya,agriculture,10,Cereals,24391825.456,2025,Export
CAN,Canada,KEN,Kenya,agriculture,10,Cereals,24391825.456,2025,Export
CAN,Canada,KEN,Kenya,agriculture,12,"Oil seeds and oleaginous fruits; miscellaneous grains, seeds and fruit, industrial or medicinal plants; straw and fodder",115.921,2025,Export
CAN,Canada,KEN,Kenya,agriculture,12,"Oil seeds and oleaginous fruits; miscellaneous grains, seeds and fruit, industrial or medicinal plants; straw and fodder",115.921,2025,Export
CAN,Canada,KHM,Cambodia,agriculture,12,"Oil seeds and oleaginous fruits; miscellaneous grains, seeds and fruit, industrial or medicinal plants; straw and fodder",178370.168,2025,Export
CAN,Canada,KHM,Cambodia,agriculture,12,"Oil seeds and oleaginous fruits; miscellaneous grains, seeds and fruit, industrial or medicinal plants; straw and fodder",178370.168,2025,Export
CAN,Canada,KNA,Saint Kitts and Nevis,agriculture,11,"Products of the milling industry; malt, starches, inulin, wheat gluten",10420.594,2025,Export
CAN,Canada,KNA,Saint Kitts and Nevis,agriculture,11,"Products of the milling industry; malt, starches, inulin, wheat gluten",10420.594,2025,Export
CAN,Canada,KOR,Rep. of Korea,agriculture,10,Cereals,60274381.841,2025,Export
CAN,Canada,KOR,Rep. of Korea,agriculture,10,Cereals,60274381.841,2025,Export
CAN,Canada,KOR,Rep. of Korea,agriculture,11,"Products of the milling industry; malt, starches, inulin, wheat gluten",15311519.263,2025,Export
CAN,Canada,KOR,Rep. of Korea,agriculture,11,"Products of the milling industry; malt, starches, inulin, wheat gluten",15311519.263,2025,Export
CAN,Canada,KOR,Rep. of Korea,agriculture,12,"Oil seeds and oleaginous fruits; miscellaneous grains, seeds and fruit, industrial or medicinal plants; straw and fodder",44854136.435,2025,Export
CAN,Canada,KOR,Rep. of Korea,agriculture,12,"Oil seeds and oleaginous fruits; miscellaneous grains, seeds and fruit, industrial or medicinal plants; straw and fodder",44854136.435,2025,Export
CAN,Canada,KWT,Kuwait,agriculture,10,Cereals,19696894.697,2025,Export
CAN,Canada,KWT,Kuwait,agriculture,10,Cereals,19696894.697,2025,Export
CAN,Canada,KWT,Kuwait,agriculture,12,"Oil seeds and oleaginous fruits; miscellaneous grains, seeds and fruit, industrial or medicinal plants; straw and fodder",543359.025,2025,Export
CAN,Canada,KWT,Kuwait,agriculture,12,"Oil seeds and oleaginous fruits; miscellaneous grains, seeds and fruit, industrial or medicinal plants; straw and fodder",543359.025,2025,Export
CAN,Canada,LAO,Lao People's Dem. Rep.,agriculture,11,"Products of the milling industry; malt, starches, inulin, wheat gluten",9629.432,2025,Export
CAN,Canada,LAO,Lao People's Dem. Rep.,agriculture,11,"Products of the milling industry; malt, starches, inulin, wheat gluten",9629.432,2025,Export
CAN,Canada,LBN,Lebanon,agriculture,10,Cereals,44217.428,2025,Export
CAN,Canada,LBN,Lebanon,agriculture,10,Cereals,44217.428,2025,Export
CAN,Canada,LBN,Lebanon,agriculture,11,"Products of the milling industry; malt, starches, inulin, wheat gluten",38602.494,2025,Export
CAN,Canada,LBN,Lebanon,agriculture,11,"Products of the milling industry; malt, starches, inulin, wheat gluten",38602.494,2025,Export
CAN,Canada,LBN,Lebanon,agriculture,12,"Oil seeds and oleaginous fruits; miscellaneous grains, seeds and fruit, industrial or medicinal plants; straw and fodder",112464.603,2025,Export
CAN,Canada,LBN,Lebanon,agriculture,12,"Oil seeds and oleaginous fruits; miscellaneous grains, seeds and fruit, industrial or medicinal plants; straw and fodder",112464.603,2025,Export
CAN,Canada,LBR,Liberia,agriculture,10,Cereals,17388.184,2025,Export
CAN,Canada,LBR,Liberia,agriculture,10,Cereals,17388.184,2025,Export
CAN,Canada,LBR,Liberia,agriculture,11,"Products of the milling industry; malt, starches, inulin, wheat gluten",11592.123,2025,Export
CAN,Canada,LBR,Liberia,agriculture,11,"Products of the milling industry; malt, starches, inulin, wheat gluten",11592.123,2025,Export
CAN,Canada,LBY,Libya,agriculture,10,Cereals,4709.3,2025,Export
CAN,Canada,LBY,Libya,agriculture,10,Cereals,4709.3,2025,Export
CAN,Canada,LCA,Saint Lucia,agriculture,10,Cereals,1207.754,2025,Export
CAN,Canada,LCA,Saint Lucia,agriculture,10,Cereals,1207.754,2025,Export
CAN,Canada,LCA,Saint Lucia,agriculture,11,"Products of the milling industry; malt, starches, inulin, wheat gluten",4512.958,2025,Export
CAN,Canada,LCA,Saint Lucia,agriculture,11,"Products of the milling industry; malt, starches, inulin, wheat gluten",4512.958,2025,Export
CAN,Canada,LKA,Sri Lanka,agriculture,10,Cereals,43343646.598,2025,Export
CAN,Canada,LKA,Sri Lanka,agriculture,10,Cereals,43343646.598,2025,Export
CAN,Canada,LKA,Sri Lanka,agriculture,12,"Oil seeds and oleaginous fruits; miscellaneous grains, seeds and fruit, industrial or medicinal plants; straw and fodder",125931.027,2025,Export
CAN,Canada,LKA,Sri Lanka,agriculture,12,"Oil seeds and oleaginous fruits; miscellaneous grains, seeds and fruit, industrial or medicinal plants; straw and fodder",125931.027,2025,Export
CAN,Canada,LTU,Lithuania,agriculture,12,"Oil seeds and oleaginous fruits; miscellaneous grains, seeds and fruit, industrial or medicinal plants; straw and fodder",212549.543,2025,Export
CAN,Canada,LTU,Lithuania,agriculture,12,"Oil seeds and oleaginous fruits; miscellaneous grains, seeds and fruit, industrial or medicinal plants; straw and fodder",212549.543,2025,Export
CAN,Canada,LVA,Latvia,agriculture,10,Cereals,22017.788,2025,Export
CAN,Canada,LVA,Latvia,agriculture,10,Cereals,22017.788,2025,Export
CAN,Canada,LVA,Latvia,agriculture,12,"Oil seeds and oleaginous fruits; miscellaneous grains, seeds and fruit, industrial or medicinal plants; straw and fodder",938.237,2025,Export
CAN,Canada,LVA,Latvia,agriculture,12,"Oil seeds and oleaginous fruits; miscellaneous grains, seeds and fruit, industrial or medicinal plants; straw and fodder",938.237,2025,Export
CAN,Canada,MAC,"China, Macao SAR",agriculture,12,"Oil seeds and oleaginous fruits; miscellaneous grains, seeds and fruit, industrial or medicinal plants; straw and fodder",17783.766,2025,Export
CAN,Canada,MAC,"China, Macao SAR",agriculture,12,"Oil seeds and oleaginous fruits; miscellaneous grains, seeds and fruit, industrial or medicinal plants; straw and fodder",17783.766,2025,Export
CAN,Canada,MAR,Morocco,agriculture,10,Cereals,365147689.586,2025,Export
CAN,Canada,MAR,Morocco,agriculture,10,Cereals,365147689.586,2025,Export
CAN,Canada,MAR,Morocco,agriculture,12,"Oil seeds and oleaginous fruits; miscellaneous grains, seeds and fruit, industrial or medicinal plants; straw and fodder",2538795.904,2025,Export
CAN,Canada,MAR,Morocco,agriculture,12,"Oil seeds and oleaginous fruits; miscellaneous grains, seeds and fruit, industrial or medicinal plants; straw and fodder",2538795.904,2025,Export
CAN,Canada,MEX,Mexico,agriculture,10,Cereals,264273030.488,2025,Export
CAN,Canada,MEX,Mexico,agriculture,10,Cereals,264273030.488,2025,Export
CAN,Canada,MEX,Mexico,agriculture,11,"Products of the milling industry; malt, starches, inulin, wheat gluten",51606729.864,2025,Export
CAN,Canada,MEX,Mexico,agriculture,11,"Products of the milling industry; malt, starches, inulin, wheat gluten",51606729.864,2025,Export
CAN,Canada,MEX,Mexico,agriculture,12,"Oil seeds and oleaginous fruits; miscellaneous grains, seeds and fruit, industrial or medicinal plants; straw and fodder",517712812.799,2025,Export
CAN,Canada,MEX,Mexico,agriculture,12,"Oil seeds and oleaginous fruits; miscellaneous grains, seeds and fruit, industrial or medicinal plants; straw and fodder",517712812.799,2025,Export
CAN,Canada,MKD,North Macedonia,agriculture,12,"Oil seeds and oleaginous fruits; miscellaneous grains, seeds and fruit, industrial or medicinal plants; straw and fodder",8162.304,2025,Export
CAN,Canada,MKD,North Macedonia,agriculture,12,"Oil seeds and oleaginous fruits; miscellaneous grains, seeds and fruit, industrial or medicinal plants; straw and fodder",8162.304,2025,Export
CAN,Canada,MLT,Malta,agriculture,10,Cereals,526664.194,2025,Export
CAN,Canada,MLT,Malta,agriculture,10,Cereals,526664.194,2025,Export
CAN,Canada,MLT,Malta,agriculture,12,"Oil seeds and oleaginous fruits; miscellaneous grains, seeds and fruit, industrial or medicinal plants; straw and fodder",1578468.219,2025,Export
CAN,Canada,MLT,Malta,agriculture,12,"Oil seeds and oleaginous fruits; miscellaneous grains, seeds and fruit, industrial or medicinal plants; straw and fodder",1578468.219,2025,Export
CAN,Canada,MMR,Myanmar,agriculture,11,"Products of the milling industry; malt, starches, inulin, wheat gluten",2398.12,2025,Export
CAN,Canada,MMR,Myanmar,agriculture,11,"Products of the milling industry; malt, starches, inulin, wheat gluten",2398.12,2025,Export
CAN,Canada,MNG,Mongolia,agriculture,10,Cereals,15970.323,2025,Export
CAN,Canada,MNG,Mongolia,agriculture,10,Cereals,15970.323,2025,Export
CAN,Canada,MOZ,Mozambique,agriculture,10,Cereals,59005163.205,2025,Export
CAN,Canada,MOZ,Mozambique,agriculture,10,Cereals,59005163.205,2025,Export
CAN,Canada,MUS,Mauritius,agriculture,10,Cereals,208453.176,2025,Export
CAN,Canada,MUS,Mauritius,agriculture,10,Cereals,208453.176,2025,Export
CAN,Canada,MUS,Mauritius,agriculture,12,"Oil seeds and oleaginous fruits; miscellaneous grains, seeds and fruit, industrial or medicinal plants; straw and fodder",254775.299,2025,Export
CAN,Canada,MUS,Mauritius,agriculture,12,"Oil seeds and oleaginous fruits; miscellaneous grains, seeds and fruit, industrial or medicinal plants; straw and fodder",254775.299,2025,Export
CAN,Canada,MWI,Malawi,agriculture,10,Cereals,271468.681,2025,Export
CAN,Canada,MWI,Malawi,agriculture,10,Cereals,271468.681,2025,Export
CAN,Canada,MYS,Malaysia,agriculture,10,Cereals,102698541.977,2025,Export
CAN,Canada,MYS,Malaysia,agriculture,10,Cereals,102698541.977,2025,Export
CAN,Canada,MYS,Malaysia,agriculture,11,"Products of the milling industry; malt, starches, inulin, wheat gluten",29570.056,2025,Export
CAN,Canada,MYS,Malaysia,agriculture,11,"Products of the milling industry; malt, starches, inulin, wheat gluten",29570.056,2025,Export
CAN,Canada,MYS,Malaysia,agriculture,12,"Oil seeds and oleaginous fruits; miscellaneous grains, seeds and fruit, industrial or medicinal plants; straw and fodder",57643059.061,2025,Export
CAN,Canada,MYS,Malaysia,agriculture,12,"Oil seeds and oleaginous fruits; miscellaneous grains, seeds and fruit, industrial or medicinal plants; straw and fodder",57643059.061,2025,Export
CAN,Canada,NGA,Nigeria,agriculture,10,Cereals,249206292.666,2025,Export
CAN,Canada,NGA,Nigeria,agriculture,10,Cereals,249206292.666,2025,Export
CAN,Canada,NGA,Nigeria,agriculture,11,"Products of the milling industry; malt, starches, inulin, wheat gluten",14490.154,2025,Export
CAN,Canada,NGA,Nigeria,agriculture,11,"Products of the milling industry; malt, starches, inulin, wheat gluten",14490.154,2025,Export
CAN,Canada,NIC,Nicaragua,agriculture,11,"Products of the milling industry; malt, starches, inulin, wheat gluten",735997.647,2025,Export
CAN,Canada,NIC,Nicaragua,agriculture,11,"Products of the milling industry; malt, starches, inulin, wheat gluten",735997.647,2025,Export
CAN,Canada,NIC,Nicaragua,agriculture,12,"Oil seeds and oleaginous fruits; miscellaneous grains, seeds and fruit, industrial or medicinal plants; straw and fodder",187678.643,2025,Export
CAN,Canada,NIC,Nicaragua,agriculture,12,"Oil seeds and oleaginous fruits; miscellaneous grains, seeds and fruit, industrial or medicinal plants; straw and fodder",187678.643,2025,Export
CAN,Canada,NLD,Netherlands,agriculture,10,Cereals,23047561.59,2025,Export
CAN,Canada,NLD,Netherlands,agriculture,10,Cereals,23047561.59,2025,Export
CAN,Canada,NLD,Netherlands,agriculture,11,"Products of the milling industry; malt, starches, inulin, wheat gluten",1335141.59,2025,Export
CAN,Canada,NLD,Netherlands,agriculture,11,"Products of the milling industry; malt, starches, inulin, wheat gluten",1335141.59,2025,Export
CAN,Canada,NLD,Netherlands,agriculture,12,"Oil seeds and oleaginous fruits; miscellaneous grains, seeds and fruit, industrial or medicinal plants; straw and fodder",376160937.35,2025,Export
CAN,Canada,NLD,Netherlands,agriculture,12,"Oil seeds and oleaginous fruits; miscellaneous grains, seeds and fruit, industrial or medicinal plants; straw and fodder",376160937.35,2025,Export
CAN,Canada,NOR,Norway,agriculture,12,"Oil seeds and oleaginous fruits; miscellaneous grains, seeds and fruit, industrial or medicinal plants; straw and fodder",71322925.446,2025,Export
CAN,Canada,NOR,Norway,agriculture,12,"Oil seeds and oleaginous fruits; miscellaneous grains, seeds and fruit, industrial or medicinal plants; straw and fodder",71322925.446,2025,Export
CAN,Canada,NPL,Nepal,agriculture,10,Cereals,365241.71,2025,Export
CAN,Canada,NPL,Nepal,agriculture,10,Cereals,365241.71,2025,Export
CAN,Canada,NPL,Nepal,agriculture,12,"Oil seeds and oleaginous fruits; miscellaneous grains, seeds and fruit, industrial or medicinal plants; straw and fodder",7219708.164,2025,Export
CAN,Canada,NPL,Nepal,agriculture,12,"Oil seeds and oleaginous fruits; miscellaneous grains, seeds and fruit, industrial or medicinal plants; straw and fodder",7219708.164,2025,Export
CAN,Canada,NZL,New Zealand,agriculture,10,Cereals,78343.189,2025,Export
CAN,Canada,NZL,New Zealand,agriculture,10,Cereals,78343.189,2025,Export
CAN,Canada,NZL,New Zealand,agriculture,11,"Products of the milling industry; malt, starches, inulin, wheat gluten",169526.103,2025,Export
CAN,Canada,NZL,New Zealand,agriculture,11,"Products of the milling industry; malt, starches, inulin, wheat gluten",169526.103,2025,Export
CAN,Canada,NZL,New Zealand,agriculture,12,"Oil seeds and oleaginous fruits; miscellaneous grains, seeds and fruit, industrial or medicinal plants; straw and fodder",6919548.979,2025,Export
CAN,Canada,NZL,New Zealand,agriculture,12,"Oil seeds and oleaginous fruits; miscellaneous grains, seeds and fruit, industrial or medicinal plants; straw and fodder",6919548.979,2025,Export
CAN,Canada,OMN,Oman,agriculture,10,Cereals,9632809.23,2025,Export
CAN,Canada,OMN,Oman,agriculture,10,Cereals,9632809.23,2025,Export
CAN,Canada,OMN,Oman,agriculture,11,"Products of the milling industry; malt, starches, inulin, wheat gluten",23977.582,2025,Export
CAN,Canada,OMN,Oman,agriculture,11,"Products of the milling industry; malt, starches, inulin, wheat gluten",23977.582,2025,Export
CAN,Canada,OMN,Oman,agriculture,12,"Oil seeds and oleaginous fruits; miscellaneous grains, seeds and fruit, industrial or medicinal plants; straw and fodder",725.232,2025,Export
CAN,Canada,OMN,Oman,agriculture,12,"Oil seeds and oleaginous fruits; miscellaneous grains, seeds and fruit, industrial or medicinal plants; straw and fodder",725.232,2025,Export
CAN,Canada,PAK,Pakistan,agriculture,10,Cereals,147614.817,2025,Export
CAN,Canada,PAK,Pakistan,agriculture,10,Cereals,147614.817,2025,Export
CAN,Canada,PAK,Pakistan,agriculture,11,"Products of the milling industry; malt, starches, inulin, wheat gluten",14280.046,2025,Export
CAN,Canada,PAK,Pakistan,agriculture,11,"Products of the milling industry; malt, starches, inulin, wheat gluten",14280.046,2025,Export
CAN,Canada,PAK,Pakistan,agriculture,12,"Oil seeds and oleaginous fruits; miscellaneous grains, seeds and fruit, industrial or medicinal plants; straw and fodder",78305801.467,2025,Export
CAN,Canada,PAK,Pakistan,agriculture,12,"Oil seeds and oleaginous fruits; miscellaneous grains, seeds and fruit, industrial or medicinal plants; straw and fodder",78305801.467,2025,Export
CAN,Canada,PAN,Panama,agriculture,10,Cereals,6976632.939,2025,Export
CAN,Canada,PAN,Panama,agriculture,10,Cereals,6976632.939,2025,Export
CAN,Canada,PAN,Panama,agriculture,11,"Products of the milling industry; malt, starches, inulin, wheat gluten",1170.804,2025,Export
CAN,Canada,PAN,Panama,agriculture,11,"Products of the milling industry; malt, starches, inulin, wheat gluten",1170.804,2025,Export
CAN,Canada,PAN,Panama,agriculture,12,"Oil seeds and oleaginous fruits; miscellaneous grains, seeds and fruit, industrial or medicinal plants; straw and fodder",86285.242,2025,Export
CAN,Canada,PAN,Panama,agriculture,12,"Oil seeds and oleaginous fruits; miscellaneous grains, seeds and fruit, industrial or medicinal plants; straw and fodder",86285.242,2025,Export
CAN,Canada,PER,Peru,agriculture,10,Cereals,447103793.312,2025,Export
CAN,Canada,PER,Peru,agriculture,10,Cereals,447103793.312,2025,Export
CAN,Canada,PER,Peru,agriculture,11,"Products of the milling industry; malt, starches, inulin, wheat gluten",5208067.671,2025,Export
CAN,Canada,PER,Peru,agriculture,11,"Products of the milling industry; malt, starches, inulin, wheat gluten",5208067.671,2025,Export
CAN,Canada,PER,Peru,agriculture,12,"Oil seeds and oleaginous fruits; miscellaneous grains, seeds and fruit, industrial or medicinal plants; straw and fodder",7084811.354,2025,Export
CAN,Canada,PER,Peru,agriculture,12,"Oil seeds and oleaginous fruits; miscellaneous grains, seeds and fruit, industrial or medicinal plants; straw and fodder",7084811.354,2025,Export
CAN,Canada,PHL,Philippines,agriculture,10,Cereals,145555992.481,2025,Export
CAN,Canada,PHL,Philippines,agriculture,10,Cereals,145555992.481,2025,Export
CAN,Canada,PHL,Philippines,agriculture,11,"Products of the milling industry; malt, starches, inulin, wheat gluten",2042499.449,2025,Export
CAN,Canada,PHL,Philippines,agriculture,11,"Products of the milling industry; malt, starches, inulin, wheat gluten",2042499.449,2025,Export
CAN,Canada,PHL,Philippines,agriculture,12,"Oil seeds and oleaginous fruits; miscellaneous grains, seeds and fruit, industrial or medicinal plants; straw and fodder",9667143.649,2025,Export
CAN,Canada,PHL,Philippines,agriculture,12,"Oil seeds and oleaginous fruits; miscellaneous grains, seeds and fruit, industrial or medicinal plants; straw and fodder",9667143.649,2025,Export
CAN,Canada,POL,Poland,agriculture,11,"Products of the milling industry; malt, starches, inulin, wheat gluten",33672.219,2025,Export
CAN,Canada,POL,Poland,agriculture,11,"Products of the milling industry; malt, starches, inulin, wheat gluten",33672.219,2025,Export
CAN,Canada,POL,Poland,agriculture,12,"Oil seeds and oleaginous fruits; miscellaneous grains, seeds and fruit, industrial or medicinal plants; straw and fodder",2798526.111,2025,Export
CAN,Canada,POL,Poland,agriculture,12,"Oil seeds and oleaginous fruits; miscellaneous grains, seeds and fruit, industrial or medicinal plants; straw and fodder",2798526.111,2025,Export
CAN,Canada,PRT,Portugal,agriculture,10,Cereals,105729340.178,2025,Export
CAN,Canada,PRT,Portugal,agriculture,10,Cereals,105729340.178,2025,Export
CAN,Canada,PRT,Portugal,agriculture,11,"Products of the milling industry; malt, starches, inulin, wheat gluten",51774.043,2025,Export
CAN,Canada,PRT,Portugal,agriculture,11,"Products of the milling industry; malt, starches, inulin, wheat gluten",51774.043,2025,Export
CAN,Canada,PRT,Portugal,agriculture,12,"Oil seeds and oleaginous fruits; miscellaneous grains, seeds and fruit, industrial or medicinal plants; straw and fodder",117717211.612,2025,Export
CAN,Canada,PRT,Portugal,agriculture,12,"Oil seeds and oleaginous fruits; miscellaneous grains, seeds and fruit, industrial or medicinal plants; straw and fodder",117717211.612,2025,Export
CAN,Canada,PRY,Paraguay,agriculture,12,"Oil seeds and oleaginous fruits; miscellaneous grains, seeds and fruit, industrial or medicinal plants; straw and fodder",312.987,2025,Export
CAN,Canada,PRY,Paraguay,agriculture,12,"Oil seeds and oleaginous fruits; miscellaneous grains, seeds and fruit, industrial or medicinal plants; straw and fodder",312.987,2025,Export
CAN,Canada,PYF,French Polynesia,agriculture,12,"Oil seeds and oleaginous fruits; miscellaneous grains, seeds and fruit, industrial or medicinal plants; straw and fodder",37404.883,2025,Export
CAN,Canada,PYF,French Polynesia,agriculture,12,"Oil seeds and oleaginous fruits; miscellaneous grains, seeds and fruit, industrial or medicinal plants; straw and fodder",37404.883,2025,Export
CAN,Canada,QAT,Qatar,agriculture,11,"Products of the milling industry; malt, starches, inulin, wheat gluten",16904.213,2025,Export
CAN,Canada,QAT,Qatar,agriculture,11,"Products of the milling industry; malt, starches, inulin, wheat gluten",16904.213,2025,Export
CAN,Canada,QAT,Qatar,agriculture,12,"Oil seeds and oleaginous fruits; miscellaneous grains, seeds and fruit, industrial or medicinal plants; straw and fodder",5111584.983,2025,Export
CAN,Canada,QAT,Qatar,agriculture,12,"Oil seeds and oleaginous fruits; miscellaneous grains, seeds and fruit, industrial or medicinal plants; straw and fodder",5111584.983,2025,Export
CAN,Canada,RUS,Russian Federation,agriculture,12,"Oil seeds and oleaginous fruits; miscellaneous grains, seeds and fruit, industrial or medicinal plants; straw and fodder",278231.235,2025,Export
CAN,Canada,RUS,Russian Federation,agriculture,12,"Oil seeds and oleaginous fruits; miscellaneous grains, seeds and fruit, industrial or medicinal plants; straw and fodder",278231.235,2025,Export
CAN,Canada,RWA,Rwanda,agriculture,10,Cereals,1307789.251,2025,Export
CAN,Canada,RWA,Rwanda,agriculture,10,Cereals,1307789.251,2025,Export
CAN,Canada,S19,"Other Asia, nes",agriculture,10,Cereals,7314369.439,2025,Export
CAN,Canada,S19,"Other Asia, nes",agriculture,10,Cereals,7314369.439,2025,Export
CAN,Canada,S19,"Other Asia, nes",agriculture,11,"Products of the milling industry; malt, starches, inulin, wheat gluten",143616.259,2025,Export
CAN,Canada,S19,"Other Asia, nes",agriculture,11,"Products of the milling industry; malt, starches, inulin, wheat gluten",143616.259,2025,Export
CAN,Canada,S19,"Other Asia, nes",agriculture,12,"Oil seeds and oleaginous fruits; miscellaneous grains, seeds and fruit, industrial or medicinal plants; straw and fodder",61180479.401,2025,Export
CAN,Canada,S19,"Other Asia, nes",agriculture,12,"Oil seeds and oleaginous fruits; miscellaneous grains, seeds and fruit, industrial or medicinal plants; straw and fodder",61180479.401,2025,Export
CAN,Canada,SAU,Saudi Arabia,agriculture,10,Cereals,41234519.25,2025,Export
CAN,Canada,SAU,Saudi Arabia,agriculture,10,Cereals,41234519.25,2025,Export
CAN,Canada,SAU,Saudi Arabia,agriculture,12,"Oil seeds and oleaginous fruits; miscellaneous grains, seeds and fruit, industrial or medicinal plants; straw and fodder",2548741.22,2025,Export
CAN,Canada,SAU,Saudi Arabia,agriculture,12,"Oil seeds and oleaginous fruits; miscellaneous grains, seeds and fruit, industrial or medicinal plants; straw and fodder",2548741.22,2025,Export
CAN,Canada,SDN,Sudan,agriculture,10,Cereals,26399796.318,2025,Export
CAN,Canada,SDN,Sudan,agriculture,10,Cereals,26399796.318,2025,Export
CAN,Canada,SEN,Senegal,agriculture,12,"Oil seeds and oleaginous fruits; miscellaneous grains, seeds and fruit, industrial or medicinal plants; straw and fodder",1752846.35,2025,Export
CAN,Canada,SEN,Senegal,agriculture,12,"Oil seeds and oleaginous fruits; miscellaneous grains, seeds and fruit, industrial or medicinal plants; straw and fodder",1752846.35,2025,Export
CAN,Canada,SGP,Singapore,agriculture,10,Cereals,10494038.029,2025,Export
CAN,Canada,SGP,Singapore,agriculture,10,Cereals,10494038.029,2025,Export
CAN,Canada,SGP,Singapore,agriculture,11,"Products of the milling industry; malt, starches, inulin, wheat gluten",429754.772,2025,Export
CAN,Canada,SGP,Singapore,agriculture,11,"Products of the milling industry; malt, starches, inulin, wheat gluten",429754.772,2025,Export
CAN,Canada,SGP,Singapore,agriculture,12,"Oil seeds and oleaginous fruits; miscellaneous grains, seeds and fruit, industrial or medicinal plants; straw and fodder",12342731.674,2025,Export
CAN,Canada,SGP,Singapore,agriculture,12,"Oil seeds and oleaginous fruits; miscellaneous grains, seeds and fruit, industrial or medicinal plants; straw and fodder",12342731.674,2025,Export
CAN,Canada,SHN,Saint Helena,agriculture,10,Cereals,1749.686,2025,Export
CAN,Canada,SHN,Saint Helena,agriculture,10,Cereals,1749.686,2025,Export
CAN,Canada,SLV,El Salvador,agriculture,10,Cereals,51472316.301,2025,Export
CAN,Canada,SLV,El Salvador,agriculture,10,Cereals,51472316.301,2025,Export
CAN,Canada,SLV,El Salvador,agriculture,11,"Products of the milling industry; malt, starches, inulin, wheat gluten",3257.387,2025,Export
CAN,Canada,SLV,El Salvador,agriculture,11,"Products of the milling industry; malt, starches, inulin, wheat gluten",3257.387,2025,Export
CAN,Canada,SLV,El Salvador,agriculture,12,"Oil seeds and oleaginous fruits; miscellaneous grains, seeds and fruit, industrial or medicinal plants; straw and fodder",583339.532,2025,Export
CAN,Canada,SLV,El Salvador,agriculture,12,"Oil seeds and oleaginous fruits; miscellaneous grains, seeds and fruit, industrial or medicinal plants; straw and fodder",583339.532,2025,Export
CAN,Canada,SPM,Saint Pierre and Miquelon,agriculture,10,Cereals,22177.18,2025,Export
CAN,Canada,SPM,Saint Pierre and Miquelon,agriculture,10,Cereals,22177.18,2025,Export
CAN,Canada,SPM,Saint Pierre and Miquelon,agriculture,11,"Products of the milling industry; malt, starches, inulin, wheat gluten",60704.325,2025,Export
CAN,Canada,SPM,Saint Pierre and Miquelon,agriculture,11,"Products of the milling industry; malt, starches, inulin, wheat gluten",60704.325,2025,Export
CAN,Canada,SPM,Saint Pierre and Miquelon,agriculture,12,"Oil seeds and oleaginous fruits; miscellaneous grains, seeds and fruit, industrial or medicinal plants; straw and fodder",3592.834,2025,Export
CAN,Canada,SPM,Saint Pierre and Miquelon,agriculture,12,"Oil seeds and oleaginous fruits; miscellaneous grains, seeds and fruit, industrial or medicinal plants; straw and fodder",3592.834,2025,Export
CAN,Canada,SRB,Serbia,agriculture,11,"Products of the milling industry; malt, starches, inulin, wheat gluten",1756.207,2025,Export
CAN,Canada,SRB,Serbia,agriculture,11,"Products of the milling industry; malt, starches, inulin, wheat gluten",1756.207,2025,Export
CAN,Canada,SUR,Suriname,agriculture,10,Cereals,81533.921,2025,Export
CAN,Canada,SUR,Suriname,agriculture,10,Cereals,81533.921,2025,Export
CAN,Canada,SUR,Suriname,agriculture,12,"Oil seeds and oleaginous fruits; miscellaneous grains, seeds and fruit, industrial or medicinal plants; straw and fodder",63101.721,2025,Export
CAN,Canada,SUR,Suriname,agriculture,12,"Oil seeds and oleaginous fruits; miscellaneous grains, seeds and fruit, industrial or medicinal plants; straw and fodder",63101.721,2025,Export
CAN,Canada,SVK,Slovakia,agriculture,12,"Oil seeds and oleaginous fruits; miscellaneous grains, seeds and fruit, industrial or medicinal plants; straw and fodder",45028.152,2025,Export
CAN,Canada,SVK,Slovakia,agriculture,12,"Oil seeds and oleaginous fruits; miscellaneous grains, seeds and fruit, industrial or medicinal plants; straw and fodder",45028.152,2025,Export
CAN,Canada,SVN,Slovenia,agriculture,12,"Oil seeds and oleaginous fruits; miscellaneous grains, seeds and fruit, industrial or medicinal plants; straw and fodder",3011.778,2025,Export
CAN,Canada,SVN,Slovenia,agriculture,12,"Oil seeds and oleaginous fruits; miscellaneous grains, seeds and fruit, industrial or medicinal plants; straw and fodder",3011.778,2025,Export
CAN,Canada,SWE,Sweden,agriculture,10,Cereals,36815.858,2025,Export
CAN,Canada,SWE,Sweden,agriculture,10,Cereals,36815.858,2025,Export
CAN,Canada,SWE,Sweden,agriculture,11,"Products of the milling industry; malt, starches, inulin, wheat gluten",573.81,2025,Export
CAN,Canada,SWE,Sweden,agriculture,11,"Products of the milling industry; malt, starches, inulin, wheat gluten",573.81,2025,Export
CAN,Canada,SWE,Sweden,agriculture,12,"Oil seeds and oleaginous fruits; miscellaneous grains, seeds and fruit, industrial or medicinal plants; straw and fodder",495698.012,2025,Export
CAN,Canada,SWE,Sweden,agriculture,12,"Oil seeds and oleaginous fruits; miscellaneous grains, seeds and fruit, industrial or medicinal plants; straw and fodder",495698.012,2025,Export
CAN,Canada,SXM,Sint Maarten,agriculture,11,"Products of the milling industry; malt, starches, inulin, wheat gluten",655796.096,2025,Export
CAN,Canada,SXM,Sint Maarten,agriculture,11,"Products of the milling industry; malt, starches, inulin, wheat gluten",655796.096,2025,Export
CAN,Canada,SYR,Syria,agriculture,10,Cereals,149954.977,2025,Export
CAN,Canada,SYR,Syria,agriculture,10,Cereals,149954.977,2025,Export
CAN,Canada,TCA,Turks and Caicos Isds,agriculture,11,"Products of the milling industry; malt, starches, inulin, wheat gluten",321056.16,2025,Export
CAN,Canada,TCA,Turks and Caicos Isds,agriculture,11,"Products of the milling industry; malt, starches, inulin, wheat gluten",321056.16,2025,Export
CAN,Canada,TCA,Turks and Caicos Isds,agriculture,12,"Oil seeds and oleaginous fruits; miscellaneous grains, seeds and fruit, industrial or medicinal plants; straw and fodder",67750.887,2025,Export
CAN,Canada,TCA,Turks and Caicos Isds,agriculture,12,"Oil seeds and oleaginous fruits; miscellaneous grains, seeds and fruit, industrial or medicinal plants; straw and fodder",67750.887,2025,Export
CAN,Canada,TGO,Togo,agriculture,10,Cereals,15620947.799,2025,Export
CAN,Canada,TGO,Togo,agriculture,10,Cereals,15620947.799,2025,Export
CAN,Canada,THA,Thailand,agriculture,10,Cereals,71993556.561,2025,Export
CAN,Canada,THA,Thailand,agriculture,10,Cereals,71993556.561,2025,Export
CAN,Canada,THA,Thailand,agriculture,11,"Products of the milling industry; malt, starches, inulin, wheat gluten",260142.452,2025,Export
CAN,Canada,THA,Thailand,agriculture,11,"Products of the milling industry; malt, starches, inulin, wheat gluten",260142.452,2025,Export
CAN,Canada,THA,Thailand,agriculture,12,"Oil seeds and oleaginous fruits; miscellaneous grains, seeds and fruit, industrial or medicinal plants; straw and fodder",40814361.307,2025,Export
CAN,Canada,THA,Thailand,agriculture,12,"Oil seeds and oleaginous fruits; miscellaneous grains, seeds and fruit, industrial or medicinal plants; straw and fodder",40814361.307,2025,Export
CAN,Canada,TTO,Trinidad and Tobago,agriculture,10,Cereals,268425.024,2025,Export
CAN,Canada,TTO,Trinidad and Tobago,agriculture,10,Cereals,268425.024,2025,Export
CAN,Canada,TTO,Trinidad and Tobago,agriculture,11,"Products of the milling industry; malt, starches, inulin, wheat gluten",296883.686,2025,Export
CAN,Canada,TTO,Trinidad and Tobago,agriculture,11,"Products of the milling industry; malt, starches, inulin, wheat gluten",296883.686,2025,Export
CAN,Canada,TTO,Trinidad and Tobago,agriculture,12,"Oil seeds and oleaginous fruits; miscellaneous grains, seeds and fruit, industrial or medicinal plants; straw and fodder",180605.274,2025,Export
CAN,Canada,TTO,Trinidad and Tobago,agriculture,12,"Oil seeds and oleaginous fruits; miscellaneous grains, seeds and fruit, industrial or medicinal plants; straw and fodder",180605.274,2025,Export
CAN,Canada,TUN,Tunisia,agriculture,10,Cereals,1400253.82,2025,Export
CAN,Canada,TUN,Tunisia,agriculture,10,Cereals,1400253.82,2025,Export
CAN,Canada,TUR,Türkiye,agriculture,10,Cereals,23631889.351,2025,Export
CAN,Canada,TUR,Türkiye,agriculture,10,Cereals,23631889.351,2025,Export
CAN,Canada,TUR,Türkiye,agriculture,12,"Oil seeds and oleaginous fruits; miscellaneous grains, seeds and fruit, industrial or medicinal plants; straw and fodder",14923499.032,2025,Export
CAN,Canada,TUR,Türkiye,agriculture,12,"Oil seeds and oleaginous fruits; miscellaneous grains, seeds and fruit, industrial or medicinal plants; straw and fodder",14923499.032,2025,Export
CAN,Canada,TZA,United Rep. of Tanzania,agriculture,10,Cereals,15756943.686,2025,Export
CAN,Canada,TZA,United Rep. of Tanzania,agriculture,10,Cereals,15756943.686,2025,Export
CAN,Canada,UGA,Uganda,agriculture,10,Cereals,6754191.693,2025,Export
CAN,Canada,UGA,Uganda,agriculture,10,Cereals,6754191.693,2025,Export
CAN,Canada,UGA,Uganda,agriculture,12,"Oil seeds and oleaginous fruits; miscellaneous grains, seeds and fruit, industrial or medicinal plants; straw and fodder",57960.614,2025,Export
CAN,Canada,UGA,Uganda,agriculture,12,"Oil seeds and oleaginous fruits; miscellaneous grains, seeds and fruit, industrial or medicinal plants; straw and fodder",57960.614,2025,Export
CAN,Canada,UKR,Ukraine,agriculture,10,Cereals,8951.292,2025,Export
CAN,Canada,UKR,Ukraine,agriculture,10,Cereals,8951.292,2025,Export
CAN,Canada,UKR,Ukraine,agriculture,11,"Products of the milling industry; malt, starches, inulin, wheat gluten",6528.539,2025,Export
CAN,Canada,UKR,Ukraine,agriculture,11,"Products of the milling industry; malt, starches, inulin, wheat gluten",6528.539,2025,Export
CAN,Canada,UKR,Ukraine,agriculture,12,"Oil seeds and oleaginous fruits; miscellaneous grains, seeds and fruit, industrial or medicinal plants; straw and fodder",942317.873,2025,Export
CAN,Canada,UKR,Ukraine,agriculture,12,"Oil seeds and oleaginous fruits; miscellaneous grains, seeds and fruit, industrial or medicinal plants; straw and fodder",942317.873,2025,Export
CAN,Canada,UMI,United States Minor Outlying Islands,agriculture,10,Cereals,540022.667,2025,Export
CAN,Canada,UMI,United States Minor Outlying Islands,agriculture,10,Cereals,540022.667,2025,Export
CAN,Canada,UMI,United States Minor Outlying Islands,agriculture,11,"Products of the milling industry; malt, starches, inulin, wheat gluten",140009.66,2025,Export
CAN,Canada,UMI,United States Minor Outlying Islands,agriculture,11,"Products of the milling industry; malt, starches, inulin, wheat gluten",140009.66,2025,Export
CAN,Canada,UMI,United States Minor Outlying Islands,agriculture,12,"Oil seeds and oleaginous fruits; miscellaneous grains, seeds and fruit, industrial or medicinal plants; straw and fodder",55670.446,2025,Export
CAN,Canada,UMI,United States Minor Outlying Islands,agriculture,12,"Oil seeds and oleaginous fruits; miscellaneous grains, seeds and fruit, industrial or medicinal plants; straw and fodder",55670.446,2025,Export
CAN,Canada,URY,Uruguay,agriculture,10,Cereals,32877.434,2025,Export
CAN,Canada,URY,Uruguay,agriculture,10,Cereals,32877.434,2025,Export
CAN,Canada,URY,Uruguay,agriculture,12,"Oil seeds and oleaginous fruits; miscellaneous grains, seeds and fruit, industrial or medicinal plants; straw and fodder",50588.749,2025,Export
CAN,Canada,URY,Uruguay,agriculture,12,"Oil seeds and oleaginous fruits; miscellaneous grains, seeds and fruit, industrial or medicinal plants; straw and fodder",50588.749,2025,Export
CAN,Canada,USA,USA,agriculture,10,Cereals,1282052805.681,2025,Export
CAN,Canada,USA,USA,agriculture,10,Cereals,1282052805.681,2025,Export
CAN,Canada,USA,USA,agriculture,11,"Products of the milling industry; malt, starches, inulin, wheat gluten",959628878.269,2025,Export
CAN,Canada,USA,USA,agriculture,11,"Products of the milling industry; malt, starches, inulin, wheat gluten",959628878.269,2025,Export
CAN,Canada,USA,USA,agriculture,12,"Oil seeds and oleaginous fruits; miscellaneous grains, seeds and fruit, industrial or medicinal plants; straw and fodder",752219724.914,2025,Export
CAN,Canada,USA,USA,agriculture,12,"Oil seeds and oleaginous fruits; miscellaneous grains, seeds and fruit, industrial or medicinal plants; straw and fodder",752219724.914,2025,Export
CAN,Canada,VCT,Saint Vincent and the Grenadines,agriculture,10,Cereals,1094.731,2025,Export
CAN,Canada,VCT,Saint Vincent and the Grenadines,agriculture,10,Cereals,1094.731,2025,Export
CAN,Canada,VCT,Saint Vincent and the Grenadines,agriculture,11,"Products of the milling industry; malt, starches, inulin, wheat gluten",14800.243,2025,Export
CAN,Canada,VCT,Saint Vincent and the Grenadines,agriculture,11,"Products of the milling industry; malt, starches, inulin, wheat gluten",14800.243,2025,Export
CAN,Canada,VEN,Venezuela,agriculture,10,Cereals,180160398.499,2025,Export
CAN,Canada,VEN,Venezuela,agriculture,10,Cereals,180160398.499,2025,Export
CAN,Canada,VEN,Venezuela,agriculture,11,"Products of the milling industry; malt, starches, inulin, wheat gluten",99210.459,2025,Export
CAN,Canada,VEN,Venezuela,agriculture,11,"Products of the milling industry; malt, starches, inulin, wheat gluten",99210.459,2025,Export
CAN,Canada,VEN,Venezuela,agriculture,12,"Oil seeds and oleaginous fruits; miscellaneous grains, seeds and fruit, industrial or medicinal plants; straw and fodder",1839729.311,2025,Export
CAN,Canada,VEN,Venezuela,agriculture,12,"Oil seeds and oleaginous fruits; miscellaneous grains, seeds and fruit, industrial or medicinal plants; straw and fodder",1839729.311,2025,Export
CAN,Canada,VGB,Br. Virgin Isds,agriculture,10,Cereals,615.832,2025,Export
CAN,Canada,VGB,Br. Virgin Isds,agriculture,10,Cereals,615.832,2025,Export
CAN,Canada,VGB,Br. Virgin Isds,agriculture,11,"Products of the milling industry; malt, starches, inulin, wheat gluten",323534.701,2025,Export
CAN,Canada,VGB,Br. Virgin Isds,agriculture,11,"Products of the milling industry; malt, starches, inulin, wheat gluten",323534.701,2025,Export
CAN,Canada,VGB,Br. Virgin Isds,agriculture,12,"Oil seeds and oleaginous fruits; miscellaneous grains, seeds and fruit, industrial or medicinal plants; straw and fodder",368.774,2025,Export
CAN,Canada,VGB,Br. Virgin Isds,agriculture,12,"Oil seeds and oleaginous fruits; miscellaneous grains, seeds and fruit, industrial or medicinal plants; straw and fodder",368.774,2025,Export
CAN,Canada,VNM,Viet Nam,agriculture,10,Cereals,153179439.795,2025,Export
CAN,Canada,VNM,Viet Nam,agriculture,10,Cereals,153179439.795,2025,Export
CAN,Canada,VNM,Viet Nam,agriculture,11,"Products of the milling industry; malt, starches, inulin, wheat gluten",132176.283,2025,Export
CAN,Canada,VNM,Viet Nam,agriculture,11,"Products of the milling industry; malt, starches, inulin, wheat gluten",132176.283,2025,Export
CAN,Canada,VNM,Viet Nam,agriculture,12,"Oil seeds and oleaginous fruits; miscellaneous grains, seeds and fruit, industrial or medicinal plants; straw and fodder",92432038.482,2025,Export
CAN,Canada,VNM,Viet Nam,agriculture,12,"Oil seeds and oleaginous fruits; miscellaneous grains, seeds and fruit, industrial or medicinal plants; straw and fodder",92432038.482,2025,Export
CAN,Canada,W00,World,agriculture,10,Cereals,10075005489.805,2025,Export
CAN,Canada,W00,World,agriculture,10,Cereals,10075005489.805,2025,Export
CAN,Canada,W00,World,agriculture,11,"Products of the milling industry; malt, starches, inulin, wheat gluten",1156492825.963,2025,Export
CAN,Canada,W00,World,agriculture,11,"Products of the milling industry; malt, starches, inulin, wheat gluten",1156492825.963,2025,Export
CAN,Canada,W00,World,agriculture,12,"Oil seeds and oleaginous fruits; miscellaneous grains, seeds and fruit, industrial or medicinal plants; straw and fodder",7924144879.052,2025,Export
CAN,Canada,W00,World,agriculture,12,"Oil seeds and oleaginous fruits; miscellaneous grains, seeds and fruit, industrial or medicinal plants; straw and fodder",7924144879.052,2025,Export
CAN,Canada,ZAF,South Africa,agriculture,10,Cereals,22896013.421,2025,Export
CAN,Canada,ZAF,South Africa,agriculture,10,Cereals,22896013.421,2025,Export
CAN,Canada,ZAF,South Africa,agriculture,11,"Products of the milling industry; malt, starches, inulin, wheat gluten",39674.765,2025,Export
CAN,Canada,ZAF,South Africa,agriculture,11,"Products of the milling industry; malt, starches, inulin, wheat gluten",39674.765,2025,Export
CAN,Canada,ZAF,South Africa,agriculture,12,"Oil seeds and oleaginous fruits; miscellaneous grains, seeds and fruit, industrial or medicinal plants; straw and fodder",433114.314,2025,Export
CAN,Canada,ZAF,South Africa,agriculture,12,"Oil seeds and oleaginous fruits; miscellaneous grains, seeds and fruit, industrial or medicinal plants; straw and fodder",433114.314,2025,Export
CAN,Canada,ZWE,Zimbabwe,agriculture,10,Cereals,7560686.111,2025,Export
CAN,Canada,ZWE,Zimbabwe,agriculture,10,Cereals,7560686.111,2025,Export
CAN,Canada,ZWE,Zimbabwe,agriculture,11,"Products of the milling industry; malt, starches, inulin, wheat gluten",40033.396,2025,Export
CAN,Canada,ZWE,Zimbabwe,agriculture,11,"Products of the milling industry; malt, starches, inulin, wheat gluten",40033.396,2025,Export
DEU,Germany,ABW,Aruba,agriculture,12,"Oil seeds and oleaginous fruits; miscellaneous grains, seeds and fruit, industrial or medicinal plants; straw and fodder",21558.772,2025,Export
DEU,Germany,ABW,Aruba,agriculture,12,"Oil seeds and oleaginous fruits; miscellaneous grains, seeds and fruit, industrial or medicinal plants; straw and fodder",21558.772,2025,Export
DEU,Germany,AFG,Afghanistan,agriculture,12,"Oil seeds and oleaginous fruits; miscellaneous grains, seeds and fruit, industrial or medicinal plants; straw and fodder",46195.056,2025,Export
DEU,Germany,AFG,Afghanistan,agriculture,12,"Oil seeds and oleaginous fruits; miscellaneous grains, seeds and fruit, industrial or medicinal plants; straw and fodder",46195.056,2025,Export
DEU,Germany,AGO,Angola,agriculture,10,Cereals,49868886.513,2025,Export
DEU,Germany,AGO,Angola,agriculture,10,Cereals,49868886.513,2025,Export
DEU,Germany,AGO,Angola,agriculture,11,"Products of the milling industry; malt, starches, inulin, wheat gluten",5537462.014,2025,Export
DEU,Germany,AGO,Angola,agriculture,11,"Products of the milling industry; malt, starches, inulin, wheat gluten",5537462.014,2025,Export
DEU,Germany,ALB,Albania,agriculture,10,Cereals,47457.45,2025,Export
DEU,Germany,ALB,Albania,agriculture,10,Cereals,47457.45,2025,Export
DEU,Germany,ALB,Albania,agriculture,11,"Products of the milling industry; malt, starches, inulin, wheat gluten",283739.095,2025,Export
DEU,Germany,ALB,Albania,agriculture,11,"Products of the milling industry; malt, starches, inulin, wheat gluten",283739.095,2025,Export
DEU,Germany,ALB,Albania,agriculture,12,"Oil seeds and oleaginous fruits; miscellaneous grains, seeds and fruit, industrial or medicinal plants; straw and fodder",843644.025,2025,Export
DEU,Germany,ALB,Albania,agriculture,12,"Oil seeds and oleaginous fruits; miscellaneous grains, seeds and fruit, industrial or medicinal plants; straw and fodder",843644.025,2025,Export
DEU,Germany,ARE,United Arab Emirates,agriculture,10,Cereals,6372.079,2025,Export
DEU,Germany,ARE,United Arab Emirates,agriculture,10,Cereals,6372.079,2025,Export
DEU,Germany,ARE,United Arab Emirates,agriculture,11,"Products of the milling industry; malt, starches, inulin, wheat gluten",2951161.574,2025,Export
DEU,Germany,ARE,United Arab Emirates,agriculture,11,"Products of the milling industry; malt, starches, inulin, wheat gluten",2951161.574,2025,Export
DEU,Germany,ARE,United Arab Emirates,agriculture,12,"Oil seeds and oleaginous fruits; miscellaneous grains, seeds and fruit, industrial or medicinal plants; straw and fodder",4473749.085,2025,Export
DEU,Germany,ARE,United Arab Emirates,agriculture,12,"Oil seeds and oleaginous fruits; miscellaneous grains, seeds and fruit, industrial or medicinal plants; straw and fodder",4473749.085,2025,Export
DEU,Germany,ARG,Argentina,agriculture,11,"Products of the milling industry; malt, starches, inulin, wheat gluten",3047968.45,2025,Export
DEU,Germany,ARG,Argentina,agriculture,11,"Products of the milling industry; malt, starches, inulin, wheat gluten",3047968.45,2025,Export
DEU,Germany,ARG,Argentina,agriculture,12,"Oil seeds and oleaginous fruits; miscellaneous grains, seeds and fruit, industrial or medicinal plants; straw and fodder",6969768.128,2025,Export
DEU,Germany,ARG,Argentina,agriculture,12,"Oil seeds and oleaginous fruits; miscellaneous grains, seeds and fruit, industrial or medicinal plants; straw and fodder",6969768.128,2025,Export
DEU,Germany,ARM,Armenia,agriculture,11,"Products of the milling industry; malt, starches, inulin, wheat gluten",100076.461,2025,Export
DEU,Germany,ARM,Armenia,agriculture,11,"Products of the milling industry; malt, starches, inulin, wheat gluten",100076.461,2025,Export
DEU,Germany,ARM,Armenia,agriculture,12,"Oil seeds and oleaginous fruits; miscellaneous grains, seeds and fruit, industrial or medicinal plants; straw and fodder",744636.059,2025,Export
DEU,Germany,ARM,Armenia,agriculture,12,"Oil seeds and oleaginous fruits; miscellaneous grains, seeds and fruit, industrial or medicinal plants; straw and fodder",744636.059,2025,Export
DEU,Germany,AUS,Australia,agriculture,10,Cereals,9311.215,2025,Export
DEU,Germany,AUS,Australia,agriculture,10,Cereals,9311.215,2025,Export
DEU,Germany,AUS,Australia,agriculture,11,"Products of the milling industry; malt, starches, inulin, wheat gluten",13708485.521,2025,Export
DEU,Germany,AUS,Australia,agriculture,11,"Products of the milling industry; malt, starches, inulin, wheat gluten",13708485.521,2025,Export
DEU,Germany,AUS,Australia,agriculture,12,"Oil seeds and oleaginous fruits; miscellaneous grains, seeds and fruit, industrial or medicinal plants; straw and fodder",4014757.598,2025,Export
DEU,Germany,AUS,Australia,agriculture,12,"Oil seeds and oleaginous fruits; miscellaneous grains, seeds and fruit, industrial or medicinal plants; straw and fodder",4014757.598,2025,Export
DEU,Germany,AUT,Austria,agriculture,10,Cereals,91265821.287,2025,Export
DEU,Germany,AUT,Austria,agriculture,10,Cereals,91265821.287,2025,Export
DEU,Germany,AUT,Austria,agriculture,11,"Products of the milling industry; malt, starches, inulin, wheat gluten",112296705.024,2025,Export
DEU,Germany,AUT,Austria,agriculture,11,"Products of the milling industry; malt, starches, inulin, wheat gluten",112296705.024,2025,Export
DEU,Germany,AUT,Austria,agriculture,12,"Oil seeds and oleaginous fruits; miscellaneous grains, seeds and fruit, industrial or medicinal plants; straw and fodder",143713242.67,2025,Export
DEU,Germany,AUT,Austria,agriculture,12,"Oil seeds and oleaginous fruits; miscellaneous grains, seeds and fruit, industrial or medicinal plants; straw and fodder",143713242.67,2025,Export
DEU,Germany,AZE,Azerbaijan,agriculture,10,Cereals,5951.699,2025,Export
DEU,Germany,AZE,Azerbaijan,agriculture,10,Cereals,5951.699,2025,Export
DEU,Germany,AZE,Azerbaijan,agriculture,11,"Products of the milling industry; malt, starches, inulin, wheat gluten",3940326.057,2025,Export
DEU,Germany,AZE,Azerbaijan,agriculture,11,"Products of the milling industry; malt, starches, inulin, wheat gluten",3940326.057,2025,Export
DEU,Germany,AZE,Azerbaijan,agriculture,12,"Oil seeds and oleaginous fruits; miscellaneous grains, seeds and fruit, industrial or medicinal plants; straw and fodder",1014174.18,2025,Export
DEU,Germany,AZE,Azerbaijan,agriculture,12,"Oil seeds and oleaginous fruits; miscellaneous grains, seeds and fruit, industrial or medicinal plants; straw and fodder",1014174.18,2025,Export
DEU,Germany,BDI,Burundi,agriculture,10,Cereals,955250.632,2025,Export
DEU,Germany,BDI,Burundi,agriculture,10,Cereals,955250.632,2025,Export
DEU,Germany,BDI,Burundi,agriculture,11,"Products of the milling industry; malt, starches, inulin, wheat gluten",234278.438,2025,Export
DEU,Germany,BDI,Burundi,agriculture,11,"Products of the milling industry; malt, starches, inulin, wheat gluten",234278.438,2025,Export
DEU,Germany,BEL,Belgium,agriculture,10,Cereals,208278913.748,2025,Export
DEU,Germany,BEL,Belgium,agriculture,10,Cereals,208278913.748,2025,Export
DEU,Germany,BEL,Belgium,agriculture,11,"Products of the milling industry; malt, starches, inulin, wheat gluten",144695389.56,2025,Export
DEU,Germany,BEL,Belgium,agriculture,11,"Products of the milling industry; malt, starches, inulin, wheat gluten",144695389.56,2025,Export
DEU,Germany,BEL,Belgium,agriculture,12,"Oil seeds and oleaginous fruits; miscellaneous grains, seeds and fruit, industrial or medicinal plants; straw and fodder",75398570.065,2025,Export
DEU,Germany,BEL,Belgium,agriculture,12,"Oil seeds and oleaginous fruits; miscellaneous grains, seeds and fruit, industrial or medicinal plants; straw and fodder",75398570.065,2025,Export
DEU,Germany,BEN,Benin,agriculture,11,"Products of the milling industry; malt, starches, inulin, wheat gluten",19059.9,2025,Export
DEU,Germany,BEN,Benin,agriculture,11,"Products of the milling industry; malt, starches, inulin, wheat gluten",19059.9,2025,Export
DEU,Germany,BFA,Burkina Faso,agriculture,10,Cereals,8472972.382,2025,Export
DEU,Germany,BFA,Burkina Faso,agriculture,10,Cereals,8472972.382,2025,Export
DEU,Germany,BFA,Burkina Faso,agriculture,11,"Products of the milling industry; malt, starches, inulin, wheat gluten",7479722.13,2025,Export
DEU,Germany,BFA,Burkina Faso,agriculture,11,"Products of the milling industry; malt, starches, inulin, wheat gluten",7479722.13,2025,Export
DEU,Germany,BGD,Bangladesh,agriculture,11,"Products of the milling industry; malt, starches, inulin, wheat gluten",1762583.364,2025,Export
DEU,Germany,BGD,Bangladesh,agriculture,11,"Products of the milling industry; malt, starches, inulin, wheat gluten",1762583.364,2025,Export
DEU,Germany,BGD,Bangladesh,agriculture,12,"Oil seeds and oleaginous fruits; miscellaneous grains, seeds and fruit, industrial or medicinal plants; straw and fodder",2647663.378,2025,Export
DEU,Germany,BGD,Bangladesh,agriculture,12,"Oil seeds and oleaginous fruits; miscellaneous grains, seeds and fruit, industrial or medicinal plants; straw and fodder",2647663.378,2025,Export
DEU,Germany,BGR,Bulgaria,agriculture,10,Cereals,744832.495,2025,Export
DEU,Germany,BGR,Bulgaria,agriculture,10,Cereals,744832.495,2025,Export
DEU,Germany,BGR,Bulgaria,agriculture,11,"Products of the milling industry; malt, starches, inulin, wheat gluten",4014885.302,2025,Export
DEU,Germany,BGR,Bulgaria,agriculture,11,"Products of the milling industry; malt, starches, inulin, wheat gluten",4014885.302,2025,Export
DEU,Germany,BGR,Bulgaria,agriculture,12,"Oil seeds and oleaginous fruits; miscellaneous grains, seeds and fruit, industrial or medicinal plants; straw and fodder",5643949.663,2025,Export
DEU,Germany,BGR,Bulgaria,agriculture,12,"Oil seeds and oleaginous fruits; miscellaneous grains, seeds and fruit, industrial or medicinal plants; straw and fodder",5643949.663,2025,Export
DEU,Germany,BHR,Bahrain,agriculture,11,"Products of the milling industry; malt, starches, inulin, wheat gluten",1974072.11,2025,Export
DEU,Germany,BHR,Bahrain,agriculture,11,"Products of the milling industry; malt, starches, inulin, wheat gluten",1974072.11,2025,Export
DEU,Germany,BHR,Bahrain,agriculture,12,"Oil seeds and oleaginous fruits; miscellaneous grains, seeds and fruit, industrial or medicinal plants; straw and fodder",104912.359,2025,Export
DEU,Germany,BHR,Bahrain,agriculture,12,"Oil seeds and oleaginous fruits; miscellaneous grains, seeds and fruit, industrial or medicinal plants; straw and fodder",104912.359,2025,Export
DEU,Germany,BHS,Bahamas,agriculture,11,"Products of the milling industry; malt, starches, inulin, wheat gluten",458339.338,2025,Export
DEU,Germany,BHS,Bahamas,agriculture,11,"Products of the milling industry; malt, starches, inulin, wheat gluten",458339.338,2025,Export
DEU,Germany,BHS,Bahamas,agriculture,12,"Oil seeds and oleaginous fruits; miscellaneous grains, seeds and fruit, industrial or medicinal plants; straw and fodder",32582.681,2025,Export
DEU,Germany,BHS,Bahamas,agriculture,12,"Oil seeds and oleaginous fruits; miscellaneous grains, seeds and fruit, industrial or medicinal plants; straw and fodder",32582.681,2025,Export
DEU,Germany,BIH,Bosnia Herzegovina,agriculture,10,Cereals,14672.901,2025,Export
DEU,Germany,BIH,Bosnia Herzegovina,agriculture,10,Cereals,14672.901,2025,Export
DEU,Germany,BIH,Bosnia Herzegovina,agriculture,11,"Products of the milling industry; malt, starches, inulin, wheat gluten",431618.543,2025,Export
DEU,Germany,BIH,Bosnia Herzegovina,agriculture,11,"Products of the milling industry; malt, starches, inulin, wheat gluten",431618.543,2025,Export
DEU,Germany,BIH,Bosnia Herzegovina,agriculture,12,"Oil seeds and oleaginous fruits; miscellaneous grains, seeds and fruit, industrial or medicinal plants; straw and fodder",711860.115,2025,Export
DEU,Germany,BIH,Bosnia Herzegovina,agriculture,12,"Oil seeds and oleaginous fruits; miscellaneous grains, seeds and fruit, industrial or medicinal plants; straw and fodder",711860.115,2025,Export
DEU,Germany,BLR,Belarus,agriculture,10,Cereals,18778836.256,2025,Export
DEU,Germany,BLR,Belarus,agriculture,10,Cereals,18778836.256,2025,Export
DEU,Germany,BLR,Belarus,agriculture,11,"Products of the milling industry; malt, starches, inulin, wheat gluten",3370688.711,2025,Export
DEU,Germany,BLR,Belarus,agriculture,11,"Products of the milling industry; malt, starches, inulin, wheat gluten",3370688.711,2025,Export
DEU,Germany,BLR,Belarus,agriculture,12,"Oil seeds and oleaginous fruits; miscellaneous grains, seeds and fruit, industrial or medicinal plants; straw and fodder",33264482.407,2025,Export
DEU,Germany,BLR,Belarus,agriculture,12,"Oil seeds and oleaginous fruits; miscellaneous grains, seeds and fruit, industrial or medicinal plants; straw and fodder",33264482.407,2025,Export
DEU,Germany,BLZ,Belize,agriculture,12,"Oil seeds and oleaginous fruits; miscellaneous grains, seeds and fruit, industrial or medicinal plants; straw and fodder",18803.595,2025,Export
DEU,Germany,BLZ,Belize,agriculture,12,"Oil seeds and oleaginous fruits; miscellaneous grains, seeds and fruit, industrial or medicinal plants; straw and fodder",18803.595,2025,Export
DEU,Germany,BOL,Bolivia (Plurinational State of),agriculture,11,"Products of the milling industry; malt, starches, inulin, wheat gluten",93909.315,2025,Export
DEU,Germany,BOL,Bolivia (Plurinational State of),agriculture,11,"Products of the milling industry; malt, starches, inulin, wheat gluten",93909.315,2025,Export
DEU,Germany,BOL,Bolivia (Plurinational State of),agriculture,12,"Oil seeds and oleaginous fruits; miscellaneous grains, seeds and fruit, industrial or medicinal plants; straw and fodder",819219.094,2025,Export
DEU,Germany,BOL,Bolivia (Plurinational State of),agriculture,12,"Oil seeds and oleaginous fruits; miscellaneous grains, seeds and fruit, industrial or medicinal plants; straw and fodder",819219.094,2025,Export
DEU,Germany,BRA,Brazil,agriculture,10,Cereals,25396.002,2025,Export
DEU,Germany,BRA,Brazil,agriculture,10,Cereals,25396.002,2025,Export
DEU,Germany,BRA,Brazil,agriculture,11,"Products of the milling industry; malt, starches, inulin, wheat gluten",31296234.542,2025,Export
DEU,Germany,BRA,Brazil,agriculture,11,"Products of the milling industry; malt, starches, inulin, wheat gluten",31296234.542,2025,Export
DEU,Germany,BRA,Brazil,agriculture,12,"Oil seeds and oleaginous fruits; miscellaneous grains, seeds and fruit, industrial or medicinal plants; straw and fodder",20059692.236,2025,Export
DEU,Germany,BRA,Brazil,agriculture,12,"Oil seeds and oleaginous fruits; miscellaneous grains, seeds and fruit, industrial or medicinal plants; straw and fodder",20059692.236,2025,Export
DEU,Germany,BWA,Botswana,agriculture,12,"Oil seeds and oleaginous fruits; miscellaneous grains, seeds and fruit, industrial or medicinal plants; straw and fodder",158677.111,2025,Export
DEU,Germany,BWA,Botswana,agriculture,12,"Oil seeds and oleaginous fruits; miscellaneous grains, seeds and fruit, industrial or medicinal plants; straw and fodder",158677.111,2025,Export
DEU,Germany,CAF,Central African Rep.,agriculture,10,Cereals,1749.225,2025,Export
DEU,Germany,CAF,Central African Rep.,agriculture,10,Cereals,1749.225,2025,Export
DEU,Germany,CAN,Canada,agriculture,10,Cereals,433780.867,2025,Export
DEU,Germany,CAN,Canada,agriculture,10,Cereals,433780.867,2025,Export
DEU,Germany,CAN,Canada,agriculture,11,"Products of the milling industry; malt, starches, inulin, wheat gluten",10317136.305,2025,Export
DEU,Germany,CAN,Canada,agriculture,11,"Products of the milling industry; malt, starches, inulin, wheat gluten",10317136.305,2025,Export
DEU,Germany,CAN,Canada,agriculture,12,"Oil seeds and oleaginous fruits; miscellaneous grains, seeds and fruit, industrial or medicinal plants; straw and fodder",10366195.667,2025,Export
DEU,Germany,CAN,Canada,agriculture,12,"Oil seeds and oleaginous fruits; miscellaneous grains, seeds and fruit, industrial or medicinal plants; straw and fodder",10366195.667,2025,Export
DEU,Germany,CHE,Switzerland,agriculture,10,Cereals,76495218.981,2025,Export
DEU,Germany,CHE,Switzerland,agriculture,10,Cereals,76495218.981,2025,Export
DEU,Germany,CHE,Switzerland,agriculture,11,"Products of the milling industry; malt, starches, inulin, wheat gluten",54894969.12,2025,Export
DEU,Germany,CHE,Switzerland,agriculture,11,"Products of the milling industry; malt, starches, inulin, wheat gluten",54894969.12,2025,Export
DEU,Germany,CHE,Switzerland,agriculture,12,"Oil seeds and oleaginous fruits; miscellaneous grains, seeds and fruit, industrial or medicinal plants; straw and fodder",127649515.498,2025,Export
DEU,Germany,CHE,Switzerland,agriculture,12,"Oil seeds and oleaginous fruits; miscellaneous grains, seeds and fruit, industrial or medicinal plants; straw and fodder",127649515.498,2025,Export
DEU,Germany,CHL,Chile,agriculture,10,Cereals,609692.762,2025,Export
DEU,Germany,CHL,Chile,agriculture,10,Cereals,609692.762,2025,Export
DEU,Germany,CHL,Chile,agriculture,11,"Products of the milling industry; malt, starches, inulin, wheat gluten",6635732.216,2025,Export
DEU,Germany,CHL,Chile,agriculture,11,"Products of the milling industry; malt, starches, inulin, wheat gluten",6635732.216,2025,Export
DEU,Germany,CHL,Chile,agriculture,12,"Oil seeds and oleaginous fruits; miscellaneous grains, seeds and fruit, industrial or medicinal plants; straw and fodder",3498240.898,2025,Export
DEU,Germany,CHL,Chile,agriculture,12,"Oil seeds and oleaginous fruits; miscellaneous grains, seeds and fruit, industrial or medicinal plants; straw and fodder",3498240.898,2025,Export
DEU,Germany,CHN,China,agriculture,10,Cereals,394111.971,2025,Export
DEU,Germany,CHN,China,agriculture,10,Cereals,394111.971,2025,Export
DEU,Germany,CHN,China,agriculture,11,"Products of the milling industry; malt, starches, inulin, wheat gluten",9788088.561,2025,Export
DEU,Germany,CHN,China,agriculture,11,"Products of the milling industry; malt, starches, inulin, wheat gluten",9788088.561,2025,Export
DEU,Germany,CHN,China,agriculture,12,"Oil seeds and oleaginous fruits; miscellaneous grains, seeds and fruit, industrial or medicinal plants; straw and fodder",57344321.838,2025,Export
DEU,Germany,CHN,China,agriculture,12,"Oil seeds and oleaginous fruits; miscellaneous grains, seeds and fruit, industrial or medicinal plants; straw and fodder",57344321.838,2025,Export
DEU,Germany,CIV,Côte d'Ivoire,agriculture,10,Cereals,24064208.486,2025,Export
DEU,Germany,CIV,Côte d'Ivoire,agriculture,10,Cereals,24064208.486,2025,Export
DEU,Germany,CIV,Côte d'Ivoire,agriculture,11,"Products of the milling industry; malt, starches, inulin, wheat gluten",8941546.456,2025,Export
DEU,Germany,CIV,Côte d'Ivoire,agriculture,11,"Products of the milling industry; malt, starches, inulin, wheat gluten",8941546.456,2025,Export
DEU,Germany,CMR,Cameroon,agriculture,10,Cereals,29620971.43,2025,Export
DEU,Germany,CMR,Cameroon,agriculture,10,Cereals,29620971.43,2025,Export
DEU,Germany,CMR,Cameroon,agriculture,11,"Products of the milling industry; malt, starches, inulin, wheat gluten",4134833.914,2025,Export
DEU,Germany,CMR,Cameroon,agriculture,11,"Products of the milling industry; malt, starches, inulin, wheat gluten",4134833.914,2025,Export
DEU,Germany,CMR,Cameroon,agriculture,12,"Oil seeds and oleaginous fruits; miscellaneous grains, seeds and fruit, industrial or medicinal plants; straw and fodder",1085275.295,2025,Export
DEU,Germany,CMR,Cameroon,agriculture,12,"Oil seeds and oleaginous fruits; miscellaneous grains, seeds and fruit, industrial or medicinal plants; straw and fodder",1085275.295,2025,Export
DEU,Germany,COD,Dem. Rep. of the Congo,agriculture,11,"Products of the milling industry; malt, starches, inulin, wheat gluten",4537024.445,2025,Export
DEU,Germany,COD,Dem. Rep. of the Congo,agriculture,11,"Products of the milling industry; malt, starches, inulin, wheat gluten",4537024.445,2025,Export
DEU,Germany,COD,Dem. Rep. of the Congo,agriculture,12,"Oil seeds and oleaginous fruits; miscellaneous grains, seeds and fruit, industrial or medicinal plants; straw and fodder",7793.695,2025,Export
DEU,Germany,COD,Dem. Rep. of the Congo,agriculture,12,"Oil seeds and oleaginous fruits; miscellaneous grains, seeds and fruit, industrial or medicinal plants; straw and fodder",7793.695,2025,Export
DEU,Germany,COG,Congo,agriculture,11,"Products of the milling industry; malt, starches, inulin, wheat gluten",3228359.009,2025,Export
DEU,Germany,COG,Congo,agriculture,11,"Products of the milling industry; malt, starches, inulin, wheat gluten",3228359.009,2025,Export
DEU,Germany,COL,Colombia,agriculture,11,"Products of the milling industry; malt, starches, inulin, wheat gluten",1382600.142,2025,Export
DEU,Germany,COL,Colombia,agriculture,11,"Products of the milling industry; malt, starches, inulin, wheat gluten",1382600.142,2025,Export
DEU,Germany,COL,Colombia,agriculture,12,"Oil seeds and oleaginous fruits; miscellaneous grains, seeds and fruit, industrial or medicinal plants; straw and fodder",4787221.226,2025,Export
DEU,Germany,COL,Colombia,agriculture,12,"Oil seeds and oleaginous fruits; miscellaneous grains, seeds and fruit, industrial or medicinal plants; straw and fodder",4787221.226,2025,Export
DEU,Germany,CPV,Cabo Verde,agriculture,12,"Oil seeds and oleaginous fruits; miscellaneous grains, seeds and fruit, industrial or medicinal plants; straw and fodder",31035.145,2025,Export
DEU,Germany,CPV,Cabo Verde,agriculture,12,"Oil seeds and oleaginous fruits; miscellaneous grains, seeds and fruit, industrial or medicinal plants; straw and fodder",31035.145,2025,Export
DEU,Germany,CRI,Costa Rica,agriculture,11,"Products of the milling industry; malt, starches, inulin, wheat gluten",555709.992,2025,Export
DEU,Germany,CRI,Costa Rica,agriculture,11,"Products of the milling industry; malt, starches, inulin, wheat gluten",555709.992,2025,Export
DEU,Germany,CRI,Costa Rica,agriculture,12,"Oil seeds and oleaginous fruits; miscellaneous grains, seeds and fruit, industrial or medicinal plants; straw and fodder",15186.002,2025,Export
DEU,Germany,CRI,Costa Rica,agriculture,12,"Oil seeds and oleaginous fruits; miscellaneous grains, seeds and fruit, industrial or medicinal plants; straw and fodder",15186.002,2025,Export
DEU,Germany,CUB,Cuba,agriculture,10,Cereals,2924128.181,2025,Export
DEU,Germany,CUB,Cuba,agriculture,10,Cereals,2924128.181,2025,Export
DEU,Germany,CUB,Cuba,agriculture,11,"Products of the milling industry; malt, starches, inulin, wheat gluten",5598675.597,2025,Export
DEU,Germany,CUB,Cuba,agriculture,11,"Products of the milling industry; malt, starches, inulin, wheat gluten",5598675.597,2025,Export
DEU,Germany,CUB,Cuba,agriculture,12,"Oil seeds and oleaginous fruits; miscellaneous grains, seeds and fruit, industrial or medicinal plants; straw and fodder",303349.012,2025,Export
DEU,Germany,CUB,Cuba,agriculture,12,"Oil seeds and oleaginous fruits; miscellaneous grains, seeds and fruit, industrial or medicinal plants; straw and fodder",303349.012,2025,Export
DEU,Germany,CYM,Cayman Isds,agriculture,12,"Oil seeds and oleaginous fruits; miscellaneous grains, seeds and fruit, industrial or medicinal plants; straw and fodder",7348.63,2025,Export
DEU,Germany,CYM,Cayman Isds,agriculture,12,"Oil seeds and oleaginous fruits; miscellaneous grains, seeds and fruit, industrial or medicinal plants; straw and fodder",7348.63,2025,Export
DEU,Germany,CYP,Cyprus,agriculture,10,Cereals,135696.152,2025,Export
DEU,Germany,CYP,Cyprus,agriculture,10,Cereals,135696.152,2025,Export
DEU,Germany,CYP,Cyprus,agriculture,11,"Products of the milling industry; malt, starches, inulin, wheat gluten",640814.747,2025,Export
DEU,Germany,CYP,Cyprus,agriculture,11,"Products of the milling industry; malt, starches, inulin, wheat gluten",640814.747,2025,Export
DEU,Germany,CYP,Cyprus,agriculture,12,"Oil seeds and oleaginous fruits; miscellaneous grains, seeds and fruit, industrial or medicinal plants; straw and fodder",530399.747,2025,Export
DEU,Germany,CYP,Cyprus,agriculture,12,"Oil seeds and oleaginous fruits; miscellaneous grains, seeds and fruit, industrial or medicinal plants; straw and fodder",530399.747,2025,Export
DEU,Germany,CZE,Czechia,agriculture,10,Cereals,8272310.698,2025,Export
DEU,Germany,CZE,Czechia,agriculture,10,Cereals,8272310.698,2025,Export
DEU,Germany,CZE,Czechia,agriculture,11,"Products of the milling industry; malt, starches, inulin, wheat gluten",31814494.493,2025,Export
DEU,Germany,CZE,Czechia,agriculture,11,"Products of the milling industry; malt, starches, inulin, wheat gluten",31814494.493,2025,Export
DEU,Germany,CZE,Czechia,agriculture,12,"Oil seeds and oleaginous fruits; miscellaneous grains, seeds and fruit, industrial or medicinal plants; straw and fodder",73929346.611,2025,Export
DEU,Germany,CZE,Czechia,agriculture,12,"Oil seeds and oleaginous fruits; miscellaneous grains, seeds and fruit, industrial or medicinal plants; straw and fodder",73929346.611,2025,Export
DEU,Germany,DMA,Dominica,agriculture,12,"Oil seeds and oleaginous fruits; miscellaneous grains, seeds and fruit, industrial or medicinal plants; straw and fodder",72554.029,2025,Export
DEU,Germany,DMA,Dominica,agriculture,12,"Oil seeds and oleaginous fruits; miscellaneous grains, seeds and fruit, industrial or medicinal plants; straw and fodder",72554.029,2025,Export
DEU,Germany,DNK,Denmark,agriculture,10,Cereals,67918479.915,2025,Export
DEU,Germany,DNK,Denmark,agriculture,10,Cereals,67918479.915,2025,Export
DEU,Germany,DNK,Denmark,agriculture,11,"Products of the milling industry; malt, starches, inulin, wheat gluten",58428573.125,2025,Export
DEU,Germany,DNK,Denmark,agriculture,11,"Products of the milling industry; malt, starches, inulin, wheat gluten",58428573.125,2025,Export
DEU,Germany,DNK,Denmark,agriculture,12,"Oil seeds and oleaginous fruits; miscellaneous grains, seeds and fruit, industrial or medicinal plants; straw and fodder",52222004.143,2025,Export
DEU,Germany,DNK,Denmark,agriculture,12,"Oil seeds and oleaginous fruits; miscellaneous grains, seeds and fruit, industrial or medicinal plants; straw and fodder",52222004.143,2025,Export
DEU,Germany,DOM,Dominican Rep.,agriculture,11,"Products of the milling industry; malt, starches, inulin, wheat gluten",854208.852,2025,Export
DEU,Germany,DOM,Dominican Rep.,agriculture,11,"Products of the milling industry; malt, starches, inulin, wheat gluten",854208.852,2025,Export
DEU,Germany,DOM,Dominican Rep.,agriculture,12,"Oil seeds and oleaginous fruits; miscellaneous grains, seeds and fruit, industrial or medicinal plants; straw and fodder",277195.503,2025,Export
DEU,Germany,DOM,Dominican Rep.,agriculture,12,"Oil seeds and oleaginous fruits; miscellaneous grains, seeds and fruit, industrial or medicinal plants; straw and fodder",277195.503,2025,Export
DEU,Germany,DZA,Algeria,agriculture,10,Cereals,80537526.787,2025,Export
DEU,Germany,DZA,Algeria,agriculture,10,Cereals,80537526.787,2025,Export
DEU,Germany,DZA,Algeria,agriculture,11,"Products of the milling industry; malt, starches, inulin, wheat gluten",1523546.688,2025,Export
DEU,Germany,DZA,Algeria,agriculture,11,"Products of the milling industry; malt, starches, inulin, wheat gluten",1523546.688,2025,Export
DEU,Germany,DZA,Algeria,agriculture,12,"Oil seeds and oleaginous fruits; miscellaneous grains, seeds and fruit, industrial or medicinal plants; straw and fodder",439685.414,2025,Export
DEU,Germany,DZA,Algeria,agriculture,12,"Oil seeds and oleaginous fruits; miscellaneous grains, seeds and fruit, industrial or medicinal plants; straw and fodder",439685.414,2025,Export
DEU,Germany,ECU,Ecuador,agriculture,11,"Products of the milling industry; malt, starches, inulin, wheat gluten",972674.512,2025,Export
DEU,Germany,ECU,Ecuador,agriculture,11,"Products of the milling industry; malt, starches, inulin, wheat gluten",972674.512,2025,Export
DEU,Germany,ECU,Ecuador,agriculture,12,"Oil seeds and oleaginous fruits; miscellaneous grains, seeds and fruit, industrial or medicinal plants; straw and fodder",1673436.118,2025,Export
DEU,Germany,ECU,Ecuador,agriculture,12,"Oil seeds and oleaginous fruits; miscellaneous grains, seeds and fruit, industrial or medicinal plants; straw and fodder",1673436.118,2025,Export
DEU,Germany,EGY,Egypt,agriculture,11,"Products of the milling industry; malt, starches, inulin, wheat gluten",4285280.448,2025,Export
DEU,Germany,EGY,Egypt,agriculture,11,"Products of the milling industry; malt, starches, inulin, wheat gluten",4285280.448,2025,Export
DEU,Germany,EGY,Egypt,agriculture,12,"Oil seeds and oleaginous fruits; miscellaneous grains, seeds and fruit, industrial or medicinal plants; straw and fodder",29023653.575,2025,Export
DEU,Germany,EGY,Egypt,agriculture,12,"Oil seeds and oleaginous fruits; miscellaneous grains, seeds and fruit, industrial or medicinal plants; straw and fodder",29023653.575,2025,Export
DEU,Germany,ERI,Eritrea,agriculture,10,Cereals,15618.75,2025,Export
DEU,Germany,ERI,Eritrea,agriculture,10,Cereals,15618.75,2025,Export
DEU,Germany,ESP,Spain,agriculture,10,Cereals,84833383.12,2025,Export
DEU,Germany,ESP,Spain,agriculture,10,Cereals,84833383.12,2025,Export
DEU,Germany,ESP,Spain,agriculture,11,"Products of the milling industry; malt, starches, inulin, wheat gluten",72468033.038,2025,Export
DEU,Germany,ESP,Spain,agriculture,11,"Products of the milling industry; malt, starches, inulin, wheat gluten",72468033.038,2025,Export
DEU,Germany,ESP,Spain,agriculture,12,"Oil seeds and oleaginous fruits; miscellaneous grains, seeds and fruit, industrial or medicinal plants; straw and fodder",47459725.354,2025,Export
DEU,Germany,ESP,Spain,agriculture,12,"Oil seeds and oleaginous fruits; miscellaneous grains, seeds and fruit, industrial or medicinal plants; straw and fodder",47459725.354,2025,Export
DEU,Germany,EST,Estonia,agriculture,10,Cereals,777409.666,2025,Export
DEU,Germany,EST,Estonia,agriculture,10,Cereals,777409.666,2025,Export
DEU,Germany,EST,Estonia,agriculture,11,"Products of the milling industry; malt, starches, inulin, wheat gluten",1598471.05,2025,Export
DEU,Germany,EST,Estonia,agriculture,11,"Products of the milling industry; malt, starches, inulin, wheat gluten",1598471.05,2025,Export
DEU,Germany,EST,Estonia,agriculture,12,"Oil seeds and oleaginous fruits; miscellaneous grains, seeds and fruit, industrial or medicinal plants; straw and fodder",4844400.305,2025,Export
DEU,Germany,EST,Estonia,agriculture,12,"Oil seeds and oleaginous fruits; miscellaneous grains, seeds and fruit, industrial or medicinal plants; straw and fodder",4844400.305,2025,Export
DEU,Germany,ETH,Ethiopia,agriculture,11,"Products of the milling industry; malt, starches, inulin, wheat gluten",271.484,2025,Export
DEU,Germany,ETH,Ethiopia,agriculture,11,"Products of the milling industry; malt, starches, inulin, wheat gluten",271.484,2025,Export
DEU,Germany,ETH,Ethiopia,agriculture,12,"Oil seeds and oleaginous fruits; miscellaneous grains, seeds and fruit, industrial or medicinal plants; straw and fodder",599132.702,2025,Export
DEU,Germany,ETH,Ethiopia,agriculture,12,"Oil seeds and oleaginous fruits; miscellaneous grains, seeds and fruit, industrial or medicinal plants; straw and fodder",599132.702,2025,Export
DEU,Germany,FIN,Finland,agriculture,10,Cereals,2150209.806,2025,Export
DEU,Germany,FIN,Finland,agriculture,10,Cereals,2150209.806,2025,Export
DEU,Germany,FIN,Finland,agriculture,11,"Products of the milling industry; malt, starches, inulin, wheat gluten",4238240.203,2025,Export
DEU,Germany,FIN,Finland,agriculture,11,"Products of the milling industry; malt, starches, inulin, wheat gluten",4238240.203,2025,Export
DEU,Germany,FIN,Finland,agriculture,12,"Oil seeds and oleaginous fruits; miscellaneous grains, seeds and fruit, industrial or medicinal plants; straw and fodder",16322274.933,2025,Export
DEU,Germany,FIN,Finland,agriculture,12,"Oil seeds and oleaginous fruits; miscellaneous grains, seeds and fruit, industrial or medicinal plants; straw and fodder",16322274.933,2025,Export
DEU,Germany,FRA,France,agriculture,10,Cereals,123435013.227,2025,Export
DEU,Germany,FRA,France,agriculture,10,Cereals,123435013.227,2025,Export
DEU,Germany,FRA,France,agriculture,11,"Products of the milling industry; malt, starches, inulin, wheat gluten",281406152.2,2025,Export
DEU,Germany,FRA,France,agriculture,11,"Products of the milling industry; malt, starches, inulin, wheat gluten",281406152.2,2025,Export
DEU,Germany,FRA,France,agriculture,12,"Oil seeds and oleaginous fruits; miscellaneous grains, seeds and fruit, industrial or medicinal plants; straw and fodder",263618818.536,2025,Export
DEU,Germany,FRA,France,agriculture,12,"Oil seeds and oleaginous fruits; miscellaneous grains, seeds and fruit, industrial or medicinal plants; straw and fodder",263618818.536,2025,Export
DEU,Germany,FRO,Faroe Isds,agriculture,10,Cereals,2650687.536,2025,Export
DEU,Germany,FRO,Faroe Isds,agriculture,10,Cereals,2650687.536,2025,Export
DEU,Germany,FRO,Faroe Isds,agriculture,11,"Products of the milling industry; malt, starches, inulin, wheat gluten",1042565.259,2025,Export
DEU,Germany,FRO,Faroe Isds,agriculture,11,"Products of the milling industry; malt, starches, inulin, wheat gluten",1042565.259,2025,Export
DEU,Germany,FRO,Faroe Isds,agriculture,12,"Oil seeds and oleaginous fruits; miscellaneous grains, seeds and fruit, industrial or medicinal plants; straw and fodder",25796.713,2025,Export
DEU,Germany,FRO,Faroe Isds,agriculture,12,"Oil seeds and oleaginous fruits; miscellaneous grains, seeds and fruit, industrial or medicinal plants; straw and fodder",25796.713,2025,Export
DEU,Germany,GAB,Gabon,agriculture,11,"Products of the milling industry; malt, starches, inulin, wheat gluten",952794.366,2025,Export
DEU,Germany,GAB,Gabon,agriculture,11,"Products of the milling industry; malt, starches, inulin, wheat gluten",952794.366,2025,Export
DEU,Germany,GBR,United Kingdom,agriculture,10,Cereals,195416857.797,2025,Export
DEU,Germany,GBR,United Kingdom,agriculture,10,Cereals,195416857.797,2025,Export
DEU,Germany,GBR,United Kingdom,agriculture,11,"Products of the milling industry; malt, starches, inulin, wheat gluten",93825374.303,2025,Export
DEU,Germany,GBR,United Kingdom,agriculture,11,"Products of the milling industry; malt, starches, inulin, wheat gluten",93825374.303,2025,Export
DEU,Germany,GBR,United Kingdom,agriculture,12,"Oil seeds and oleaginous fruits; miscellaneous grains, seeds and fruit, industrial or medicinal plants; straw and fodder",117670259.945,2025,Export
DEU,Germany,GBR,United Kingdom,agriculture,12,"Oil seeds and oleaginous fruits; miscellaneous grains, seeds and fruit, industrial or medicinal plants; straw and fodder",117670259.945,2025,Export
DEU,Germany,GEO,Georgia,agriculture,10,Cereals,125236.437,2025,Export
DEU,Germany,GEO,Georgia,agriculture,10,Cereals,125236.437,2025,Export
DEU,Germany,GEO,Georgia,agriculture,11,"Products of the milling industry; malt, starches, inulin, wheat gluten",580904.116,2025,Export
DEU,Germany,GEO,Georgia,agriculture,11,"Products of the milling industry; malt, starches, inulin, wheat gluten",580904.116,2025,Export
DEU,Germany,GEO,Georgia,agriculture,12,"Oil seeds and oleaginous fruits; miscellaneous grains, seeds and fruit, industrial or medicinal plants; straw and fodder",1019893.442,2025,Export
DEU,Germany,GEO,Georgia,agriculture,12,"Oil seeds and oleaginous fruits; miscellaneous grains, seeds and fruit, industrial or medicinal plants; straw and fodder",1019893.442,2025,Export
DEU,Germany,GHA,Ghana,agriculture,10,Cereals,12701024.71,2025,Export
DEU,Germany,GHA,Ghana,agriculture,10,Cereals,12701024.71,2025,Export
DEU,Germany,GHA,Ghana,agriculture,11,"Products of the milling industry; malt, starches, inulin, wheat gluten",6510272.317,2025,Export
DEU,Germany,GHA,Ghana,agriculture,11,"Products of the milling industry; malt, starches, inulin, wheat gluten",6510272.317,2025,Export
DEU,Germany,GHA,Ghana,agriculture,12,"Oil seeds and oleaginous fruits; miscellaneous grains, seeds and fruit, industrial or medicinal plants; straw and fodder",371423.07,2025,Export
DEU,Germany,GHA,Ghana,agriculture,12,"Oil seeds and oleaginous fruits; miscellaneous grains, seeds and fruit, industrial or medicinal plants; straw and fodder",371423.07,2025,Export
DEU,Germany,GIB,Gibraltar,agriculture,11,"Products of the milling industry; malt, starches, inulin, wheat gluten",3780.843,2025,Export
DEU,Germany,GIB,Gibraltar,agriculture,11,"Products of the milling industry; malt, starches, inulin, wheat gluten",3780.843,2025,Export
DEU,Germany,GIN,Guinea,agriculture,10,Cereals,1580774.462,2025,Export
DEU,Germany,GIN,Guinea,agriculture,10,Cereals,1580774.462,2025,Export
DEU,Germany,GIN,Guinea,agriculture,11,"Products of the milling industry; malt, starches, inulin, wheat gluten",1085913.72,2025,Export
DEU,Germany,GIN,Guinea,agriculture,11,"Products of the milling industry; malt, starches, inulin, wheat gluten",1085913.72,2025,Export
DEU,Germany,GMB,Gambia,agriculture,11,"Products of the milling industry; malt, starches, inulin, wheat gluten",696.203,2025,Export
DEU,Germany,GMB,Gambia,agriculture,11,"Products of the milling industry; malt, starches, inulin, wheat gluten",696.203,2025,Export
DEU,Germany,GNQ,Equatorial Guinea,agriculture,11,"Products of the milling industry; malt, starches, inulin, wheat gluten",592930.122,2025,Export
DEU,Germany,GNQ,Equatorial Guinea,agriculture,11,"Products of the milling industry; malt, starches, inulin, wheat gluten",592930.122,2025,Export
DEU,Germany,GRC,Greece,agriculture,10,Cereals,4836289.694,2025,Export
DEU,Germany,GRC,Greece,agriculture,10,Cereals,4836289.694,2025,Export
DEU,Germany,GRC,Greece,agriculture,11,"Products of the milling industry; malt, starches, inulin, wheat gluten",22338610.977,2025,Export
DEU,Germany,GRC,Greece,agriculture,11,"Products of the milling industry; malt, starches, inulin, wheat gluten",22338610.977,2025,Export
DEU,Germany,GRC,Greece,agriculture,12,"Oil seeds and oleaginous fruits; miscellaneous grains, seeds and fruit, industrial or medicinal plants; straw and fodder",4605840.804,2025,Export
DEU,Germany,GRC,Greece,agriculture,12,"Oil seeds and oleaginous fruits; miscellaneous grains, seeds and fruit, industrial or medicinal plants; straw and fodder",4605840.804,2025,Export
DEU,Germany,GTM,Guatemala,agriculture,11,"Products of the milling industry; malt, starches, inulin, wheat gluten",1258651.709,2025,Export
DEU,Germany,GTM,Guatemala,agriculture,11,"Products of the milling industry; malt, starches, inulin, wheat gluten",1258651.709,2025,Export
DEU,Germany,GTM,Guatemala,agriculture,12,"Oil seeds and oleaginous fruits; miscellaneous grains, seeds and fruit, industrial or medicinal plants; straw and fodder",525742.641,2025,Export
DEU,Germany,GTM,Guatemala,agriculture,12,"Oil seeds and oleaginous fruits; miscellaneous grains, seeds and fruit, industrial or medicinal plants; straw and fodder",525742.641,2025,Export
DEU,Germany,GUY,Guyana,agriculture,11,"Products of the milling industry; malt, starches, inulin, wheat gluten",1669312.765,2025,Export
DEU,Germany,GUY,Guyana,agriculture,11,"Products of the milling industry; malt, starches, inulin, wheat gluten",1669312.765,2025,Export
DEU,Germany,HKG,"China, Hong Kong SAR",agriculture,10,Cereals,168.142,2025,Export
DEU,Germany,HKG,"China, Hong Kong SAR",agriculture,10,Cereals,168.142,2025,Export
DEU,Germany,HKG,"China, Hong Kong SAR",agriculture,11,"Products of the milling industry; malt, starches, inulin, wheat gluten",4285391.635,2025,Export
DEU,Germany,HKG,"China, Hong Kong SAR",agriculture,11,"Products of the milling industry; malt, starches, inulin, wheat gluten",4285391.635,2025,Export
DEU,Germany,HKG,"China, Hong Kong SAR",agriculture,12,"Oil seeds and oleaginous fruits; miscellaneous grains, seeds and fruit, industrial or medicinal plants; straw and fodder",470006.882,2025,Export
DEU,Germany,HKG,"China, Hong Kong SAR",agriculture,12,"Oil seeds and oleaginous fruits; miscellaneous grains, seeds and fruit, industrial or medicinal plants; straw and fodder",470006.882,2025,Export
DEU,Germany,HND,Honduras,agriculture,11,"Products of the milling industry; malt, starches, inulin, wheat gluten",786437.715,2025,Export
DEU,Germany,HND,Honduras,agriculture,11,"Products of the milling industry; malt, starches, inulin, wheat gluten",786437.715,2025,Export
DEU,Germany,HRV,Croatia,agriculture,10,Cereals,890734.111,2025,Export
DEU,Germany,HRV,Croatia,agriculture,10,Cereals,890734.111,2025,Export
DEU,Germany,HRV,Croatia,agriculture,11,"Products of the milling industry; malt, starches, inulin, wheat gluten",8354481.1,2025,Export
DEU,Germany,HRV,Croatia,agriculture,11,"Products of the milling industry; malt, starches, inulin, wheat gluten",8354481.1,2025,Export
DEU,Germany,HRV,Croatia,agriculture,12,"Oil seeds and oleaginous fruits; miscellaneous grains, seeds and fruit, industrial or medicinal plants; straw and fodder",9426852.378,2025,Export
DEU,Germany,HRV,Croatia,agriculture,12,"Oil seeds and oleaginous fruits; miscellaneous grains, seeds and fruit, industrial or medicinal plants; straw and fodder",9426852.378,2025,Export
DEU,Germany,HTI,Haiti,agriculture,11,"Products of the milling industry; malt, starches, inulin, wheat gluten",2243.894,2025,Export
DEU,Germany,HTI,Haiti,agriculture,11,"Products of the milling industry; malt, starches, inulin, wheat gluten",2243.894,2025,Export
DEU,Germany,HUN,Hungary,agriculture,10,Cereals,12457143.969,2025,Export
DEU,Germany,HUN,Hungary,agriculture,10,Cereals,12457143.969,2025,Export
DEU,Germany,HUN,Hungary,agriculture,11,"Products of the milling industry; malt, starches, inulin, wheat gluten",24048614.309,2025,Export
DEU,Germany,HUN,Hungary,agriculture,11,"Products of the milling industry; malt, starches, inulin, wheat gluten",24048614.309,2025,Export
DEU,Germany,HUN,Hungary,agriculture,12,"Oil seeds and oleaginous fruits; miscellaneous grains, seeds and fruit, industrial or medicinal plants; straw and fodder",26055395.662,2025,Export
DEU,Germany,HUN,Hungary,agriculture,12,"Oil seeds and oleaginous fruits; miscellaneous grains, seeds and fruit, industrial or medicinal plants; straw and fodder",26055395.662,2025,Export
DEU,Germany,IDN,Indonesia,agriculture,11,"Products of the milling industry; malt, starches, inulin, wheat gluten",6112272.512,2025,Export
DEU,Germany,IDN,Indonesia,agriculture,11,"Products of the milling industry; malt, starches, inulin, wheat gluten",6112272.512,2025,Export
DEU,Germany,IDN,Indonesia,agriculture,12,"Oil seeds and oleaginous fruits; miscellaneous grains, seeds and fruit, industrial or medicinal plants; straw and fodder",346888.279,2025,Export
DEU,Germany,IDN,Indonesia,agriculture,12,"Oil seeds and oleaginous fruits; miscellaneous grains, seeds and fruit, industrial or medicinal plants; straw and fodder",346888.279,2025,Export
DEU,Germany,IND,India,agriculture,10,Cereals,23754.036,2025,Export
DEU,Germany,IND,India,agriculture,10,Cereals,23754.036,2025,Export
DEU,Germany,IND,India,agriculture,11,"Products of the milling industry; malt, starches, inulin, wheat gluten",1698147.377,2025,Export
DEU,Germany,IND,India,agriculture,11,"Products of the milling industry; malt, starches, inulin, wheat gluten",1698147.377,2025,Export
DEU,Germany,IND,India,agriculture,12,"Oil seeds and oleaginous fruits; miscellaneous grains, seeds and fruit, industrial or medicinal plants; straw and fodder",5267569.506,2025,Export
DEU,Germany,IND,India,agriculture,12,"Oil seeds and oleaginous fruits; miscellaneous grains, seeds and fruit, industrial or medicinal plants; straw and fodder",5267569.506,2025,Export
DEU,Germany,IRL,Ireland,agriculture,10,Cereals,42645908.733,2025,Export
DEU,Germany,IRL,Ireland,agriculture,10,Cereals,42645908.733,2025,Export
DEU,Germany,IRL,Ireland,agriculture,11,"Products of the milling industry; malt, starches, inulin, wheat gluten",21731529.919,2025,Export
DEU,Germany,IRL,Ireland,agriculture,11,"Products of the milling industry; malt, starches, inulin, wheat gluten",21731529.919,2025,Export
DEU,Germany,IRL,Ireland,agriculture,12,"Oil seeds and oleaginous fruits; miscellaneous grains, seeds and fruit, industrial or medicinal plants; straw and fodder",5355651.425,2025,Export
DEU,Germany,IRL,Ireland,agriculture,12,"Oil seeds and oleaginous fruits; miscellaneous grains, seeds and fruit, industrial or medicinal plants; straw and fodder",5355651.425,2025,Export
DEU,Germany,IRN,Iran,agriculture,11,"Products of the milling industry; malt, starches, inulin, wheat gluten",781821.335,2025,Export
DEU,Germany,IRN,Iran,agriculture,11,"Products of the milling industry; malt, starches, inulin, wheat gluten",781821.335,2025,Export
DEU,Germany,IRN,Iran,agriculture,12,"Oil seeds and oleaginous fruits; miscellaneous grains, seeds and fruit, industrial or medicinal plants; straw and fodder",25302794.226,2025,Export
DEU,Germany,IRN,Iran,agriculture,12,"Oil seeds and oleaginous fruits; miscellaneous grains, seeds and fruit, industrial or medicinal plants; straw and fodder",25302794.226,2025,Export
DEU,Germany,IRQ,Iraq,agriculture,10,Cereals,2485760.025,2025,Export
DEU,Germany,IRQ,Iraq,agriculture,10,Cereals,2485760.025,2025,Export
DEU,Germany,IRQ,Iraq,agriculture,11,"Products of the milling industry; malt, starches, inulin, wheat gluten",92208.861,2025,Export
DEU,Germany,IRQ,Iraq,agriculture,11,"Products of the milling industry; malt, starches, inulin, wheat gluten",92208.861,2025,Export
DEU,Germany,IRQ,Iraq,agriculture,12,"Oil seeds and oleaginous fruits; miscellaneous grains, seeds and fruit, industrial or medicinal plants; straw and fodder",677702.459,2025,Export
DEU,Germany,IRQ,Iraq,agriculture,12,"Oil seeds and oleaginous fruits; miscellaneous grains, seeds and fruit, industrial or medicinal plants; straw and fodder",677702.459,2025,Export
DEU,Germany,ISL,Iceland,agriculture,10,Cereals,1436999.019,2025,Export
DEU,Germany,ISL,Iceland,agriculture,10,Cereals,1436999.019,2025,Export
DEU,Germany,ISL,Iceland,agriculture,11,"Products of the milling industry; malt, starches, inulin, wheat gluten",2257026.842,2025,Export
DEU,Germany,ISL,Iceland,agriculture,11,"Products of the milling industry; malt, starches, inulin, wheat gluten",2257026.842,2025,Export
DEU,Germany,ISL,Iceland,agriculture,12,"Oil seeds and oleaginous fruits; miscellaneous grains, seeds and fruit, industrial or medicinal plants; straw and fodder",802229.796,2025,Export
DEU,Germany,ISL,Iceland,agriculture,12,"Oil seeds and oleaginous fruits; miscellaneous grains, seeds and fruit, industrial or medicinal plants; straw and fodder",802229.796,2025,Export
DEU,Germany,ISR,Israel,agriculture,10,Cereals,4088896.109,2025,Export
DEU,Germany,ISR,Israel,agriculture,10,Cereals,4088896.109,2025,Export
DEU,Germany,ISR,Israel,agriculture,11,"Products of the milling industry; malt, starches, inulin, wheat gluten",17426040.691,2025,Export
DEU,Germany,ISR,Israel,agriculture,11,"Products of the milling industry; malt, starches, inulin, wheat gluten",17426040.691,2025,Export
DEU,Germany,ISR,Israel,agriculture,12,"Oil seeds and oleaginous fruits; miscellaneous grains, seeds and fruit, industrial or medicinal plants; straw and fodder",2474090.212,2025,Export
DEU,Germany,ISR,Israel,agriculture,12,"Oil seeds and oleaginous fruits; miscellaneous grains, seeds and fruit, industrial or medicinal plants; straw and fodder",2474090.212,2025,Export
DEU,Germany,ITA,Italy,agriculture,10,Cereals,86471949.887,2025,Export
DEU,Germany,ITA,Italy,agriculture,10,Cereals,86471949.887,2025,Export
DEU,Germany,ITA,Italy,agriculture,11,"Products of the milling industry; malt, starches, inulin, wheat gluten",166810540.255,2025,Export
DEU,Germany,ITA,Italy,agriculture,11,"Products of the milling industry; malt, starches, inulin, wheat gluten",166810540.255,2025,Export
DEU,Germany,ITA,Italy,agriculture,12,"Oil seeds and oleaginous fruits; miscellaneous grains, seeds and fruit, industrial or medicinal plants; straw and fodder",46155050.15,2025,Export
DEU,Germany,ITA,Italy,agriculture,12,"Oil seeds and oleaginous fruits; miscellaneous grains, seeds and fruit, industrial or medicinal plants; straw and fodder",46155050.15,2025,Export
DEU,Germany,JAM,Jamaica,agriculture,11,"Products of the milling industry; malt, starches, inulin, wheat gluten",1080340.132,2025,Export
DEU,Germany,JAM,Jamaica,agriculture,11,"Products of the milling industry; malt, starches, inulin, wheat gluten",1080340.132,2025,Export
DEU,Germany,JAM,Jamaica,agriculture,12,"Oil seeds and oleaginous fruits; miscellaneous grains, seeds and fruit, industrial or medicinal plants; straw and fodder",547215.732,2025,Export
DEU,Germany,JAM,Jamaica,agriculture,12,"Oil seeds and oleaginous fruits; miscellaneous grains, seeds and fruit, industrial or medicinal plants; straw and fodder",547215.732,2025,Export
DEU,Germany,JOR,Jordan,agriculture,10,Cereals,13454341.812,2025,Export
DEU,Germany,JOR,Jordan,agriculture,10,Cereals,13454341.812,2025,Export
DEU,Germany,JOR,Jordan,agriculture,11,"Products of the milling industry; malt, starches, inulin, wheat gluten",7001381.913,2025,Export
DEU,Germany,JOR,Jordan,agriculture,11,"Products of the milling industry; malt, starches, inulin, wheat gluten",7001381.913,2025,Export
DEU,Germany,JOR,Jordan,agriculture,12,"Oil seeds and oleaginous fruits; miscellaneous grains, seeds and fruit, industrial or medicinal plants; straw and fodder",177205.733,2025,Export
DEU,Germany,JOR,Jordan,agriculture,12,"Oil seeds and oleaginous fruits; miscellaneous grains, seeds and fruit, industrial or medicinal plants; straw and fodder",177205.733,2025,Export
DEU,Germany,JPN,Japan,agriculture,10,Cereals,6153784.655,2025,Export
DEU,Germany,JPN,Japan,agriculture,10,Cereals,6153784.655,2025,Export
DEU,Germany,JPN,Japan,agriculture,11,"Products of the milling industry; malt, starches, inulin, wheat gluten",58151999.57,2025,Export
DEU,Germany,JPN,Japan,agriculture,11,"Products of the milling industry; malt, starches, inulin, wheat gluten",58151999.57,2025,Export
DEU,Germany,JPN,Japan,agriculture,12,"Oil seeds and oleaginous fruits; miscellaneous grains, seeds and fruit, industrial or medicinal plants; straw and fodder",35388853.133,2025,Export
DEU,Germany,JPN,Japan,agriculture,12,"Oil seeds and oleaginous fruits; miscellaneous grains, seeds and fruit, industrial or medicinal plants; straw and fodder",35388853.133,2025,Export
DEU,Germany,KAZ,Kazakhstan,agriculture,10,Cereals,115402.6,2025,Export
DEU,Germany,KAZ,Kazakhstan,agriculture,10,Cereals,115402.6,2025,Export
DEU,Germany,KAZ,Kazakhstan,agriculture,11,"Products of the milling industry; malt, starches, inulin, wheat gluten",353561.41,2025,Export
DEU,Germany,KAZ,Kazakhstan,agriculture,11,"Products of the milling industry; malt, starches, inulin, wheat gluten",353561.41,2025,Export
DEU,Germany,KAZ,Kazakhstan,agriculture,12,"Oil seeds and oleaginous fruits; miscellaneous grains, seeds and fruit, industrial or medicinal plants; straw and fodder",8739373.229,2025,Export
DEU,Germany,KAZ,Kazakhstan,agriculture,12,"Oil seeds and oleaginous fruits; miscellaneous grains, seeds and fruit, industrial or medicinal plants; straw and fodder",8739373.229,2025,Export
DEU,Germany,KEN,Kenya,agriculture,10,Cereals,6709007.959,2025,Export
DEU,Germany,KEN,Kenya,agriculture,10,Cereals,6709007.959,2025,Export
DEU,Germany,KEN,Kenya,agriculture,11,"Products of the milling industry; malt, starches, inulin, wheat gluten",62955.818,2025,Export
DEU,Germany,KEN,Kenya,agriculture,11,"Products of the milling industry; malt, starches, inulin, wheat gluten",62955.818,2025,Export
DEU,Germany,KEN,Kenya,agriculture,12,"Oil seeds and oleaginous fruits; miscellaneous grains, seeds and fruit, industrial or medicinal plants; straw and fodder",1220392.38,2025,Export
DEU,Germany,KEN,Kenya,agriculture,12,"Oil seeds and oleaginous fruits; miscellaneous grains, seeds and fruit, industrial or medicinal plants; straw and fodder",1220392.38,2025,Export
DEU,Germany,KGZ,Kyrgyzstan,agriculture,10,Cereals,1949.22,2025,Export
DEU,Germany,KGZ,Kyrgyzstan,agriculture,10,Cereals,1949.22,2025,Export
DEU,Germany,KGZ,Kyrgyzstan,agriculture,11,"Products of the milling industry; malt, starches, inulin, wheat gluten",473471.583,2025,Export
DEU,Germany,KGZ,Kyrgyzstan,agriculture,11,"Products of the milling industry; malt, starches, inulin, wheat gluten",473471.583,2025,Export
DEU,Germany,KGZ,Kyrgyzstan,agriculture,12,"Oil seeds and oleaginous fruits; miscellaneous grains, seeds and fruit, industrial or medicinal plants; straw and fodder",2271124.538,2025,Export
DEU,Germany,KGZ,Kyrgyzstan,agriculture,12,"Oil seeds and oleaginous fruits; miscellaneous grains, seeds and fruit, industrial or medicinal plants; straw and fodder",2271124.538,2025,Export
DEU,Germany,KHM,Cambodia,agriculture,11,"Products of the milling industry; malt, starches, inulin, wheat gluten",31951990.451,2025,Export
DEU,Germany,KHM,Cambodia,agriculture,11,"Products of the milling industry; malt, starches, inulin, wheat gluten",31951990.451,2025,Export
DEU,Germany,KHM,Cambodia,agriculture,12,"Oil seeds and oleaginous fruits; miscellaneous grains, seeds and fruit, industrial or medicinal plants; straw and fodder",1903102.0,2025,Export
DEU,Germany,KHM,Cambodia,agriculture,12,"Oil seeds and oleaginous fruits; miscellaneous grains, seeds and fruit, industrial or medicinal plants; straw and fodder",1903102.0,2025,Export
DEU,Germany,KOR,Rep. of Korea,agriculture,10,Cereals,544381.598,2025,Export
DEU,Germany,KOR,Rep. of Korea,agriculture,10,Cereals,544381.598,2025,Export
DEU,Germany,KOR,Rep. of Korea,agriculture,11,"Products of the milling industry; malt, starches, inulin, wheat gluten",46057289.096,2025,Export
DEU,Germany,KOR,Rep. of Korea,agriculture,11,"Products of the milling industry; malt, starches, inulin, wheat gluten",46057289.096,2025,Export
DEU,Germany,KOR,Rep. of Korea,agriculture,12,"Oil seeds and oleaginous fruits; miscellaneous grains, seeds and fruit, industrial or medicinal plants; straw and fodder",5155853.745,2025,Export
DEU,Germany,KOR,Rep. of Korea,agriculture,12,"Oil seeds and oleaginous fruits; miscellaneous grains, seeds and fruit, industrial or medicinal plants; straw and fodder",5155853.745,2025,Export
DEU,Germany,KWT,Kuwait,agriculture,10,Cereals,3395.729,2025,Export
DEU,Germany,KWT,Kuwait,agriculture,10,Cereals,3395.729,2025,Export
DEU,Germany,KWT,Kuwait,agriculture,11,"Products of the milling industry; malt, starches, inulin, wheat gluten",431153.055,2025,Export
DEU,Germany,KWT,Kuwait,agriculture,11,"Products of the milling industry; malt, starches, inulin, wheat gluten",431153.055,2025,Export
DEU,Germany,KWT,Kuwait,agriculture,12,"Oil seeds and oleaginous fruits; miscellaneous grains, seeds and fruit, industrial or medicinal plants; straw and fodder",796028.372,2025,Export
DEU,Germany,KWT,Kuwait,agriculture,12,"Oil seeds and oleaginous fruits; miscellaneous grains, seeds and fruit, industrial or medicinal plants; straw and fodder",796028.372,2025,Export
DEU,Germany,LAO,Lao People's Dem. Rep.,agriculture,11,"Products of the milling industry; malt, starches, inulin, wheat gluten",159041.242,2025,Export
DEU,Germany,LAO,Lao People's Dem. Rep.,agriculture,11,"Products of the milling industry; malt, starches, inulin, wheat gluten",159041.242,2025,Export
DEU,Germany,LBN,Lebanon,agriculture,11,"Products of the milling industry; malt, starches, inulin, wheat gluten",1335345.255,2025,Export
DEU,Germany,LBN,Lebanon,agriculture,11,"Products of the milling industry; malt, starches, inulin, wheat gluten",1335345.255,2025,Export
DEU,Germany,LBN,Lebanon,agriculture,12,"Oil seeds and oleaginous fruits; miscellaneous grains, seeds and fruit, industrial or medicinal plants; straw and fodder",217585.134,2025,Export
DEU,Germany,LBN,Lebanon,agriculture,12,"Oil seeds and oleaginous fruits; miscellaneous grains, seeds and fruit, industrial or medicinal plants; straw and fodder",217585.134,2025,Export
DEU,Germany,LBR,Liberia,agriculture,11,"Products of the milling industry; malt, starches, inulin, wheat gluten",1033122.404,2025,Export
DEU,Germany,LBR,Liberia,agriculture,11,"Products of the milling industry; malt, starches, inulin, wheat gluten",1033122.404,2025,Export
DEU,Germany,LBY,Libya,agriculture,10,Cereals,7156321.877,2025,Export
DEU,Germany,LBY,Libya,agriculture,10,Cereals,7156321.877,2025,Export
DEU,Germany,LBY,Libya,agriculture,11,"Products of the milling industry; malt, starches, inulin, wheat gluten",59423.731,2025,Export
DEU,Germany,LBY,Libya,agriculture,11,"Products of the milling industry; malt, starches, inulin, wheat gluten",59423.731,2025,Export
DEU,Germany,LBY,Libya,agriculture,12,"Oil seeds and oleaginous fruits; miscellaneous grains, seeds and fruit, industrial or medicinal plants; straw and fodder",41350.432,2025,Export
DEU,Germany,LBY,Libya,agriculture,12,"Oil seeds and oleaginous fruits; miscellaneous grains, seeds and fruit, industrial or medicinal plants; straw and fodder",41350.432,2025,Export
DEU,Germany,LKA,Sri Lanka,agriculture,11,"Products of the milling industry; malt, starches, inulin, wheat gluten",973017.757,2025,Export
DEU,Germany,LKA,Sri Lanka,agriculture,11,"Products of the milling industry; malt, starches, inulin, wheat gluten",973017.757,2025,Export
DEU,Germany,LKA,Sri Lanka,agriculture,12,"Oil seeds and oleaginous fruits; miscellaneous grains, seeds and fruit, industrial or medicinal plants; straw and fodder",2784115.623,2025,Export
DEU,Germany,LKA,Sri Lanka,agriculture,12,"Oil seeds and oleaginous fruits; miscellaneous grains, seeds and fruit, industrial or medicinal plants; straw and fodder",2784115.623,2025,Export
DEU,Germany,LSO,Lesotho,agriculture,12,"Oil seeds and oleaginous fruits; miscellaneous grains, seeds and fruit, industrial or medicinal plants; straw and fodder",42339.161,2025,Export
DEU,Germany,LSO,Lesotho,agriculture,12,"Oil seeds and oleaginous fruits; miscellaneous grains, seeds and fruit, industrial or medicinal plants; straw and fodder",42339.161,2025,Export
DEU,Germany,LTU,Lithuania,agriculture,10,Cereals,4112435.79,2025,Export
DEU,Germany,LTU,Lithuania,agriculture,10,Cereals,4112435.79,2025,Export
DEU,Germany,LTU,Lithuania,agriculture,11,"Products of the milling industry; malt, starches, inulin, wheat gluten",5694307.595,2025,Export
DEU,Germany,LTU,Lithuania,agriculture,11,"Products of the milling industry; malt, starches, inulin, wheat gluten",5694307.595,2025,Export
DEU,Germany,LTU,Lithuania,agriculture,12,"Oil seeds and oleaginous fruits; miscellaneous grains, seeds and fruit, industrial or medicinal plants; straw and fodder",26582556.905,2025,Export
DEU,Germany,LTU,Lithuania,agriculture,12,"Oil seeds and oleaginous fruits; miscellaneous grains, seeds and fruit, industrial or medicinal plants; straw and fodder",26582556.905,2025,Export
DEU,Germany,LUX,Luxembourg,agriculture,10,Cereals,10336309.841,2025,Export
DEU,Germany,LUX,Luxembourg,agriculture,10,Cereals,10336309.841,2025,Export
DEU,Germany,LUX,Luxembourg,agriculture,11,"Products of the milling industry; malt, starches, inulin, wheat gluten",6731975.561,2025,Export
DEU,Germany,LUX,Luxembourg,agriculture,11,"Products of the milling industry; malt, starches, inulin, wheat gluten",6731975.561,2025,Export
DEU,Germany,LUX,Luxembourg,agriculture,12,"Oil seeds and oleaginous fruits; miscellaneous grains, seeds and fruit, industrial or medicinal plants; straw and fodder",15805909.398,2025,Export
DEU,Germany,LUX,Luxembourg,agriculture,12,"Oil seeds and oleaginous fruits; miscellaneous grains, seeds and fruit, industrial or medicinal plants; straw and fodder",15805909.398,2025,Export
DEU,Germany,LVA,Latvia,agriculture,10,Cereals,1943206.105,2025,Export
DEU,Germany,LVA,Latvia,agriculture,10,Cereals,1943206.105,2025,Export
DEU,Germany,LVA,Latvia,agriculture,11,"Products of the milling industry; malt, starches, inulin, wheat gluten",2452525.551,2025,Export
DEU,Germany,LVA,Latvia,agriculture,11,"Products of the milling industry; malt, starches, inulin, wheat gluten",2452525.551,2025,Export
DEU,Germany,LVA,Latvia,agriculture,12,"Oil seeds and oleaginous fruits; miscellaneous grains, seeds and fruit, industrial or medicinal plants; straw and fodder",6968195.474,2025,Export
DEU,Germany,LVA,Latvia,agriculture,12,"Oil seeds and oleaginous fruits; miscellaneous grains, seeds and fruit, industrial or medicinal plants; straw and fodder",6968195.474,2025,Export
DEU,Germany,MAC,"China, Macao SAR",agriculture,12,"Oil seeds and oleaginous fruits; miscellaneous grains, seeds and fruit, industrial or medicinal plants; straw and fodder",1384.352,2025,Export
DEU,Germany,MAC,"China, Macao SAR",agriculture,12,"Oil seeds and oleaginous fruits; miscellaneous grains, seeds and fruit, industrial or medicinal plants; straw and fodder",1384.352,2025,Export
DEU,Germany,MAR,Morocco,agriculture,10,Cereals,126131369.996,2025,Export
DEU,Germany,MAR,Morocco,agriculture,10,Cereals,126131369.996,2025,Export
DEU,Germany,MAR,Morocco,agriculture,11,"Products of the milling industry; malt, starches, inulin, wheat gluten",2560600.169,2025,Export
DEU,Germany,MAR,Morocco,agriculture,11,"Products of the milling industry; malt, starches, inulin, wheat gluten",2560600.169,2025,Export
DEU,Germany,MAR,Morocco,agriculture,12,"Oil seeds and oleaginous fruits; miscellaneous grains, seeds and fruit, industrial or medicinal plants; straw and fodder",6641512.263,2025,Export
DEU,Germany,MAR,Morocco,agriculture,12,"Oil seeds and oleaginous fruits; miscellaneous grains, seeds and fruit, industrial or medicinal plants; straw and fodder",6641512.263,2025,Export
DEU,Germany,MDA,Rep. of Moldova,agriculture,10,Cereals,453208.163,2025,Export
DEU,Germany,MDA,Rep. of Moldova,agriculture,10,Cereals,453208.163,2025,Export
DEU,Germany,MDA,Rep. of Moldova,agriculture,11,"Products of the milling industry; malt, starches, inulin, wheat gluten",1156069.768,2025,Export
DEU,Germany,MDA,Rep. of Moldova,agriculture,11,"Products of the milling industry; malt, starches, inulin, wheat gluten",1156069.768,2025,Export
DEU,Germany,MDA,Rep. of Moldova,agriculture,12,"Oil seeds and oleaginous fruits; miscellaneous grains, seeds and fruit, industrial or medicinal plants; straw and fodder",7791748.456,2025,Export
DEU,Germany,MDA,Rep. of Moldova,agriculture,12,"Oil seeds and oleaginous fruits; miscellaneous grains, seeds and fruit, industrial or medicinal plants; straw and fodder",7791748.456,2025,Export
DEU,Germany,MDG,Madagascar,agriculture,10,Cereals,7876351.605,2025,Export
DEU,Germany,MDG,Madagascar,agriculture,10,Cereals,7876351.605,2025,Export
DEU,Germany,MDG,Madagascar,agriculture,11,"Products of the milling industry; malt, starches, inulin, wheat gluten",64413.166,2025,Export
DEU,Germany,MDG,Madagascar,agriculture,11,"Products of the milling industry; malt, starches, inulin, wheat gluten",64413.166,2025,Export
DEU,Germany,MDV,Maldives,agriculture,10,Cereals,6294.466,2025,Export
DEU,Germany,MDV,Maldives,agriculture,10,Cereals,6294.466,2025,Export
DEU,Germany,MDV,Maldives,agriculture,11,"Products of the milling industry; malt, starches, inulin, wheat gluten",235220.857,2025,Export
DEU,Germany,MDV,Maldives,agriculture,11,"Products of the milling industry; malt, starches, inulin, wheat gluten",235220.857,2025,Export
DEU,Germany,MDV,Maldives,agriculture,12,"Oil seeds and oleaginous fruits; miscellaneous grains, seeds and fruit, industrial or medicinal plants; straw and fodder",11764.174,2025,Export
DEU,Germany,MDV,Maldives,agriculture,12,"Oil seeds and oleaginous fruits; miscellaneous grains, seeds and fruit, industrial or medicinal plants; straw and fodder",11764.174,2025,Export
DEU,Germany,MEX,Mexico,agriculture,11,"Products of the milling industry; malt, starches, inulin, wheat gluten",15015333.617,2025,Export
DEU,Germany,MEX,Mexico,agriculture,11,"Products of the milling industry; malt, starches, inulin, wheat gluten",15015333.617,2025,Export
DEU,Germany,MEX,Mexico,agriculture,12,"Oil seeds and oleaginous fruits; miscellaneous grains, seeds and fruit, industrial or medicinal plants; straw and fodder",15436740.344,2025,Export
DEU,Germany,MEX,Mexico,agriculture,12,"Oil seeds and oleaginous fruits; miscellaneous grains, seeds and fruit, industrial or medicinal plants; straw and fodder",15436740.344,2025,Export
DEU,Germany,MKD,North Macedonia,agriculture,10,Cereals,7220.67,2025,Export
DEU,Germany,MKD,North Macedonia,agriculture,10,Cereals,7220.67,2025,Export
DEU,Germany,MKD,North Macedonia,agriculture,11,"Products of the milling industry; malt, starches, inulin, wheat gluten",978504.419,2025,Export
DEU,Germany,MKD,North Macedonia,agriculture,11,"Products of the milling industry; malt, starches, inulin, wheat gluten",978504.419,2025,Export
DEU,Germany,MKD,North Macedonia,agriculture,12,"Oil seeds and oleaginous fruits; miscellaneous grains, seeds and fruit, industrial or medicinal plants; straw and fodder",1130600.232,2025,Export
DEU,Germany,MKD,North Macedonia,agriculture,12,"Oil seeds and oleaginous fruits; miscellaneous grains, seeds and fruit, industrial or medicinal plants; straw and fodder",1130600.232,2025,Export
DEU,Germany,MLI,Mali,agriculture,10,Cereals,13589085.382,2025,Export
DEU,Germany,MLI,Mali,agriculture,10,Cereals,13589085.382,2025,Export
DEU,Germany,MLI,Mali,agriculture,11,"Products of the milling industry; malt, starches, inulin, wheat gluten",152716.406,2025,Export
DEU,Germany,MLI,Mali,agriculture,11,"Products of the milling industry; malt, starches, inulin, wheat gluten",152716.406,2025,Export
DEU,Germany,MLT,Malta,agriculture,10,Cereals,102553.093,2025,Export
DEU,Germany,MLT,Malta,agriculture,10,Cereals,102553.093,2025,Export
DEU,Germany,MLT,Malta,agriculture,11,"Products of the milling industry; malt, starches, inulin, wheat gluten",1127969.839,2025,Export
DEU,Germany,MLT,Malta,agriculture,11,"Products of the milling industry; malt, starches, inulin, wheat gluten",1127969.839,2025,Export
DEU,Germany,MLT,Malta,agriculture,12,"Oil seeds and oleaginous fruits; miscellaneous grains, seeds and fruit, industrial or medicinal plants; straw and fodder",462114.28,2025,Export
DEU,Germany,MLT,Malta,agriculture,12,"Oil seeds and oleaginous fruits; miscellaneous grains, seeds and fruit, industrial or medicinal plants; straw and fodder",462114.28,2025,Export
DEU,Germany,MMR,Myanmar,agriculture,12,"Oil seeds and oleaginous fruits; miscellaneous grains, seeds and fruit, industrial or medicinal plants; straw and fodder",248341.383,2025,Export
DEU,Germany,MMR,Myanmar,agriculture,12,"Oil seeds and oleaginous fruits; miscellaneous grains, seeds and fruit, industrial or medicinal plants; straw and fodder",248341.383,2025,Export
DEU,Germany,MNE,Montenegro,agriculture,10,Cereals,23943.097,2025,Export
DEU,Germany,MNE,Montenegro,agriculture,10,Cereals,23943.097,2025,Export
DEU,Germany,MNE,Montenegro,agriculture,11,"Products of the milling industry; malt, starches, inulin, wheat gluten",95870.929,2025,Export
DEU,Germany,MNE,Montenegro,agriculture,11,"Products of the milling industry; malt, starches, inulin, wheat gluten",95870.929,2025,Export
DEU,Germany,MNE,Montenegro,agriculture,12,"Oil seeds and oleaginous fruits; miscellaneous grains, seeds and fruit, industrial or medicinal plants; straw and fodder",161012.184,2025,Export
DEU,Germany,MNE,Montenegro,agriculture,12,"Oil seeds and oleaginous fruits; miscellaneous grains, seeds and fruit, industrial or medicinal plants; straw and fodder",161012.184,2025,Export
DEU,Germany,MNG,Mongolia,agriculture,10,Cereals,4378.403,2025,Export
DEU,Germany,MNG,Mongolia,agriculture,10,Cereals,4378.403,2025,Export
DEU,Germany,MNG,Mongolia,agriculture,11,"Products of the milling industry; malt, starches, inulin, wheat gluten",789692.573,2025,Export
DEU,Germany,MNG,Mongolia,agriculture,11,"Products of the milling industry; malt, starches, inulin, wheat gluten",789692.573,2025,Export
DEU,Germany,MNG,Mongolia,agriculture,12,"Oil seeds and oleaginous fruits; miscellaneous grains, seeds and fruit, industrial or medicinal plants; straw and fodder",353411.515,2025,Export
DEU,Germany,MNG,Mongolia,agriculture,12,"Oil seeds and oleaginous fruits; miscellaneous grains, seeds and fruit, industrial or medicinal plants; straw and fodder",353411.515,2025,Export
DEU,Germany,MOZ,Mozambique,agriculture,10,Cereals,13072783.2,2025,Export
DEU,Germany,MOZ,Mozambique,agriculture,10,Cereals,13072783.2,2025,Export
DEU,Germany,MOZ,Mozambique,agriculture,11,"Products of the milling industry; malt, starches, inulin, wheat gluten",1449532.809,2025,Export
DEU,Germany,MOZ,Mozambique,agriculture,11,"Products of the milling industry; malt, starches, inulin, wheat gluten",1449532.809,2025,Export
DEU,Germany,MOZ,Mozambique,agriculture,12,"Oil seeds and oleaginous fruits; miscellaneous grains, seeds and fruit, industrial or medicinal plants; straw and fodder",1070975.422,2025,Export
DEU,Germany,MOZ,Mozambique,agriculture,12,"Oil seeds and oleaginous fruits; miscellaneous grains, seeds and fruit, industrial or medicinal plants; straw and fodder",1070975.422,2025,Export
DEU,Germany,MRT,Mauritania,agriculture,10,Cereals,15680731.715,2025,Export
DEU,Germany,MRT,Mauritania,agriculture,10,Cereals,15680731.715,2025,Export
DEU,Germany,MRT,Mauritania,agriculture,11,"Products of the milling industry; malt, starches, inulin, wheat gluten",4422.782,2025,Export
DEU,Germany,MRT,Mauritania,agriculture,11,"Products of the milling industry; malt, starches, inulin, wheat gluten",4422.782,2025,Export
DEU,Germany,MUS,Mauritius,agriculture,11,"Products of the milling industry; malt, starches, inulin, wheat gluten",64514.452,2025,Export
DEU,Germany,MUS,Mauritius,agriculture,11,"Products of the milling industry; malt, starches, inulin, wheat gluten",64514.452,2025,Export
DEU,Germany,MUS,Mauritius,agriculture,12,"Oil seeds and oleaginous fruits; miscellaneous grains, seeds and fruit, industrial or medicinal plants; straw and fodder",224555.079,2025,Export
DEU,Germany,MUS,Mauritius,agriculture,12,"Oil seeds and oleaginous fruits; miscellaneous grains, seeds and fruit, industrial or medicinal plants; straw and fodder",224555.079,2025,Export
DEU,Germany,MWI,Malawi,agriculture,10,Cereals,667660.044,2025,Export
DEU,Germany,MWI,Malawi,agriculture,10,Cereals,667660.044,2025,Export
DEU,Germany,MYS,Malaysia,agriculture,11,"Products of the milling industry; malt, starches, inulin, wheat gluten",36951521.883,2025,Export
DEU,Germany,MYS,Malaysia,agriculture,11,"Products of the milling industry; malt, starches, inulin, wheat gluten",36951521.883,2025,Export
DEU,Germany,MYS,Malaysia,agriculture,12,"Oil seeds and oleaginous fruits; miscellaneous grains, seeds and fruit, industrial or medicinal plants; straw and fodder",262370.022,2025,Export
DEU,Germany,MYS,Malaysia,agriculture,12,"Oil seeds and oleaginous fruits; miscellaneous grains, seeds and fruit, industrial or medicinal plants; straw and fodder",262370.022,2025,Export
DEU,Germany,NAM,Namibia,agriculture,11,"Products of the milling industry; malt, starches, inulin, wheat gluten",4125134.684,2025,Export
DEU,Germany,NAM,Namibia,agriculture,11,"Products of the milling industry; malt, starches, inulin, wheat gluten",4125134.684,2025,Export
DEU,Germany,NAM,Namibia,agriculture,12,"Oil seeds and oleaginous fruits; miscellaneous grains, seeds and fruit, industrial or medicinal plants; straw and fodder",606411.523,2025,Export
DEU,Germany,NAM,Namibia,agriculture,12,"Oil seeds and oleaginous fruits; miscellaneous grains, seeds and fruit, industrial or medicinal plants; straw and fodder",606411.523,2025,Export
DEU,Germany,NGA,Nigeria,agriculture,10,Cereals,25991854.654,2025,Export
DEU,Germany,NGA,Nigeria,agriculture,10,Cereals,25991854.654,2025,Export
DEU,Germany,NGA,Nigeria,agriculture,11,"Products of the milling industry; malt, starches, inulin, wheat gluten",191313.683,2025,Export
DEU,Germany,NGA,Nigeria,agriculture,11,"Products of the milling industry; malt, starches, inulin, wheat gluten",191313.683,2025,Export
DEU,Germany,NGA,Nigeria,agriculture,12,"Oil seeds and oleaginous fruits; miscellaneous grains, seeds and fruit, industrial or medicinal plants; straw and fodder",175850.43,2025,Export
DEU,Germany,NGA,Nigeria,agriculture,12,"Oil seeds and oleaginous fruits; miscellaneous grains, seeds and fruit, industrial or medicinal plants; straw and fodder",175850.43,2025,Export
DEU,Germany,NIC,Nicaragua,agriculture,11,"Products of the milling industry; malt, starches, inulin, wheat gluten",610567.234,2025,Export
DEU,Germany,NIC,Nicaragua,agriculture,11,"Products of the milling industry; malt, starches, inulin, wheat gluten",610567.234,2025,Export
DEU,Germany,NIC,Nicaragua,agriculture,12,"Oil seeds and oleaginous fruits; miscellaneous grains, seeds and fruit, industrial or medicinal plants; straw and fodder",68851.462,2025,Export
DEU,Germany,NIC,Nicaragua,agriculture,12,"Oil seeds and oleaginous fruits; miscellaneous grains, seeds and fruit, industrial or medicinal plants; straw and fodder",68851.462,2025,Export
DEU,Germany,NLD,Netherlands,agriculture,10,Cereals,751525920.003,2025,Export
DEU,Germany,NLD,Netherlands,agriculture,10,Cereals,751525920.003,2025,Export
DEU,Germany,NLD,Netherlands,agriculture,11,"Products of the milling industry; malt, starches, inulin, wheat gluten",479761617.41,2025,Export
DEU,Germany,NLD,Netherlands,agriculture,11,"Products of the milling industry; malt, starches, inulin, wheat gluten",479761617.41,2025,Export
DEU,Germany,NLD,Netherlands,agriculture,12,"Oil seeds and oleaginous fruits; miscellaneous grains, seeds and fruit, industrial or medicinal plants; straw and fodder",168023548.116,2025,Export
DEU,Germany,NLD,Netherlands,agriculture,12,"Oil seeds and oleaginous fruits; miscellaneous grains, seeds and fruit, industrial or medicinal plants; straw and fodder",168023548.116,2025,Export
DEU,Germany,NOR,Norway,agriculture,10,Cereals,53085415.251,2025,Export
DEU,Germany,NOR,Norway,agriculture,10,Cereals,53085415.251,2025,Export
DEU,Germany,NOR,Norway,agriculture,11,"Products of the milling industry; malt, starches, inulin, wheat gluten",4903088.893,2025,Export
DEU,Germany,NOR,Norway,agriculture,11,"Products of the milling industry; malt, starches, inulin, wheat gluten",4903088.893,2025,Export
DEU,Germany,NOR,Norway,agriculture,12,"Oil seeds and oleaginous fruits; miscellaneous grains, seeds and fruit, industrial or medicinal plants; straw and fodder",8650987.689,2025,Export
DEU,Germany,NOR,Norway,agriculture,12,"Oil seeds and oleaginous fruits; miscellaneous grains, seeds and fruit, industrial or medicinal plants; straw and fodder",8650987.689,2025,Export
DEU,Germany,NPL,Nepal,agriculture,11,"Products of the milling industry; malt, starches, inulin, wheat gluten",359225.857,2025,Export
DEU,Germany,NPL,Nepal,agriculture,11,"Products of the milling industry; malt, starches, inulin, wheat gluten",359225.857,2025,Export
DEU,Germany,NPL,Nepal,agriculture,12,"Oil seeds and oleaginous fruits; miscellaneous grains, seeds and fruit, industrial or medicinal plants; straw and fodder",371357.646,2025,Export
DEU,Germany,NPL,Nepal,agriculture,12,"Oil seeds and oleaginous fruits; miscellaneous grains, seeds and fruit, industrial or medicinal plants; straw and fodder",371357.646,2025,Export
DEU,Germany,NZL,New Zealand,agriculture,10,Cereals,41919.955,2025,Export
DEU,Germany,NZL,New Zealand,agriculture,10,Cereals,41919.955,2025,Export
DEU,Germany,NZL,New Zealand,agriculture,11,"Products of the milling industry; malt, starches, inulin, wheat gluten",1433993.598,2025,Export
DEU,Germany,NZL,New Zealand,agriculture,11,"Products of the milling industry; malt, starches, inulin, wheat gluten",1433993.598,2025,Export
DEU,Germany,NZL,New Zealand,agriculture,12,"Oil seeds and oleaginous fruits; miscellaneous grains, seeds and fruit, industrial or medicinal plants; straw and fodder",2644418.506,2025,Export
DEU,Germany,NZL,New Zealand,agriculture,12,"Oil seeds and oleaginous fruits; miscellaneous grains, seeds and fruit, industrial or medicinal plants; straw and fodder",2644418.506,2025,Export
DEU,Germany,OMN,Oman,agriculture,11,"Products of the milling industry; malt, starches, inulin, wheat gluten",123272.344,2025,Export
DEU,Germany,OMN,Oman,agriculture,11,"Products of the milling industry; malt, starches, inulin, wheat gluten",123272.344,2025,Export
DEU,Germany,OMN,Oman,agriculture,12,"Oil seeds and oleaginous fruits; miscellaneous grains, seeds and fruit, industrial or medicinal plants; straw and fodder",20600.269,2025,Export
DEU,Germany,OMN,Oman,agriculture,12,"Oil seeds and oleaginous fruits; miscellaneous grains, seeds and fruit, industrial or medicinal plants; straw and fodder",20600.269,2025,Export
DEU,Germany,PAK,Pakistan,agriculture,11,"Products of the milling industry; malt, starches, inulin, wheat gluten",358723.367,2025,Export
DEU,Germany,PAK,Pakistan,agriculture,11,"Products of the milling industry; malt, starches, inulin, wheat gluten",358723.367,2025,Export
DEU,Germany,PAK,Pakistan,agriculture,12,"Oil seeds and oleaginous fruits; miscellaneous grains, seeds and fruit, industrial or medicinal plants; straw and fodder",2947298.753,2025,Export
DEU,Germany,PAK,Pakistan,agriculture,12,"Oil seeds and oleaginous fruits; miscellaneous grains, seeds and fruit, industrial or medicinal plants; straw and fodder",2947298.753,2025,Export
DEU,Germany,PAN,Panama,agriculture,11,"Products of the milling industry; malt, starches, inulin, wheat gluten",1518910.294,2025,Export
DEU,Germany,PAN,Panama,agriculture,11,"Products of the milling industry; malt, starches, inulin, wheat gluten",1518910.294,2025,Export
DEU,Germany,PAN,Panama,agriculture,12,"Oil seeds and oleaginous fruits; miscellaneous grains, seeds and fruit, industrial or medicinal plants; straw and fodder",22236.731,2025,Export
DEU,Germany,PAN,Panama,agriculture,12,"Oil seeds and oleaginous fruits; miscellaneous grains, seeds and fruit, industrial or medicinal plants; straw and fodder",22236.731,2025,Export
DEU,Germany,PER,Peru,agriculture,11,"Products of the milling industry; malt, starches, inulin, wheat gluten",18609324.577,2025,Export
DEU,Germany,PER,Peru,agriculture,11,"Products of the milling industry; malt, starches, inulin, wheat gluten",18609324.577,2025,Export
DEU,Germany,PER,Peru,agriculture,12,"Oil seeds and oleaginous fruits; miscellaneous grains, seeds and fruit, industrial or medicinal plants; straw and fodder",1768111.339,2025,Export
DEU,Germany,PER,Peru,agriculture,12,"Oil seeds and oleaginous fruits; miscellaneous grains, seeds and fruit, industrial or medicinal plants; straw and fodder",1768111.339,2025,Export
DEU,Germany,PHL,Philippines,agriculture,11,"Products of the milling industry; malt, starches, inulin, wheat gluten",16963789.008,2025,Export
DEU,Germany,PHL,Philippines,agriculture,11,"Products of the milling industry; malt, starches, inulin, wheat gluten",16963789.008,2025,Export
DEU,Germany,PHL,Philippines,agriculture,12,"Oil seeds and oleaginous fruits; miscellaneous grains, seeds and fruit, industrial or medicinal plants; straw and fodder",1618598.027,2025,Export
DEU,Germany,PHL,Philippines,agriculture,12,"Oil seeds and oleaginous fruits; miscellaneous grains, seeds and fruit, industrial or medicinal plants; straw and fodder",1618598.027,2025,Export
DEU,Germany,POL,Poland,agriculture,10,Cereals,45057842.995,2025,Export
DEU,Germany,POL,Poland,agriculture,10,Cereals,45057842.995,2025,Export
DEU,Germany,POL,Poland,agriculture,11,"Products of the milling industry; malt, starches, inulin, wheat gluten",93532648.858,2025,Export
DEU,Germany,POL,Poland,agriculture,11,"Products of the milling industry; malt, starches, inulin, wheat gluten",93532648.858,2025,Export
DEU,Germany,POL,Poland,agriculture,12,"Oil seeds and oleaginous fruits; miscellaneous grains, seeds and fruit, industrial or medicinal plants; straw and fodder",211952350.08,2025,Export
DEU,Germany,POL,Poland,agriculture,12,"Oil seeds and oleaginous fruits; miscellaneous grains, seeds and fruit, industrial or medicinal plants; straw and fodder",211952350.08,2025,Export
DEU,Germany,PRT,Portugal,agriculture,10,Cereals,15237072.331,2025,Export
DEU,Germany,PRT,Portugal,agriculture,10,Cereals,15237072.331,2025,Export
DEU,Germany,PRT,Portugal,agriculture,11,"Products of the milling industry; malt, starches, inulin, wheat gluten",6545224.866,2025,Export
DEU,Germany,PRT,Portugal,agriculture,11,"Products of the milling industry; malt, starches, inulin, wheat gluten",6545224.866,2025,Export
DEU,Germany,PRT,Portugal,agriculture,12,"Oil seeds and oleaginous fruits; miscellaneous grains, seeds and fruit, industrial or medicinal plants; straw and fodder",4233051.38,2025,Export
DEU,Germany,PRT,Portugal,agriculture,12,"Oil seeds and oleaginous fruits; miscellaneous grains, seeds and fruit, industrial or medicinal plants; straw and fodder",4233051.38,2025,Export
DEU,Germany,PRY,Paraguay,agriculture,10,Cereals,21852.303,2025,Export
DEU,Germany,PRY,Paraguay,agriculture,10,Cereals,21852.303,2025,Export
DEU,Germany,PRY,Paraguay,agriculture,11,"Products of the milling industry; malt, starches, inulin, wheat gluten",71075.207,2025,Export
DEU,Germany,PRY,Paraguay,agriculture,11,"Products of the milling industry; malt, starches, inulin, wheat gluten",71075.207,2025,Export
DEU,Germany,PRY,Paraguay,agriculture,12,"Oil seeds and oleaginous fruits; miscellaneous grains, seeds and fruit, industrial or medicinal plants; straw and fodder",884858.049,2025,Export
DEU,Germany,PRY,Paraguay,agriculture,12,"Oil seeds and oleaginous fruits; miscellaneous grains, seeds and fruit, industrial or medicinal plants; straw and fodder",884858.049,2025,Export
DEU,Germany,PSE,State of Palestine,agriculture,11,"Products of the milling industry; malt, starches, inulin, wheat gluten",1572580.31,2025,Export
DEU,Germany,PSE,State of Palestine,agriculture,11,"Products of the milling industry; malt, starches, inulin, wheat gluten",1572580.31,2025,Export
DEU,Germany,PYF,French Polynesia,agriculture,11,"Products of the milling industry; malt, starches, inulin, wheat gluten",1720925.673,2025,Export
DEU,Germany,PYF,French Polynesia,agriculture,11,"Products of the milling industry; malt, starches, inulin, wheat gluten",1720925.673,2025,Export
DEU,Germany,PYF,French Polynesia,agriculture,12,"Oil seeds and oleaginous fruits; miscellaneous grains, seeds and fruit, industrial or medicinal plants; straw and fodder",1195.473,2025,Export
DEU,Germany,PYF,French Polynesia,agriculture,12,"Oil seeds and oleaginous fruits; miscellaneous grains, seeds and fruit, industrial or medicinal plants; straw and fodder",1195.473,2025,Export
DEU,Germany,QAT,Qatar,agriculture,11,"Products of the milling industry; malt, starches, inulin, wheat gluten",380985.038,2025,Export
DEU,Germany,QAT,Qatar,agriculture,11,"Products of the milling industry; malt, starches, inulin, wheat gluten",380985.038,2025,Export
DEU,Germany,QAT,Qatar,agriculture,12,"Oil seeds and oleaginous fruits; miscellaneous grains, seeds and fruit, industrial or medicinal plants; straw and fodder",233308.971,2025,Export
DEU,Germany,QAT,Qatar,agriculture,12,"Oil seeds and oleaginous fruits; miscellaneous grains, seeds and fruit, industrial or medicinal plants; straw and fodder",233308.971,2025,Export
DEU,Germany,ROU,Romania,agriculture,10,Cereals,2113706.43,2025,Export
DEU,Germany,ROU,Romania,agriculture,10,Cereals,2113706.43,2025,Export
DEU,Germany,ROU,Romania,agriculture,11,"Products of the milling industry; malt, starches, inulin, wheat gluten",13911931.352,2025,Export
DEU,Germany,ROU,Romania,agriculture,11,"Products of the milling industry; malt, starches, inulin, wheat gluten",13911931.352,2025,Export
DEU,Germany,ROU,Romania,agriculture,12,"Oil seeds and oleaginous fruits; miscellaneous grains, seeds and fruit, industrial or medicinal plants; straw and fodder",32844467.276,2025,Export
DEU,Germany,ROU,Romania,agriculture,12,"Oil seeds and oleaginous fruits; miscellaneous grains, seeds and fruit, industrial or medicinal plants; straw and fodder",32844467.276,2025,Export
DEU,Germany,RUS,Russian Federation,agriculture,10,Cereals,295780.883,2025,Export
DEU,Germany,RUS,Russian Federation,agriculture,10,Cereals,295780.883,2025,Export
DEU,Germany,RUS,Russian Federation,agriculture,11,"Products of the milling industry; malt, starches, inulin, wheat gluten",13221470.584,2025,Export
DEU,Germany,RUS,Russian Federation,agriculture,11,"Products of the milling industry; malt, starches, inulin, wheat gluten",13221470.584,2025,Export
DEU,Germany,RUS,Russian Federation,agriculture,12,"Oil seeds and oleaginous fruits; miscellaneous grains, seeds and fruit, industrial or medicinal plants; straw and fodder",162294775.267,2025,Export
DEU,Germany,RUS,Russian Federation,agriculture,12,"Oil seeds and oleaginous fruits; miscellaneous grains, seeds and fruit, industrial or medicinal plants; straw and fodder",162294775.267,2025,Export
DEU,Germany,RWA,Rwanda,agriculture,10,Cereals,2046965.639,2025,Export
DEU,Germany,RWA,Rwanda,agriculture,10,Cereals,2046965.639,2025,Export
DEU,Germany,S19,"Other Asia, nes",agriculture,10,Cereals,2906.056,2025,Export
DEU,Germany,S19,"Other Asia, nes",agriculture,10,Cereals,2906.056,2025,Export
DEU,Germany,S19,"Other Asia, nes",agriculture,11,"Products of the milling industry; malt, starches, inulin, wheat gluten",9345129.139,2025,Export
DEU,Germany,S19,"Other Asia, nes",agriculture,11,"Products of the milling industry; malt, starches, inulin, wheat gluten",9345129.139,2025,Export
DEU,Germany,S19,"Other Asia, nes",agriculture,12,"Oil seeds and oleaginous fruits; miscellaneous grains, seeds and fruit, industrial or medicinal plants; straw and fodder",1481313.061,2025,Export
DEU,Germany,S19,"Other Asia, nes",agriculture,12,"Oil seeds and oleaginous fruits; miscellaneous grains, seeds and fruit, industrial or medicinal plants; straw and fodder",1481313.061,2025,Export
DEU,Germany,SAU,Saudi Arabia,agriculture,10,Cereals,110671715.028,2025,Export
DEU,Germany,SAU,Saudi Arabia,agriculture,10,Cereals,110671715.028,2025,Export
DEU,Germany,SAU,Saudi Arabia,agriculture,11,"Products of the milling industry; malt, starches, inulin, wheat gluten",5690439.492,2025,Export
DEU,Germany,SAU,Saudi Arabia,agriculture,11,"Products of the milling industry; malt, starches, inulin, wheat gluten",5690439.492,2025,Export
DEU,Germany,SAU,Saudi Arabia,agriculture,12,"Oil seeds and oleaginous fruits; miscellaneous grains, seeds and fruit, industrial or medicinal plants; straw and fodder",3351628.432,2025,Export
DEU,Germany,SAU,Saudi Arabia,agriculture,12,"Oil seeds and oleaginous fruits; miscellaneous grains, seeds and fruit, industrial or medicinal plants; straw and fodder",3351628.432,2025,Export
DEU,Germany,SEN,Senegal,agriculture,11,"Products of the milling industry; malt, starches, inulin, wheat gluten",1592657.502,2025,Export
DEU,Germany,SEN,Senegal,agriculture,11,"Products of the milling industry; malt, starches, inulin, wheat gluten",1592657.502,2025,Export
DEU,Germany,SEN,Senegal,agriculture,12,"Oil seeds and oleaginous fruits; miscellaneous grains, seeds and fruit, industrial or medicinal plants; straw and fodder",1379.656,2025,Export
DEU,Germany,SEN,Senegal,agriculture,12,"Oil seeds and oleaginous fruits; miscellaneous grains, seeds and fruit, industrial or medicinal plants; straw and fodder",1379.656,2025,Export
DEU,Germany,SGP,Singapore,agriculture,11,"Products of the milling industry; malt, starches, inulin, wheat gluten",1319658.29,2025,Export
DEU,Germany,SGP,Singapore,agriculture,11,"Products of the milling industry; malt, starches, inulin, wheat gluten",1319658.29,2025,Export
DEU,Germany,SGP,Singapore,agriculture,12,"Oil seeds and oleaginous fruits; miscellaneous grains, seeds and fruit, industrial or medicinal plants; straw and fodder",538786.924,2025,Export
DEU,Germany,SGP,Singapore,agriculture,12,"Oil seeds and oleaginous fruits; miscellaneous grains, seeds and fruit, industrial or medicinal plants; straw and fodder",538786.924,2025,Export
DEU,Germany,SLV,El Salvador,agriculture,11,"Products of the milling industry; malt, starches, inulin, wheat gluten",1769039.423,2025,Export
DEU,Germany,SLV,El Salvador,agriculture,11,"Products of the milling industry; malt, starches, inulin, wheat gluten",1769039.423,2025,Export
DEU,Germany,SMR,San Marino,agriculture,12,"Oil seeds and oleaginous fruits; miscellaneous grains, seeds and fruit, industrial or medicinal plants; straw and fodder",7049.888,2025,Export
DEU,Germany,SMR,San Marino,agriculture,12,"Oil seeds and oleaginous fruits; miscellaneous grains, seeds and fruit, industrial or medicinal plants; straw and fodder",7049.888,2025,Export
DEU,Germany,SRB,Serbia,agriculture,10,Cereals,539471.52,2025,Export
DEU,Germany,SRB,Serbia,agriculture,10,Cereals,539471.52,2025,Export
DEU,Germany,SRB,Serbia,agriculture,11,"Products of the milling industry; malt, starches, inulin, wheat gluten",4195781.827,2025,Export
DEU,Germany,SRB,Serbia,agriculture,11,"Products of the milling industry; malt, starches, inulin, wheat gluten",4195781.827,2025,Export
DEU,Germany,SRB,Serbia,agriculture,12,"Oil seeds and oleaginous fruits; miscellaneous grains, seeds and fruit, industrial or medicinal plants; straw and fodder",8724974.164,2025,Export
DEU,Germany,SRB,Serbia,agriculture,12,"Oil seeds and oleaginous fruits; miscellaneous grains, seeds and fruit, industrial or medicinal plants; straw and fodder",8724974.164,2025,Export
DEU,Germany,SSD,South Sudan,agriculture,11,"Products of the milling industry; malt, starches, inulin, wheat gluten",395319.708,2025,Export
DEU,Germany,SSD,South Sudan,agriculture,11,"Products of the milling industry; malt, starches, inulin, wheat gluten",395319.708,2025,Export
DEU,Germany,SSD,South Sudan,agriculture,12,"Oil seeds and oleaginous fruits; miscellaneous grains, seeds and fruit, industrial or medicinal plants; straw and fodder",6140.897,2025,Export
DEU,Germany,SSD,South Sudan,agriculture,12,"Oil seeds and oleaginous fruits; miscellaneous grains, seeds and fruit, industrial or medicinal plants; straw and fodder",6140.897,2025,Export
DEU,Germany,STP,Sao Tome and Principe,agriculture,12,"Oil seeds and oleaginous fruits; miscellaneous grains, seeds and fruit, industrial or medicinal plants; straw and fodder",2918.978,2025,Export
DEU,Germany,STP,Sao Tome and Principe,agriculture,12,"Oil seeds and oleaginous fruits; miscellaneous grains, seeds and fruit, industrial or medicinal plants; straw and fodder",2918.978,2025,Export
DEU,Germany,SUR,Suriname,agriculture,10,Cereals,1659961.313,2025,Export
DEU,Germany,SUR,Suriname,agriculture,10,Cereals,1659961.313,2025,Export
DEU,Germany,SUR,Suriname,agriculture,11,"Products of the milling industry; malt, starches, inulin, wheat gluten",209083.499,2025,Export
DEU,Germany,SUR,Suriname,agriculture,11,"Products of the milling industry; malt, starches, inulin, wheat gluten",209083.499,2025,Export
DEU,Germany,SVK,Slovakia,agriculture,10,Cereals,4432677.17,2025,Export
DEU,Germany,SVK,Slovakia,agriculture,10,Cereals,4432677.17,2025,Export
DEU,Germany,SVK,Slovakia,agriculture,11,"Products of the milling industry; malt, starches, inulin, wheat gluten",6468254.98,2025,Export
DEU,Germany,SVK,Slovakia,agriculture,11,"Products of the milling industry; malt, starches, inulin, wheat gluten",6468254.98,2025,Export
DEU,Germany,SVK,Slovakia,agriculture,12,"Oil seeds and oleaginous fruits; miscellaneous grains, seeds and fruit, industrial or medicinal plants; straw and fodder",20943656.65,2025,Export
DEU,Germany,SVK,Slovakia,agriculture,12,"Oil seeds and oleaginous fruits; miscellaneous grains, seeds and fruit, industrial or medicinal plants; straw and fodder",20943656.65,2025,Export
DEU,Germany,SVN,Slovenia,agriculture,10,Cereals,455295.999,2025,Export
DEU,Germany,SVN,Slovenia,agriculture,10,Cereals,455295.999,2025,Export
DEU,Germany,SVN,Slovenia,agriculture,11,"Products of the milling industry; malt, starches, inulin, wheat gluten",7588633.933,2025,Export
DEU,Germany,SVN,Slovenia,agriculture,11,"Products of the milling industry; malt, starches, inulin, wheat gluten",7588633.933,2025,Export
DEU,Germany,SVN,Slovenia,agriculture,12,"Oil seeds and oleaginous fruits; miscellaneous grains, seeds and fruit, industrial or medicinal plants; straw and fodder",9968496.478,2025,Export
DEU,Germany,SVN,Slovenia,agriculture,12,"Oil seeds and oleaginous fruits; miscellaneous grains, seeds and fruit, industrial or medicinal plants; straw and fodder",9968496.478,2025,Export
DEU,Germany,SWE,Sweden,agriculture,10,Cereals,24350674.486,2025,Export
DEU,Germany,SWE,Sweden,agriculture,10,Cereals,24350674.486,2025,Export
DEU,Germany,SWE,Sweden,agriculture,11,"Products of the milling industry; malt, starches, inulin, wheat gluten",23008904.702,2025,Export
DEU,Germany,SWE,Sweden,agriculture,11,"Products of the milling industry; malt, starches, inulin, wheat gluten",23008904.702,2025,Export
DEU,Germany,SWE,Sweden,agriculture,12,"Oil seeds and oleaginous fruits; miscellaneous grains, seeds and fruit, industrial or medicinal plants; straw and fodder",39556905.986,2025,Export
DEU,Germany,SWE,Sweden,agriculture,12,"Oil seeds and oleaginous fruits; miscellaneous grains, seeds and fruit, industrial or medicinal plants; straw and fodder",39556905.986,2025,Export
DEU,Germany,SWZ,Eswatini,agriculture,12,"Oil seeds and oleaginous fruits; miscellaneous grains, seeds and fruit, industrial or medicinal plants; straw and fodder",108154.191,2025,Export
DEU,Germany,SWZ,Eswatini,agriculture,12,"Oil seeds and oleaginous fruits; miscellaneous grains, seeds and fruit, industrial or medicinal plants; straw and fodder",108154.191,2025,Export
DEU,Germany,SYC,Seychelles,agriculture,11,"Products of the milling industry; malt, starches, inulin, wheat gluten",31203.744,2025,Export
DEU,Germany,SYC,Seychelles,agriculture,11,"Products of the milling industry; malt, starches, inulin, wheat gluten",31203.744,2025,Export
DEU,Germany,SYR,Syria,agriculture,11,"Products of the milling industry; malt, starches, inulin, wheat gluten",636386.826,2025,Export
DEU,Germany,SYR,Syria,agriculture,11,"Products of the milling industry; malt, starches, inulin, wheat gluten",636386.826,2025,Export
DEU,Germany,SYR,Syria,agriculture,12,"Oil seeds and oleaginous fruits; miscellaneous grains, seeds and fruit, industrial or medicinal plants; straw and fodder",805626.449,2025,Export
DEU,Germany,SYR,Syria,agriculture,12,"Oil seeds and oleaginous fruits; miscellaneous grains, seeds and fruit, industrial or medicinal plants; straw and fodder",805626.449,2025,Export
DEU,Germany,TCD,Chad,agriculture,11,"Products of the milling industry; malt, starches, inulin, wheat gluten",615234.994,2025,Export
DEU,Germany,TCD,Chad,agriculture,11,"Products of the milling industry; malt, starches, inulin, wheat gluten",615234.994,2025,Export
DEU,Germany,TGO,Togo,agriculture,10,Cereals,3883875.105,2025,Export
DEU,Germany,TGO,Togo,agriculture,10,Cereals,3883875.105,2025,Export
DEU,Germany,TGO,Togo,agriculture,11,"Products of the milling industry; malt, starches, inulin, wheat gluten",2226800.863,2025,Export
DEU,Germany,TGO,Togo,agriculture,11,"Products of the milling industry; malt, starches, inulin, wheat gluten",2226800.863,2025,Export
DEU,Germany,TGO,Togo,agriculture,12,"Oil seeds and oleaginous fruits; miscellaneous grains, seeds and fruit, industrial or medicinal plants; straw and fodder",44897.563,2025,Export
DEU,Germany,TGO,Togo,agriculture,12,"Oil seeds and oleaginous fruits; miscellaneous grains, seeds and fruit, industrial or medicinal plants; straw and fodder",44897.563,2025,Export
DEU,Germany,THA,Thailand,agriculture,10,Cereals,765.319,2025,Export
DEU,Germany,THA,Thailand,agriculture,10,Cereals,765.319,2025,Export
DEU,Germany,THA,Thailand,agriculture,11,"Products of the milling industry; malt, starches, inulin, wheat gluten",20902783.921,2025,Export
DEU,Germany,THA,Thailand,agriculture,11,"Products of the milling industry; malt, starches, inulin, wheat gluten",20902783.921,2025,Export
DEU,Germany,THA,Thailand,agriculture,12,"Oil seeds and oleaginous fruits; miscellaneous grains, seeds and fruit, industrial or medicinal plants; straw and fodder",17582423.875,2025,Export
DEU,Germany,THA,Thailand,agriculture,12,"Oil seeds and oleaginous fruits; miscellaneous grains, seeds and fruit, industrial or medicinal plants; straw and fodder",17582423.875,2025,Export
DEU,Germany,TJK,Tajikistan,agriculture,11,"Products of the milling industry; malt, starches, inulin, wheat gluten",785.853,2025,Export
DEU,Germany,TJK,Tajikistan,agriculture,11,"Products of the milling industry; malt, starches, inulin, wheat gluten",785.853,2025,Export
DEU,Germany,TJK,Tajikistan,agriculture,12,"Oil seeds and oleaginous fruits; miscellaneous grains, seeds and fruit, industrial or medicinal plants; straw and fodder",150457.056,2025,Export
DEU,Germany,TJK,Tajikistan,agriculture,12,"Oil seeds and oleaginous fruits; miscellaneous grains, seeds and fruit, industrial or medicinal plants; straw and fodder",150457.056,2025,Export
DEU,Germany,TKM,Turkmenistan,agriculture,11,"Products of the milling industry; malt, starches, inulin, wheat gluten",66224.129,2025,Export
DEU,Germany,TKM,Turkmenistan,agriculture,11,"Products of the milling industry; malt, starches, inulin, wheat gluten",66224.129,2025,Export
DEU,Germany,TKM,Turkmenistan,agriculture,12,"Oil seeds and oleaginous fruits; miscellaneous grains, seeds and fruit, industrial or medicinal plants; straw and fodder",84971.09,2025,Export
DEU,Germany,TKM,Turkmenistan,agriculture,12,"Oil seeds and oleaginous fruits; miscellaneous grains, seeds and fruit, industrial or medicinal plants; straw and fodder",84971.09,2025,Export
DEU,Germany,TTO,Trinidad and Tobago,agriculture,11,"Products of the milling industry; malt, starches, inulin, wheat gluten",147185.637,2025,Export
DEU,Germany,TTO,Trinidad and Tobago,agriculture,11,"Products of the milling industry; malt, starches, inulin, wheat gluten",147185.637,2025,Export
DEU,Germany,TUN,Tunisia,agriculture,10,Cereals,46122365.883,2025,Export
DEU,Germany,TUN,Tunisia,agriculture,10,Cereals,46122365.883,2025,Export
DEU,Germany,TUN,Tunisia,agriculture,11,"Products of the milling industry; malt, starches, inulin, wheat gluten",205904.533,2025,Export
DEU,Germany,TUN,Tunisia,agriculture,11,"Products of the milling industry; malt, starches, inulin, wheat gluten",205904.533,2025,Export
DEU,Germany,TUN,Tunisia,agriculture,12,"Oil seeds and oleaginous fruits; miscellaneous grains, seeds and fruit, industrial or medicinal plants; straw and fodder",3426245.505,2025,Export
DEU,Germany,TUN,Tunisia,agriculture,12,"Oil seeds and oleaginous fruits; miscellaneous grains, seeds and fruit, industrial or medicinal plants; straw and fodder",3426245.505,2025,Export
DEU,Germany,TUR,Türkiye,agriculture,10,Cereals,43146696.244,2025,Export
DEU,Germany,TUR,Türkiye,agriculture,10,Cereals,43146696.244,2025,Export
DEU,Germany,TUR,Türkiye,agriculture,11,"Products of the milling industry; malt, starches, inulin, wheat gluten",31377953.937,2025,Export
DEU,Germany,TUR,Türkiye,agriculture,11,"Products of the milling industry; malt, starches, inulin, wheat gluten",31377953.937,2025,Export
DEU,Germany,TUR,Türkiye,agriculture,12,"Oil seeds and oleaginous fruits; miscellaneous grains, seeds and fruit, industrial or medicinal plants; straw and fodder",6066967.114,2025,Export
DEU,Germany,TUR,Türkiye,agriculture,12,"Oil seeds and oleaginous fruits; miscellaneous grains, seeds and fruit, industrial or medicinal plants; straw and fodder",6066967.114,2025,Export
DEU,Germany,TZA,United Rep. of Tanzania,agriculture,10,Cereals,10917150.077,2025,Export
DEU,Germany,TZA,United Rep. of Tanzania,agriculture,10,Cereals,10917150.077,2025,Export
DEU,Germany,TZA,United Rep. of Tanzania,agriculture,11,"Products of the milling industry; malt, starches, inulin, wheat gluten",67122.122,2025,Export
DEU,Germany,TZA,United Rep. of Tanzania,agriculture,11,"Products of the milling industry; malt, starches, inulin, wheat gluten",67122.122,2025,Export
DEU,Germany,TZA,United Rep. of Tanzania,agriculture,12,"Oil seeds and oleaginous fruits; miscellaneous grains, seeds and fruit, industrial or medicinal plants; straw and fodder",1033131.875,2025,Export
DEU,Germany,TZA,United Rep. of Tanzania,agriculture,12,"Oil seeds and oleaginous fruits; miscellaneous grains, seeds and fruit, industrial or medicinal plants; straw and fodder",1033131.875,2025,Export
DEU,Germany,UGA,Uganda,agriculture,10,Cereals,6193851.991,2025,Export
DEU,Germany,UGA,Uganda,agriculture,10,Cereals,6193851.991,2025,Export
DEU,Germany,UGA,Uganda,agriculture,12,"Oil seeds and oleaginous fruits; miscellaneous grains, seeds and fruit, industrial or medicinal plants; straw and fodder",1303236.926,2025,Export
DEU,Germany,UGA,Uganda,agriculture,12,"Oil seeds and oleaginous fruits; miscellaneous grains, seeds and fruit, industrial or medicinal plants; straw and fodder",1303236.926,2025,Export
DEU,Germany,UKR,Ukraine,agriculture,10,Cereals,2403814.667,2025,Export
DEU,Germany,UKR,Ukraine,agriculture,10,Cereals,2403814.667,2025,Export
DEU,Germany,UKR,Ukraine,agriculture,11,"Products of the milling industry; malt, starches, inulin, wheat gluten",10599125.03,2025,Export
DEU,Germany,UKR,Ukraine,agriculture,11,"Products of the milling industry; malt, starches, inulin, wheat gluten",10599125.03,2025,Export
DEU,Germany,UKR,Ukraine,agriculture,12,"Oil seeds and oleaginous fruits; miscellaneous grains, seeds and fruit, industrial or medicinal plants; straw and fodder",57718275.298,2025,Export
DEU,Germany,UKR,Ukraine,agriculture,12,"Oil seeds and oleaginous fruits; miscellaneous grains, seeds and fruit, industrial or medicinal plants; straw and fodder",57718275.298,2025,Export
DEU,Germany,URY,Uruguay,agriculture,11,"Products of the milling industry; malt, starches, inulin, wheat gluten",95815.103,2025,Export
DEU,Germany,URY,Uruguay,agriculture,11,"Products of the milling industry; malt, starches, inulin, wheat gluten",95815.103,2025,Export
DEU,Germany,URY,Uruguay,agriculture,12,"Oil seeds and oleaginous fruits; miscellaneous grains, seeds and fruit, industrial or medicinal plants; straw and fodder",767771.895,2025,Export
DEU,Germany,URY,Uruguay,agriculture,12,"Oil seeds and oleaginous fruits; miscellaneous grains, seeds and fruit, industrial or medicinal plants; straw and fodder",767771.895,2025,Export
DEU,Germany,USA,USA,agriculture,10,Cereals,2904995.336,2025,Export
DEU,Germany,USA,USA,agriculture,10,Cereals,2904995.336,2025,Export
DEU,Germany,USA,USA,agriculture,11,"Products of the milling industry; malt, starches, inulin, wheat gluten",155606069.795,2025,Export
DEU,Germany,USA,USA,agriculture,11,"Products of the milling industry; malt, starches, inulin, wheat gluten",155606069.795,2025,Export
DEU,Germany,USA,USA,agriculture,12,"Oil seeds and oleaginous fruits; miscellaneous grains, seeds and fruit, industrial or medicinal plants; straw and fodder",67952222.821,2025,Export
DEU,Germany,USA,USA,agriculture,12,"Oil seeds and oleaginous fruits; miscellaneous grains, seeds and fruit, industrial or medicinal plants; straw and fodder",67952222.821,2025,Export
DEU,Germany,UZB,Uzbekistan,agriculture,11,"Products of the milling industry; malt, starches, inulin, wheat gluten",189310.722,2025,Export
DEU,Germany,UZB,Uzbekistan,agriculture,11,"Products of the milling industry; malt, starches, inulin, wheat gluten",189310.722,2025,Export
DEU,Germany,UZB,Uzbekistan,agriculture,12,"Oil seeds and oleaginous fruits; miscellaneous grains, seeds and fruit, industrial or medicinal plants; straw and fodder",1868082.35,2025,Export
DEU,Germany,UZB,Uzbekistan,agriculture,12,"Oil seeds and oleaginous fruits; miscellaneous grains, seeds and fruit, industrial or medicinal plants; straw and fodder",1868082.35,2025,Export
DEU,Germany,VEN,Venezuela,agriculture,11,"Products of the milling industry; malt, starches, inulin, wheat gluten",1360602.561,2025,Export
DEU,Germany,VEN,Venezuela,agriculture,11,"Products of the milling industry; malt, starches, inulin, wheat gluten",1360602.561,2025,Export
DEU,Germany,VEN,Venezuela,agriculture,12,"Oil seeds and oleaginous fruits; miscellaneous grains, seeds and fruit, industrial or medicinal plants; straw and fodder",260513.233,2025,Export
DEU,Germany,VEN,Venezuela,agriculture,12,"Oil seeds and oleaginous fruits; miscellaneous grains, seeds and fruit, industrial or medicinal plants; straw and fodder",260513.233,2025,Export
DEU,Germany,VNM,Viet Nam,agriculture,10,Cereals,47278.012,2025,Export
DEU,Germany,VNM,Viet Nam,agriculture,10,Cereals,47278.012,2025,Export
DEU,Germany,VNM,Viet Nam,agriculture,11,"Products of the milling industry; malt, starches, inulin, wheat gluten",12670078.7,2025,Export
DEU,Germany,VNM,Viet Nam,agriculture,11,"Products of the milling industry; malt, starches, inulin, wheat gluten",12670078.7,2025,Export
DEU,Germany,VNM,Viet Nam,agriculture,12,"Oil seeds and oleaginous fruits; miscellaneous grains, seeds and fruit, industrial or medicinal plants; straw and fodder",5231013.071,2025,Export
DEU,Germany,VNM,Viet Nam,agriculture,12,"Oil seeds and oleaginous fruits; miscellaneous grains, seeds and fruit, industrial or medicinal plants; straw and fodder",5231013.071,2025,Export
DEU,Germany,W00,World,agriculture,10,Cereals,2645983105.888,2025,Export
DEU,Germany,W00,World,agriculture,10,Cereals,2645983105.888,2025,Export
DEU,Germany,W00,World,agriculture,11,"Products of the milling industry; malt, starches, inulin, wheat gluten",2479410488.277,2025,Export
DEU,Germany,W00,World,agriculture,11,"Products of the milling industry; malt, starches, inulin, wheat gluten",2479410488.277,2025,Export
DEU,Germany,W00,World,agriculture,12,"Oil seeds and oleaginous fruits; miscellaneous grains, seeds and fruit, industrial or medicinal plants; straw and fodder",2245190680.128,2025,Export
DEU,Germany,W00,World,agriculture,12,"Oil seeds and oleaginous fruits; miscellaneous grains, seeds and fruit, industrial or medicinal plants; straw and fodder",2245190680.128,2025,Export
DEU,Germany,X1,Bunkers,agriculture,10,Cereals,2292693.944,2025,Export
DEU,Germany,X1,Bunkers,agriculture,10,Cereals,2292693.944,2025,Export
DEU,Germany,X1,Bunkers,agriculture,11,"Products of the milling industry; malt, starches, inulin, wheat gluten",3233967.117,2025,Export
DEU,Germany,X1,Bunkers,agriculture,11,"Products of the milling industry; malt, starches, inulin, wheat gluten",3233967.117,2025,Export
DEU,Germany,X1,Bunkers,agriculture,12,"Oil seeds and oleaginous fruits; miscellaneous grains, seeds and fruit, industrial or medicinal plants; straw and fodder",1068110.542,2025,Export
DEU,Germany,X1,Bunkers,agriculture,12,"Oil seeds and oleaginous fruits; miscellaneous grains, seeds and fruit, industrial or medicinal plants; straw and fodder",1068110.542,2025,Export
DEU,Germany,YEM,Yemen,agriculture,11,"Products of the milling industry; malt, starches, inulin, wheat gluten",58685.298,2025,Export
DEU,Germany,YEM,Yemen,agriculture,11,"Products of the milling industry; malt, starches, inulin, wheat gluten",58685.298,2025,Export
DEU,Germany,ZAF,South Africa,agriculture,10,Cereals,13486100.92,2025,Export
DEU,Germany,ZAF,South Africa,agriculture,10,Cereals,13486100.92,2025,Export
DEU,Germany,ZAF,South Africa,agriculture,11,"Products of the milling industry; malt, starches, inulin, wheat gluten",2980551.078,2025,Export
DEU,Germany,ZAF,South Africa,agriculture,11,"Products of the milling industry; malt, starches, inulin, wheat gluten",2980551.078,2025,Export
DEU,Germany,ZAF,South Africa,agriculture,12,"Oil seeds and oleaginous fruits; miscellaneous grains, seeds and fruit, industrial or medicinal plants; straw and fodder",8702302.513,2025,Export
DEU,Germany,ZAF,South Africa,agriculture,12,"Oil seeds and oleaginous fruits; miscellaneous grains, seeds and fruit, industrial or medicinal plants; straw and fodder",8702302.513,2025,Export
DEU,Germany,ZMB,Zambia,agriculture,12,"Oil seeds and oleaginous fruits; miscellaneous grains, seeds and fruit, industrial or medicinal plants; straw and fodder",565329.252,2025,Export
DEU,Germany,ZMB,Zambia,agriculture,12,"Oil seeds and oleaginous fruits; miscellaneous grains, seeds and fruit, industrial or medicinal plants; straw and fodder",565329.252,2025,Export
DEU,Germany,ZWE,Zimbabwe,agriculture,12,"Oil seeds and oleaginous fruits; miscellaneous grains, seeds and fruit, industrial or medicinal plants; straw and fodder",704252.972,2025,Export
DEU,Germany,ZWE,Zimbabwe,agriculture,12,"Oil seeds and oleaginous fruits; miscellaneous grains, seeds and fruit, industrial or medicinal plants; straw and fodder",704252.972,2025,Export
EUR,European Union,ABW,Aruba,agriculture,10,Cereals,203706.581,2025,Export
EUR,European Union,ABW,Aruba,agriculture,11,"Products of the milling industry; malt, starches, inulin, wheat gluten",2227050.494,2025,Export
EUR,European Union,ABW,Aruba,agriculture,12,"Oil seeds and oleaginous fruits; miscellaneous grains, seeds and fruit, industrial or medicinal plants; straw and fodder",342050.518,2025,Export
EUR,European Union,AFG,Afghanistan,agriculture,12,"Oil seeds and oleaginous fruits; miscellaneous grains, seeds and fruit, industrial or medicinal plants; straw and fodder",1955219.247,2025,Export
EUR,European Union,AGO,Angola,agriculture,10,Cereals,142332452.102,2025,Export
EUR,European Union,AGO,Angola,agriculture,11,"Products of the milling industry; malt, starches, inulin, wheat gluten",52065690.099,2025,Export
EUR,European Union,AGO,Angola,agriculture,12,"Oil seeds and oleaginous fruits; miscellaneous grains, seeds and fruit, industrial or medicinal plants; straw and fodder",3962564.555,2025,Export
EUR,European Union,ALB,Albania,agriculture,10,Cereals,18155576.502,2025,Export
EUR,European Union,ALB,Albania,agriculture,11,"Products of the milling industry; malt, starches, inulin, wheat gluten",16477218.499,2025,Export
EUR,European Union,ALB,Albania,agriculture,12,"Oil seeds and oleaginous fruits; miscellaneous grains, seeds and fruit, industrial or medicinal plants; straw and fodder",12886953.397,2025,Export
EUR,European Union,AND,Andorra,agriculture,10,Cereals,1174554.195,2025,Export
EUR,European Union,AND,Andorra,agriculture,11,"Products of the milling industry; malt, starches, inulin, wheat gluten",1455059.865,2025,Export
EUR,European Union,AND,Andorra,agriculture,12,"Oil seeds and oleaginous fruits; miscellaneous grains, seeds and fruit, industrial or medicinal plants; straw and fodder",551130.74,2025,Export
EUR,European Union,ARE,United Arab Emirates,agriculture,10,Cereals,71477307.966,2025,Export
EUR,European Union,ARE,United Arab Emirates,agriculture,11,"Products of the milling industry; malt, starches, inulin, wheat gluten",22037424.211,2025,Export
EUR,European Union,ARE,United Arab Emirates,agriculture,12,"Oil seeds and oleaginous fruits; miscellaneous grains, seeds and fruit, industrial or medicinal plants; straw and fodder",137604282.06,2025,Export
EUR,European Union,ARG,Argentina,agriculture,10,Cereals,521472.94,2025,Export
EUR,European Union,ARG,Argentina,agriculture,11,"Products of the milling industry; malt, starches, inulin, wheat gluten",5650803.313,2025,Export
EUR,European Union,ARG,Argentina,agriculture,12,"Oil seeds and oleaginous fruits; miscellaneous grains, seeds and fruit, industrial or medicinal plants; straw and fodder",33501802.215,2025,Export
EUR,European Union,ARM,Armenia,agriculture,10,Cereals,693185.941,2025,Export
EUR,European Union,ARM,Armenia,agriculture,11,"Products of the milling industry; malt, starches, inulin, wheat gluten",962197.731,2025,Export
EUR,European Union,ARM,Armenia,agriculture,12,"Oil seeds and oleaginous fruits; miscellaneous grains, seeds and fruit, industrial or medicinal plants; straw and fodder",10479089.398,2025,Export
EUR,European Union,ATA,Antarctica,agriculture,10,Cereals,3826.804,2025,Export
EUR,European Union,ATA,Antarctica,agriculture,11,"Products of the milling industry; malt, starches, inulin, wheat gluten",22291.688,2025,Export
EUR,European Union,ATG,Antigua and Barbuda,agriculture,10,Cereals,17522.649,2025,Export
EUR,European Union,ATG,Antigua and Barbuda,agriculture,11,"Products of the milling industry; malt, starches, inulin, wheat gluten",23528.813,2025,Export
EUR,European Union,ATG,Antigua and Barbuda,agriculture,12,"Oil seeds and oleaginous fruits; miscellaneous grains, seeds and fruit, industrial or medicinal plants; straw and fodder",13587.297,2025,Export
EUR,European Union,AUS,Australia,agriculture,10,Cereals,12334367.033,2025,Export
EUR,European Union,AUS,Australia,agriculture,11,"Products of the milling industry; malt, starches, inulin, wheat gluten",51189869.318,2025,Export
EUR,European Union,AUS,Australia,agriculture,12,"Oil seeds and oleaginous fruits; miscellaneous grains, seeds and fruit, industrial or medicinal plants; straw and fodder",91933860.207,2025,Export
EUR,European Union,AZE,Azerbaijan,agriculture,10,Cereals,3702035.522,2025,Export
EUR,European Union,AZE,Azerbaijan,agriculture,11,"Products of the milling industry; malt, starches, inulin, wheat gluten",4277643.661,2025,Export
EUR,European Union,AZE,Azerbaijan,agriculture,12,"Oil seeds and oleaginous fruits; miscellaneous grains, seeds and fruit, industrial or medicinal plants; straw and fodder",20265217.789,2025,Export
EUR,European Union,BDI,Burundi,agriculture,10,Cereals,2475679.296,2025,Export
EUR,European Union,BDI,Burundi,agriculture,11,"Products of the milling industry; malt, starches, inulin, wheat gluten",6712719.082,2025,Export
EUR,European Union,BDI,Burundi,agriculture,12,"Oil seeds and oleaginous fruits; miscellaneous grains, seeds and fruit, industrial or medicinal plants; straw and fodder",1620.396,2025,Export
EUR,European Union,BEN,Benin,agriculture,10,Cereals,46103284.415,2025,Export
EUR,European Union,BEN,Benin,agriculture,11,"Products of the milling industry; malt, starches, inulin, wheat gluten",11637713.309,2025,Export
EUR,European Union,BEN,Benin,agriculture,12,"Oil seeds and oleaginous fruits; miscellaneous grains, seeds and fruit, industrial or medicinal plants; straw and fodder",2258296.165,2025,Export
EUR,European Union,BES,Bonaire,agriculture,10,Cereals,55615.51,2025,Export
EUR,European Union,BES,Bonaire,agriculture,11,"Products of the milling industry; malt, starches, inulin, wheat gluten",389653.216,2025,Export
EUR,European Union,BES,Bonaire,agriculture,12,"Oil seeds and oleaginous fruits; miscellaneous grains, seeds and fruit, industrial or medicinal plants; straw and fodder",356123.226,2025,Export
EUR,European Union,BFA,Burkina Faso,agriculture,10,Cereals,50660990.749,2025,Export
EUR,European Union,BFA,Burkina Faso,agriculture,11,"Products of the milling industry; malt, starches, inulin, wheat gluten",22586196.707,2025,Export
EUR,European Union,BFA,Burkina Faso,agriculture,12,"Oil seeds and oleaginous fruits; miscellaneous grains, seeds and fruit, industrial or medicinal plants; straw and fodder",12241155.365,2025,Export
EUR,European Union,BGD,Bangladesh,agriculture,10,Cereals,105322315.199,2025,Export
EUR,European Union,BGD,Bangladesh,agriculture,11,"Products of the milling industry; malt, starches, inulin, wheat gluten",2423124.813,2025,Export
EUR,European Union,BGD,Bangladesh,agriculture,12,"Oil seeds and oleaginous fruits; miscellaneous grains, seeds and fruit, industrial or medicinal plants; straw and fodder",2532748.582,2025,Export
EUR,European Union,BHR,Bahrain,agriculture,10,Cereals,328995.671,2025,Export
EUR,European Union,BHR,Bahrain,agriculture,11,"Products of the milling industry; malt, starches, inulin, wheat gluten",4235684.632,2025,Export
EUR,European Union,BHR,Bahrain,agriculture,12,"Oil seeds and oleaginous fruits; miscellaneous grains, seeds and fruit, industrial or medicinal plants; straw and fodder",755030.811,2025,Export
EUR,European Union,BHS,Bahamas,agriculture,10,Cereals,13007.236,2025,Export
EUR,European Union,BHS,Bahamas,agriculture,11,"Products of the milling industry; malt, starches, inulin, wheat gluten",1688006.104,2025,Export
EUR,European Union,BHS,Bahamas,agriculture,12,"Oil seeds and oleaginous fruits; miscellaneous grains, seeds and fruit, industrial or medicinal plants; straw and fodder",64025.143,2025,Export
EUR,European Union,BIH,Bosnia Herzegovina,agriculture,10,Cereals,65068939.589,2025,Export
EUR,European Union,BIH,Bosnia Herzegovina,agriculture,11,"Products of the milling industry; malt, starches, inulin, wheat gluten",11856576.126,2025,Export
EUR,European Union,BIH,Bosnia Herzegovina,agriculture,12,"Oil seeds and oleaginous fruits; miscellaneous grains, seeds and fruit, industrial or medicinal plants; straw and fodder",31245270.336,2025,Export
EUR,European Union,BLM,Saint Barthélemy,agriculture,10,Cereals,8620.641,2025,Export
EUR,European Union,BLM,Saint Barthélemy,agriculture,11,"Products of the milling industry; malt, starches, inulin, wheat gluten",1623.786,2025,Export
EUR,European Union,BLM,Saint Barthélemy,agriculture,12,"Oil seeds and oleaginous fruits; miscellaneous grains, seeds and fruit, industrial or medicinal plants; straw and fodder",642.96,2025,Export
EUR,European Union,BLR,Belarus,agriculture,10,Cereals,60291356.45,2025,Export
EUR,European Union,BLR,Belarus,agriculture,11,"Products of the milling industry; malt, starches, inulin, wheat gluten",10056632.493,2025,Export
EUR,European Union,BLR,Belarus,agriculture,12,"Oil seeds and oleaginous fruits; miscellaneous grains, seeds and fruit, industrial or medicinal plants; straw and fodder",123397893.94,2025,Export
EUR,European Union,BLZ,Belize,agriculture,10,Cereals,2191.037,2025,Export
EUR,European Union,BLZ,Belize,agriculture,11,"Products of the milling industry; malt, starches, inulin, wheat gluten",1766477.972,2025,Export
EUR,European Union,BLZ,Belize,agriculture,12,"Oil seeds and oleaginous fruits; miscellaneous grains, seeds and fruit, industrial or medicinal plants; straw and fodder",21318.262,2025,Export
EUR,European Union,BMU,Bermuda,agriculture,10,Cereals,11042.195,2025,Export
EUR,European Union,BMU,Bermuda,agriculture,11,"Products of the milling industry; malt, starches, inulin, wheat gluten",11421.87,2025,Export
EUR,European Union,BMU,Bermuda,agriculture,12,"Oil seeds and oleaginous fruits; miscellaneous grains, seeds and fruit, industrial or medicinal plants; straw and fodder",22998.895,2025,Export
EUR,European Union,BOL,Bolivia (Plurinational State of),agriculture,10,Cereals,76986.881,2025,Export
EUR,European Union,BOL,Bolivia (Plurinational State of),agriculture,11,"Products of the milling industry; malt, starches, inulin, wheat gluten",197945.927,2025,Export
EUR,European Union,BOL,Bolivia (Plurinational State of),agriculture,12,"Oil seeds and oleaginous fruits; miscellaneous grains, seeds and fruit, industrial or medicinal plants; straw and fodder",1439958.961,2025,Export
EUR,European Union,BRA,Brazil,agriculture,10,Cereals,9412140.325,2025,Export
EUR,European Union,BRA,Brazil,agriculture,11,"Products of the milling industry; malt, starches, inulin, wheat gluten",192576964.88,2025,Export
EUR,European Union,BRA,Brazil,agriculture,12,"Oil seeds and oleaginous fruits; miscellaneous grains, seeds and fruit, industrial or medicinal plants; straw and fodder",114083091.664,2025,Export
EUR,European Union,BRB,Barbados,agriculture,10,Cereals,690.622,2025,Export
EUR,European Union,BRB,Barbados,agriculture,11,"Products of the milling industry; malt, starches, inulin, wheat gluten",86589.478,2025,Export
EUR,European Union,BRB,Barbados,agriculture,12,"Oil seeds and oleaginous fruits; miscellaneous grains, seeds and fruit, industrial or medicinal plants; straw and fodder",170816.03,2025,Export
EUR,European Union,BRN,Brunei Darussalam,agriculture,10,Cereals,16165.539,2025,Export
EUR,European Union,BRN,Brunei Darussalam,agriculture,11,"Products of the milling industry; malt, starches, inulin, wheat gluten",95490.626,2025,Export
EUR,European Union,BRN,Brunei Darussalam,agriculture,12,"Oil seeds and oleaginous fruits; miscellaneous grains, seeds and fruit, industrial or medicinal plants; straw and fodder",16397.988,2025,Export
EUR,European Union,BTN,Bhutan,agriculture,12,"Oil seeds and oleaginous fruits; miscellaneous grains, seeds and fruit, industrial or medicinal plants; straw and fodder",101.698,2025,Export
EUR,European Union,BWA,Botswana,agriculture,12,"Oil seeds and oleaginous fruits; miscellaneous grains, seeds and fruit, industrial or medicinal plants; straw and fodder",515318.641,2025,Export
EUR,European Union,CAF,Central African Rep.,agriculture,10,Cereals,2688.23,2025,Export
EUR,European Union,CAF,Central African Rep.,agriculture,11,"Products of the milling industry; malt, starches, inulin, wheat gluten",4116206.534,2025,Export
EUR,European Union,CAF,Central African Rep.,agriculture,12,"Oil seeds and oleaginous fruits; miscellaneous grains, seeds and fruit, industrial or medicinal plants; straw and fodder",46676.214,2025,Export
EUR,European Union,CAN,Canada,agriculture,10,Cereals,7541415.23,2025,Export
EUR,European Union,CAN,Canada,agriculture,11,"Products of the milling industry; malt, starches, inulin, wheat gluten",42323066.553,2025,Export
EUR,European Union,CAN,Canada,agriculture,12,"Oil seeds and oleaginous fruits; miscellaneous grains, seeds and fruit, industrial or medicinal plants; straw and fodder",165344652.21,2025,Export
EUR,European Union,CHE,Switzerland,agriculture,10,Cereals,304525923.819,2025,Export
EUR,European Union,CHE,Switzerland,agriculture,11,"Products of the milling industry; malt, starches, inulin, wheat gluten",131415058.829,2025,Export
EUR,European Union,CHE,Switzerland,agriculture,12,"Oil seeds and oleaginous fruits; miscellaneous grains, seeds and fruit, industrial or medicinal plants; straw and fodder",376135168.003,2025,Export
EUR,European Union,CHL,Chile,agriculture,10,Cereals,2599588.296,2025,Export
EUR,European Union,CHL,Chile,agriculture,11,"Products of the milling industry; malt, starches, inulin, wheat gluten",25705206.293,2025,Export
EUR,European Union,CHL,Chile,agriculture,12,"Oil seeds and oleaginous fruits; miscellaneous grains, seeds and fruit, industrial or medicinal plants; straw and fodder",34882585.368,2025,Export
EUR,European Union,CHN,China,agriculture,10,Cereals,196489802.595,2025,Export
EUR,European Union,CHN,China,agriculture,11,"Products of the milling industry; malt, starches, inulin, wheat gluten",72062405.676,2025,Export
EUR,European Union,CHN,China,agriculture,12,"Oil seeds and oleaginous fruits; miscellaneous grains, seeds and fruit, industrial or medicinal plants; straw and fodder",286994015.587,2025,Export
EUR,European Union,CIV,Côte d'Ivoire,agriculture,10,Cereals,224287555.838,2025,Export
EUR,European Union,CIV,Côte d'Ivoire,agriculture,11,"Products of the milling industry; malt, starches, inulin, wheat gluten",65010558.209,2025,Export
EUR,European Union,CIV,Côte d'Ivoire,agriculture,12,"Oil seeds and oleaginous fruits; miscellaneous grains, seeds and fruit, industrial or medicinal plants; straw and fodder",6598389.189,2025,Export
EUR,European Union,CMR,Cameroon,agriculture,10,Cereals,174763962.144,2025,Export
EUR,European Union,CMR,Cameroon,agriculture,11,"Products of the milling industry; malt, starches, inulin, wheat gluten",75057755.846,2025,Export
EUR,European Union,CMR,Cameroon,agriculture,12,"Oil seeds and oleaginous fruits; miscellaneous grains, seeds and fruit, industrial or medicinal plants; straw and fodder",6798377.034,2025,Export
EUR,European Union,COD,Dem. Rep. of the Congo,agriculture,10,Cereals,82341106.076,2025,Export
EUR,European Union,COD,Dem. Rep. of the Congo,agriculture,11,"Products of the milling industry; malt, starches, inulin, wheat gluten",34334196.79,2025,Export
EUR,European Union,COD,Dem. Rep. of the Congo,agriculture,12,"Oil seeds and oleaginous fruits; miscellaneous grains, seeds and fruit, industrial or medicinal plants; straw and fodder",2826916.111,2025,Export
EUR,European Union,COG,Congo,agriculture,10,Cereals,55836899.628,2025,Export
EUR,European Union,COG,Congo,agriculture,11,"Products of the milling industry; malt, starches, inulin, wheat gluten",18122353.576,2025,Export
EUR,European Union,COG,Congo,agriculture,12,"Oil seeds and oleaginous fruits; miscellaneous grains, seeds and fruit, industrial or medicinal plants; straw and fodder",2204011.775,2025,Export
EUR,European Union,COK,Cook Isds,agriculture,11,"Products of the milling industry; malt, starches, inulin, wheat gluten",1807.973,2025,Export
EUR,European Union,COL,Colombia,agriculture,10,Cereals,16365284.791,2025,Export
EUR,European Union,COL,Colombia,agriculture,11,"Products of the milling industry; malt, starches, inulin, wheat gluten",20887773.163,2025,Export
EUR,European Union,COL,Colombia,agriculture,12,"Oil seeds and oleaginous fruits; miscellaneous grains, seeds and fruit, industrial or medicinal plants; straw and fodder",27480480.794,2025,Export
EUR,European Union,COM,Comoros,agriculture,10,Cereals,38534.685,2025,Export
EUR,European Union,COM,Comoros,agriculture,11,"Products of the milling industry; malt, starches, inulin, wheat gluten",754541.72,2025,Export
EUR,European Union,COM,Comoros,agriculture,12,"Oil seeds and oleaginous fruits; miscellaneous grains, seeds and fruit, industrial or medicinal plants; straw and fodder",117466.267,2025,Export
EUR,European Union,CPV,Cabo Verde,agriculture,10,Cereals,5755122.945,2025,Export
EUR,European Union,CPV,Cabo Verde,agriculture,11,"Products of the milling industry; malt, starches, inulin, wheat gluten",3446606.085,2025,Export
EUR,European Union,CPV,Cabo Verde,agriculture,12,"Oil seeds and oleaginous fruits; miscellaneous grains, seeds and fruit, industrial or medicinal plants; straw and fodder",1184000.657,2025,Export
EUR,European Union,CRI,Costa Rica,agriculture,10,Cereals,174027.573,2025,Export
EUR,European Union,CRI,Costa Rica,agriculture,11,"Products of the milling industry; malt, starches, inulin, wheat gluten",17645918.841,2025,Export
EUR,European Union,CRI,Costa Rica,agriculture,12,"Oil seeds and oleaginous fruits; miscellaneous grains, seeds and fruit, industrial or medicinal plants; straw and fodder",7954876.019,2025,Export
EUR,European Union,CUB,Cuba,agriculture,10,Cereals,4808305.148,2025,Export
EUR,European Union,CUB,Cuba,agriculture,11,"Products of the milling industry; malt, starches, inulin, wheat gluten",18312602.479,2025,Export
EUR,European Union,CUB,Cuba,agriculture,12,"Oil seeds and oleaginous fruits; miscellaneous grains, seeds and fruit, industrial or medicinal plants; straw and fodder",847496.395,2025,Export
EUR,European Union,CUW,Curaçao,agriculture,10,Cereals,29733.246,2025,Export
EUR,European Union,CUW,Curaçao,agriculture,11,"Products of the milling industry; malt, starches, inulin, wheat gluten",965762.69,2025,Export
EUR,European Union,CUW,Curaçao,agriculture,12,"Oil seeds and oleaginous fruits; miscellaneous grains, seeds and fruit, industrial or medicinal plants; straw and fodder",378205.221,2025,Export
EUR,European Union,CYM,Cayman Isds,agriculture,10,Cereals,14704.471,2025,Export
EUR,European Union,CYM,Cayman Isds,agriculture,11,"Products of the milling industry; malt, starches, inulin, wheat gluten",188344.324,2025,Export
EUR,European Union,CYM,Cayman Isds,agriculture,12,"Oil seeds and oleaginous fruits; miscellaneous grains, seeds and fruit, industrial or medicinal plants; straw and fodder",48055.944,2025,Export
EUR,European Union,DJI,Djibouti,agriculture,10,Cereals,58779242.369,2025,Export
EUR,European Union,DJI,Djibouti,agriculture,11,"Products of the milling industry; malt, starches, inulin, wheat gluten",92196.454,2025,Export
EUR,European Union,DJI,Djibouti,agriculture,12,"Oil seeds and oleaginous fruits; miscellaneous grains, seeds and fruit, industrial or medicinal plants; straw and fodder",305757.899,2025,Export
EUR,European Union,DMA,Dominica,agriculture,10,Cereals,140.118,2025,Export
EUR,European Union,DMA,Dominica,agriculture,12,"Oil seeds and oleaginous fruits; miscellaneous grains, seeds and fruit, industrial or medicinal plants; straw and fodder",82703.466,2025,Export
EUR,European Union,DOM,Dominican Rep.,agriculture,10,Cereals,635001.935,2025,Export
EUR,European Union,DOM,Dominican Rep.,agriculture,11,"Products of the milling industry; malt, starches, inulin, wheat gluten",23582086.24,2025,Export
EUR,European Union,DOM,Dominican Rep.,agriculture,12,"Oil seeds and oleaginous fruits; miscellaneous grains, seeds and fruit, industrial or medicinal plants; straw and fodder",8288747.535,2025,Export
EUR,European Union,DZA,Algeria,agriculture,10,Cereals,965008638.149,2025,Export
EUR,European Union,DZA,Algeria,agriculture,11,"Products of the milling industry; malt, starches, inulin, wheat gluten",29177514.433,2025,Export
EUR,European Union,DZA,Algeria,agriculture,12,"Oil seeds and oleaginous fruits; miscellaneous grains, seeds and fruit, industrial or medicinal plants; straw and fodder",38316464.459,2025,Export
EUR,European Union,ECU,Ecuador,agriculture,10,Cereals,412268.699,2025,Export
EUR,European Union,ECU,Ecuador,agriculture,11,"Products of the milling industry; malt, starches, inulin, wheat gluten",7840932.169,2025,Export
EUR,European Union,ECU,Ecuador,agriculture,12,"Oil seeds and oleaginous fruits; miscellaneous grains, seeds and fruit, industrial or medicinal plants; straw and fodder",11506199.303,2025,Export
EUR,European Union,EGY,Egypt,agriculture,10,Cereals,428843646.604,2025,Export
EUR,European Union,EGY,Egypt,agriculture,11,"Products of the milling industry; malt, starches, inulin, wheat gluten",19633988.339,2025,Export
EUR,European Union,EGY,Egypt,agriculture,12,"Oil seeds and oleaginous fruits; miscellaneous grains, seeds and fruit, industrial or medicinal plants; straw and fodder",87513494.188,2025,Export
EUR,European Union,ERI,Eritrea,agriculture,10,Cereals,22968.037,2025,Export
EUR,European Union,ERI,Eritrea,agriculture,11,"Products of the milling industry; malt, starches, inulin, wheat gluten",1290986.864,2025,Export
EUR,European Union,ETH,Ethiopia,agriculture,10,Cereals,41592432.551,2025,Export
EUR,European Union,ETH,Ethiopia,agriculture,11,"Products of the milling industry; malt, starches, inulin, wheat gluten",2409936.341,2025,Export
EUR,European Union,ETH,Ethiopia,agriculture,12,"Oil seeds and oleaginous fruits; miscellaneous grains, seeds and fruit, industrial or medicinal plants; straw and fodder",7312229.642,2025,Export
EUR,European Union,F19,"Other Africa, nes",agriculture,10,Cereals,844729.066,2025,Export
EUR,European Union,F19,"Other Africa, nes",agriculture,11,"Products of the milling industry; malt, starches, inulin, wheat gluten",2577951.336,2025,Export
EUR,European Union,F19,"Other Africa, nes",agriculture,12,"Oil seeds and oleaginous fruits; miscellaneous grains, seeds and fruit, industrial or medicinal plants; straw and fodder",424423.927,2025,Export
EUR,European Union,FJI,Fiji,agriculture,11,"Products of the milling industry; malt, starches, inulin, wheat gluten",134106.399,2025,Export
EUR,European Union,FJI,Fiji,agriculture,12,"Oil seeds and oleaginous fruits; miscellaneous grains, seeds and fruit, industrial or medicinal plants; straw and fodder",17111.335,2025,Export
EUR,European Union,FRO,Faroe Isds,agriculture,10,Cereals,5502500.601,2025,Export
EUR,European Union,FRO,Faroe Isds,agriculture,11,"Products of the milling industry; malt, starches, inulin, wheat gluten",11719250.926,2025,Export
EUR,European Union,FRO,Faroe Isds,agriculture,12,"Oil seeds and oleaginous fruits; miscellaneous grains, seeds and fruit, industrial or medicinal plants; straw and fodder",2001973.717,2025,Export
EUR,European Union,GAB,Gabon,agriculture,10,Cereals,37133773.995,2025,Export
EUR,European Union,GAB,Gabon,agriculture,11,"Products of the milling industry; malt, starches, inulin, wheat gluten",13701530.471,2025,Export
EUR,European Union,GAB,Gabon,agriculture,12,"Oil seeds and oleaginous fruits; miscellaneous grains, seeds and fruit, industrial or medicinal plants; straw and fodder",1262985.546,2025,Export
EUR,European Union,GBR,United Kingdom,agriculture,10,Cereals,796237748.121,2025,Export
EUR,European Union,GBR,United Kingdom,agriculture,11,"Products of the milling industry; malt, starches, inulin, wheat gluten",558850870.316,2025,Export
EUR,European Union,GBR,United Kingdom,agriculture,12,"Oil seeds and oleaginous fruits; miscellaneous grains, seeds and fruit, industrial or medicinal plants; straw and fodder",771028247.322,2025,Export
EUR,European Union,GEO,Georgia,agriculture,10,Cereals,3274482.547,2025,Export
EUR,European Union,GEO,Georgia,agriculture,11,"Products of the milling industry; malt, starches, inulin, wheat gluten",4327371.452,2025,Export
EUR,European Union,GEO,Georgia,agriculture,12,"Oil seeds and oleaginous fruits; miscellaneous grains, seeds and fruit, industrial or medicinal plants; straw and fodder",7642699.167,2025,Export
EUR,European Union,GHA,Ghana,agriculture,10,Cereals,57587273.334,2025,Export
EUR,European Union,GHA,Ghana,agriculture,11,"Products of the milling industry; malt, starches, inulin, wheat gluten",21462859.0,2025,Export
EUR,European Union,GHA,Ghana,agriculture,12,"Oil seeds and oleaginous fruits; miscellaneous grains, seeds and fruit, industrial or medicinal plants; straw and fodder",7722375.086,2025,Export
EUR,European Union,GIB,Gibraltar,agriculture,10,Cereals,418243.532,2025,Export
EUR,European Union,GIB,Gibraltar,agriculture,11,"Products of the milling industry; malt, starches, inulin, wheat gluten",335819.599,2025,Export
EUR,European Union,GIB,Gibraltar,agriculture,12,"Oil seeds and oleaginous fruits; miscellaneous grains, seeds and fruit, industrial or medicinal plants; straw and fodder",190868.488,2025,Export
EUR,European Union,GIN,Guinea,agriculture,10,Cereals,83834400.071,2025,Export
EUR,European Union,GIN,Guinea,agriculture,11,"Products of the milling industry; malt, starches, inulin, wheat gluten",4417352.637,2025,Export
EUR,European Union,GIN,Guinea,agriculture,12,"Oil seeds and oleaginous fruits; miscellaneous grains, seeds and fruit, industrial or medicinal plants; straw and fodder",1622358.603,2025,Export
EUR,European Union,GMB,Gambia,agriculture,10,Cereals,18005168.675,2025,Export
EUR,European Union,GMB,Gambia,agriculture,11,"Products of the milling industry; malt, starches, inulin, wheat gluten",152767.063,2025,Export
EUR,European Union,GMB,Gambia,agriculture,12,"Oil seeds and oleaginous fruits; miscellaneous grains, seeds and fruit, industrial or medicinal plants; straw and fodder",119661.604,2025,Export
EUR,European Union,GNB,Guinea-Bissau,agriculture,10,Cereals,34375.217,2025,Export
EUR,European Union,GNB,Guinea-Bissau,agriculture,11,"Products of the milling industry; malt, starches, inulin, wheat gluten",5380429.411,2025,Export
EUR,European Union,GNB,Guinea-Bissau,agriculture,12,"Oil seeds and oleaginous fruits; miscellaneous grains, seeds and fruit, industrial or medicinal plants; straw and fodder",6047.67,2025,Export
EUR,European Union,GNQ,Equatorial Guinea,agriculture,10,Cereals,543491.381,2025,Export
EUR,European Union,GNQ,Equatorial Guinea,agriculture,11,"Products of the milling industry; malt, starches, inulin, wheat gluten",3213711.6,2025,Export
EUR,European Union,GNQ,Equatorial Guinea,agriculture,12,"Oil seeds and oleaginous fruits; miscellaneous grains, seeds and fruit, industrial or medicinal plants; straw and fodder",62749.094,2025,Export
EUR,European Union,GRD,Grenada,agriculture,10,Cereals,2099.509,2025,Export
EUR,European Union,GRD,Grenada,agriculture,11,"Products of the milling industry; malt, starches, inulin, wheat gluten",967548.218,2025,Export
EUR,European Union,GRL,Greenland,agriculture,10,Cereals,913210.441,2025,Export
EUR,European Union,GRL,Greenland,agriculture,11,"Products of the milling industry; malt, starches, inulin, wheat gluten",1785030.098,2025,Export
EUR,European Union,GRL,Greenland,agriculture,12,"Oil seeds and oleaginous fruits; miscellaneous grains, seeds and fruit, industrial or medicinal plants; straw and fodder",223165.75,2025,Export
EUR,European Union,GTM,Guatemala,agriculture,10,Cereals,66419.279,2025,Export
EUR,European Union,GTM,Guatemala,agriculture,11,"Products of the milling industry; malt, starches, inulin, wheat gluten",40727961.097,2025,Export
EUR,European Union,GTM,Guatemala,agriculture,12,"Oil seeds and oleaginous fruits; miscellaneous grains, seeds and fruit, industrial or medicinal plants; straw and fodder",27483350.199,2025,Export
EUR,European Union,GUY,Guyana,agriculture,10,Cereals,6101.909,2025,Export
EUR,European Union,GUY,Guyana,agriculture,11,"Products of the milling industry; malt, starches, inulin, wheat gluten",4043213.223,2025,Export
EUR,European Union,GUY,Guyana,agriculture,12,"Oil seeds and oleaginous fruits; miscellaneous grains, seeds and fruit, industrial or medicinal plants; straw and fodder",19675.279,2025,Export
EUR,European Union,HKG,"China, Hong Kong SAR",agriculture,10,Cereals,1213422.765,2025,Export
EUR,European Union,HKG,"China, Hong Kong SAR",agriculture,11,"Products of the milling industry; malt, starches, inulin, wheat gluten",16845169.2,2025,Export
EUR,European Union,HKG,"China, Hong Kong SAR",agriculture,12,"Oil seeds and oleaginous fruits; miscellaneous grains, seeds and fruit, industrial or medicinal plants; straw and fodder",1488163.431,2025,Export
EUR,European Union,HND,Honduras,agriculture,11,"Products of the milling industry; malt, starches, inulin, wheat gluten",1284492.508,2025,Export
EUR,European Union,HND,Honduras,agriculture,12,"Oil seeds and oleaginous fruits; miscellaneous grains, seeds and fruit, industrial or medicinal plants; straw and fodder",7130691.936,2025,Export
EUR,European Union,HTI,Haiti,agriculture,10,Cereals,5682.685,2025,Export
EUR,European Union,HTI,Haiti,agriculture,11,"Products of the milling industry; malt, starches, inulin, wheat gluten",3941486.281,2025,Export
EUR,European Union,HTI,Haiti,agriculture,12,"Oil seeds and oleaginous fruits; miscellaneous grains, seeds and fruit, industrial or medicinal plants; straw and fodder",357660.004,2025,Export
EUR,European Union,IDN,Indonesia,agriculture,10,Cereals,35228685.571,2025,Export
EUR,European Union,IDN,Indonesia,agriculture,11,"Products of the milling industry; malt, starches, inulin, wheat gluten",34876682.453,2025,Export
EUR,European Union,IDN,Indonesia,agriculture,12,"Oil seeds and oleaginous fruits; miscellaneous grains, seeds and fruit, industrial or medicinal plants; straw and fodder",5357082.08,2025,Export
EUR,European Union,IND,India,agriculture,10,Cereals,11732847.189,2025,Export
EUR,European Union,IND,India,agriculture,11,"Products of the milling industry; malt, starches, inulin, wheat gluten",13444095.904,2025,Export
EUR,European Union,IND,India,agriculture,12,"Oil seeds and oleaginous fruits; miscellaneous grains, seeds and fruit, industrial or medicinal plants; straw and fodder",57959704.517,2025,Export
EUR,European Union,IRN,Iran,agriculture,10,Cereals,91312392.907,2025,Export
EUR,European Union,IRN,Iran,agriculture,11,"Products of the milling industry; malt, starches, inulin, wheat gluten",1348304.904,2025,Export
EUR,European Union,IRN,Iran,agriculture,12,"Oil seeds and oleaginous fruits; miscellaneous grains, seeds and fruit, industrial or medicinal plants; straw and fodder",118623231.334,2025,Export
EUR,European Union,IRQ,Iraq,agriculture,10,Cereals,28606871.051,2025,Export
EUR,European Union,IRQ,Iraq,agriculture,11,"Products of the milling industry; malt, starches, inulin, wheat gluten",2066301.531,2025,Export
EUR,European Union,IRQ,Iraq,agriculture,12,"Oil seeds and oleaginous fruits; miscellaneous grains, seeds and fruit, industrial or medicinal plants; straw and fodder",26770284.118,2025,Export
EUR,European Union,ISL,Iceland,agriculture,10,Cereals,14464304.563,2025,Export
EUR,European Union,ISL,Iceland,agriculture,11,"Products of the milling industry; malt, starches, inulin, wheat gluten",12941455.362,2025,Export
EUR,European Union,ISL,Iceland,agriculture,12,"Oil seeds and oleaginous fruits; miscellaneous grains, seeds and fruit, industrial or medicinal plants; straw and fodder",5706469.486,2025,Export
EUR,European Union,ISR,Israel,agriculture,10,Cereals,130088964.909,2025,Export
EUR,European Union,ISR,Israel,agriculture,11,"Products of the milling industry; malt, starches, inulin, wheat gluten",74414911.672,2025,Export
EUR,European Union,ISR,Israel,agriculture,12,"Oil seeds and oleaginous fruits; miscellaneous grains, seeds and fruit, industrial or medicinal plants; straw and fodder",48567906.681,2025,Export
EUR,European Union,JAM,Jamaica,agriculture,10,Cereals,60795.353,2025,Export
EUR,European Union,JAM,Jamaica,agriculture,11,"Products of the milling industry; malt, starches, inulin, wheat gluten",6983120.772,2025,Export
EUR,European Union,JAM,Jamaica,agriculture,12,"Oil seeds and oleaginous fruits; miscellaneous grains, seeds and fruit, industrial or medicinal plants; straw and fodder",771849.08,2025,Export
EUR,European Union,JOR,Jordan,agriculture,10,Cereals,432636968.654,2025,Export
EUR,European Union,JOR,Jordan,agriculture,11,"Products of the milling industry; malt, starches, inulin, wheat gluten",10863431.834,2025,Export
EUR,European Union,JOR,Jordan,agriculture,12,"Oil seeds and oleaginous fruits; miscellaneous grains, seeds and fruit, industrial or medicinal plants; straw and fodder",56965182.775,2025,Export
EUR,European Union,JPN,Japan,agriculture,10,Cereals,16369867.577,2025,Export
EUR,European Union,JPN,Japan,agriculture,11,"Products of the milling industry; malt, starches, inulin, wheat gluten",183959914.759,2025,Export
EUR,European Union,JPN,Japan,agriculture,12,"Oil seeds and oleaginous fruits; miscellaneous grains, seeds and fruit, industrial or medicinal plants; straw and fodder",127195706.171,2025,Export
EUR,European Union,KAZ,Kazakhstan,agriculture,10,Cereals,7677198.825,2025,Export
EUR,European Union,KAZ,Kazakhstan,agriculture,11,"Products of the milling industry; malt, starches, inulin, wheat gluten",3231450.867,2025,Export
EUR,European Union,KAZ,Kazakhstan,agriculture,12,"Oil seeds and oleaginous fruits; miscellaneous grains, seeds and fruit, industrial or medicinal plants; straw and fodder",100135635.829,2025,Export
EUR,European Union,KEN,Kenya,agriculture,10,Cereals,46106035.778,2025,Export
EUR,European Union,KEN,Kenya,agriculture,11,"Products of the milling industry; malt, starches, inulin, wheat gluten",4457296.468,2025,Export
EUR,European Union,KEN,Kenya,agriculture,12,"Oil seeds and oleaginous fruits; miscellaneous grains, seeds and fruit, industrial or medicinal plants; straw and fodder",15332728.336,2025,Export
EUR,European Union,KGZ,Kyrgyzstan,agriculture,10,Cereals,3347209.712,2025,Export
EUR,European Union,KGZ,Kyrgyzstan,agriculture,11,"Products of the milling industry; malt, starches, inulin, wheat gluten",511583.615,2025,Export
EUR,European Union,KGZ,Kyrgyzstan,agriculture,12,"Oil seeds and oleaginous fruits; miscellaneous grains, seeds and fruit, industrial or medicinal plants; straw and fodder",5766394.087,2025,Export
EUR,European Union,KHM,Cambodia,agriculture,10,Cereals,246723.023,2025,Export
EUR,European Union,KHM,Cambodia,agriculture,11,"Products of the milling industry; malt, starches, inulin, wheat gluten",50161868.69,2025,Export
EUR,European Union,KHM,Cambodia,agriculture,12,"Oil seeds and oleaginous fruits; miscellaneous grains, seeds and fruit, industrial or medicinal plants; straw and fodder",2794309.317,2025,Export
EUR,European Union,KNA,Saint Kitts and Nevis,agriculture,11,"Products of the milling industry; malt, starches, inulin, wheat gluten",733132.39,2025,Export
EUR,European Union,KNA,Saint Kitts and Nevis,agriculture,12,"Oil seeds and oleaginous fruits; miscellaneous grains, seeds and fruit, industrial or medicinal plants; straw and fodder",138811.649,2025,Export
EUR,European Union,KOR,Rep. of Korea,agriculture,10,Cereals,46264882.111,2025,Export
EUR,European Union,KOR,Rep. of Korea,agriculture,11,"Products of the milling industry; malt, starches, inulin, wheat gluten",122360251.716,2025,Export
EUR,European Union,KOR,Rep. of Korea,agriculture,12,"Oil seeds and oleaginous fruits; miscellaneous grains, seeds and fruit, industrial or medicinal plants; straw and fodder",67258707.937,2025,Export
EUR,European Union,KWT,Kuwait,agriculture,10,Cereals,41426787.147,2025,Export
EUR,European Union,KWT,Kuwait,agriculture,11,"Products of the milling industry; malt, starches, inulin, wheat gluten",2852460.406,2025,Export
EUR,European Union,KWT,Kuwait,agriculture,12,"Oil seeds and oleaginous fruits; miscellaneous grains, seeds and fruit, industrial or medicinal plants; straw and fodder",16043786.355,2025,Export
EUR,European Union,LAO,Lao People's Dem. Rep.,agriculture,10,Cereals,214.697,2025,Export
EUR,European Union,LAO,Lao People's Dem. Rep.,agriculture,11,"Products of the milling industry; malt, starches, inulin, wheat gluten",4394953.035,2025,Export
EUR,European Union,LAO,Lao People's Dem. Rep.,agriculture,12,"Oil seeds and oleaginous fruits; miscellaneous grains, seeds and fruit, industrial or medicinal plants; straw and fodder",398.249,2025,Export
EUR,European Union,LBN,Lebanon,agriculture,10,Cereals,183583734.702,2025,Export
EUR,European Union,LBN,Lebanon,agriculture,11,"Products of the milling industry; malt, starches, inulin, wheat gluten",13575927.221,2025,Export
EUR,European Union,LBN,Lebanon,agriculture,12,"Oil seeds and oleaginous fruits; miscellaneous grains, seeds and fruit, industrial or medicinal plants; straw and fodder",28375660.89,2025,Export
EUR,European Union,LBR,Liberia,agriculture,10,Cereals,8536848.374,2025,Export
EUR,European Union,LBR,Liberia,agriculture,11,"Products of the milling industry; malt, starches, inulin, wheat gluten",2422763.0,2025,Export
EUR,European Union,LBR,Liberia,agriculture,12,"Oil seeds and oleaginous fruits; miscellaneous grains, seeds and fruit, industrial or medicinal plants; straw and fodder",192370.59,2025,Export
EUR,European Union,LBY,Libya,agriculture,10,Cereals,229375873.98,2025,Export
EUR,European Union,LBY,Libya,agriculture,11,"Products of the milling industry; malt, starches, inulin, wheat gluten",663030.305,2025,Export
EUR,European Union,LBY,Libya,agriculture,12,"Oil seeds and oleaginous fruits; miscellaneous grains, seeds and fruit, industrial or medicinal plants; straw and fodder",11356903.203,2025,Export
EUR,European Union,LCA,Saint Lucia,agriculture,10,Cereals,1014.725,2025,Export
EUR,European Union,LCA,Saint Lucia,agriculture,11,"Products of the milling industry; malt, starches, inulin, wheat gluten",1230970.863,2025,Export
EUR,European Union,LCA,Saint Lucia,agriculture,12,"Oil seeds and oleaginous fruits; miscellaneous grains, seeds and fruit, industrial or medicinal plants; straw and fodder",128696.285,2025,Export
EUR,European Union,LKA,Sri Lanka,agriculture,10,Cereals,28013680.846,2025,Export
EUR,European Union,LKA,Sri Lanka,agriculture,11,"Products of the milling industry; malt, starches, inulin, wheat gluten",4259675.601,2025,Export
EUR,European Union,LKA,Sri Lanka,agriculture,12,"Oil seeds and oleaginous fruits; miscellaneous grains, seeds and fruit, industrial or medicinal plants; straw and fodder",4589837.306,2025,Export
EUR,European Union,LSO,Lesotho,agriculture,12,"Oil seeds and oleaginous fruits; miscellaneous grains, seeds and fruit, industrial or medicinal plants; straw and fodder",41329.133,2025,Export
EUR,European Union,MAC,"China, Macao SAR",agriculture,10,Cereals,12707.79,2025,Export
EUR,European Union,MAC,"China, Macao SAR",agriculture,11,"Products of the milling industry; malt, starches, inulin, wheat gluten",93719.672,2025,Export
EUR,European Union,MAC,"China, Macao SAR",agriculture,12,"Oil seeds and oleaginous fruits; miscellaneous grains, seeds and fruit, industrial or medicinal plants; straw and fodder",3371.87,2025,Export
EUR,European Union,MAR,Morocco,agriculture,10,Cereals,1208070698.681,2025,Export
EUR,European Union,MAR,Morocco,agriculture,11,"Products of the milling industry; malt, starches, inulin, wheat gluten",21914141.043,2025,Export
EUR,European Union,MAR,Morocco,agriculture,12,"Oil seeds and oleaginous fruits; miscellaneous grains, seeds and fruit, industrial or medicinal plants; straw and fodder",176443918.421,2025,Export
EUR,European Union,MDA,Rep. of Moldova,agriculture,10,Cereals,22073600.06,2025,Export
EUR,European Union,MDA,Rep. of Moldova,agriculture,11,"Products of the milling industry; malt, starches, inulin, wheat gluten",7158762.616,2025,Export
EUR,European Union,MDA,Rep. of Moldova,agriculture,12,"Oil seeds and oleaginous fruits; miscellaneous grains, seeds and fruit, industrial or medicinal plants; straw and fodder",60447199.595,2025,Export
EUR,European Union,MDG,Madagascar,agriculture,10,Cereals,31733232.902,2025,Export
EUR,European Union,MDG,Madagascar,agriculture,11,"Products of the milling industry; malt, starches, inulin, wheat gluten",8818326.275,2025,Export
EUR,European Union,MDG,Madagascar,agriculture,12,"Oil seeds and oleaginous fruits; miscellaneous grains, seeds and fruit, industrial or medicinal plants; straw and fodder",691832.921,2025,Export
EUR,European Union,MDV,Maldives,agriculture,10,Cereals,80974.889,2025,Export
EUR,European Union,MDV,Maldives,agriculture,11,"Products of the milling industry; malt, starches, inulin, wheat gluten",701369.0,2025,Export
EUR,European Union,MDV,Maldives,agriculture,12,"Oil seeds and oleaginous fruits; miscellaneous grains, seeds and fruit, industrial or medicinal plants; straw and fodder",142022.028,2025,Export
EUR,European Union,MEX,Mexico,agriculture,10,Cereals,45268931.586,2025,Export
EUR,European Union,MEX,Mexico,agriculture,11,"Products of the milling industry; malt, starches, inulin, wheat gluten",98583611.299,2025,Export
EUR,European Union,MEX,Mexico,agriculture,12,"Oil seeds and oleaginous fruits; miscellaneous grains, seeds and fruit, industrial or medicinal plants; straw and fodder",295564332.611,2025,Export
EUR,European Union,MHL,Marshall Isds,agriculture,11,"Products of the milling industry; malt, starches, inulin, wheat gluten",10.17,2025,Export
EUR,European Union,MHL,Marshall Isds,agriculture,12,"Oil seeds and oleaginous fruits; miscellaneous grains, seeds and fruit, industrial or medicinal plants; straw and fodder",6312659.851,2025,Export
EUR,European Union,MKD,North Macedonia,agriculture,10,Cereals,5685961.868,2025,Export
EUR,European Union,MKD,North Macedonia,agriculture,11,"Products of the milling industry; malt, starches, inulin, wheat gluten",9233838.113,2025,Export
EUR,European Union,MKD,North Macedonia,agriculture,12,"Oil seeds and oleaginous fruits; miscellaneous grains, seeds and fruit, industrial or medicinal plants; straw and fodder",9669595.414,2025,Export
EUR,European Union,MLI,Mali,agriculture,10,Cereals,90050367.747,2025,Export
EUR,European Union,MLI,Mali,agriculture,11,"Products of the milling industry; malt, starches, inulin, wheat gluten",10717935.253,2025,Export
EUR,European Union,MLI,Mali,agriculture,12,"Oil seeds and oleaginous fruits; miscellaneous grains, seeds and fruit, industrial or medicinal plants; straw and fodder",8340735.511,2025,Export
EUR,European Union,MMR,Myanmar,agriculture,11,"Products of the milling industry; malt, starches, inulin, wheat gluten",10972491.51,2025,Export
EUR,European Union,MMR,Myanmar,agriculture,12,"Oil seeds and oleaginous fruits; miscellaneous grains, seeds and fruit, industrial or medicinal plants; straw and fodder",307851.477,2025,Export
EUR,European Union,MNE,Montenegro,agriculture,10,Cereals,2055838.247,2025,Export
EUR,European Union,MNE,Montenegro,agriculture,11,"Products of the milling industry; malt, starches, inulin, wheat gluten",3056338.449,2025,Export
EUR,European Union,MNE,Montenegro,agriculture,12,"Oil seeds and oleaginous fruits; miscellaneous grains, seeds and fruit, industrial or medicinal plants; straw and fodder",1241428.991,2025,Export
EUR,European Union,MNG,Mongolia,agriculture,10,Cereals,49476.991,2025,Export
EUR,European Union,MNG,Mongolia,agriculture,11,"Products of the milling industry; malt, starches, inulin, wheat gluten",974784.773,2025,Export
EUR,European Union,MNG,Mongolia,agriculture,12,"Oil seeds and oleaginous fruits; miscellaneous grains, seeds and fruit, industrial or medicinal plants; straw and fodder",957741.202,2025,Export
EUR,European Union,MOZ,Mozambique,agriculture,10,Cereals,27553152.911,2025,Export
EUR,European Union,MOZ,Mozambique,agriculture,11,"Products of the milling industry; malt, starches, inulin, wheat gluten",11791663.336,2025,Export
EUR,European Union,MOZ,Mozambique,agriculture,12,"Oil seeds and oleaginous fruits; miscellaneous grains, seeds and fruit, industrial or medicinal plants; straw and fodder",1686846.741,2025,Export
EUR,European Union,MRT,Mauritania,agriculture,10,Cereals,155865824.775,2025,Export
EUR,European Union,MRT,Mauritania,agriculture,11,"Products of the milling industry; malt, starches, inulin, wheat gluten",389701.607,2025,Export
EUR,European Union,MRT,Mauritania,agriculture,12,"Oil seeds and oleaginous fruits; miscellaneous grains, seeds and fruit, industrial or medicinal plants; straw and fodder",575424.704,2025,Export
EUR,European Union,MUS,Mauritius,agriculture,10,Cereals,22119360.076,2025,Export
EUR,European Union,MUS,Mauritius,agriculture,11,"Products of the milling industry; malt, starches, inulin, wheat gluten",12649170.986,2025,Export
EUR,European Union,MUS,Mauritius,agriculture,12,"Oil seeds and oleaginous fruits; miscellaneous grains, seeds and fruit, industrial or medicinal plants; straw and fodder",1841502.911,2025,Export
EUR,European Union,MWI,Malawi,agriculture,10,Cereals,646101.76,2025,Export
EUR,European Union,MWI,Malawi,agriculture,11,"Products of the milling industry; malt, starches, inulin, wheat gluten",2428503.265,2025,Export
EUR,European Union,MWI,Malawi,agriculture,12,"Oil seeds and oleaginous fruits; miscellaneous grains, seeds and fruit, industrial or medicinal plants; straw and fodder",10380.972,2025,Export
EUR,European Union,MYS,Malaysia,agriculture,10,Cereals,224038.913,2025,Export
EUR,European Union,MYS,Malaysia,agriculture,11,"Products of the milling industry; malt, starches, inulin, wheat gluten",93825985.63,2025,Export
EUR,European Union,MYS,Malaysia,agriculture,12,"Oil seeds and oleaginous fruits; miscellaneous grains, seeds and fruit, industrial or medicinal plants; straw and fodder",5963293.273,2025,Export
EUR,European Union,NAM,Namibia,agriculture,10,Cereals,14688872.402,2025,Export
EUR,European Union,NAM,Namibia,agriculture,11,"Products of the milling industry; malt, starches, inulin, wheat gluten",12789030.53,2025,Export
EUR,European Union,NAM,Namibia,agriculture,12,"Oil seeds and oleaginous fruits; miscellaneous grains, seeds and fruit, industrial or medicinal plants; straw and fodder",706109.514,2025,Export
EUR,European Union,NCL,New Caledonia,agriculture,10,Cereals,193135.588,2025,Export
EUR,European Union,NCL,New Caledonia,agriculture,11,"Products of the milling industry; malt, starches, inulin, wheat gluten",2284327.587,2025,Export
EUR,European Union,NCL,New Caledonia,agriculture,12,"Oil seeds and oleaginous fruits; miscellaneous grains, seeds and fruit, industrial or medicinal plants; straw and fodder",887754.304,2025,Export
EUR,European Union,NER,Niger,agriculture,10,Cereals,2040.75,2025,Export
EUR,European Union,NER,Niger,agriculture,11,"Products of the milling industry; malt, starches, inulin, wheat gluten",111014.329,2025,Export
EUR,European Union,NER,Niger,agriculture,12,"Oil seeds and oleaginous fruits; miscellaneous grains, seeds and fruit, industrial or medicinal plants; straw and fodder",1464694.316,2025,Export
EUR,European Union,NGA,Nigeria,agriculture,10,Cereals,463837841.625,2025,Export
EUR,European Union,NGA,Nigeria,agriculture,11,"Products of the milling industry; malt, starches, inulin, wheat gluten",71843167.545,2025,Export
EUR,European Union,NGA,Nigeria,agriculture,12,"Oil seeds and oleaginous fruits; miscellaneous grains, seeds and fruit, industrial or medicinal plants; straw and fodder",6724675.515,2025,Export
EUR,European Union,NIC,Nicaragua,agriculture,10,Cereals,11470.459,2025,Export
EUR,European Union,NIC,Nicaragua,agriculture,11,"Products of the milling industry; malt, starches, inulin, wheat gluten",9162122.901,2025,Export
EUR,European Union,NIC,Nicaragua,agriculture,12,"Oil seeds and oleaginous fruits; miscellaneous grains, seeds and fruit, industrial or medicinal plants; straw and fodder",1257866.722,2025,Export
EUR,European Union,NOR,Norway,agriculture,10,Cereals,184844367.819,2025,Export
EUR,European Union,NOR,Norway,agriculture,11,"Products of the milling industry; malt, starches, inulin, wheat gluten",275477727.596,2025,Export
EUR,European Union,NOR,Norway,agriculture,12,"Oil seeds and oleaginous fruits; miscellaneous grains, seeds and fruit, industrial or medicinal plants; straw and fodder",102648217.165,2025,Export
EUR,European Union,NPL,Nepal,agriculture,10,Cereals,4591.121,2025,Export
EUR,European Union,NPL,Nepal,agriculture,11,"Products of the milling industry; malt, starches, inulin, wheat gluten",1696399.514,2025,Export
EUR,European Union,NPL,Nepal,agriculture,12,"Oil seeds and oleaginous fruits; miscellaneous grains, seeds and fruit, industrial or medicinal plants; straw and fodder",406560.546,2025,Export
EUR,European Union,NZL,New Zealand,agriculture,10,Cereals,1692090.279,2025,Export
EUR,European Union,NZL,New Zealand,agriculture,11,"Products of the milling industry; malt, starches, inulin, wheat gluten",8330125.339,2025,Export
EUR,European Union,NZL,New Zealand,agriculture,12,"Oil seeds and oleaginous fruits; miscellaneous grains, seeds and fruit, industrial or medicinal plants; straw and fodder",22806110.473,2025,Export
EUR,European Union,OMN,Oman,agriculture,10,Cereals,6614511.25,2025,Export
EUR,European Union,OMN,Oman,agriculture,11,"Products of the milling industry; malt, starches, inulin, wheat gluten",15522345.114,2025,Export
EUR,European Union,OMN,Oman,agriculture,12,"Oil seeds and oleaginous fruits; miscellaneous grains, seeds and fruit, industrial or medicinal plants; straw and fodder",8210314.509,2025,Export
EUR,European Union,PAK,Pakistan,agriculture,10,Cereals,700164.771,2025,Export
EUR,European Union,PAK,Pakistan,agriculture,11,"Products of the milling industry; malt, starches, inulin, wheat gluten",3189339.98,2025,Export
EUR,European Union,PAK,Pakistan,agriculture,12,"Oil seeds and oleaginous fruits; miscellaneous grains, seeds and fruit, industrial or medicinal plants; straw and fodder",61430074.148,2025,Export
EUR,European Union,PAN,Panama,agriculture,10,Cereals,149204.899,2025,Export
EUR,European Union,PAN,Panama,agriculture,11,"Products of the milling industry; malt, starches, inulin, wheat gluten",9844101.177,2025,Export
EUR,European Union,PAN,Panama,agriculture,12,"Oil seeds and oleaginous fruits; miscellaneous grains, seeds and fruit, industrial or medicinal plants; straw and fodder",1984364.103,2025,Export
EUR,European Union,PER,Peru,agriculture,10,Cereals,309823.668,2025,Export
EUR,European Union,PER,Peru,agriculture,11,"Products of the milling industry; malt, starches, inulin, wheat gluten",27658955.567,2025,Export
EUR,European Union,PER,Peru,agriculture,12,"Oil seeds and oleaginous fruits; miscellaneous grains, seeds and fruit, industrial or medicinal plants; straw and fodder",12582067.77,2025,Export
EUR,European Union,PHL,Philippines,agriculture,10,Cereals,344088.803,2025,Export
EUR,European Union,PHL,Philippines,agriculture,11,"Products of the milling industry; malt, starches, inulin, wheat gluten",50843958.118,2025,Export
EUR,European Union,PHL,Philippines,agriculture,12,"Oil seeds and oleaginous fruits; miscellaneous grains, seeds and fruit, industrial or medicinal plants; straw and fodder",7501959.344,2025,Export
EUR,European Union,PLW,Palau,agriculture,12,"Oil seeds and oleaginous fruits; miscellaneous grains, seeds and fruit, industrial or medicinal plants; straw and fodder",3854.372,2025,Export
EUR,European Union,PNG,Papua New Guinea,agriculture,11,"Products of the milling industry; malt, starches, inulin, wheat gluten",1034629.513,2025,Export
EUR,European Union,PRY,Paraguay,agriculture,10,Cereals,71959.586,2025,Export
EUR,European Union,PRY,Paraguay,agriculture,11,"Products of the milling industry; malt, starches, inulin, wheat gluten",2217495.698,2025,Export
EUR,European Union,PRY,Paraguay,agriculture,12,"Oil seeds and oleaginous fruits; miscellaneous grains, seeds and fruit, industrial or medicinal plants; straw and fodder",3132661.715,2025,Export
EUR,European Union,PSE,State of Palestine,agriculture,10,Cereals,906497.903,2025,Export
EUR,European Union,PSE,State of Palestine,agriculture,11,"Products of the milling industry; malt, starches, inulin, wheat gluten",1678707.907,2025,Export
EUR,European Union,PSE,State of Palestine,agriculture,12,"Oil seeds and oleaginous fruits; miscellaneous grains, seeds and fruit, industrial or medicinal plants; straw and fodder",2332516.848,2025,Export
EUR,European Union,PYF,French Polynesia,agriculture,10,Cereals,391281.522,2025,Export
EUR,European Union,PYF,French Polynesia,agriculture,11,"Products of the milling industry; malt, starches, inulin, wheat gluten",10420484.17,2025,Export
EUR,European Union,PYF,French Polynesia,agriculture,12,"Oil seeds and oleaginous fruits; miscellaneous grains, seeds and fruit, industrial or medicinal plants; straw and fodder",584730.115,2025,Export
EUR,European Union,QAT,Qatar,agriculture,10,Cereals,39872715.927,2025,Export
EUR,European Union,QAT,Qatar,agriculture,11,"Products of the milling industry; malt, starches, inulin, wheat gluten",3789200.734,2025,Export
EUR,European Union,QAT,Qatar,agriculture,12,"Oil seeds and oleaginous fruits; miscellaneous grains, seeds and fruit, industrial or medicinal plants; straw and fodder",12904928.137,2025,Export
EUR,European Union,RUS,Russian Federation,agriculture,10,Cereals,9720096.383,2025,Export
EUR,European Union,RUS,Russian Federation,agriculture,11,"Products of the milling industry; malt, starches, inulin, wheat gluten",51716392.704,2025,Export
EUR,European Union,RUS,Russian Federation,agriculture,12,"Oil seeds and oleaginous fruits; miscellaneous grains, seeds and fruit, industrial or medicinal plants; straw and fodder",308973745.909,2025,Export
EUR,European Union,RWA,Rwanda,agriculture,10,Cereals,6533725.763,2025,Export
EUR,European Union,RWA,Rwanda,agriculture,11,"Products of the milling industry; malt, starches, inulin, wheat gluten",17868482.955,2025,Export
EUR,European Union,RWA,Rwanda,agriculture,12,"Oil seeds and oleaginous fruits; miscellaneous grains, seeds and fruit, industrial or medicinal plants; straw and fodder",332575.508,2025,Export
EUR,European Union,S19,"Other Asia, nes",agriculture,10,Cereals,736723.021,2025,Export
EUR,European Union,S19,"Other Asia, nes",agriculture,11,"Products of the milling industry; malt, starches, inulin, wheat gluten",46456768.973,2025,Export
EUR,European Union,S19,"Other Asia, nes",agriculture,12,"Oil seeds and oleaginous fruits; miscellaneous grains, seeds and fruit, industrial or medicinal plants; straw and fodder",9681507.653,2025,Export
EUR,European Union,SAU,Saudi Arabia,agriculture,10,Cereals,834102294.942,2025,Export
EUR,European Union,SAU,Saudi Arabia,agriculture,11,"Products of the milling industry; malt, starches, inulin, wheat gluten",51408769.075,2025,Export
EUR,European Union,SAU,Saudi Arabia,agriculture,12,"Oil seeds and oleaginous fruits; miscellaneous grains, seeds and fruit, industrial or medicinal plants; straw and fodder",181961106.866,2025,Export
EUR,European Union,SDN,Sudan,agriculture,10,Cereals,32672348.973,2025,Export
EUR,European Union,SDN,Sudan,agriculture,11,"Products of the milling industry; malt, starches, inulin, wheat gluten",33047.487,2025,Export
EUR,European Union,SDN,Sudan,agriculture,12,"Oil seeds and oleaginous fruits; miscellaneous grains, seeds and fruit, industrial or medicinal plants; straw and fodder",2234161.985,2025,Export
EUR,European Union,SEN,Senegal,agriculture,10,Cereals,129639036.851,2025,Export
EUR,European Union,SEN,Senegal,agriculture,11,"Products of the milling industry; malt, starches, inulin, wheat gluten",7735442.375,2025,Export
EUR,European Union,SEN,Senegal,agriculture,12,"Oil seeds and oleaginous fruits; miscellaneous grains, seeds and fruit, industrial or medicinal plants; straw and fodder",20673795.323,2025,Export
EUR,European Union,SGP,Singapore,agriculture,10,Cereals,3960125.957,2025,Export
EUR,European Union,SGP,Singapore,agriculture,11,"Products of the milling industry; malt, starches, inulin, wheat gluten",14580481.849,2025,Export
EUR,European Union,SGP,Singapore,agriculture,12,"Oil seeds and oleaginous fruits; miscellaneous grains, seeds and fruit, industrial or medicinal plants; straw and fodder",2863202.984,2025,Export
EUR,European Union,SLE,Sierra Leone,agriculture,10,Cereals,62824.726,2025,Export
EUR,European Union,SLE,Sierra Leone,agriculture,11,"Products of the milling industry; malt, starches, inulin, wheat gluten",902611.323,2025,Export
EUR,European Union,SLE,Sierra Leone,agriculture,12,"Oil seeds and oleaginous fruits; miscellaneous grains, seeds and fruit, industrial or medicinal plants; straw and fodder",62272.241,2025,Export
EUR,European Union,SLV,El Salvador,agriculture,10,Cereals,28021.322,2025,Export
EUR,European Union,SLV,El Salvador,agriculture,11,"Products of the milling industry; malt, starches, inulin, wheat gluten",3169976.356,2025,Export
EUR,European Union,SLV,El Salvador,agriculture,12,"Oil seeds and oleaginous fruits; miscellaneous grains, seeds and fruit, industrial or medicinal plants; straw and fodder",346663.471,2025,Export
EUR,European Union,SMR,San Marino,agriculture,11,"Products of the milling industry; malt, starches, inulin, wheat gluten",31589.809,2025,Export
EUR,European Union,SMR,San Marino,agriculture,12,"Oil seeds and oleaginous fruits; miscellaneous grains, seeds and fruit, industrial or medicinal plants; straw and fodder",19674.136,2025,Export
EUR,European Union,SOM,Somalia,agriculture,10,Cereals,3176.383,2025,Export
EUR,European Union,SOM,Somalia,agriculture,11,"Products of the milling industry; malt, starches, inulin, wheat gluten",70445.409,2025,Export
EUR,European Union,SOM,Somalia,agriculture,12,"Oil seeds and oleaginous fruits; miscellaneous grains, seeds and fruit, industrial or medicinal plants; straw and fodder",1651487.309,2025,Export
EUR,European Union,SPM,Saint Pierre and Miquelon,agriculture,10,Cereals,29368.262,2025,Export
EUR,European Union,SPM,Saint Pierre and Miquelon,agriculture,11,"Products of the milling industry; malt, starches, inulin, wheat gluten",73290.706,2025,Export
EUR,European Union,SPM,Saint Pierre and Miquelon,agriculture,12,"Oil seeds and oleaginous fruits; miscellaneous grains, seeds and fruit, industrial or medicinal plants; straw and fodder",38054.442,2025,Export
EUR,European Union,SRB,Serbia,agriculture,10,Cereals,89172918.617,2025,Export
EUR,European Union,SRB,Serbia,agriculture,11,"Products of the milling industry; malt, starches, inulin, wheat gluten",44425719.626,2025,Export
EUR,European Union,SRB,Serbia,agriculture,12,"Oil seeds and oleaginous fruits; miscellaneous grains, seeds and fruit, industrial or medicinal plants; straw and fodder",180193271.255,2025,Export
EUR,European Union,SSD,South Sudan,agriculture,11,"Products of the milling industry; malt, starches, inulin, wheat gluten",477416.747,2025,Export
EUR,European Union,SSD,South Sudan,agriculture,12,"Oil seeds and oleaginous fruits; miscellaneous grains, seeds and fruit, industrial or medicinal plants; straw and fodder",6152.758,2025,Export
EUR,European Union,STP,Sao Tome and Principe,agriculture,10,Cereals,248067.459,2025,Export
EUR,European Union,STP,Sao Tome and Principe,agriculture,11,"Products of the milling industry; malt, starches, inulin, wheat gluten",3104011.706,2025,Export
EUR,European Union,STP,Sao Tome and Principe,agriculture,12,"Oil seeds and oleaginous fruits; miscellaneous grains, seeds and fruit, industrial or medicinal plants; straw and fodder",52263.98,2025,Export
EUR,European Union,SUR,Suriname,agriculture,10,Cereals,1936108.592,2025,Export
EUR,European Union,SUR,Suriname,agriculture,11,"Products of the milling industry; malt, starches, inulin, wheat gluten",4363559.176,2025,Export
EUR,European Union,SUR,Suriname,agriculture,12,"Oil seeds and oleaginous fruits; miscellaneous grains, seeds and fruit, industrial or medicinal plants; straw and fodder",109714.439,2025,Export
EUR,European Union,SWZ,Eswatini,agriculture,12,"Oil seeds and oleaginous fruits; miscellaneous grains, seeds and fruit, industrial or medicinal plants; straw and fodder",112132.747,2025,Export
EUR,European Union,SXM,Sint Maarten,agriculture,10,Cereals,54914.921,2025,Export
EUR,European Union,SXM,Sint Maarten,agriculture,11,"Products of the milling industry; malt, starches, inulin, wheat gluten",333020.721,2025,Export
EUR,European Union,SXM,Sint Maarten,agriculture,12,"Oil seeds and oleaginous fruits; miscellaneous grains, seeds and fruit, industrial or medicinal plants; straw and fodder",86169.124,2025,Export
EUR,European Union,SYC,Seychelles,agriculture,10,Cereals,36261.159,2025,Export
EUR,European Union,SYC,Seychelles,agriculture,11,"Products of the milling industry; malt, starches, inulin, wheat gluten",747026.618,2025,Export
EUR,European Union,SYC,Seychelles,agriculture,12,"Oil seeds and oleaginous fruits; miscellaneous grains, seeds and fruit, industrial or medicinal plants; straw and fodder",55726.249,2025,Export
EUR,European Union,SYR,Syria,agriculture,10,Cereals,20538845.486,2025,Export
EUR,European Union,SYR,Syria,agriculture,11,"Products of the milling industry; malt, starches, inulin, wheat gluten",752144.8,2025,Export
EUR,European Union,SYR,Syria,agriculture,12,"Oil seeds and oleaginous fruits; miscellaneous grains, seeds and fruit, industrial or medicinal plants; straw and fodder",7581147.285,2025,Export
EUR,European Union,TCD,Chad,agriculture,10,Cereals,141560.898,2025,Export
EUR,European Union,TCD,Chad,agriculture,11,"Products of the milling industry; malt, starches, inulin, wheat gluten",8182627.418,2025,Export
EUR,European Union,TCD,Chad,agriculture,12,"Oil seeds and oleaginous fruits; miscellaneous grains, seeds and fruit, industrial or medicinal plants; straw and fodder",528097.62,2025,Export
EUR,European Union,TGO,Togo,agriculture,10,Cereals,31196700.088,2025,Export
EUR,European Union,TGO,Togo,agriculture,11,"Products of the milling industry; malt, starches, inulin, wheat gluten",8811827.959,2025,Export
EUR,European Union,TGO,Togo,agriculture,12,"Oil seeds and oleaginous fruits; miscellaneous grains, seeds and fruit, industrial or medicinal plants; straw and fodder",4011513.596,2025,Export
EUR,European Union,THA,Thailand,agriculture,10,Cereals,64290320.817,2025,Export
EUR,European Union,THA,Thailand,agriculture,11,"Products of the milling industry; malt, starches, inulin, wheat gluten",61679452.2,2025,Export
EUR,European Union,THA,Thailand,agriculture,12,"Oil seeds and oleaginous fruits; miscellaneous grains, seeds and fruit, industrial or medicinal plants; straw and fodder",33574608.841,2025,Export
EUR,European Union,TJK,Tajikistan,agriculture,10,Cereals,535.612,2025,Export
EUR,European Union,TJK,Tajikistan,agriculture,11,"Products of the milling industry; malt, starches, inulin, wheat gluten",475311.866,2025,Export
EUR,European Union,TJK,Tajikistan,agriculture,12,"Oil seeds and oleaginous fruits; miscellaneous grains, seeds and fruit, industrial or medicinal plants; straw and fodder",2547336.001,2025,Export
EUR,European Union,TKM,Turkmenistan,agriculture,10,Cereals,78458.09,2025,Export
EUR,European Union,TKM,Turkmenistan,agriculture,11,"Products of the milling industry; malt, starches, inulin, wheat gluten",178934.75,2025,Export
EUR,European Union,TKM,Turkmenistan,agriculture,12,"Oil seeds and oleaginous fruits; miscellaneous grains, seeds and fruit, industrial or medicinal plants; straw and fodder",5793512.033,2025,Export
EUR,European Union,TLS,Timor-Leste,agriculture,10,Cereals,13934.952,2025,Export
EUR,European Union,TLS,Timor-Leste,agriculture,11,"Products of the milling industry; malt, starches, inulin, wheat gluten",323190.998,2025,Export
EUR,European Union,TLS,Timor-Leste,agriculture,12,"Oil seeds and oleaginous fruits; miscellaneous grains, seeds and fruit, industrial or medicinal plants; straw and fodder",2140.188,2025,Export
EUR,European Union,TTO,Trinidad and Tobago,agriculture,10,Cereals,30395.416,2025,Export
EUR,European Union,TTO,Trinidad and Tobago,agriculture,11,"Products of the milling industry; malt, starches, inulin, wheat gluten",6927427.408,2025,Export
EUR,European Union,TTO,Trinidad and Tobago,agriculture,12,"Oil seeds and oleaginous fruits; miscellaneous grains, seeds and fruit, industrial or medicinal plants; straw and fodder",138367.549,2025,Export
EUR,European Union,TUN,Tunisia,agriculture,10,Cereals,304445359.574,2025,Export
EUR,European Union,TUN,Tunisia,agriculture,11,"Products of the milling industry; malt, starches, inulin, wheat gluten",13036690.584,2025,Export
EUR,European Union,TUN,Tunisia,agriculture,12,"Oil seeds and oleaginous fruits; miscellaneous grains, seeds and fruit, industrial or medicinal plants; straw and fodder",25358869.835,2025,Export
EUR,European Union,TUR,Türkiye,agriculture,10,Cereals,320347484.014,2025,Export
EUR,European Union,TUR,Türkiye,agriculture,11,"Products of the milling industry; malt, starches, inulin, wheat gluten",147896854.67,2025,Export
EUR,European Union,TUR,Türkiye,agriculture,12,"Oil seeds and oleaginous fruits; miscellaneous grains, seeds and fruit, industrial or medicinal plants; straw and fodder",845176976.202,2025,Export
EUR,European Union,TZA,United Rep. of Tanzania,agriculture,10,Cereals,42259204.863,2025,Export
EUR,European Union,TZA,United Rep. of Tanzania,agriculture,11,"Products of the milling industry; malt, starches, inulin, wheat gluten",20680618.943,2025,Export
EUR,European Union,TZA,United Rep. of Tanzania,agriculture,12,"Oil seeds and oleaginous fruits; miscellaneous grains, seeds and fruit, industrial or medicinal plants; straw and fodder",4030083.685,2025,Export
EUR,European Union,UGA,Uganda,agriculture,10,Cereals,14304222.663,2025,Export
EUR,European Union,UGA,Uganda,agriculture,11,"Products of the milling industry; malt, starches, inulin, wheat gluten",4330513.183,2025,Export
EUR,European Union,UGA,Uganda,agriculture,12,"Oil seeds and oleaginous fruits; miscellaneous grains, seeds and fruit, industrial or medicinal plants; straw and fodder",4892182.906,2025,Export
EUR,European Union,UKR,Ukraine,agriculture,10,Cereals,71994708.303,2025,Export
EUR,European Union,UKR,Ukraine,agriculture,11,"Products of the milling industry; malt, starches, inulin, wheat gluten",31797662.504,2025,Export
EUR,European Union,UKR,Ukraine,agriculture,12,"Oil seeds and oleaginous fruits; miscellaneous grains, seeds and fruit, industrial or medicinal plants; straw and fodder",223120531.111,2025,Export
EUR,European Union,UMI,United States Minor Outlying Islands,agriculture,11,"Products of the milling industry; malt, starches, inulin, wheat gluten",1282316.346,2025,Export
EUR,European Union,URY,Uruguay,agriculture,10,Cereals,7255721.917,2025,Export
EUR,European Union,URY,Uruguay,agriculture,11,"Products of the milling industry; malt, starches, inulin, wheat gluten",3856843.385,2025,Export
EUR,European Union,URY,Uruguay,agriculture,12,"Oil seeds and oleaginous fruits; miscellaneous grains, seeds and fruit, industrial or medicinal plants; straw and fodder",8333614.501,2025,Export
EUR,European Union,USA,USA,agriculture,10,Cereals,54440581.788,2025,Export
EUR,European Union,USA,USA,agriculture,11,"Products of the milling industry; malt, starches, inulin, wheat gluten",414987054.71,2025,Export
EUR,European Union,USA,USA,agriculture,12,"Oil seeds and oleaginous fruits; miscellaneous grains, seeds and fruit, industrial or medicinal plants; straw and fodder",483918864.546,2025,Export
EUR,European Union,UZB,Uzbekistan,agriculture,10,Cereals,3148856.148,2025,Export
EUR,European Union,UZB,Uzbekistan,agriculture,11,"Products of the milling industry; malt, starches, inulin, wheat gluten",4516569.744,2025,Export
EUR,European Union,UZB,Uzbekistan,agriculture,12,"Oil seeds and oleaginous fruits; miscellaneous grains, seeds and fruit, industrial or medicinal plants; straw and fodder",28584901.184,2025,Export
EUR,European Union,VAT,Holy See (Vatican City State),agriculture,11,"Products of the milling industry; malt, starches, inulin, wheat gluten",1420.389,2025,Export
EUR,European Union,VCT,Saint Vincent and the Grenadines,agriculture,11,"Products of the milling industry; malt, starches, inulin, wheat gluten",233700.853,2025,Export
EUR,European Union,VCT,Saint Vincent and the Grenadines,agriculture,12,"Oil seeds and oleaginous fruits; miscellaneous grains, seeds and fruit, industrial or medicinal plants; straw and fodder",45927.035,2025,Export
EUR,European Union,VEN,Venezuela,agriculture,10,Cereals,208884.163,2025,Export
EUR,European Union,VEN,Venezuela,agriculture,11,"Products of the milling industry; malt, starches, inulin, wheat gluten",22154917.545,2025,Export
EUR,European Union,VEN,Venezuela,agriculture,12,"Oil seeds and oleaginous fruits; miscellaneous grains, seeds and fruit, industrial or medicinal plants; straw and fodder",2145341.473,2025,Export
EUR,European Union,VGB,Br. Virgin Isds,agriculture,10,Cereals,316.395,2025,Export
EUR,European Union,VGB,Br. Virgin Isds,agriculture,11,"Products of the milling industry; malt, starches, inulin, wheat gluten",46801.054,2025,Export
EUR,European Union,VGB,Br. Virgin Isds,agriculture,12,"Oil seeds and oleaginous fruits; miscellaneous grains, seeds and fruit, industrial or medicinal plants; straw and fodder",187.577,2025,Export
EUR,European Union,VNM,Viet Nam,agriculture,10,Cereals,31436278.88,2025,Export
EUR,European Union,VNM,Viet Nam,agriculture,11,"Products of the milling industry; malt, starches, inulin, wheat gluten",78600044.735,2025,Export
EUR,European Union,VNM,Viet Nam,agriculture,12,"Oil seeds and oleaginous fruits; miscellaneous grains, seeds and fruit, industrial or medicinal plants; straw and fodder",18434939.3,2025,Export
EUR,European Union,VUT,Vanuatu,agriculture,10,Cereals,2671.28,2025,Export
EUR,European Union,VUT,Vanuatu,agriculture,11,"Products of the milling industry; malt, starches, inulin, wheat gluten",7482.748,2025,Export
EUR,European Union,VUT,Vanuatu,agriculture,12,"Oil seeds and oleaginous fruits; miscellaneous grains, seeds and fruit, industrial or medicinal plants; straw and fodder",2024.93,2025,Export
EUR,European Union,W00,World,agriculture,10,Cereals,10184984217.735,2025,Export
EUR,European Union,W00,World,agriculture,11,"Products of the milling industry; malt, starches, inulin, wheat gluten",4517478276.506,2025,Export
EUR,European Union,W00,World,agriculture,12,"Oil seeds and oleaginous fruits; miscellaneous grains, seeds and fruit, industrial or medicinal plants; straw and fodder",6583623505.958,2025,Export
EUR,European Union,WLF,Wallis and Futuna Isds,agriculture,10,Cereals,6357.285,2025,Export
EUR,European Union,WLF,Wallis and Futuna Isds,agriculture,11,"Products of the milling industry; malt, starches, inulin, wheat gluten",10872.698,2025,Export
EUR,European Union,WLF,Wallis and Futuna Isds,agriculture,12,"Oil seeds and oleaginous fruits; miscellaneous grains, seeds and fruit, industrial or medicinal plants; straw and fodder",2344.715,2025,Export
EUR,European Union,X1,Bunkers,agriculture,10,Cereals,637123.908,2025,Export
EUR,European Union,X1,Bunkers,agriculture,11,"Products of the milling industry; malt, starches, inulin, wheat gluten",3236953.11,2025,Export
EUR,European Union,X1,Bunkers,agriculture,12,"Oil seeds and oleaginous fruits; miscellaneous grains, seeds and fruit, industrial or medicinal plants; straw and fodder",480653.436,2025,Export
EUR,European Union,XX,Special Categories,agriculture,11,"Products of the milling industry; malt, starches, inulin, wheat gluten",269636542.495,2025,Export
EUR,European Union,XX,Special Categories,agriculture,12,"Oil seeds and oleaginous fruits; miscellaneous grains, seeds and fruit, industrial or medicinal plants; straw and fodder",88182996.707,2025,Export
EUR,European Union,YEM,Yemen,agriculture,10,Cereals,91106387.187,2025,Export
EUR,European Union,YEM,Yemen,agriculture,11,"Products of the milling industry; malt, starches, inulin, wheat gluten",226077.987,2025,Export
EUR,European Union,YEM,Yemen,agriculture,12,"Oil seeds and oleaginous fruits; miscellaneous grains, seeds and fruit, industrial or medicinal plants; straw and fodder",3168513.404,2025,Export
EUR,European Union,ZAF,South Africa,agriculture,10,Cereals,167704477.431,2025,Export
EUR,European Union,ZAF,South Africa,agriculture,11,"Products of the milling industry; malt, starches, inulin, wheat gluten",79030493.385,2025,Export
EUR,European Union,ZAF,South Africa,agriculture,12,"Oil seeds and oleaginous fruits; miscellaneous grains, seeds and fruit, industrial or medicinal plants; straw and fodder",56330165.781,2025,Export
EUR,European Union,ZMB,Zambia,agriculture,10,Cereals,4052.12,2025,Export
EUR,European Union,ZMB,Zambia,agriculture,11,"Products of the milling industry; malt, starches, inulin, wheat gluten",130549.212,2025,Export
EUR,European Union,ZMB,Zambia,agriculture,12,"Oil seeds and oleaginous fruits; miscellaneous grains, seeds and fruit, industrial or medicinal plants; straw and fodder",1966650.227,2025,Export
EUR,European Union,ZWE,Zimbabwe,agriculture,10,Cereals,915.173,2025,Export
EUR,European Union,ZWE,Zimbabwe,agriculture,11,"Products of the milling industry; malt, starches, inulin, wheat gluten",62849.809,2025,Export
EUR,European Union,ZWE,Zimbabwe,agriculture,12,"Oil seeds and oleaginous fruits; miscellaneous grains, seeds and fruit, industrial or medicinal plants; straw and fodder",3032763.696,2025,Export
EUR,European Union,_X,"Areas, nes",agriculture,10,Cereals,2290874.795,2025,Export
EUR,European Union,_X,"Areas, nes",agriculture,11,"Products of the milling industry; malt, starches, inulin, wheat gluten",970079.751,2025,Export
EUR,European Union,_X,"Areas, nes",agriculture,12,"Oil seeds and oleaginous fruits; miscellaneous grains, seeds and fruit, industrial or medicinal plants; straw and fodder",352244.765,2025,Export
GBR,United Kingdom,ABW,Aruba,agriculture,11,"Products of the milling industry; malt, starches, inulin, wheat gluten",32366.583,2025,Export
GBR,United Kingdom,ABW,Aruba,agriculture,11,"Products of the milling industry; malt, starches, inulin, wheat gluten",32366.583,2025,Export
GBR,United Kingdom,AFG,Afghanistan,agriculture,12,"Oil seeds and oleaginous fruits; miscellaneous grains, seeds and fruit, industrial or medicinal plants; straw and fodder",35125.264,2025,Export
GBR,United Kingdom,AFG,Afghanistan,agriculture,12,"Oil seeds and oleaginous fruits; miscellaneous grains, seeds and fruit, industrial or medicinal plants; straw and fodder",35125.264,2025,Export
GBR,United Kingdom,AGO,Angola,agriculture,11,"Products of the milling industry; malt, starches, inulin, wheat gluten",11127.824,2025,Export
GBR,United Kingdom,AGO,Angola,agriculture,11,"Products of the milling industry; malt, starches, inulin, wheat gluten",11127.824,2025,Export
GBR,United Kingdom,ALB,Albania,agriculture,10,Cereals,5964.28,2025,Export
GBR,United Kingdom,ALB,Albania,agriculture,10,Cereals,5964.28,2025,Export
GBR,United Kingdom,ALB,Albania,agriculture,11,"Products of the milling industry; malt, starches, inulin, wheat gluten",2838.601,2025,Export
GBR,United Kingdom,ALB,Albania,agriculture,11,"Products of the milling industry; malt, starches, inulin, wheat gluten",2838.601,2025,Export
GBR,United Kingdom,ARE,United Arab Emirates,agriculture,10,Cereals,2192974.662,2025,Export
GBR,United Kingdom,ARE,United Arab Emirates,agriculture,10,Cereals,2192974.662,2025,Export
GBR,United Kingdom,ARE,United Arab Emirates,agriculture,11,"Products of the milling industry; malt, starches, inulin, wheat gluten",12045478.623,2025,Export
GBR,United Kingdom,ARE,United Arab Emirates,agriculture,11,"Products of the milling industry; malt, starches, inulin, wheat gluten",12045478.623,2025,Export
GBR,United Kingdom,ARE,United Arab Emirates,agriculture,12,"Oil seeds and oleaginous fruits; miscellaneous grains, seeds and fruit, industrial or medicinal plants; straw and fodder",2458233.936,2025,Export
GBR,United Kingdom,ARE,United Arab Emirates,agriculture,12,"Oil seeds and oleaginous fruits; miscellaneous grains, seeds and fruit, industrial or medicinal plants; straw and fodder",2458233.936,2025,Export
GBR,United Kingdom,ARG,Argentina,agriculture,10,Cereals,15779.306,2025,Export
GBR,United Kingdom,ARG,Argentina,agriculture,10,Cereals,15779.306,2025,Export
GBR,United Kingdom,ARG,Argentina,agriculture,11,"Products of the milling industry; malt, starches, inulin, wheat gluten",168450.096,2025,Export
GBR,United Kingdom,ARG,Argentina,agriculture,11,"Products of the milling industry; malt, starches, inulin, wheat gluten",108.714,2025,Export
GBR,United Kingdom,ARG,Argentina,agriculture,11,"Products of the milling industry; malt, starches, inulin, wheat gluten",168341.382,2025,Export
GBR,United Kingdom,ARG,Argentina,agriculture,12,"Oil seeds and oleaginous fruits; miscellaneous grains, seeds and fruit, industrial or medicinal plants; straw and fodder",30743.789,2025,Export
GBR,United Kingdom,ARG,Argentina,agriculture,12,"Oil seeds and oleaginous fruits; miscellaneous grains, seeds and fruit, industrial or medicinal plants; straw and fodder",5191.658,2025,Export
GBR,United Kingdom,ARG,Argentina,agriculture,12,"Oil seeds and oleaginous fruits; miscellaneous grains, seeds and fruit, industrial or medicinal plants; straw and fodder",35935.447,2025,Export
GBR,United Kingdom,ARM,Armenia,agriculture,12,"Oil seeds and oleaginous fruits; miscellaneous grains, seeds and fruit, industrial or medicinal plants; straw and fodder",11061.106,2025,Export
GBR,United Kingdom,ARM,Armenia,agriculture,12,"Oil seeds and oleaginous fruits; miscellaneous grains, seeds and fruit, industrial or medicinal plants; straw and fodder",11061.106,2025,Export
GBR,United Kingdom,ATG,Antigua and Barbuda,agriculture,11,"Products of the milling industry; malt, starches, inulin, wheat gluten",101029.055,2025,Export
GBR,United Kingdom,ATG,Antigua and Barbuda,agriculture,11,"Products of the milling industry; malt, starches, inulin, wheat gluten",101029.055,2025,Export
GBR,United Kingdom,AUS,Australia,agriculture,10,Cereals,78247.325,2025,Export
GBR,United Kingdom,AUS,Australia,agriculture,10,Cereals,78247.325,2025,Export
GBR,United Kingdom,AUS,Australia,agriculture,11,"Products of the milling industry; malt, starches, inulin, wheat gluten",3548671.455,2025,Export
GBR,United Kingdom,AUS,Australia,agriculture,11,"Products of the milling industry; malt, starches, inulin, wheat gluten",3548671.455,2025,Export
GBR,United Kingdom,AUS,Australia,agriculture,12,"Oil seeds and oleaginous fruits; miscellaneous grains, seeds and fruit, industrial or medicinal plants; straw and fodder",4278720.318,2025,Export
GBR,United Kingdom,AUS,Australia,agriculture,12,"Oil seeds and oleaginous fruits; miscellaneous grains, seeds and fruit, industrial or medicinal plants; straw and fodder",4278720.318,2025,Export
GBR,United Kingdom,AUT,Austria,agriculture,10,Cereals,160940.065,2025,Export
GBR,United Kingdom,AUT,Austria,agriculture,10,Cereals,160940.065,2025,Export
GBR,United Kingdom,AUT,Austria,agriculture,11,"Products of the milling industry; malt, starches, inulin, wheat gluten",108361.879,2025,Export
GBR,United Kingdom,AUT,Austria,agriculture,11,"Products of the milling industry; malt, starches, inulin, wheat gluten",164211.052,2025,Export
GBR,United Kingdom,AUT,Austria,agriculture,11,"Products of the milling industry; malt, starches, inulin, wheat gluten",55849.173,2025,Export
GBR,United Kingdom,AUT,Austria,agriculture,12,"Oil seeds and oleaginous fruits; miscellaneous grains, seeds and fruit, industrial or medicinal plants; straw and fodder",1769830.437,2025,Export
GBR,United Kingdom,AUT,Austria,agriculture,12,"Oil seeds and oleaginous fruits; miscellaneous grains, seeds and fruit, industrial or medicinal plants; straw and fodder",1769830.437,2025,Export
GBR,United Kingdom,AZE,Azerbaijan,agriculture,12,"Oil seeds and oleaginous fruits; miscellaneous grains, seeds and fruit, industrial or medicinal plants; straw and fodder",3195.383,2025,Export
GBR,United Kingdom,AZE,Azerbaijan,agriculture,12,"Oil seeds and oleaginous fruits; miscellaneous grains, seeds and fruit, industrial or medicinal plants; straw and fodder",3195.383,2025,Export
GBR,United Kingdom,BEL,Belgium,agriculture,10,Cereals,50798045.826,2025,Export
GBR,United Kingdom,BEL,Belgium,agriculture,10,Cereals,67.155,2025,Export
GBR,United Kingdom,BEL,Belgium,agriculture,10,Cereals,73813.108,2025,Export
GBR,United Kingdom,BEL,Belgium,agriculture,10,Cereals,50871926.089,2025,Export
GBR,United Kingdom,BEL,Belgium,agriculture,11,"Products of the milling industry; malt, starches, inulin, wheat gluten",7052147.229,2025,Export
GBR,United Kingdom,BEL,Belgium,agriculture,11,"Products of the milling industry; malt, starches, inulin, wheat gluten",27804.544,2025,Export
GBR,United Kingdom,BEL,Belgium,agriculture,11,"Products of the milling industry; malt, starches, inulin, wheat gluten",7024342.684,2025,Export
GBR,United Kingdom,BEL,Belgium,agriculture,12,"Oil seeds and oleaginous fruits; miscellaneous grains, seeds and fruit, industrial or medicinal plants; straw and fodder",14068027.175,2025,Export
GBR,United Kingdom,BEL,Belgium,agriculture,12,"Oil seeds and oleaginous fruits; miscellaneous grains, seeds and fruit, industrial or medicinal plants; straw and fodder",10384.413,2025,Export
GBR,United Kingdom,BEL,Belgium,agriculture,12,"Oil seeds and oleaginous fruits; miscellaneous grains, seeds and fruit, industrial or medicinal plants; straw and fodder",14057642.762,2025,Export
GBR,United Kingdom,BES,Bonaire,agriculture,10,Cereals,2537.994,2025,Export
GBR,United Kingdom,BES,Bonaire,agriculture,10,Cereals,2537.994,2025,Export
GBR,United Kingdom,BGD,Bangladesh,agriculture,12,"Oil seeds and oleaginous fruits; miscellaneous grains, seeds and fruit, industrial or medicinal plants; straw and fodder",43038.744,2025,Export
GBR,United Kingdom,BGD,Bangladesh,agriculture,12,"Oil seeds and oleaginous fruits; miscellaneous grains, seeds and fruit, industrial or medicinal plants; straw and fodder",43038.744,2025,Export
GBR,United Kingdom,BGR,Bulgaria,agriculture,11,"Products of the milling industry; malt, starches, inulin, wheat gluten",198965.479,2025,Export
GBR,United Kingdom,BGR,Bulgaria,agriculture,11,"Products of the milling industry; malt, starches, inulin, wheat gluten",198965.479,2025,Export
GBR,United Kingdom,BGR,Bulgaria,agriculture,12,"Oil seeds and oleaginous fruits; miscellaneous grains, seeds and fruit, industrial or medicinal plants; straw and fodder",104856.999,2025,Export
GBR,United Kingdom,BGR,Bulgaria,agriculture,12,"Oil seeds and oleaginous fruits; miscellaneous grains, seeds and fruit, industrial or medicinal plants; straw and fodder",83699.815,2025,Export
GBR,United Kingdom,BGR,Bulgaria,agriculture,12,"Oil seeds and oleaginous fruits; miscellaneous grains, seeds and fruit, industrial or medicinal plants; straw and fodder",21114.375,2025,Export
GBR,United Kingdom,BGR,Bulgaria,agriculture,12,"Oil seeds and oleaginous fruits; miscellaneous grains, seeds and fruit, industrial or medicinal plants; straw and fodder",42.809,2025,Export
GBR,United Kingdom,BHR,Bahrain,agriculture,10,Cereals,8602.722,2025,Export
GBR,United Kingdom,BHR,Bahrain,agriculture,10,Cereals,8602.722,2025,Export
GBR,United Kingdom,BHR,Bahrain,agriculture,11,"Products of the milling industry; malt, starches, inulin, wheat gluten",654463.032,2025,Export
GBR,United Kingdom,BHR,Bahrain,agriculture,11,"Products of the milling industry; malt, starches, inulin, wheat gluten",654463.032,2025,Export
GBR,United Kingdom,BHR,Bahrain,agriculture,12,"Oil seeds and oleaginous fruits; miscellaneous grains, seeds and fruit, industrial or medicinal plants; straw and fodder",57472.544,2025,Export
GBR,United Kingdom,BHR,Bahrain,agriculture,12,"Oil seeds and oleaginous fruits; miscellaneous grains, seeds and fruit, industrial or medicinal plants; straw and fodder",57472.544,2025,Export
GBR,United Kingdom,BHS,Bahamas,agriculture,10,Cereals,11553.62,2025,Export
GBR,United Kingdom,BHS,Bahamas,agriculture,10,Cereals,11553.62,2025,Export
GBR,United Kingdom,BLR,Belarus,agriculture,12,"Oil seeds and oleaginous fruits; miscellaneous grains, seeds and fruit, industrial or medicinal plants; straw and fodder",1113021.278,2025,Export
GBR,United Kingdom,BLR,Belarus,agriculture,12,"Oil seeds and oleaginous fruits; miscellaneous grains, seeds and fruit, industrial or medicinal plants; straw and fodder",1113021.278,2025,Export
GBR,United Kingdom,BMU,Bermuda,agriculture,10,Cereals,2726.488,2025,Export
GBR,United Kingdom,BMU,Bermuda,agriculture,10,Cereals,2726.488,2025,Export
GBR,United Kingdom,BOL,Bolivia (Plurinational State of),agriculture,10,Cereals,211.371,2025,Export
GBR,United Kingdom,BOL,Bolivia (Plurinational State of),agriculture,10,Cereals,211.371,2025,Export
GBR,United Kingdom,BRA,Brazil,agriculture,10,Cereals,5159804.566,2025,Export
GBR,United Kingdom,BRA,Brazil,agriculture,10,Cereals,5153598.751,2025,Export
GBR,United Kingdom,BRA,Brazil,agriculture,10,Cereals,6205.815,2025,Export
GBR,United Kingdom,BRA,Brazil,agriculture,11,"Products of the milling industry; malt, starches, inulin, wheat gluten",1862776.185,2025,Export
GBR,United Kingdom,BRA,Brazil,agriculture,11,"Products of the milling industry; malt, starches, inulin, wheat gluten",1862776.185,2025,Export
GBR,United Kingdom,BRA,Brazil,agriculture,12,"Oil seeds and oleaginous fruits; miscellaneous grains, seeds and fruit, industrial or medicinal plants; straw and fodder",231584.851,2025,Export
GBR,United Kingdom,BRA,Brazil,agriculture,12,"Oil seeds and oleaginous fruits; miscellaneous grains, seeds and fruit, industrial or medicinal plants; straw and fodder",231584.851,2025,Export
GBR,United Kingdom,BRB,Barbados,agriculture,10,Cereals,45079.919,2025,Export
GBR,United Kingdom,BRB,Barbados,agriculture,10,Cereals,45079.919,2025,Export
GBR,United Kingdom,BRB,Barbados,agriculture,11,"Products of the milling industry; malt, starches, inulin, wheat gluten",217667.737,2025,Export
GBR,United Kingdom,BRB,Barbados,agriculture,11,"Products of the milling industry; malt, starches, inulin, wheat gluten",217667.737,2025,Export
GBR,United Kingdom,BRB,Barbados,agriculture,12,"Oil seeds and oleaginous fruits; miscellaneous grains, seeds and fruit, industrial or medicinal plants; straw and fodder",42793.107,2025,Export
GBR,United Kingdom,BRB,Barbados,agriculture,12,"Oil seeds and oleaginous fruits; miscellaneous grains, seeds and fruit, industrial or medicinal plants; straw and fodder",42793.107,2025,Export
GBR,United Kingdom,BRN,Brunei Darussalam,agriculture,10,Cereals,3833.927,2025,Export
GBR,United Kingdom,BRN,Brunei Darussalam,agriculture,10,Cereals,3833.927,2025,Export
GBR,United Kingdom,BRN,Brunei Darussalam,agriculture,11,"Products of the milling industry; malt, starches, inulin, wheat gluten",5476.459,2025,Export
GBR,United Kingdom,BRN,Brunei Darussalam,agriculture,11,"Products of the milling industry; malt, starches, inulin, wheat gluten",5476.459,2025,Export
GBR,United Kingdom,CAN,Canada,agriculture,10,Cereals,112430.511,2025,Export
GBR,United Kingdom,CAN,Canada,agriculture,10,Cereals,10897607.489,2025,Export
GBR,United Kingdom,CAN,Canada,agriculture,10,Cereals,11010038.0,2025,Export
GBR,United Kingdom,CAN,Canada,agriculture,11,"Products of the milling industry; malt, starches, inulin, wheat gluten",7272417.785,2025,Export
GBR,United Kingdom,CAN,Canada,agriculture,11,"Products of the milling industry; malt, starches, inulin, wheat gluten",7272242.476,2025,Export
GBR,United Kingdom,CAN,Canada,agriculture,11,"Products of the milling industry; malt, starches, inulin, wheat gluten",175.309,2025,Export
GBR,United Kingdom,CAN,Canada,agriculture,12,"Oil seeds and oleaginous fruits; miscellaneous grains, seeds and fruit, industrial or medicinal plants; straw and fodder",5071178.204,2025,Export
GBR,United Kingdom,CAN,Canada,agriculture,12,"Oil seeds and oleaginous fruits; miscellaneous grains, seeds and fruit, industrial or medicinal plants; straw and fodder",4906313.362,2025,Export
GBR,United Kingdom,CAN,Canada,agriculture,12,"Oil seeds and oleaginous fruits; miscellaneous grains, seeds and fruit, industrial or medicinal plants; straw and fodder",164864.842,2025,Export
GBR,United Kingdom,CHE,Switzerland,agriculture,10,Cereals,1424226.213,2025,Export
GBR,United Kingdom,CHE,Switzerland,agriculture,10,Cereals,1424226.213,2025,Export
GBR,United Kingdom,CHE,Switzerland,agriculture,11,"Products of the milling industry; malt, starches, inulin, wheat gluten",1089673.196,2025,Export
GBR,United Kingdom,CHE,Switzerland,agriculture,11,"Products of the milling industry; malt, starches, inulin, wheat gluten",1089673.196,2025,Export
GBR,United Kingdom,CHE,Switzerland,agriculture,12,"Oil seeds and oleaginous fruits; miscellaneous grains, seeds and fruit, industrial or medicinal plants; straw and fodder",765745.558,2025,Export
GBR,United Kingdom,CHE,Switzerland,agriculture,12,"Oil seeds and oleaginous fruits; miscellaneous grains, seeds and fruit, industrial or medicinal plants; straw and fodder",765745.558,2025,Export
GBR,United Kingdom,CHL,Chile,agriculture,10,Cereals,9140.045,2025,Export
GBR,United Kingdom,CHL,Chile,agriculture,10,Cereals,9140.045,2025,Export
GBR,United Kingdom,CHL,Chile,agriculture,11,"Products of the milling industry; malt, starches, inulin, wheat gluten",55028.155,2025,Export
GBR,United Kingdom,CHL,Chile,agriculture,11,"Products of the milling industry; malt, starches, inulin, wheat gluten",55028.155,2025,Export
GBR,United Kingdom,CHL,Chile,agriculture,12,"Oil seeds and oleaginous fruits; miscellaneous grains, seeds and fruit, industrial or medicinal plants; straw and fodder",165220.752,2025,Export
GBR,United Kingdom,CHL,Chile,agriculture,12,"Oil seeds and oleaginous fruits; miscellaneous grains, seeds and fruit, industrial or medicinal plants; straw and fodder",165220.752,2025,Export
GBR,United Kingdom,CHN,China,agriculture,10,Cereals,31856.756,2025,Export
GBR,United Kingdom,CHN,China,agriculture,10,Cereals,23003.372,2025,Export
GBR,United Kingdom,CHN,China,agriculture,10,Cereals,8853.384,2025,Export
GBR,United Kingdom,CHN,China,agriculture,11,"Products of the milling industry; malt, starches, inulin, wheat gluten",570.885,2025,Export
GBR,United Kingdom,CHN,China,agriculture,11,"Products of the milling industry; malt, starches, inulin, wheat gluten",2368706.043,2025,Export
GBR,United Kingdom,CHN,China,agriculture,11,"Products of the milling industry; malt, starches, inulin, wheat gluten",2369276.928,2025,Export
GBR,United Kingdom,CHN,China,agriculture,12,"Oil seeds and oleaginous fruits; miscellaneous grains, seeds and fruit, industrial or medicinal plants; straw and fodder",3669224.361,2025,Export
GBR,United Kingdom,CHN,China,agriculture,12,"Oil seeds and oleaginous fruits; miscellaneous grains, seeds and fruit, industrial or medicinal plants; straw and fodder",686.364,2025,Export
GBR,United Kingdom,CHN,China,agriculture,12,"Oil seeds and oleaginous fruits; miscellaneous grains, seeds and fruit, industrial or medicinal plants; straw and fodder",33988.169,2025,Export
GBR,United Kingdom,CHN,China,agriculture,12,"Oil seeds and oleaginous fruits; miscellaneous grains, seeds and fruit, industrial or medicinal plants; straw and fodder",3634549.829,2025,Export
GBR,United Kingdom,CIV,Côte d'Ivoire,agriculture,11,"Products of the milling industry; malt, starches, inulin, wheat gluten",589953.045,2025,Export
GBR,United Kingdom,CIV,Côte d'Ivoire,agriculture,11,"Products of the milling industry; malt, starches, inulin, wheat gluten",589953.045,2025,Export
GBR,United Kingdom,COD,Dem. Rep. of the Congo,agriculture,11,"Products of the milling industry; malt, starches, inulin, wheat gluten",90533.61,2025,Export
GBR,United Kingdom,COD,Dem. Rep. of the Congo,agriculture,11,"Products of the milling industry; malt, starches, inulin, wheat gluten",90533.61,2025,Export
GBR,United Kingdom,COG,Congo,agriculture,11,"Products of the milling industry; malt, starches, inulin, wheat gluten",180080.204,2025,Export
GBR,United Kingdom,COG,Congo,agriculture,11,"Products of the milling industry; malt, starches, inulin, wheat gluten",180080.204,2025,Export
GBR,United Kingdom,COL,Colombia,agriculture,11,"Products of the milling industry; malt, starches, inulin, wheat gluten",35346.221,2025,Export
GBR,United Kingdom,COL,Colombia,agriculture,11,"Products of the milling industry; malt, starches, inulin, wheat gluten",35346.221,2025,Export
GBR,United Kingdom,CRI,Costa Rica,agriculture,11,"Products of the milling industry; malt, starches, inulin, wheat gluten",24130.038,2025,Export
GBR,United Kingdom,CRI,Costa Rica,agriculture,11,"Products of the milling industry; malt, starches, inulin, wheat gluten",24130.038,2025,Export
GBR,United Kingdom,CRI,Costa Rica,agriculture,12,"Oil seeds and oleaginous fruits; miscellaneous grains, seeds and fruit, industrial or medicinal plants; straw and fodder",186081.626,2025,Export
GBR,United Kingdom,CRI,Costa Rica,agriculture,12,"Oil seeds and oleaginous fruits; miscellaneous grains, seeds and fruit, industrial or medicinal plants; straw and fodder",186081.626,2025,Export
GBR,United Kingdom,CYM,Cayman Isds,agriculture,10,Cereals,35566.51,2025,Export
GBR,United Kingdom,CYM,Cayman Isds,agriculture,10,Cereals,35566.51,2025,Export
GBR,United Kingdom,CYM,Cayman Isds,agriculture,11,"Products of the milling industry; malt, starches, inulin, wheat gluten",13877.329,2025,Export
GBR,United Kingdom,CYM,Cayman Isds,agriculture,11,"Products of the milling industry; malt, starches, inulin, wheat gluten",13877.329,2025,Export
GBR,United Kingdom,CYM,Cayman Isds,agriculture,12,"Oil seeds and oleaginous fruits; miscellaneous grains, seeds and fruit, industrial or medicinal plants; straw and fodder",15847.619,2025,Export
GBR,United Kingdom,CYM,Cayman Isds,agriculture,12,"Oil seeds and oleaginous fruits; miscellaneous grains, seeds and fruit, industrial or medicinal plants; straw and fodder",15847.619,2025,Export
GBR,United Kingdom,CYP,Cyprus,agriculture,10,Cereals,735958.268,2025,Export
GBR,United Kingdom,CYP,Cyprus,agriculture,10,Cereals,735958.268,2025,Export
GBR,United Kingdom,CYP,Cyprus,agriculture,11,"Products of the milling industry; malt, starches, inulin, wheat gluten",420174.375,2025,Export
GBR,United Kingdom,CYP,Cyprus,agriculture,11,"Products of the milling industry; malt, starches, inulin, wheat gluten",420174.375,2025,Export
GBR,United Kingdom,CYP,Cyprus,agriculture,12,"Oil seeds and oleaginous fruits; miscellaneous grains, seeds and fruit, industrial or medicinal plants; straw and fodder",31786.593,2025,Export
GBR,United Kingdom,CYP,Cyprus,agriculture,12,"Oil seeds and oleaginous fruits; miscellaneous grains, seeds and fruit, industrial or medicinal plants; straw and fodder",31786.593,2025,Export
GBR,United Kingdom,CZE,Czechia,agriculture,10,Cereals,253927.877,2025,Export
GBR,United Kingdom,CZE,Czechia,agriculture,10,Cereals,253927.877,2025,Export
GBR,United Kingdom,CZE,Czechia,agriculture,11,"Products of the milling industry; malt, starches, inulin, wheat gluten",1610230.526,2025,Export
GBR,United Kingdom,CZE,Czechia,agriculture,11,"Products of the milling industry; malt, starches, inulin, wheat gluten",10.022,2025,Export
GBR,United Kingdom,CZE,Czechia,agriculture,11,"Products of the milling industry; malt, starches, inulin, wheat gluten",1610220.504,2025,Export
GBR,United Kingdom,CZE,Czechia,agriculture,12,"Oil seeds and oleaginous fruits; miscellaneous grains, seeds and fruit, industrial or medicinal plants; straw and fodder",464376.58,2025,Export
GBR,United Kingdom,CZE,Czechia,agriculture,12,"Oil seeds and oleaginous fruits; miscellaneous grains, seeds and fruit, industrial or medicinal plants; straw and fodder",464376.58,2025,Export
GBR,United Kingdom,DEU,Germany,agriculture,10,Cereals,13984566.886,2025,Export
GBR,United Kingdom,DEU,Germany,agriculture,10,Cereals,2390349.323,2025,Export
GBR,United Kingdom,DEU,Germany,agriculture,10,Cereals,11594217.563,2025,Export
GBR,United Kingdom,DEU,Germany,agriculture,11,"Products of the milling industry; malt, starches, inulin, wheat gluten",75061.201,2025,Export
GBR,United Kingdom,DEU,Germany,agriculture,11,"Products of the milling industry; malt, starches, inulin, wheat gluten",4383066.944,2025,Export
GBR,United Kingdom,DEU,Germany,agriculture,11,"Products of the milling industry; malt, starches, inulin, wheat gluten",4458128.145,2025,Export
GBR,United Kingdom,DEU,Germany,agriculture,12,"Oil seeds and oleaginous fruits; miscellaneous grains, seeds and fruit, industrial or medicinal plants; straw and fodder",18038730.309,2025,Export
GBR,United Kingdom,DEU,Germany,agriculture,12,"Oil seeds and oleaginous fruits; miscellaneous grains, seeds and fruit, industrial or medicinal plants; straw and fodder",18061531.679,2025,Export
GBR,United Kingdom,DEU,Germany,agriculture,12,"Oil seeds and oleaginous fruits; miscellaneous grains, seeds and fruit, industrial or medicinal plants; straw and fodder",22801.371,2025,Export
GBR,United Kingdom,DMA,Dominica,agriculture,10,Cereals,1116.189,2025,Export
GBR,United Kingdom,DMA,Dominica,agriculture,10,Cereals,1116.189,2025,Export
GBR,United Kingdom,DMA,Dominica,agriculture,11,"Products of the milling industry; malt, starches, inulin, wheat gluten",89668.704,2025,Export
GBR,United Kingdom,DMA,Dominica,agriculture,11,"Products of the milling industry; malt, starches, inulin, wheat gluten",89668.704,2025,Export
GBR,United Kingdom,DNK,Denmark,agriculture,10,Cereals,3741633.252,2025,Export
GBR,United Kingdom,DNK,Denmark,agriculture,10,Cereals,4600022.667,2025,Export
GBR,United Kingdom,DNK,Denmark,agriculture,10,Cereals,858389.415,2025,Export
GBR,United Kingdom,DNK,Denmark,agriculture,11,"Products of the milling industry; malt, starches, inulin, wheat gluten",2372809.826,2025,Export
GBR,United Kingdom,DNK,Denmark,agriculture,11,"Products of the milling industry; malt, starches, inulin, wheat gluten",2372809.826,2025,Export
GBR,United Kingdom,DNK,Denmark,agriculture,12,"Oil seeds and oleaginous fruits; miscellaneous grains, seeds and fruit, industrial or medicinal plants; straw and fodder",1007780.281,2025,Export
GBR,United Kingdom,DNK,Denmark,agriculture,12,"Oil seeds and oleaginous fruits; miscellaneous grains, seeds and fruit, industrial or medicinal plants; straw and fodder",1007780.281,2025,Export
GBR,United Kingdom,DOM,Dominican Rep.,agriculture,11,"Products of the milling industry; malt, starches, inulin, wheat gluten",297434.484,2025,Export
GBR,United Kingdom,DOM,Dominican Rep.,agriculture,11,"Products of the milling industry; malt, starches, inulin, wheat gluten",297434.484,2025,Export
GBR,United Kingdom,DOM,Dominican Rep.,agriculture,12,"Oil seeds and oleaginous fruits; miscellaneous grains, seeds and fruit, industrial or medicinal plants; straw and fodder",16417.611,2025,Export
GBR,United Kingdom,DOM,Dominican Rep.,agriculture,12,"Oil seeds and oleaginous fruits; miscellaneous grains, seeds and fruit, industrial or medicinal plants; straw and fodder",16417.611,2025,Export
GBR,United Kingdom,DZA,Algeria,agriculture,10,Cereals,69470.245,2025,Export
GBR,United Kingdom,DZA,Algeria,agriculture,10,Cereals,69470.245,2025,Export
GBR,United Kingdom,DZA,Algeria,agriculture,11,"Products of the milling industry; malt, starches, inulin, wheat gluten",282674.1,2025,Export
GBR,United Kingdom,DZA,Algeria,agriculture,11,"Products of the milling industry; malt, starches, inulin, wheat gluten",282674.1,2025,Export
GBR,United Kingdom,ECU,Ecuador,agriculture,11,"Products of the milling industry; malt, starches, inulin, wheat gluten",4233.589,2025,Export
GBR,United Kingdom,ECU,Ecuador,agriculture,11,"Products of the milling industry; malt, starches, inulin, wheat gluten",4233.589,2025,Export
GBR,United Kingdom,ECU,Ecuador,agriculture,12,"Oil seeds and oleaginous fruits; miscellaneous grains, seeds and fruit, industrial or medicinal plants; straw and fodder",10858.807,2025,Export
GBR,United Kingdom,ECU,Ecuador,agriculture,12,"Oil seeds and oleaginous fruits; miscellaneous grains, seeds and fruit, industrial or medicinal plants; straw and fodder",10858.807,2025,Export
GBR,United Kingdom,EGY,Egypt,agriculture,11,"Products of the milling industry; malt, starches, inulin, wheat gluten",770936.966,2025,Export
GBR,United Kingdom,EGY,Egypt,agriculture,11,"Products of the milling industry; malt, starches, inulin, wheat gluten",770936.966,2025,Export
GBR,United Kingdom,EGY,Egypt,agriculture,12,"Oil seeds and oleaginous fruits; miscellaneous grains, seeds and fruit, industrial or medicinal plants; straw and fodder",118438.31,2025,Export
GBR,United Kingdom,EGY,Egypt,agriculture,12,"Oil seeds and oleaginous fruits; miscellaneous grains, seeds and fruit, industrial or medicinal plants; straw and fodder",118438.31,2025,Export
GBR,United Kingdom,ESP,Spain,agriculture,10,Cereals,17080822.102,2025,Export
GBR,United Kingdom,ESP,Spain,agriculture,10,Cereals,128400.312,2025,Export
GBR,United Kingdom,ESP,Spain,agriculture,10,Cereals,17209222.414,2025,Export
GBR,United Kingdom,ESP,Spain,agriculture,11,"Products of the milling industry; malt, starches, inulin, wheat gluten",13304.451,2025,Export
GBR,United Kingdom,ESP,Spain,agriculture,11,"Products of the milling industry; malt, starches, inulin, wheat gluten",6061787.631,2025,Export
GBR,United Kingdom,ESP,Spain,agriculture,11,"Products of the milling industry; malt, starches, inulin, wheat gluten",6048483.18,2025,Export
GBR,United Kingdom,ESP,Spain,agriculture,12,"Oil seeds and oleaginous fruits; miscellaneous grains, seeds and fruit, industrial or medicinal plants; straw and fodder",276.307,2025,Export
GBR,United Kingdom,ESP,Spain,agriculture,12,"Oil seeds and oleaginous fruits; miscellaneous grains, seeds and fruit, industrial or medicinal plants; straw and fodder",4938163.254,2025,Export
GBR,United Kingdom,ESP,Spain,agriculture,12,"Oil seeds and oleaginous fruits; miscellaneous grains, seeds and fruit, industrial or medicinal plants; straw and fodder",4938439.561,2025,Export
GBR,United Kingdom,EST,Estonia,agriculture,10,Cereals,39598.381,2025,Export
GBR,United Kingdom,EST,Estonia,agriculture,10,Cereals,39598.381,2025,Export
GBR,United Kingdom,EST,Estonia,agriculture,11,"Products of the milling industry; malt, starches, inulin, wheat gluten",1409575.023,2025,Export
GBR,United Kingdom,EST,Estonia,agriculture,11,"Products of the milling industry; malt, starches, inulin, wheat gluten",1409575.023,2025,Export
GBR,United Kingdom,EST,Estonia,agriculture,12,"Oil seeds and oleaginous fruits; miscellaneous grains, seeds and fruit, industrial or medicinal plants; straw and fodder",33910.483,2025,Export
GBR,United Kingdom,EST,Estonia,agriculture,12,"Oil seeds and oleaginous fruits; miscellaneous grains, seeds and fruit, industrial or medicinal plants; straw and fodder",33910.483,2025,Export
GBR,United Kingdom,ETH,Ethiopia,agriculture,10,Cereals,1498.363,2025,Export
GBR,United Kingdom,ETH,Ethiopia,agriculture,10,Cereals,1498.363,2025,Export
GBR,United Kingdom,ETH,Ethiopia,agriculture,11,"Products of the milling industry; malt, starches, inulin, wheat gluten",1292.254,2025,Export
GBR,United Kingdom,ETH,Ethiopia,agriculture,11,"Products of the milling industry; malt, starches, inulin, wheat gluten",1292.254,2025,Export
GBR,United Kingdom,ETH,Ethiopia,agriculture,12,"Oil seeds and oleaginous fruits; miscellaneous grains, seeds and fruit, industrial or medicinal plants; straw and fodder",52041.594,2025,Export
GBR,United Kingdom,ETH,Ethiopia,agriculture,12,"Oil seeds and oleaginous fruits; miscellaneous grains, seeds and fruit, industrial or medicinal plants; straw and fodder",19913.549,2025,Export
GBR,United Kingdom,ETH,Ethiopia,agriculture,12,"Oil seeds and oleaginous fruits; miscellaneous grains, seeds and fruit, industrial or medicinal plants; straw and fodder",32128.044,2025,Export
GBR,United Kingdom,FIN,Finland,agriculture,10,Cereals,907047.199,2025,Export
GBR,United Kingdom,FIN,Finland,agriculture,10,Cereals,907047.199,2025,Export
GBR,United Kingdom,FIN,Finland,agriculture,11,"Products of the milling industry; malt, starches, inulin, wheat gluten",211745.533,2025,Export
GBR,United Kingdom,FIN,Finland,agriculture,11,"Products of the milling industry; malt, starches, inulin, wheat gluten",211745.533,2025,Export
GBR,United Kingdom,FIN,Finland,agriculture,12,"Oil seeds and oleaginous fruits; miscellaneous grains, seeds and fruit, industrial or medicinal plants; straw and fodder",145626.321,2025,Export
GBR,United Kingdom,FIN,Finland,agriculture,12,"Oil seeds and oleaginous fruits; miscellaneous grains, seeds and fruit, industrial or medicinal plants; straw and fodder",145626.321,2025,Export
GBR,United Kingdom,FLK,Falkland Isds (Malvinas),agriculture,10,Cereals,7764.219,2025,Export
GBR,United Kingdom,FLK,Falkland Isds (Malvinas),agriculture,10,Cereals,7764.219,2025,Export
GBR,United Kingdom,FLK,Falkland Isds (Malvinas),agriculture,11,"Products of the milling industry; malt, starches, inulin, wheat gluten",28984.219,2025,Export
GBR,United Kingdom,FLK,Falkland Isds (Malvinas),agriculture,11,"Products of the milling industry; malt, starches, inulin, wheat gluten",28984.219,2025,Export
GBR,United Kingdom,FRA,France,agriculture,10,Cereals,19390431.249,2025,Export
GBR,United Kingdom,FRA,France,agriculture,10,Cereals,12501596.191,2025,Export
GBR,United Kingdom,FRA,France,agriculture,10,Cereals,31892027.44,2025,Export
GBR,United Kingdom,FRA,France,agriculture,11,"Products of the milling industry; malt, starches, inulin, wheat gluten",30610.462,2025,Export
GBR,United Kingdom,FRA,France,agriculture,11,"Products of the milling industry; malt, starches, inulin, wheat gluten",13196562.81,2025,Export
GBR,United Kingdom,FRA,France,agriculture,11,"Products of the milling industry; malt, starches, inulin, wheat gluten",13227173.272,2025,Export
GBR,United Kingdom,FRA,France,agriculture,12,"Oil seeds and oleaginous fruits; miscellaneous grains, seeds and fruit, industrial or medicinal plants; straw and fodder",15346.527,2025,Export
GBR,United Kingdom,FRA,France,agriculture,12,"Oil seeds and oleaginous fruits; miscellaneous grains, seeds and fruit, industrial or medicinal plants; straw and fodder",14146684.221,2025,Export
GBR,United Kingdom,FRA,France,agriculture,12,"Oil seeds and oleaginous fruits; miscellaneous grains, seeds and fruit, industrial or medicinal plants; straw and fodder",14131337.695,2025,Export
GBR,United Kingdom,FRO,Faroe Isds,agriculture,11,"Products of the milling industry; malt, starches, inulin, wheat gluten",1690.881,2025,Export
GBR,United Kingdom,FRO,Faroe Isds,agriculture,11,"Products of the milling industry; malt, starches, inulin, wheat gluten",1690.881,2025,Export
GBR,United Kingdom,FRO,Faroe Isds,agriculture,12,"Oil seeds and oleaginous fruits; miscellaneous grains, seeds and fruit, industrial or medicinal plants; straw and fodder",10630.914,2025,Export
GBR,United Kingdom,FRO,Faroe Isds,agriculture,12,"Oil seeds and oleaginous fruits; miscellaneous grains, seeds and fruit, industrial or medicinal plants; straw and fodder",10630.914,2025,Export
GBR,United Kingdom,GAB,Gabon,agriculture,11,"Products of the milling industry; malt, starches, inulin, wheat gluten",643677.383,2025,Export
GBR,United Kingdom,GAB,Gabon,agriculture,11,"Products of the milling industry; malt, starches, inulin, wheat gluten",643677.383,2025,Export
GBR,United Kingdom,GEO,Georgia,agriculture,12,"Oil seeds and oleaginous fruits; miscellaneous grains, seeds and fruit, industrial or medicinal plants; straw and fodder",11296.52,2025,Export
GBR,United Kingdom,GEO,Georgia,agriculture,12,"Oil seeds and oleaginous fruits; miscellaneous grains, seeds and fruit, industrial or medicinal plants; straw and fodder",11296.52,2025,Export
GBR,United Kingdom,GHA,Ghana,agriculture,10,Cereals,681525.29,2025,Export
GBR,United Kingdom,GHA,Ghana,agriculture,10,Cereals,681525.29,2025,Export
GBR,United Kingdom,GHA,Ghana,agriculture,11,"Products of the milling industry; malt, starches, inulin, wheat gluten",393296.047,2025,Export
GBR,United Kingdom,GHA,Ghana,agriculture,11,"Products of the milling industry; malt, starches, inulin, wheat gluten",393296.047,2025,Export
GBR,United Kingdom,GHA,Ghana,agriculture,12,"Oil seeds and oleaginous fruits; miscellaneous grains, seeds and fruit, industrial or medicinal plants; straw and fodder",4524.186,2025,Export
GBR,United Kingdom,GHA,Ghana,agriculture,12,"Oil seeds and oleaginous fruits; miscellaneous grains, seeds and fruit, industrial or medicinal plants; straw and fodder",4524.186,2025,Export
GBR,United Kingdom,GIB,Gibraltar,agriculture,10,Cereals,77918.381,2025,Export
GBR,United Kingdom,GIB,Gibraltar,agriculture,10,Cereals,77918.381,2025,Export
GBR,United Kingdom,GIB,Gibraltar,agriculture,11,"Products of the milling industry; malt, starches, inulin, wheat gluten",81331.037,2025,Export
GBR,United Kingdom,GIB,Gibraltar,agriculture,11,"Products of the milling industry; malt, starches, inulin, wheat gluten",81331.037,2025,Export
GBR,United Kingdom,GIB,Gibraltar,agriculture,12,"Oil seeds and oleaginous fruits; miscellaneous grains, seeds and fruit, industrial or medicinal plants; straw and fodder",8889.515,2025,Export
GBR,United Kingdom,GIB,Gibraltar,agriculture,12,"Oil seeds and oleaginous fruits; miscellaneous grains, seeds and fruit, industrial or medicinal plants; straw and fodder",8889.515,2025,Export
GBR,United Kingdom,GIN,Guinea,agriculture,12,"Oil seeds and oleaginous fruits; miscellaneous grains, seeds and fruit, industrial or medicinal plants; straw and fodder",1260.009,2025,Export
GBR,United Kingdom,GIN,Guinea,agriculture,12,"Oil seeds and oleaginous fruits; miscellaneous grains, seeds and fruit, industrial or medicinal plants; straw and fodder",1260.009,2025,Export
GBR,United Kingdom,GMB,Gambia,agriculture,10,Cereals,58990.56,2025,Export
GBR,United Kingdom,GMB,Gambia,agriculture,10,Cereals,58990.56,2025,Export
GBR,United Kingdom,GMB,Gambia,agriculture,11,"Products of the milling industry; malt, starches, inulin, wheat gluten",25421.405,2025,Export
GBR,United Kingdom,GMB,Gambia,agriculture,11,"Products of the milling industry; malt, starches, inulin, wheat gluten",25421.405,2025,Export
GBR,United Kingdom,GMB,Gambia,agriculture,12,"Oil seeds and oleaginous fruits; miscellaneous grains, seeds and fruit, industrial or medicinal plants; straw and fodder",11285.636,2025,Export
GBR,United Kingdom,GMB,Gambia,agriculture,12,"Oil seeds and oleaginous fruits; miscellaneous grains, seeds and fruit, industrial or medicinal plants; straw and fodder",11285.636,2025,Export
GBR,United Kingdom,GRC,Greece,agriculture,10,Cereals,10474.649,2025,Export
GBR,United Kingdom,GRC,Greece,agriculture,10,Cereals,12827.644,2025,Export
GBR,United Kingdom,GRC,Greece,agriculture,10,Cereals,23302.293,2025,Export
GBR,United Kingdom,GRC,Greece,agriculture,11,"Products of the milling industry; malt, starches, inulin, wheat gluten",4351765.597,2025,Export
GBR,United Kingdom,GRC,Greece,agriculture,11,"Products of the milling industry; malt, starches, inulin, wheat gluten",4351765.597,2025,Export
GBR,United Kingdom,GRC,Greece,agriculture,12,"Oil seeds and oleaginous fruits; miscellaneous grains, seeds and fruit, industrial or medicinal plants; straw and fodder",7784.961,2025,Export
GBR,United Kingdom,GRC,Greece,agriculture,12,"Oil seeds and oleaginous fruits; miscellaneous grains, seeds and fruit, industrial or medicinal plants; straw and fodder",42108.697,2025,Export
GBR,United Kingdom,GRC,Greece,agriculture,12,"Oil seeds and oleaginous fruits; miscellaneous grains, seeds and fruit, industrial or medicinal plants; straw and fodder",49893.659,2025,Export
GBR,United Kingdom,GRD,Grenada,agriculture,11,"Products of the milling industry; malt, starches, inulin, wheat gluten",72647.065,2025,Export
GBR,United Kingdom,GRD,Grenada,agriculture,11,"Products of the milling industry; malt, starches, inulin, wheat gluten",72647.065,2025,Export
GBR,United Kingdom,GTM,Guatemala,agriculture,12,"Oil seeds and oleaginous fruits; miscellaneous grains, seeds and fruit, industrial or medicinal plants; straw and fodder",38043.112,2025,Export
GBR,United Kingdom,GTM,Guatemala,agriculture,12,"Oil seeds and oleaginous fruits; miscellaneous grains, seeds and fruit, industrial or medicinal plants; straw and fodder",38043.112,2025,Export
GBR,United Kingdom,GUY,Guyana,agriculture,11,"Products of the milling industry; malt, starches, inulin, wheat gluten",2140.233,2025,Export
GBR,United Kingdom,GUY,Guyana,agriculture,11,"Products of the milling industry; malt, starches, inulin, wheat gluten",2140.233,2025,Export
GBR,United Kingdom,GUY,Guyana,agriculture,12,"Oil seeds and oleaginous fruits; miscellaneous grains, seeds and fruit, industrial or medicinal plants; straw and fodder",14534.219,2025,Export
GBR,United Kingdom,GUY,Guyana,agriculture,12,"Oil seeds and oleaginous fruits; miscellaneous grains, seeds and fruit, industrial or medicinal plants; straw and fodder",14534.219,2025,Export
GBR,United Kingdom,HKG,"China, Hong Kong SAR",agriculture,10,Cereals,58291.108,2025,Export
GBR,United Kingdom,HKG,"China, Hong Kong SAR",agriculture,10,Cereals,58291.108,2025,Export
GBR,United Kingdom,HKG,"China, Hong Kong SAR",agriculture,11,"Products of the milling industry; malt, starches, inulin, wheat gluten",152032.059,2025,Export
GBR,United Kingdom,HKG,"China, Hong Kong SAR",agriculture,11,"Products of the milling industry; malt, starches, inulin, wheat gluten",152032.059,2025,Export
GBR,United Kingdom,HKG,"China, Hong Kong SAR",agriculture,12,"Oil seeds and oleaginous fruits; miscellaneous grains, seeds and fruit, industrial or medicinal plants; straw and fodder",113786.148,2025,Export
GBR,United Kingdom,HKG,"China, Hong Kong SAR",agriculture,12,"Oil seeds and oleaginous fruits; miscellaneous grains, seeds and fruit, industrial or medicinal plants; straw and fodder",113786.148,2025,Export
GBR,United Kingdom,HND,Honduras,agriculture,12,"Oil seeds and oleaginous fruits; miscellaneous grains, seeds and fruit, industrial or medicinal plants; straw and fodder",14492.807,2025,Export
GBR,United Kingdom,HND,Honduras,agriculture,12,"Oil seeds and oleaginous fruits; miscellaneous grains, seeds and fruit, industrial or medicinal plants; straw and fodder",14492.807,2025,Export
GBR,United Kingdom,HRV,Croatia,agriculture,10,Cereals,19936.496,2025,Export
GBR,United Kingdom,HRV,Croatia,agriculture,10,Cereals,19936.496,2025,Export
GBR,United Kingdom,HRV,Croatia,agriculture,11,"Products of the milling industry; malt, starches, inulin, wheat gluten",148451.885,2025,Export
GBR,United Kingdom,HRV,Croatia,agriculture,11,"Products of the milling industry; malt, starches, inulin, wheat gluten",148451.885,2025,Export
GBR,United Kingdom,HRV,Croatia,agriculture,12,"Oil seeds and oleaginous fruits; miscellaneous grains, seeds and fruit, industrial or medicinal plants; straw and fodder",43245.031,2025,Export
GBR,United Kingdom,HRV,Croatia,agriculture,12,"Oil seeds and oleaginous fruits; miscellaneous grains, seeds and fruit, industrial or medicinal plants; straw and fodder",43245.031,2025,Export
GBR,United Kingdom,HUN,Hungary,agriculture,10,Cereals,1831.501,2025,Export
GBR,United Kingdom,HUN,Hungary,agriculture,10,Cereals,1831.501,2025,Export
GBR,United Kingdom,HUN,Hungary,agriculture,11,"Products of the milling industry; malt, starches, inulin, wheat gluten",635209.736,2025,Export
GBR,United Kingdom,HUN,Hungary,agriculture,11,"Products of the milling industry; malt, starches, inulin, wheat gluten",635209.736,2025,Export
GBR,United Kingdom,HUN,Hungary,agriculture,12,"Oil seeds and oleaginous fruits; miscellaneous grains, seeds and fruit, industrial or medicinal plants; straw and fodder",274065.085,2025,Export
GBR,United Kingdom,HUN,Hungary,agriculture,12,"Oil seeds and oleaginous fruits; miscellaneous grains, seeds and fruit, industrial or medicinal plants; straw and fodder",274065.085,2025,Export
GBR,United Kingdom,IDN,Indonesia,agriculture,11,"Products of the milling industry; malt, starches, inulin, wheat gluten",3241912.977,2025,Export
GBR,United Kingdom,IDN,Indonesia,agriculture,11,"Products of the milling industry; malt, starches, inulin, wheat gluten",3241912.977,2025,Export
GBR,United Kingdom,IDN,Indonesia,agriculture,12,"Oil seeds and oleaginous fruits; miscellaneous grains, seeds and fruit, industrial or medicinal plants; straw and fodder",469987.529,2025,Export
GBR,United Kingdom,IDN,Indonesia,agriculture,12,"Oil seeds and oleaginous fruits; miscellaneous grains, seeds and fruit, industrial or medicinal plants; straw and fodder",469987.529,2025,Export
GBR,United Kingdom,IND,India,agriculture,10,Cereals,78713.416,2025,Export
GBR,United Kingdom,IND,India,agriculture,10,Cereals,16349.139,2025,Export
GBR,United Kingdom,IND,India,agriculture,10,Cereals,95062.555,2025,Export
GBR,United Kingdom,IND,India,agriculture,11,"Products of the milling industry; malt, starches, inulin, wheat gluten",1644657.883,2025,Export
GBR,United Kingdom,IND,India,agriculture,11,"Products of the milling industry; malt, starches, inulin, wheat gluten",1644627.362,2025,Export
GBR,United Kingdom,IND,India,agriculture,11,"Products of the milling industry; malt, starches, inulin, wheat gluten",30.522,2025,Export
GBR,United Kingdom,IND,India,agriculture,12,"Oil seeds and oleaginous fruits; miscellaneous grains, seeds and fruit, industrial or medicinal plants; straw and fodder",606803.976,2025,Export
GBR,United Kingdom,IND,India,agriculture,12,"Oil seeds and oleaginous fruits; miscellaneous grains, seeds and fruit, industrial or medicinal plants; straw and fodder",395.987,2025,Export
GBR,United Kingdom,IND,India,agriculture,12,"Oil seeds and oleaginous fruits; miscellaneous grains, seeds and fruit, industrial or medicinal plants; straw and fodder",607199.963,2025,Export
GBR,United Kingdom,IRL,Ireland,agriculture,10,Cereals,79338686.522,2025,Export
GBR,United Kingdom,IRL,Ireland,agriculture,10,Cereals,79338703.573,2025,Export
GBR,United Kingdom,IRL,Ireland,agriculture,10,Cereals,17.051,2025,Export
GBR,United Kingdom,IRL,Ireland,agriculture,11,"Products of the milling industry; malt, starches, inulin, wheat gluten",88751688.665,2025,Export
GBR,United Kingdom,IRL,Ireland,agriculture,11,"Products of the milling industry; malt, starches, inulin, wheat gluten",323.63,2025,Export
GBR,United Kingdom,IRL,Ireland,agriculture,11,"Products of the milling industry; malt, starches, inulin, wheat gluten",88752012.295,2025,Export
GBR,United Kingdom,IRL,Ireland,agriculture,12,"Oil seeds and oleaginous fruits; miscellaneous grains, seeds and fruit, industrial or medicinal plants; straw and fodder",21.013,2025,Export
GBR,United Kingdom,IRL,Ireland,agriculture,12,"Oil seeds and oleaginous fruits; miscellaneous grains, seeds and fruit, industrial or medicinal plants; straw and fodder",20464307.504,2025,Export
GBR,United Kingdom,IRL,Ireland,agriculture,12,"Oil seeds and oleaginous fruits; miscellaneous grains, seeds and fruit, industrial or medicinal plants; straw and fodder",20464286.491,2025,Export
GBR,United Kingdom,IRN,Iran,agriculture,12,"Oil seeds and oleaginous fruits; miscellaneous grains, seeds and fruit, industrial or medicinal plants; straw and fodder",1517755.396,2025,Export
GBR,United Kingdom,IRN,Iran,agriculture,12,"Oil seeds and oleaginous fruits; miscellaneous grains, seeds and fruit, industrial or medicinal plants; straw and fodder",1517755.396,2025,Export
GBR,United Kingdom,IRQ,Iraq,agriculture,10,Cereals,107741.439,2025,Export
GBR,United Kingdom,IRQ,Iraq,agriculture,10,Cereals,107741.439,2025,Export
GBR,United Kingdom,IRQ,Iraq,agriculture,11,"Products of the milling industry; malt, starches, inulin, wheat gluten",1412425.86,2025,Export
GBR,United Kingdom,IRQ,Iraq,agriculture,11,"Products of the milling industry; malt, starches, inulin, wheat gluten",1412425.86,2025,Export
GBR,United Kingdom,IRQ,Iraq,agriculture,12,"Oil seeds and oleaginous fruits; miscellaneous grains, seeds and fruit, industrial or medicinal plants; straw and fodder",3869.269,2025,Export
GBR,United Kingdom,IRQ,Iraq,agriculture,12,"Oil seeds and oleaginous fruits; miscellaneous grains, seeds and fruit, industrial or medicinal plants; straw and fodder",3869.269,2025,Export
GBR,United Kingdom,ISL,Iceland,agriculture,10,Cereals,5825516.902,2025,Export
GBR,United Kingdom,ISL,Iceland,agriculture,10,Cereals,5825516.902,2025,Export
GBR,United Kingdom,ISL,Iceland,agriculture,11,"Products of the milling industry; malt, starches, inulin, wheat gluten",810640.65,2025,Export
GBR,United Kingdom,ISL,Iceland,agriculture,11,"Products of the milling industry; malt, starches, inulin, wheat gluten",810640.65,2025,Export
GBR,United Kingdom,ISL,Iceland,agriculture,12,"Oil seeds and oleaginous fruits; miscellaneous grains, seeds and fruit, industrial or medicinal plants; straw and fodder",489297.332,2025,Export
GBR,United Kingdom,ISL,Iceland,agriculture,12,"Oil seeds and oleaginous fruits; miscellaneous grains, seeds and fruit, industrial or medicinal plants; straw and fodder",489297.332,2025,Export
GBR,United Kingdom,ISR,Israel,agriculture,10,Cereals,47328.369,2025,Export
GBR,United Kingdom,ISR,Israel,agriculture,10,Cereals,47328.369,2025,Export
GBR,United Kingdom,ISR,Israel,agriculture,11,"Products of the milling industry; malt, starches, inulin, wheat gluten",6856612.479,2025,Export
GBR,United Kingdom,ISR,Israel,agriculture,11,"Products of the milling industry; malt, starches, inulin, wheat gluten",6856612.479,2025,Export
GBR,United Kingdom,ISR,Israel,agriculture,12,"Oil seeds and oleaginous fruits; miscellaneous grains, seeds and fruit, industrial or medicinal plants; straw and fodder",132956.253,2025,Export
GBR,United Kingdom,ISR,Israel,agriculture,12,"Oil seeds and oleaginous fruits; miscellaneous grains, seeds and fruit, industrial or medicinal plants; straw and fodder",132947.072,2025,Export
GBR,United Kingdom,ISR,Israel,agriculture,12,"Oil seeds and oleaginous fruits; miscellaneous grains, seeds and fruit, industrial or medicinal plants; straw and fodder",9.181,2025,Export
GBR,United Kingdom,ITA,Italy,agriculture,10,Cereals,23732.01,2025,Export
GBR,United Kingdom,ITA,Italy,agriculture,10,Cereals,2384393.245,2025,Export
GBR,United Kingdom,ITA,Italy,agriculture,10,Cereals,2360661.235,2025,Export
GBR,United Kingdom,ITA,Italy,agriculture,11,"Products of the milling industry; malt, starches, inulin, wheat gluten",8613542.448,2025,Export
GBR,United Kingdom,ITA,Italy,agriculture,11,"Products of the milling industry; malt, starches, inulin, wheat gluten",8449082.0,2025,Export
GBR,United Kingdom,ITA,Italy,agriculture,11,"Products of the milling industry; malt, starches, inulin, wheat gluten",164460.448,2025,Export
GBR,United Kingdom,ITA,Italy,agriculture,12,"Oil seeds and oleaginous fruits; miscellaneous grains, seeds and fruit, industrial or medicinal plants; straw and fodder",1592667.366,2025,Export
GBR,United Kingdom,ITA,Italy,agriculture,12,"Oil seeds and oleaginous fruits; miscellaneous grains, seeds and fruit, industrial or medicinal plants; straw and fodder",5112.6,2025,Export
GBR,United Kingdom,ITA,Italy,agriculture,12,"Oil seeds and oleaginous fruits; miscellaneous grains, seeds and fruit, industrial or medicinal plants; straw and fodder",1597779.965,2025,Export
GBR,United Kingdom,JAM,Jamaica,agriculture,10,Cereals,1.338,2025,Export
GBR,United Kingdom,JAM,Jamaica,agriculture,10,Cereals,1.338,2025,Export
GBR,United Kingdom,JAM,Jamaica,agriculture,11,"Products of the milling industry; malt, starches, inulin, wheat gluten",216829.305,2025,Export
GBR,United Kingdom,JAM,Jamaica,agriculture,11,"Products of the milling industry; malt, starches, inulin, wheat gluten",216829.305,2025,Export
GBR,United Kingdom,JAM,Jamaica,agriculture,12,"Oil seeds and oleaginous fruits; miscellaneous grains, seeds and fruit, industrial or medicinal plants; straw and fodder",40826.762,2025,Export
GBR,United Kingdom,JAM,Jamaica,agriculture,12,"Oil seeds and oleaginous fruits; miscellaneous grains, seeds and fruit, industrial or medicinal plants; straw and fodder",40826.762,2025,Export
GBR,United Kingdom,JOR,Jordan,agriculture,10,Cereals,15750.939,2025,Export
GBR,United Kingdom,JOR,Jordan,agriculture,10,Cereals,15750.939,2025,Export
GBR,United Kingdom,JOR,Jordan,agriculture,11,"Products of the milling industry; malt, starches, inulin, wheat gluten",549208.353,2025,Export
GBR,United Kingdom,JOR,Jordan,agriculture,11,"Products of the milling industry; malt, starches, inulin, wheat gluten",549208.353,2025,Export
GBR,United Kingdom,JOR,Jordan,agriculture,12,"Oil seeds and oleaginous fruits; miscellaneous grains, seeds and fruit, industrial or medicinal plants; straw and fodder",196225.166,2025,Export
GBR,United Kingdom,JOR,Jordan,agriculture,12,"Oil seeds and oleaginous fruits; miscellaneous grains, seeds and fruit, industrial or medicinal plants; straw and fodder",196225.166,2025,Export
GBR,United Kingdom,JPN,Japan,agriculture,10,Cereals,305434.521,2025,Export
GBR,United Kingdom,JPN,Japan,agriculture,10,Cereals,305380.745,2025,Export
GBR,United Kingdom,JPN,Japan,agriculture,10,Cereals,53.776,2025,Export
GBR,United Kingdom,JPN,Japan,agriculture,11,"Products of the milling industry; malt, starches, inulin, wheat gluten",56606839.542,2025,Export
GBR,United Kingdom,JPN,Japan,agriculture,11,"Products of the milling industry; malt, starches, inulin, wheat gluten",127.172,2025,Export
GBR,United Kingdom,JPN,Japan,agriculture,11,"Products of the milling industry; malt, starches, inulin, wheat gluten",56606966.714,2025,Export
GBR,United Kingdom,JPN,Japan,agriculture,12,"Oil seeds and oleaginous fruits; miscellaneous grains, seeds and fruit, industrial or medicinal plants; straw and fodder",560.604,2025,Export
GBR,United Kingdom,JPN,Japan,agriculture,12,"Oil seeds and oleaginous fruits; miscellaneous grains, seeds and fruit, industrial or medicinal plants; straw and fodder",934103.244,2025,Export
GBR,United Kingdom,JPN,Japan,agriculture,12,"Oil seeds and oleaginous fruits; miscellaneous grains, seeds and fruit, industrial or medicinal plants; straw and fodder",933542.64,2025,Export
GBR,United Kingdom,KAZ,Kazakhstan,agriculture,11,"Products of the milling industry; malt, starches, inulin, wheat gluten",9391.39,2025,Export
GBR,United Kingdom,KAZ,Kazakhstan,agriculture,11,"Products of the milling industry; malt, starches, inulin, wheat gluten",9391.39,2025,Export
GBR,United Kingdom,KAZ,Kazakhstan,agriculture,12,"Oil seeds and oleaginous fruits; miscellaneous grains, seeds and fruit, industrial or medicinal plants; straw and fodder",10392.743,2025,Export
GBR,United Kingdom,KAZ,Kazakhstan,agriculture,12,"Oil seeds and oleaginous fruits; miscellaneous grains, seeds and fruit, industrial or medicinal plants; straw and fodder",10392.743,2025,Export
GBR,United Kingdom,KEN,Kenya,agriculture,10,Cereals,5890.453,2025,Export
GBR,United Kingdom,KEN,Kenya,agriculture,10,Cereals,5890.453,2025,Export
GBR,United Kingdom,KEN,Kenya,agriculture,11,"Products of the milling industry; malt, starches, inulin, wheat gluten",164044.588,2025,Export
GBR,United Kingdom,KEN,Kenya,agriculture,11,"Products of the milling industry; malt, starches, inulin, wheat gluten",164044.588,2025,Export
GBR,United Kingdom,KEN,Kenya,agriculture,12,"Oil seeds and oleaginous fruits; miscellaneous grains, seeds and fruit, industrial or medicinal plants; straw and fodder",403075.071,2025,Export
GBR,United Kingdom,KEN,Kenya,agriculture,12,"Oil seeds and oleaginous fruits; miscellaneous grains, seeds and fruit, industrial or medicinal plants; straw and fodder",403986.159,2025,Export
GBR,United Kingdom,KEN,Kenya,agriculture,12,"Oil seeds and oleaginous fruits; miscellaneous grains, seeds and fruit, industrial or medicinal plants; straw and fodder",911.088,2025,Export
GBR,United Kingdom,KGZ,Kyrgyzstan,agriculture,12,"Oil seeds and oleaginous fruits; miscellaneous grains, seeds and fruit, industrial or medicinal plants; straw and fodder",254584.719,2025,Export
GBR,United Kingdom,KGZ,Kyrgyzstan,agriculture,12,"Oil seeds and oleaginous fruits; miscellaneous grains, seeds and fruit, industrial or medicinal plants; straw and fodder",254584.719,2025,Export
GBR,United Kingdom,KHM,Cambodia,agriculture,10,Cereals,77.67,2025,Export
GBR,United Kingdom,KHM,Cambodia,agriculture,10,Cereals,165751.294,2025,Export
GBR,United Kingdom,KHM,Cambodia,agriculture,10,Cereals,165828.964,2025,Export
GBR,United Kingdom,KHM,Cambodia,agriculture,12,"Oil seeds and oleaginous fruits; miscellaneous grains, seeds and fruit, industrial or medicinal plants; straw and fodder",62673.309,2025,Export
GBR,United Kingdom,KHM,Cambodia,agriculture,12,"Oil seeds and oleaginous fruits; miscellaneous grains, seeds and fruit, industrial or medicinal plants; straw and fodder",62673.309,2025,Export
GBR,United Kingdom,KIR,Kiribati,agriculture,10,Cereals,5934.068,2025,Export
GBR,United Kingdom,KIR,Kiribati,agriculture,10,Cereals,5934.068,2025,Export
GBR,United Kingdom,KNA,Saint Kitts and Nevis,agriculture,11,"Products of the milling industry; malt, starches, inulin, wheat gluten",66531.635,2025,Export
GBR,United Kingdom,KNA,Saint Kitts and Nevis,agriculture,11,"Products of the milling industry; malt, starches, inulin, wheat gluten",66531.635,2025,Export
GBR,United Kingdom,KOR,Rep. of Korea,agriculture,10,Cereals,189815.844,2025,Export
GBR,United Kingdom,KOR,Rep. of Korea,agriculture,10,Cereals,189815.844,2025,Export
GBR,United Kingdom,KOR,Rep. of Korea,agriculture,11,"Products of the milling industry; malt, starches, inulin, wheat gluten",1046096.787,2025,Export
GBR,United Kingdom,KOR,Rep. of Korea,agriculture,11,"Products of the milling industry; malt, starches, inulin, wheat gluten",1046096.787,2025,Export
GBR,United Kingdom,KOR,Rep. of Korea,agriculture,12,"Oil seeds and oleaginous fruits; miscellaneous grains, seeds and fruit, industrial or medicinal plants; straw and fodder",144082.316,2025,Export
GBR,United Kingdom,KOR,Rep. of Korea,agriculture,12,"Oil seeds and oleaginous fruits; miscellaneous grains, seeds and fruit, industrial or medicinal plants; straw and fodder",29.431,2025,Export
GBR,United Kingdom,KOR,Rep. of Korea,agriculture,12,"Oil seeds and oleaginous fruits; miscellaneous grains, seeds and fruit, industrial or medicinal plants; straw and fodder",144111.747,2025,Export
GBR,United Kingdom,KWT,Kuwait,agriculture,10,Cereals,33877.957,2025,Export
GBR,United Kingdom,KWT,Kuwait,agriculture,10,Cereals,33877.957,2025,Export
GBR,United Kingdom,KWT,Kuwait,agriculture,11,"Products of the milling industry; malt, starches, inulin, wheat gluten",3615060.711,2025,Export
GBR,United Kingdom,KWT,Kuwait,agriculture,11,"Products of the milling industry; malt, starches, inulin, wheat gluten",3615060.711,2025,Export
GBR,United Kingdom,KWT,Kuwait,agriculture,12,"Oil seeds and oleaginous fruits; miscellaneous grains, seeds and fruit, industrial or medicinal plants; straw and fodder",116245.494,2025,Export
GBR,United Kingdom,KWT,Kuwait,agriculture,12,"Oil seeds and oleaginous fruits; miscellaneous grains, seeds and fruit, industrial or medicinal plants; straw and fodder",116245.494,2025,Export
GBR,United Kingdom,LBN,Lebanon,agriculture,10,Cereals,21637.838,2025,Export
GBR,United Kingdom,LBN,Lebanon,agriculture,10,Cereals,21637.838,2025,Export
GBR,United Kingdom,LBN,Lebanon,agriculture,11,"Products of the milling industry; malt, starches, inulin, wheat gluten",120803.277,2025,Export
GBR,United Kingdom,LBN,Lebanon,agriculture,11,"Products of the milling industry; malt, starches, inulin, wheat gluten",120803.277,2025,Export
GBR,United Kingdom,LBN,Lebanon,agriculture,12,"Oil seeds and oleaginous fruits; miscellaneous grains, seeds and fruit, industrial or medicinal plants; straw and fodder",11667.077,2025,Export
GBR,United Kingdom,LBN,Lebanon,agriculture,12,"Oil seeds and oleaginous fruits; miscellaneous grains, seeds and fruit, industrial or medicinal plants; straw and fodder",11667.077,2025,Export
GBR,United Kingdom,LBR,Liberia,agriculture,11,"Products of the milling industry; malt, starches, inulin, wheat gluten",26497.663,2025,Export
GBR,United Kingdom,LBR,Liberia,agriculture,11,"Products of the milling industry; malt, starches, inulin, wheat gluten",26497.663,2025,Export
GBR,United Kingdom,LBY,Libya,agriculture,10,Cereals,2024.198,2025,Export
GBR,United Kingdom,LBY,Libya,agriculture,10,Cereals,2024.198,2025,Export
GBR,United Kingdom,LBY,Libya,agriculture,11,"Products of the milling industry; malt, starches, inulin, wheat gluten",196974.788,2025,Export
GBR,United Kingdom,LBY,Libya,agriculture,11,"Products of the milling industry; malt, starches, inulin, wheat gluten",196974.788,2025,Export
GBR,United Kingdom,LCA,Saint Lucia,agriculture,10,Cereals,9967.656,2025,Export
GBR,United Kingdom,LCA,Saint Lucia,agriculture,10,Cereals,9967.656,2025,Export
GBR,United Kingdom,LCA,Saint Lucia,agriculture,11,"Products of the milling industry; malt, starches, inulin, wheat gluten",53433.93,2025,Export
GBR,United Kingdom,LCA,Saint Lucia,agriculture,11,"Products of the milling industry; malt, starches, inulin, wheat gluten",53433.93,2025,Export
GBR,United Kingdom,LKA,Sri Lanka,agriculture,11,"Products of the milling industry; malt, starches, inulin, wheat gluten",7331.873,2025,Export
GBR,United Kingdom,LKA,Sri Lanka,agriculture,11,"Products of the milling industry; malt, starches, inulin, wheat gluten",7331.873,2025,Export
GBR,United Kingdom,LKA,Sri Lanka,agriculture,12,"Oil seeds and oleaginous fruits; miscellaneous grains, seeds and fruit, industrial or medicinal plants; straw and fodder",26808.791,2025,Export
GBR,United Kingdom,LKA,Sri Lanka,agriculture,12,"Oil seeds and oleaginous fruits; miscellaneous grains, seeds and fruit, industrial or medicinal plants; straw and fodder",26808.791,2025,Export
GBR,United Kingdom,LTU,Lithuania,agriculture,10,Cereals,2397062.661,2025,Export
GBR,United Kingdom,LTU,Lithuania,agriculture,10,Cereals,2397062.661,2025,Export
GBR,United Kingdom,LTU,Lithuania,agriculture,12,"Oil seeds and oleaginous fruits; miscellaneous grains, seeds and fruit, industrial or medicinal plants; straw and fodder",332484.318,2025,Export
GBR,United Kingdom,LTU,Lithuania,agriculture,12,"Oil seeds and oleaginous fruits; miscellaneous grains, seeds and fruit, industrial or medicinal plants; straw and fodder",332484.318,2025,Export
GBR,United Kingdom,LUX,Luxembourg,agriculture,12,"Oil seeds and oleaginous fruits; miscellaneous grains, seeds and fruit, industrial or medicinal plants; straw and fodder",54937.781,2025,Export
GBR,United Kingdom,LUX,Luxembourg,agriculture,12,"Oil seeds and oleaginous fruits; miscellaneous grains, seeds and fruit, industrial or medicinal plants; straw and fodder",54937.781,2025,Export
GBR,United Kingdom,LVA,Latvia,agriculture,10,Cereals,93215.164,2025,Export
GBR,United Kingdom,LVA,Latvia,agriculture,10,Cereals,94229.742,2025,Export
GBR,United Kingdom,LVA,Latvia,agriculture,10,Cereals,187444.906,2025,Export
GBR,United Kingdom,LVA,Latvia,agriculture,11,"Products of the milling industry; malt, starches, inulin, wheat gluten",1084.87,2025,Export
GBR,United Kingdom,LVA,Latvia,agriculture,11,"Products of the milling industry; malt, starches, inulin, wheat gluten",1084.87,2025,Export
GBR,United Kingdom,LVA,Latvia,agriculture,12,"Oil seeds and oleaginous fruits; miscellaneous grains, seeds and fruit, industrial or medicinal plants; straw and fodder",2516.748,2025,Export
GBR,United Kingdom,LVA,Latvia,agriculture,12,"Oil seeds and oleaginous fruits; miscellaneous grains, seeds and fruit, industrial or medicinal plants; straw and fodder",2516.748,2025,Export
GBR,United Kingdom,MAR,Morocco,agriculture,11,"Products of the milling industry; malt, starches, inulin, wheat gluten",163774.54,2025,Export
GBR,United Kingdom,MAR,Morocco,agriculture,11,"Products of the milling industry; malt, starches, inulin, wheat gluten",163774.54,2025,Export
GBR,United Kingdom,MAR,Morocco,agriculture,12,"Oil seeds and oleaginous fruits; miscellaneous grains, seeds and fruit, industrial or medicinal plants; straw and fodder",7396.034,2025,Export
GBR,United Kingdom,MAR,Morocco,agriculture,12,"Oil seeds and oleaginous fruits; miscellaneous grains, seeds and fruit, industrial or medicinal plants; straw and fodder",1602531.529,2025,Export
GBR,United Kingdom,MAR,Morocco,agriculture,12,"Oil seeds and oleaginous fruits; miscellaneous grains, seeds and fruit, industrial or medicinal plants; straw and fodder",1595135.496,2025,Export
GBR,United Kingdom,MDG,Madagascar,agriculture,12,"Oil seeds and oleaginous fruits; miscellaneous grains, seeds and fruit, industrial or medicinal plants; straw and fodder",4458.72,2025,Export
GBR,United Kingdom,MDG,Madagascar,agriculture,12,"Oil seeds and oleaginous fruits; miscellaneous grains, seeds and fruit, industrial or medicinal plants; straw and fodder",4458.72,2025,Export
GBR,United Kingdom,MDV,Maldives,agriculture,11,"Products of the milling industry; malt, starches, inulin, wheat gluten",2654.433,2025,Export
GBR,United Kingdom,MDV,Maldives,agriculture,11,"Products of the milling industry; malt, starches, inulin, wheat gluten",2654.433,2025,Export
GBR,United Kingdom,MDV,Maldives,agriculture,12,"Oil seeds and oleaginous fruits; miscellaneous grains, seeds and fruit, industrial or medicinal plants; straw and fodder",13425.823,2025,Export
GBR,United Kingdom,MDV,Maldives,agriculture,12,"Oil seeds and oleaginous fruits; miscellaneous grains, seeds and fruit, industrial or medicinal plants; straw and fodder",13425.823,2025,Export
GBR,United Kingdom,MEX,Mexico,agriculture,10,Cereals,105535.058,2025,Export
GBR,United Kingdom,MEX,Mexico,agriculture,10,Cereals,105535.058,2025,Export
GBR,United Kingdom,MEX,Mexico,agriculture,11,"Products of the milling industry; malt, starches, inulin, wheat gluten",111365.547,2025,Export
GBR,United Kingdom,MEX,Mexico,agriculture,11,"Products of the milling industry; malt, starches, inulin, wheat gluten",111365.547,2025,Export
GBR,United Kingdom,MEX,Mexico,agriculture,12,"Oil seeds and oleaginous fruits; miscellaneous grains, seeds and fruit, industrial or medicinal plants; straw and fodder",15002.71,2025,Export
GBR,United Kingdom,MEX,Mexico,agriculture,12,"Oil seeds and oleaginous fruits; miscellaneous grains, seeds and fruit, industrial or medicinal plants; straw and fodder",15002.71,2025,Export
GBR,United Kingdom,MKD,North Macedonia,agriculture,11,"Products of the milling industry; malt, starches, inulin, wheat gluten",27699.31,2025,Export
GBR,United Kingdom,MKD,North Macedonia,agriculture,11,"Products of the milling industry; malt, starches, inulin, wheat gluten",27699.31,2025,Export
GBR,United Kingdom,MKD,North Macedonia,agriculture,12,"Oil seeds and oleaginous fruits; miscellaneous grains, seeds and fruit, industrial or medicinal plants; straw and fodder",5584.959,2025,Export
GBR,United Kingdom,MKD,North Macedonia,agriculture,12,"Oil seeds and oleaginous fruits; miscellaneous grains, seeds and fruit, industrial or medicinal plants; straw and fodder",5584.959,2025,Export
GBR,United Kingdom,MLI,Mali,agriculture,11,"Products of the milling industry; malt, starches, inulin, wheat gluten",767445.9,2025,Export
GBR,United Kingdom,MLI,Mali,agriculture,11,"Products of the milling industry; malt, starches, inulin, wheat gluten",767445.9,2025,Export
GBR,United Kingdom,MLT,Malta,agriculture,10,Cereals,1100662.28,2025,Export
GBR,United Kingdom,MLT,Malta,agriculture,10,Cereals,1100662.28,2025,Export
GBR,United Kingdom,MLT,Malta,agriculture,11,"Products of the milling industry; malt, starches, inulin, wheat gluten",547135.637,2025,Export
GBR,United Kingdom,MLT,Malta,agriculture,11,"Products of the milling industry; malt, starches, inulin, wheat gluten",547135.637,2025,Export
GBR,United Kingdom,MLT,Malta,agriculture,12,"Oil seeds and oleaginous fruits; miscellaneous grains, seeds and fruit, industrial or medicinal plants; straw and fodder",556891.639,2025,Export
GBR,United Kingdom,MLT,Malta,agriculture,12,"Oil seeds and oleaginous fruits; miscellaneous grains, seeds and fruit, industrial or medicinal plants; straw and fodder",556891.639,2025,Export
GBR,United Kingdom,MMR,Myanmar,agriculture,10,Cereals,39907.741,2025,Export
GBR,United Kingdom,MMR,Myanmar,agriculture,10,Cereals,39907.741,2025,Export
GBR,United Kingdom,MMR,Myanmar,agriculture,12,"Oil seeds and oleaginous fruits; miscellaneous grains, seeds and fruit, industrial or medicinal plants; straw and fodder",7977.82,2025,Export
GBR,United Kingdom,MMR,Myanmar,agriculture,12,"Oil seeds and oleaginous fruits; miscellaneous grains, seeds and fruit, industrial or medicinal plants; straw and fodder",7977.82,2025,Export
GBR,United Kingdom,MNE,Montenegro,agriculture,12,"Oil seeds and oleaginous fruits; miscellaneous grains, seeds and fruit, industrial or medicinal plants; straw and fodder",2485.514,2025,Export
GBR,United Kingdom,MNE,Montenegro,agriculture,12,"Oil seeds and oleaginous fruits; miscellaneous grains, seeds and fruit, industrial or medicinal plants; straw and fodder",2485.514,2025,Export
GBR,United Kingdom,MRT,Mauritania,agriculture,11,"Products of the milling industry; malt, starches, inulin, wheat gluten",446031.075,2025,Export
GBR,United Kingdom,MRT,Mauritania,agriculture,11,"Products of the milling industry; malt, starches, inulin, wheat gluten",446031.075,2025,Export
GBR,United Kingdom,MUS,Mauritius,agriculture,10,Cereals,11869.682,2025,Export
GBR,United Kingdom,MUS,Mauritius,agriculture,10,Cereals,11869.682,2025,Export
GBR,United Kingdom,MUS,Mauritius,agriculture,11,"Products of the milling industry; malt, starches, inulin, wheat gluten",662749.09,2025,Export
GBR,United Kingdom,MUS,Mauritius,agriculture,11,"Products of the milling industry; malt, starches, inulin, wheat gluten",662749.09,2025,Export
GBR,United Kingdom,MUS,Mauritius,agriculture,12,"Oil seeds and oleaginous fruits; miscellaneous grains, seeds and fruit, industrial or medicinal plants; straw and fodder",57568.389,2025,Export
GBR,United Kingdom,MUS,Mauritius,agriculture,12,"Oil seeds and oleaginous fruits; miscellaneous grains, seeds and fruit, industrial or medicinal plants; straw and fodder",57568.389,2025,Export
GBR,United Kingdom,MYS,Malaysia,agriculture,10,Cereals,2134.0,2025,Export
GBR,United Kingdom,MYS,Malaysia,agriculture,10,Cereals,2194.493,2025,Export
GBR,United Kingdom,MYS,Malaysia,agriculture,10,Cereals,60.493,2025,Export
GBR,United Kingdom,MYS,Malaysia,agriculture,11,"Products of the milling industry; malt, starches, inulin, wheat gluten",581331.658,2025,Export
GBR,United Kingdom,MYS,Malaysia,agriculture,11,"Products of the milling industry; malt, starches, inulin, wheat gluten",581045.371,2025,Export
GBR,United Kingdom,MYS,Malaysia,agriculture,11,"Products of the milling industry; malt, starches, inulin, wheat gluten",286.288,2025,Export
GBR,United Kingdom,MYS,Malaysia,agriculture,12,"Oil seeds and oleaginous fruits; miscellaneous grains, seeds and fruit, industrial or medicinal plants; straw and fodder",484566.738,2025,Export
GBR,United Kingdom,MYS,Malaysia,agriculture,12,"Oil seeds and oleaginous fruits; miscellaneous grains, seeds and fruit, industrial or medicinal plants; straw and fodder",484566.738,2025,Export
GBR,United Kingdom,NGA,Nigeria,agriculture,10,Cereals,688537.272,2025,Export
GBR,United Kingdom,NGA,Nigeria,agriculture,10,Cereals,688537.272,2025,Export
GBR,United Kingdom,NGA,Nigeria,agriculture,11,"Products of the milling industry; malt, starches, inulin, wheat gluten",682662.561,2025,Export
GBR,United Kingdom,NGA,Nigeria,agriculture,11,"Products of the milling industry; malt, starches, inulin, wheat gluten",682662.561,2025,Export
GBR,United Kingdom,NLD,Netherlands,agriculture,10,Cereals,16741.694,2025,Export
GBR,United Kingdom,NLD,Netherlands,agriculture,10,Cereals,45255109.587,2025,Export
GBR,United Kingdom,NLD,Netherlands,agriculture,10,Cereals,45238367.893,2025,Export
GBR,United Kingdom,NLD,Netherlands,agriculture,11,"Products of the milling industry; malt, starches, inulin, wheat gluten",28398499.034,2025,Export
GBR,United Kingdom,NLD,Netherlands,agriculture,11,"Products of the milling industry; malt, starches, inulin, wheat gluten",28281088.673,2025,Export
GBR,United Kingdom,NLD,Netherlands,agriculture,11,"Products of the milling industry; malt, starches, inulin, wheat gluten",117410.361,2025,Export
GBR,United Kingdom,NLD,Netherlands,agriculture,12,"Oil seeds and oleaginous fruits; miscellaneous grains, seeds and fruit, industrial or medicinal plants; straw and fodder",29214308.718,2025,Export
GBR,United Kingdom,NLD,Netherlands,agriculture,12,"Oil seeds and oleaginous fruits; miscellaneous grains, seeds and fruit, industrial or medicinal plants; straw and fodder",13579.326,2025,Export
GBR,United Kingdom,NLD,Netherlands,agriculture,12,"Oil seeds and oleaginous fruits; miscellaneous grains, seeds and fruit, industrial or medicinal plants; straw and fodder",65.087,2025,Export
GBR,United Kingdom,NLD,Netherlands,agriculture,12,"Oil seeds and oleaginous fruits; miscellaneous grains, seeds and fruit, industrial or medicinal plants; straw and fodder",29200664.304,2025,Export
GBR,United Kingdom,NOR,Norway,agriculture,10,Cereals,263611.353,2025,Export
GBR,United Kingdom,NOR,Norway,agriculture,10,Cereals,263611.353,2025,Export
GBR,United Kingdom,NOR,Norway,agriculture,11,"Products of the milling industry; malt, starches, inulin, wheat gluten",35822169.765,2025,Export
GBR,United Kingdom,NOR,Norway,agriculture,11,"Products of the milling industry; malt, starches, inulin, wheat gluten",35822169.765,2025,Export
GBR,United Kingdom,NOR,Norway,agriculture,12,"Oil seeds and oleaginous fruits; miscellaneous grains, seeds and fruit, industrial or medicinal plants; straw and fodder",1061011.436,2025,Export
GBR,United Kingdom,NOR,Norway,agriculture,12,"Oil seeds and oleaginous fruits; miscellaneous grains, seeds and fruit, industrial or medicinal plants; straw and fodder",1061011.436,2025,Export
GBR,United Kingdom,NPL,Nepal,agriculture,11,"Products of the milling industry; malt, starches, inulin, wheat gluten",23022.901,2025,Export
GBR,United Kingdom,NPL,Nepal,agriculture,11,"Products of the milling industry; malt, starches, inulin, wheat gluten",23022.901,2025,Export
GBR,United Kingdom,NZL,New Zealand,agriculture,11,"Products of the milling industry; malt, starches, inulin, wheat gluten",197461.835,2025,Export
GBR,United Kingdom,NZL,New Zealand,agriculture,11,"Products of the milling industry; malt, starches, inulin, wheat gluten",197461.835,2025,Export
GBR,United Kingdom,NZL,New Zealand,agriculture,12,"Oil seeds and oleaginous fruits; miscellaneous grains, seeds and fruit, industrial or medicinal plants; straw and fodder",539081.156,2025,Export
GBR,United Kingdom,NZL,New Zealand,agriculture,12,"Oil seeds and oleaginous fruits; miscellaneous grains, seeds and fruit, industrial or medicinal plants; straw and fodder",539081.156,2025,Export
GBR,United Kingdom,OMN,Oman,agriculture,10,Cereals,18014.166,2025,Export
GBR,United Kingdom,OMN,Oman,agriculture,10,Cereals,18014.166,2025,Export
GBR,United Kingdom,OMN,Oman,agriculture,11,"Products of the milling industry; malt, starches, inulin, wheat gluten",770362.897,2025,Export
GBR,United Kingdom,OMN,Oman,agriculture,11,"Products of the milling industry; malt, starches, inulin, wheat gluten",770362.897,2025,Export
GBR,United Kingdom,OMN,Oman,agriculture,12,"Oil seeds and oleaginous fruits; miscellaneous grains, seeds and fruit, industrial or medicinal plants; straw and fodder",450574.453,2025,Export
GBR,United Kingdom,OMN,Oman,agriculture,12,"Oil seeds and oleaginous fruits; miscellaneous grains, seeds and fruit, industrial or medicinal plants; straw and fodder",450574.453,2025,Export
GBR,United Kingdom,PAK,Pakistan,agriculture,10,Cereals,96325.838,2025,Export
GBR,United Kingdom,PAK,Pakistan,agriculture,10,Cereals,6809.757,2025,Export
GBR,United Kingdom,PAK,Pakistan,agriculture,10,Cereals,89516.081,2025,Export
GBR,United Kingdom,PAK,Pakistan,agriculture,11,"Products of the milling industry; malt, starches, inulin, wheat gluten",990659.788,2025,Export
GBR,United Kingdom,PAK,Pakistan,agriculture,11,"Products of the milling industry; malt, starches, inulin, wheat gluten",990659.788,2025,Export
GBR,United Kingdom,PAK,Pakistan,agriculture,12,"Oil seeds and oleaginous fruits; miscellaneous grains, seeds and fruit, industrial or medicinal plants; straw and fodder",813616.196,2025,Export
GBR,United Kingdom,PAK,Pakistan,agriculture,12,"Oil seeds and oleaginous fruits; miscellaneous grains, seeds and fruit, industrial or medicinal plants; straw and fodder",813616.196,2025,Export
GBR,United Kingdom,PAN,Panama,agriculture,12,"Oil seeds and oleaginous fruits; miscellaneous grains, seeds and fruit, industrial or medicinal plants; straw and fodder",5011.622,2025,Export
GBR,United Kingdom,PAN,Panama,agriculture,12,"Oil seeds and oleaginous fruits; miscellaneous grains, seeds and fruit, industrial or medicinal plants; straw and fodder",5011.622,2025,Export
GBR,United Kingdom,PER,Peru,agriculture,10,Cereals,13119.306,2025,Export
GBR,United Kingdom,PER,Peru,agriculture,10,Cereals,33.218,2025,Export
GBR,United Kingdom,PER,Peru,agriculture,10,Cereals,13152.524,2025,Export
GBR,United Kingdom,PER,Peru,agriculture,12,"Oil seeds and oleaginous fruits; miscellaneous grains, seeds and fruit, industrial or medicinal plants; straw and fodder",1002.237,2025,Export
GBR,United Kingdom,PER,Peru,agriculture,12,"Oil seeds and oleaginous fruits; miscellaneous grains, seeds and fruit, industrial or medicinal plants; straw and fodder",12456.656,2025,Export
GBR,United Kingdom,PER,Peru,agriculture,12,"Oil seeds and oleaginous fruits; miscellaneous grains, seeds and fruit, industrial or medicinal plants; straw and fodder",11454.419,2025,Export
GBR,United Kingdom,PHL,Philippines,agriculture,10,Cereals,2546.455,2025,Export
GBR,United Kingdom,PHL,Philippines,agriculture,10,Cereals,2546.455,2025,Export
GBR,United Kingdom,PHL,Philippines,agriculture,11,"Products of the milling industry; malt, starches, inulin, wheat gluten",838876.892,2025,Export
GBR,United Kingdom,PHL,Philippines,agriculture,11,"Products of the milling industry; malt, starches, inulin, wheat gluten",838876.892,2025,Export
GBR,United Kingdom,PHL,Philippines,agriculture,12,"Oil seeds and oleaginous fruits; miscellaneous grains, seeds and fruit, industrial or medicinal plants; straw and fodder",137575.162,2025,Export
GBR,United Kingdom,PHL,Philippines,agriculture,12,"Oil seeds and oleaginous fruits; miscellaneous grains, seeds and fruit, industrial or medicinal plants; straw and fodder",137575.162,2025,Export
GBR,United Kingdom,POL,Poland,agriculture,10,Cereals,2922864.201,2025,Export
GBR,United Kingdom,POL,Poland,agriculture,10,Cereals,4774873.831,2025,Export
GBR,United Kingdom,POL,Poland,agriculture,10,Cereals,1852009.631,2025,Export
GBR,United Kingdom,POL,Poland,agriculture,11,"Products of the milling industry; malt, starches, inulin, wheat gluten",81.359,2025,Export
GBR,United Kingdom,POL,Poland,agriculture,11,"Products of the milling industry; malt, starches, inulin, wheat gluten",5999246.158,2025,Export
GBR,United Kingdom,POL,Poland,agriculture,11,"Products of the milling industry; malt, starches, inulin, wheat gluten",5999327.517,2025,Export
GBR,United Kingdom,POL,Poland,agriculture,12,"Oil seeds and oleaginous fruits; miscellaneous grains, seeds and fruit, industrial or medicinal plants; straw and fodder",4248278.06,2025,Export
GBR,United Kingdom,POL,Poland,agriculture,12,"Oil seeds and oleaginous fruits; miscellaneous grains, seeds and fruit, industrial or medicinal plants; straw and fodder",333.975,2025,Export
GBR,United Kingdom,POL,Poland,agriculture,12,"Oil seeds and oleaginous fruits; miscellaneous grains, seeds and fruit, industrial or medicinal plants; straw and fodder",4247944.085,2025,Export
GBR,United Kingdom,PRT,Portugal,agriculture,10,Cereals,2149.028,2025,Export
GBR,United Kingdom,PRT,Portugal,agriculture,10,Cereals,17389555.909,2025,Export
GBR,United Kingdom,PRT,Portugal,agriculture,10,Cereals,17391704.937,2025,Export
GBR,United Kingdom,PRT,Portugal,agriculture,11,"Products of the milling industry; malt, starches, inulin, wheat gluten",3107172.926,2025,Export
GBR,United Kingdom,PRT,Portugal,agriculture,11,"Products of the milling industry; malt, starches, inulin, wheat gluten",3107172.926,2025,Export
GBR,United Kingdom,PRT,Portugal,agriculture,12,"Oil seeds and oleaginous fruits; miscellaneous grains, seeds and fruit, industrial or medicinal plants; straw and fodder",3662580.423,2025,Export
GBR,United Kingdom,PRT,Portugal,agriculture,12,"Oil seeds and oleaginous fruits; miscellaneous grains, seeds and fruit, industrial or medicinal plants; straw and fodder",3662580.423,2025,Export
GBR,United Kingdom,QAT,Qatar,agriculture,10,Cereals,70879.563,2025,Export
GBR,United Kingdom,QAT,Qatar,agriculture,10,Cereals,70879.563,2025,Export
GBR,United Kingdom,QAT,Qatar,agriculture,11,"Products of the milling industry; malt, starches, inulin, wheat gluten",1212933.105,2025,Export
GBR,United Kingdom,QAT,Qatar,agriculture,11,"Products of the milling industry; malt, starches, inulin, wheat gluten",1212933.105,2025,Export
GBR,United Kingdom,QAT,Qatar,agriculture,12,"Oil seeds and oleaginous fruits; miscellaneous grains, seeds and fruit, industrial or medicinal plants; straw and fodder",95229.146,2025,Export
GBR,United Kingdom,QAT,Qatar,agriculture,12,"Oil seeds and oleaginous fruits; miscellaneous grains, seeds and fruit, industrial or medicinal plants; straw and fodder",95229.146,2025,Export
GBR,United Kingdom,ROU,Romania,agriculture,10,Cereals,18409.81,2025,Export
GBR,United Kingdom,ROU,Romania,agriculture,10,Cereals,18409.81,2025,Export
GBR,United Kingdom,ROU,Romania,agriculture,11,"Products of the milling industry; malt, starches, inulin, wheat gluten",2.712,2025,Export
GBR,United Kingdom,ROU,Romania,agriculture,11,"Products of the milling industry; malt, starches, inulin, wheat gluten",112273.968,2025,Export
GBR,United Kingdom,ROU,Romania,agriculture,11,"Products of the milling industry; malt, starches, inulin, wheat gluten",112271.256,2025,Export
GBR,United Kingdom,ROU,Romania,agriculture,12,"Oil seeds and oleaginous fruits; miscellaneous grains, seeds and fruit, industrial or medicinal plants; straw and fodder",630651.536,2025,Export
GBR,United Kingdom,ROU,Romania,agriculture,12,"Oil seeds and oleaginous fruits; miscellaneous grains, seeds and fruit, industrial or medicinal plants; straw and fodder",630651.536,2025,Export
GBR,United Kingdom,RUS,Russian Federation,agriculture,11,"Products of the milling industry; malt, starches, inulin, wheat gluten",5629.827,2025,Export
GBR,United Kingdom,RUS,Russian Federation,agriculture,11,"Products of the milling industry; malt, starches, inulin, wheat gluten",5629.827,2025,Export
GBR,United Kingdom,RUS,Russian Federation,agriculture,12,"Oil seeds and oleaginous fruits; miscellaneous grains, seeds and fruit, industrial or medicinal plants; straw and fodder",981234.288,2025,Export
GBR,United Kingdom,RUS,Russian Federation,agriculture,12,"Oil seeds and oleaginous fruits; miscellaneous grains, seeds and fruit, industrial or medicinal plants; straw and fodder",981234.288,2025,Export
GBR,United Kingdom,RWA,Rwanda,agriculture,11,"Products of the milling industry; malt, starches, inulin, wheat gluten",67960.974,2025,Export
GBR,United Kingdom,RWA,Rwanda,agriculture,11,"Products of the milling industry; malt, starches, inulin, wheat gluten",67960.974,2025,Export
GBR,United Kingdom,S19,"Other Asia, nes",agriculture,11,"Products of the milling industry; malt, starches, inulin, wheat gluten",6107823.325,2025,Export
GBR,United Kingdom,S19,"Other Asia, nes",agriculture,11,"Products of the milling industry; malt, starches, inulin, wheat gluten",6107823.325,2025,Export
GBR,United Kingdom,S19,"Other Asia, nes",agriculture,12,"Oil seeds and oleaginous fruits; miscellaneous grains, seeds and fruit, industrial or medicinal plants; straw and fodder",464907.21,2025,Export
GBR,United Kingdom,S19,"Other Asia, nes",agriculture,12,"Oil seeds and oleaginous fruits; miscellaneous grains, seeds and fruit, industrial or medicinal plants; straw and fodder",464907.21,2025,Export
GBR,United Kingdom,SAU,Saudi Arabia,agriculture,10,Cereals,156327.671,2025,Export
GBR,United Kingdom,SAU,Saudi Arabia,agriculture,10,Cereals,156327.671,2025,Export
GBR,United Kingdom,SAU,Saudi Arabia,agriculture,11,"Products of the milling industry; malt, starches, inulin, wheat gluten",12692138.82,2025,Export
GBR,United Kingdom,SAU,Saudi Arabia,agriculture,11,"Products of the milling industry; malt, starches, inulin, wheat gluten",12692138.82,2025,Export
GBR,United Kingdom,SAU,Saudi Arabia,agriculture,12,"Oil seeds and oleaginous fruits; miscellaneous grains, seeds and fruit, industrial or medicinal plants; straw and fodder",278581.807,2025,Export
GBR,United Kingdom,SAU,Saudi Arabia,agriculture,12,"Oil seeds and oleaginous fruits; miscellaneous grains, seeds and fruit, industrial or medicinal plants; straw and fodder",278581.807,2025,Export
GBR,United Kingdom,SEN,Senegal,agriculture,10,Cereals,18443.251,2025,Export
GBR,United Kingdom,SEN,Senegal,agriculture,10,Cereals,18443.251,2025,Export
GBR,United Kingdom,SEN,Senegal,agriculture,11,"Products of the milling industry; malt, starches, inulin, wheat gluten",144812.516,2025,Export
GBR,United Kingdom,SEN,Senegal,agriculture,11,"Products of the milling industry; malt, starches, inulin, wheat gluten",144812.516,2025,Export
GBR,United Kingdom,SEN,Senegal,agriculture,12,"Oil seeds and oleaginous fruits; miscellaneous grains, seeds and fruit, industrial or medicinal plants; straw and fodder",560585.778,2025,Export
GBR,United Kingdom,SEN,Senegal,agriculture,12,"Oil seeds and oleaginous fruits; miscellaneous grains, seeds and fruit, industrial or medicinal plants; straw and fodder",560585.778,2025,Export
GBR,United Kingdom,SGP,Singapore,agriculture,10,Cereals,7207.45,2025,Export
GBR,United Kingdom,SGP,Singapore,agriculture,10,Cereals,7207.45,2025,Export
GBR,United Kingdom,SGP,Singapore,agriculture,11,"Products of the milling industry; malt, starches, inulin, wheat gluten",1962666.09,2025,Export
GBR,United Kingdom,SGP,Singapore,agriculture,11,"Products of the milling industry; malt, starches, inulin, wheat gluten",1962666.09,2025,Export
GBR,United Kingdom,SGP,Singapore,agriculture,12,"Oil seeds and oleaginous fruits; miscellaneous grains, seeds and fruit, industrial or medicinal plants; straw and fodder",563257.528,2025,Export
GBR,United Kingdom,SGP,Singapore,agriculture,12,"Oil seeds and oleaginous fruits; miscellaneous grains, seeds and fruit, industrial or medicinal plants; straw and fodder",563257.528,2025,Export
GBR,United Kingdom,SLE,Sierra Leone,agriculture,11,"Products of the milling industry; malt, starches, inulin, wheat gluten",44326.447,2025,Export
GBR,United Kingdom,SLE,Sierra Leone,agriculture,11,"Products of the milling industry; malt, starches, inulin, wheat gluten",44326.447,2025,Export
GBR,United Kingdom,SLE,Sierra Leone,agriculture,12,"Oil seeds and oleaginous fruits; miscellaneous grains, seeds and fruit, industrial or medicinal plants; straw and fodder",8029.474,2025,Export
GBR,United Kingdom,SLE,Sierra Leone,agriculture,12,"Oil seeds and oleaginous fruits; miscellaneous grains, seeds and fruit, industrial or medicinal plants; straw and fodder",8029.474,2025,Export
GBR,United Kingdom,SLV,El Salvador,agriculture,11,"Products of the milling industry; malt, starches, inulin, wheat gluten",2063.238,2025,Export
GBR,United Kingdom,SLV,El Salvador,agriculture,11,"Products of the milling industry; malt, starches, inulin, wheat gluten",8.136,2025,Export
GBR,United Kingdom,SLV,El Salvador,agriculture,11,"Products of the milling industry; malt, starches, inulin, wheat gluten",2071.373,2025,Export
GBR,United Kingdom,SRB,Serbia,agriculture,11,"Products of the milling industry; malt, starches, inulin, wheat gluten",57114.546,2025,Export
GBR,United Kingdom,SRB,Serbia,agriculture,11,"Products of the milling industry; malt, starches, inulin, wheat gluten",57114.546,2025,Export
GBR,United Kingdom,SRB,Serbia,agriculture,12,"Oil seeds and oleaginous fruits; miscellaneous grains, seeds and fruit, industrial or medicinal plants; straw and fodder",136587.052,2025,Export
GBR,United Kingdom,SRB,Serbia,agriculture,12,"Oil seeds and oleaginous fruits; miscellaneous grains, seeds and fruit, industrial or medicinal plants; straw and fodder",136587.052,2025,Export
GBR,United Kingdom,SSD,South Sudan,agriculture,11,"Products of the milling industry; malt, starches, inulin, wheat gluten",123378.334,2025,Export
GBR,United Kingdom,SSD,South Sudan,agriculture,11,"Products of the milling industry; malt, starches, inulin, wheat gluten",123378.334,2025,Export
GBR,United Kingdom,SSD,South Sudan,agriculture,12,"Oil seeds and oleaginous fruits; miscellaneous grains, seeds and fruit, industrial or medicinal plants; straw and fodder",20541.313,2025,Export
GBR,United Kingdom,SSD,South Sudan,agriculture,12,"Oil seeds and oleaginous fruits; miscellaneous grains, seeds and fruit, industrial or medicinal plants; straw and fodder",20541.313,2025,Export
GBR,United Kingdom,SUR,Suriname,agriculture,11,"Products of the milling industry; malt, starches, inulin, wheat gluten",74008.168,2025,Export
GBR,United Kingdom,SUR,Suriname,agriculture,11,"Products of the milling industry; malt, starches, inulin, wheat gluten",74008.168,2025,Export
GBR,United Kingdom,SVK,Slovakia,agriculture,11,"Products of the milling industry; malt, starches, inulin, wheat gluten",137598.987,2025,Export
GBR,United Kingdom,SVK,Slovakia,agriculture,11,"Products of the milling industry; malt, starches, inulin, wheat gluten",137598.987,2025,Export
GBR,United Kingdom,SVK,Slovakia,agriculture,12,"Oil seeds and oleaginous fruits; miscellaneous grains, seeds and fruit, industrial or medicinal plants; straw and fodder",78660.481,2025,Export
GBR,United Kingdom,SVK,Slovakia,agriculture,12,"Oil seeds and oleaginous fruits; miscellaneous grains, seeds and fruit, industrial or medicinal plants; straw and fodder",78660.481,2025,Export
GBR,United Kingdom,SVN,Slovenia,agriculture,10,Cereals,2510.884,2025,Export
GBR,United Kingdom,SVN,Slovenia,agriculture,10,Cereals,2510.884,2025,Export
GBR,United Kingdom,SVN,Slovenia,agriculture,11,"Products of the milling industry; malt, starches, inulin, wheat gluten",340509.863,2025,Export
GBR,United Kingdom,SVN,Slovenia,agriculture,11,"Products of the milling industry; malt, starches, inulin, wheat gluten",340509.863,2025,Export
GBR,United Kingdom,SVN,Slovenia,agriculture,12,"Oil seeds and oleaginous fruits; miscellaneous grains, seeds and fruit, industrial or medicinal plants; straw and fodder",54494.439,2025,Export
GBR,United Kingdom,SVN,Slovenia,agriculture,12,"Oil seeds and oleaginous fruits; miscellaneous grains, seeds and fruit, industrial or medicinal plants; straw and fodder",54494.439,2025,Export
GBR,United Kingdom,SWE,Sweden,agriculture,10,Cereals,3585441.898,2025,Export
GBR,United Kingdom,SWE,Sweden,agriculture,10,Cereals,6196461.586,2025,Export
GBR,United Kingdom,SWE,Sweden,agriculture,10,Cereals,9781903.484,2025,Export
GBR,United Kingdom,SWE,Sweden,agriculture,11,"Products of the milling industry; malt, starches, inulin, wheat gluten",436.422,2025,Export
GBR,United Kingdom,SWE,Sweden,agriculture,11,"Products of the milling industry; malt, starches, inulin, wheat gluten",7450.128,2025,Export
GBR,United Kingdom,SWE,Sweden,agriculture,11,"Products of the milling industry; malt, starches, inulin, wheat gluten",1560903.324,2025,Export
GBR,United Kingdom,SWE,Sweden,agriculture,11,"Products of the milling industry; malt, starches, inulin, wheat gluten",1568789.875,2025,Export
GBR,United Kingdom,SWE,Sweden,agriculture,12,"Oil seeds and oleaginous fruits; miscellaneous grains, seeds and fruit, industrial or medicinal plants; straw and fodder",3377.785,2025,Export
GBR,United Kingdom,SWE,Sweden,agriculture,12,"Oil seeds and oleaginous fruits; miscellaneous grains, seeds and fruit, industrial or medicinal plants; straw and fodder",6516251.028,2025,Export
GBR,United Kingdom,SWE,Sweden,agriculture,12,"Oil seeds and oleaginous fruits; miscellaneous grains, seeds and fruit, industrial or medicinal plants; straw and fodder",6512873.243,2025,Export
GBR,United Kingdom,SXM,Sint Maarten,agriculture,12,"Oil seeds and oleaginous fruits; miscellaneous grains, seeds and fruit, industrial or medicinal plants; straw and fodder",1058.67,2025,Export
GBR,United Kingdom,SXM,Sint Maarten,agriculture,12,"Oil seeds and oleaginous fruits; miscellaneous grains, seeds and fruit, industrial or medicinal plants; straw and fodder",1058.67,2025,Export
GBR,United Kingdom,SYC,Seychelles,agriculture,11,"Products of the milling industry; malt, starches, inulin, wheat gluten",95342.473,2025,Export
GBR,United Kingdom,SYC,Seychelles,agriculture,11,"Products of the milling industry; malt, starches, inulin, wheat gluten",95342.473,2025,Export
GBR,United Kingdom,SYC,Seychelles,agriculture,12,"Oil seeds and oleaginous fruits; miscellaneous grains, seeds and fruit, industrial or medicinal plants; straw and fodder",6014.222,2025,Export
GBR,United Kingdom,SYC,Seychelles,agriculture,12,"Oil seeds and oleaginous fruits; miscellaneous grains, seeds and fruit, industrial or medicinal plants; straw and fodder",6014.222,2025,Export
GBR,United Kingdom,TCA,Turks and Caicos Isds,agriculture,11,"Products of the milling industry; malt, starches, inulin, wheat gluten",9844.178,2025,Export
GBR,United Kingdom,TCA,Turks and Caicos Isds,agriculture,11,"Products of the milling industry; malt, starches, inulin, wheat gluten",9844.178,2025,Export
GBR,United Kingdom,TGO,Togo,agriculture,11,"Products of the milling industry; malt, starches, inulin, wheat gluten",180679.614,2025,Export
GBR,United Kingdom,TGO,Togo,agriculture,11,"Products of the milling industry; malt, starches, inulin, wheat gluten",180679.614,2025,Export
GBR,United Kingdom,THA,Thailand,agriculture,10,Cereals,34944.715,2025,Export
GBR,United Kingdom,THA,Thailand,agriculture,10,Cereals,14.855,2025,Export
GBR,United Kingdom,THA,Thailand,agriculture,10,Cereals,7641.089,2025,Export
GBR,United Kingdom,THA,Thailand,agriculture,10,Cereals,42600.659,2025,Export
GBR,United Kingdom,THA,Thailand,agriculture,11,"Products of the milling industry; malt, starches, inulin, wheat gluten",1592.303,2025,Export
GBR,United Kingdom,THA,Thailand,agriculture,11,"Products of the milling industry; malt, starches, inulin, wheat gluten",11890303.745,2025,Export
GBR,United Kingdom,THA,Thailand,agriculture,11,"Products of the milling industry; malt, starches, inulin, wheat gluten",11888711.442,2025,Export
GBR,United Kingdom,THA,Thailand,agriculture,12,"Oil seeds and oleaginous fruits; miscellaneous grains, seeds and fruit, industrial or medicinal plants; straw and fodder",190920.787,2025,Export
GBR,United Kingdom,THA,Thailand,agriculture,12,"Oil seeds and oleaginous fruits; miscellaneous grains, seeds and fruit, industrial or medicinal plants; straw and fodder",5.424,2025,Export
GBR,United Kingdom,THA,Thailand,agriculture,12,"Oil seeds and oleaginous fruits; miscellaneous grains, seeds and fruit, industrial or medicinal plants; straw and fodder",190926.211,2025,Export
GBR,United Kingdom,TKM,Turkmenistan,agriculture,12,"Oil seeds and oleaginous fruits; miscellaneous grains, seeds and fruit, industrial or medicinal plants; straw and fodder",152130.547,2025,Export
GBR,United Kingdom,TKM,Turkmenistan,agriculture,12,"Oil seeds and oleaginous fruits; miscellaneous grains, seeds and fruit, industrial or medicinal plants; straw and fodder",152130.547,2025,Export
GBR,United Kingdom,TTO,Trinidad and Tobago,agriculture,11,"Products of the milling industry; malt, starches, inulin, wheat gluten",2711263.38,2025,Export
GBR,United Kingdom,TTO,Trinidad and Tobago,agriculture,11,"Products of the milling industry; malt, starches, inulin, wheat gluten",2711263.38,2025,Export
GBR,United Kingdom,TUR,Türkiye,agriculture,10,Cereals,1384967.284,2025,Export
GBR,United Kingdom,TUR,Türkiye,agriculture,10,Cereals,4108.917,2025,Export
GBR,United Kingdom,TUR,Türkiye,agriculture,10,Cereals,1389076.2,2025,Export
GBR,United Kingdom,TUR,Türkiye,agriculture,11,"Products of the milling industry; malt, starches, inulin, wheat gluten",98.885,2025,Export
GBR,United Kingdom,TUR,Türkiye,agriculture,11,"Products of the milling industry; malt, starches, inulin, wheat gluten",227300.354,2025,Export
GBR,United Kingdom,TUR,Türkiye,agriculture,11,"Products of the milling industry; malt, starches, inulin, wheat gluten",227201.469,2025,Export
GBR,United Kingdom,TUR,Türkiye,agriculture,12,"Oil seeds and oleaginous fruits; miscellaneous grains, seeds and fruit, industrial or medicinal plants; straw and fodder",319.943,2025,Export
GBR,United Kingdom,TUR,Türkiye,agriculture,12,"Oil seeds and oleaginous fruits; miscellaneous grains, seeds and fruit, industrial or medicinal plants; straw and fodder",340437.588,2025,Export
GBR,United Kingdom,TUR,Türkiye,agriculture,12,"Oil seeds and oleaginous fruits; miscellaneous grains, seeds and fruit, industrial or medicinal plants; straw and fodder",337752.765,2025,Export
GBR,United Kingdom,TUR,Türkiye,agriculture,12,"Oil seeds and oleaginous fruits; miscellaneous grains, seeds and fruit, industrial or medicinal plants; straw and fodder",2364.88,2025,Export
GBR,United Kingdom,TZA,United Rep. of Tanzania,agriculture,10,Cereals,1204.321,2025,Export
GBR,United Kingdom,TZA,United Rep. of Tanzania,agriculture,10,Cereals,1204.321,2025,Export
GBR,United Kingdom,TZA,United Rep. of Tanzania,agriculture,11,"Products of the milling industry; malt, starches, inulin, wheat gluten",59505.28,2025,Export
GBR,United Kingdom,TZA,United Rep. of Tanzania,agriculture,11,"Products of the milling industry; malt, starches, inulin, wheat gluten",59505.28,2025,Export
GBR,United Kingdom,TZA,United Rep. of Tanzania,agriculture,12,"Oil seeds and oleaginous fruits; miscellaneous grains, seeds and fruit, industrial or medicinal plants; straw and fodder",3848.368,2025,Export
GBR,United Kingdom,TZA,United Rep. of Tanzania,agriculture,12,"Oil seeds and oleaginous fruits; miscellaneous grains, seeds and fruit, industrial or medicinal plants; straw and fodder",3848.368,2025,Export
GBR,United Kingdom,UGA,Uganda,agriculture,11,"Products of the milling industry; malt, starches, inulin, wheat gluten",38392.003,2025,Export
GBR,United Kingdom,UGA,Uganda,agriculture,11,"Products of the milling industry; malt, starches, inulin, wheat gluten",38392.003,2025,Export
GBR,United Kingdom,UGA,Uganda,agriculture,12,"Oil seeds and oleaginous fruits; miscellaneous grains, seeds and fruit, industrial or medicinal plants; straw and fodder",2579.606,2025,Export
GBR,United Kingdom,UGA,Uganda,agriculture,12,"Oil seeds and oleaginous fruits; miscellaneous grains, seeds and fruit, industrial or medicinal plants; straw and fodder",2579.606,2025,Export
GBR,United Kingdom,UKR,Ukraine,agriculture,11,"Products of the milling industry; malt, starches, inulin, wheat gluten",39111.473,2025,Export
GBR,United Kingdom,UKR,Ukraine,agriculture,11,"Products of the milling industry; malt, starches, inulin, wheat gluten",39111.473,2025,Export
GBR,United Kingdom,UKR,Ukraine,agriculture,12,"Oil seeds and oleaginous fruits; miscellaneous grains, seeds and fruit, industrial or medicinal plants; straw and fodder",17687.664,2025,Export
GBR,United Kingdom,UKR,Ukraine,agriculture,12,"Oil seeds and oleaginous fruits; miscellaneous grains, seeds and fruit, industrial or medicinal plants; straw and fodder",17687.664,2025,Export
GBR,United Kingdom,USA,USA,agriculture,10,Cereals,722788.714,2025,Export
GBR,United Kingdom,USA,USA,agriculture,10,Cereals,176.919,2025,Export
GBR,United Kingdom,USA,USA,agriculture,10,Cereals,140288.83,2025,Export
GBR,United Kingdom,USA,USA,agriculture,10,Cereals,863254.463,2025,Export
GBR,United Kingdom,USA,USA,agriculture,11,"Products of the milling industry; malt, starches, inulin, wheat gluten",26955894.437,2025,Export
GBR,United Kingdom,USA,USA,agriculture,11,"Products of the milling industry; malt, starches, inulin, wheat gluten",26951114.739,2025,Export
GBR,United Kingdom,USA,USA,agriculture,11,"Products of the milling industry; malt, starches, inulin, wheat gluten",4779.697,2025,Export
GBR,United Kingdom,USA,USA,agriculture,12,"Oil seeds and oleaginous fruits; miscellaneous grains, seeds and fruit, industrial or medicinal plants; straw and fodder",2634.997,2025,Export
GBR,United Kingdom,USA,USA,agriculture,12,"Oil seeds and oleaginous fruits; miscellaneous grains, seeds and fruit, industrial or medicinal plants; straw and fodder",9711898.553,2025,Export
GBR,United Kingdom,USA,USA,agriculture,12,"Oil seeds and oleaginous fruits; miscellaneous grains, seeds and fruit, industrial or medicinal plants; straw and fodder",9709263.556,2025,Export
GBR,United Kingdom,UZB,Uzbekistan,agriculture,12,"Oil seeds and oleaginous fruits; miscellaneous grains, seeds and fruit, industrial or medicinal plants; straw and fodder",81128.425,2025,Export
GBR,United Kingdom,UZB,Uzbekistan,agriculture,12,"Oil seeds and oleaginous fruits; miscellaneous grains, seeds and fruit, industrial or medicinal plants; straw and fodder",81128.425,2025,Export
GBR,United Kingdom,VCT,Saint Vincent and the Grenadines,agriculture,11,"Products of the milling industry; malt, starches, inulin, wheat gluten",40808.92,2025,Export
GBR,United Kingdom,VCT,Saint Vincent and the Grenadines,agriculture,11,"Products of the milling industry; malt, starches, inulin, wheat gluten",40808.92,2025,Export
GBR,United Kingdom,VGB,Br. Virgin Isds,agriculture,10,Cereals,1557.716,2025,Export
GBR,United Kingdom,VGB,Br. Virgin Isds,agriculture,10,Cereals,1557.716,2025,Export
GBR,United Kingdom,VGB,Br. Virgin Isds,agriculture,11,"Products of the milling industry; malt, starches, inulin, wheat gluten",12102.842,2025,Export
GBR,United Kingdom,VGB,Br. Virgin Isds,agriculture,11,"Products of the milling industry; malt, starches, inulin, wheat gluten",12102.842,2025,Export
GBR,United Kingdom,VNM,Viet Nam,agriculture,10,Cereals,12654.859,2025,Export
GBR,United Kingdom,VNM,Viet Nam,agriculture,10,Cereals,12654.859,2025,Export
GBR,United Kingdom,VNM,Viet Nam,agriculture,11,"Products of the milling industry; malt, starches, inulin, wheat gluten",54943.113,2025,Export
GBR,United Kingdom,VNM,Viet Nam,agriculture,11,"Products of the milling industry; malt, starches, inulin, wheat gluten",54943.113,2025,Export
GBR,United Kingdom,VNM,Viet Nam,agriculture,12,"Oil seeds and oleaginous fruits; miscellaneous grains, seeds and fruit, industrial or medicinal plants; straw and fodder",688.587,2025,Export
GBR,United Kingdom,VNM,Viet Nam,agriculture,12,"Oil seeds and oleaginous fruits; miscellaneous grains, seeds and fruit, industrial or medicinal plants; straw and fodder",17238.206,2025,Export
GBR,United Kingdom,VNM,Viet Nam,agriculture,12,"Oil seeds and oleaginous fruits; miscellaneous grains, seeds and fruit, industrial or medicinal plants; straw and fodder",16549.619,2025,Export
GBR,United Kingdom,W00,World,agriculture,10,Cereals,47328.369,2025,Export
GBR,United Kingdom,W00,World,agriculture,10,Cereals,34944.715,2025,Export
GBR,United Kingdom,W00,World,agriculture,10,Cereals,50798263.979,2025,Export
GBR,United Kingdom,W00,World,agriculture,10,Cereals,12501635.353,2025,Export
GBR,United Kingdom,W00,World,agriculture,10,Cereals,370730903.402,2025,Export
GBR,United Kingdom,W00,World,agriculture,10,Cereals,33877.957,2025,Export
GBR,United Kingdom,W00,World,agriculture,10,Cereals,6196461.586,2025,Export
GBR,United Kingdom,W00,World,agriculture,10,Cereals,35566.51,2025,Export
GBR,United Kingdom,W00,World,agriculture,10,Cereals,107741.439,2025,Export
GBR,United Kingdom,W00,World,agriculture,10,Cereals,688537.272,2025,Export
GBR,United Kingdom,W00,World,agriculture,10,Cereals,735958.268,2025,Export
GBR,United Kingdom,W00,World,agriculture,10,Cereals,15750.939,2025,Export
GBR,United Kingdom,W00,World,agriculture,10,Cereals,2726.488,2025,Export
GBR,United Kingdom,W00,World,agriculture,10,Cereals,58990.56,2025,Export
GBR,United Kingdom,W00,World,agriculture,10,Cereals,21637.838,2025,Export
GBR,United Kingdom,W00,World,agriculture,10,Cereals,105535.058,2025,Export
GBR,United Kingdom,W00,World,agriculture,10,Cereals,1557.716,2025,Export
GBR,United Kingdom,W00,World,agriculture,10,Cereals,94229.742,2025,Export
GBR,United Kingdom,W00,World,agriculture,10,Cereals,160940.065,2025,Export
GBR,United Kingdom,W00,World,agriculture,10,Cereals,18443.251,2025,Export
GBR,United Kingdom,W00,World,agriculture,10,Cereals,9140.045,2025,Export
GBR,United Kingdom,W00,World,agriculture,10,Cereals,165751.294,2025,Export
GBR,United Kingdom,W00,World,agriculture,10,Cereals,3833.927,2025,Export
GBR,United Kingdom,W00,World,agriculture,10,Cereals,2192974.662,2025,Export
GBR,United Kingdom,W00,World,agriculture,10,Cereals,70879.563,2025,Export
GBR,United Kingdom,W00,World,agriculture,10,Cereals,2546.455,2025,Export
GBR,United Kingdom,W00,World,agriculture,10,Cereals,5934.068,2025,Export
GBR,United Kingdom,W00,World,agriculture,10,Cereals,722788.714,2025,Export
GBR,United Kingdom,W00,World,agriculture,10,Cereals,17081905.119,2025,Export
GBR,United Kingdom,W00,World,agriculture,10,Cereals,29727.44,2025,Export
GBR,United Kingdom,W00,World,agriculture,10,Cereals,1498.363,2025,Export
GBR,United Kingdom,W00,World,agriculture,10,Cereals,18014.166,2025,Export
GBR,United Kingdom,W00,World,agriculture,10,Cereals,58291.108,2025,Export
GBR,United Kingdom,W00,World,agriculture,10,Cereals,8602.722,2025,Export
GBR,United Kingdom,W00,World,agriculture,10,Cereals,7207.45,2025,Export
GBR,United Kingdom,W00,World,agriculture,10,Cereals,7764.219,2025,Export
GBR,United Kingdom,W00,World,agriculture,10,Cereals,10474.649,2025,Export
GBR,United Kingdom,W00,World,agriculture,10,Cereals,2134.0,2025,Export
GBR,United Kingdom,W00,World,agriculture,10,Cereals,11869.682,2025,Export
GBR,United Kingdom,W00,World,agriculture,10,Cereals,6809.757,2025,Export
GBR,United Kingdom,W00,World,agriculture,10,Cereals,69470.245,2025,Export
GBR,United Kingdom,W00,World,agriculture,10,Cereals,1.338,2025,Export
GBR,United Kingdom,W00,World,agriculture,10,Cereals,13119.306,2025,Export
GBR,United Kingdom,W00,World,agriculture,10,Cereals,681525.29,2025,Export
GBR,United Kingdom,W00,World,agriculture,10,Cereals,11594217.563,2025,Export
GBR,United Kingdom,W00,World,agriculture,10,Cereals,5964.28,2025,Export
GBR,United Kingdom,W00,World,agriculture,10,Cereals,78713.416,2025,Export
GBR,United Kingdom,W00,World,agriculture,10,Cereals,189815.844,2025,Export
GBR,United Kingdom,W00,World,agriculture,10,Cereals,45079.919,2025,Export
GBR,United Kingdom,W00,World,agriculture,10,Cereals,77918.381,2025,Export
GBR,United Kingdom,W00,World,agriculture,10,Cereals,2360661.235,2025,Export
GBR,United Kingdom,W00,World,agriculture,10,Cereals,1424226.213,2025,Export
GBR,United Kingdom,W00,World,agriculture,10,Cereals,1831.501,2025,Export
GBR,United Kingdom,W00,World,agriculture,10,Cereals,2024.198,2025,Export
GBR,United Kingdom,W00,World,agriculture,10,Cereals,23003.372,2025,Export
GBR,United Kingdom,W00,World,agriculture,10,Cereals,78247.325,2025,Export
GBR,United Kingdom,W00,World,agriculture,10,Cereals,182285584.775,2025,Export
GBR,United Kingdom,W00,World,agriculture,10,Cereals,112430.511,2025,Export
GBR,United Kingdom,W00,World,agriculture,10,Cereals,5825516.902,2025,Export
GBR,United Kingdom,W00,World,agriculture,10,Cereals,6205.815,2025,Export
GBR,United Kingdom,W00,World,agriculture,10,Cereals,3741633.252,2025,Export
GBR,United Kingdom,W00,World,agriculture,10,Cereals,18409.81,2025,Export
GBR,United Kingdom,W00,World,agriculture,10,Cereals,1384967.284,2025,Export
GBR,United Kingdom,W00,World,agriculture,10,Cereals,5890.453,2025,Export
GBR,United Kingdom,W00,World,agriculture,10,Cereals,17389555.909,2025,Export
GBR,United Kingdom,W00,World,agriculture,10,Cereals,1204.321,2025,Export
GBR,United Kingdom,W00,World,agriculture,10,Cereals,2510.884,2025,Export
GBR,United Kingdom,W00,World,agriculture,10,Cereals,9967.656,2025,Export
GBR,United Kingdom,W00,World,agriculture,10,Cereals,156327.671,2025,Export
GBR,United Kingdom,W00,World,agriculture,10,Cereals,19936.496,2025,Export
GBR,United Kingdom,W00,World,agriculture,10,Cereals,305380.745,2025,Export
GBR,United Kingdom,W00,World,agriculture,10,Cereals,263611.353,2025,Export
GBR,United Kingdom,W00,World,agriculture,10,Cereals,11553.62,2025,Export
GBR,United Kingdom,W00,World,agriculture,10,Cereals,45238367.893,2025,Export
GBR,United Kingdom,W00,World,agriculture,10,Cereals,1100662.28,2025,Export
GBR,United Kingdom,W00,World,agriculture,10,Cereals,39598.381,2025,Export
GBR,United Kingdom,W00,World,agriculture,10,Cereals,2537.994,2025,Export
GBR,United Kingdom,W00,World,agriculture,10,Cereals,253927.877,2025,Export
GBR,United Kingdom,W00,World,agriculture,10,Cereals,2922864.201,2025,Export
GBR,United Kingdom,W00,World,agriculture,10,Cereals,1116.189,2025,Export
GBR,United Kingdom,W00,World,agriculture,10,Cereals,907047.199,2025,Export
GBR,United Kingdom,W00,World,agriculture,11,"Products of the milling industry; malt, starches, inulin, wheat gluten",95342.473,2025,Export
GBR,United Kingdom,W00,World,agriculture,11,"Products of the milling industry; malt, starches, inulin, wheat gluten",53433.93,2025,Export
GBR,United Kingdom,W00,World,agriculture,11,"Products of the milling industry; malt, starches, inulin, wheat gluten",198965.479,2025,Export
GBR,United Kingdom,W00,World,agriculture,11,"Products of the milling industry; malt, starches, inulin, wheat gluten",81331.037,2025,Export
GBR,United Kingdom,W00,World,agriculture,11,"Products of the milling industry; malt, starches, inulin, wheat gluten",581045.371,2025,Export
GBR,United Kingdom,W00,World,agriculture,11,"Products of the milling industry; malt, starches, inulin, wheat gluten",217667.737,2025,Export
GBR,United Kingdom,W00,World,agriculture,11,"Products of the milling industry; malt, starches, inulin, wheat gluten",2654.433,2025,Export
GBR,United Kingdom,W00,World,agriculture,11,"Products of the milling industry; malt, starches, inulin, wheat gluten",1084.87,2025,Export
GBR,United Kingdom,W00,World,agriculture,11,"Products of the milling industry; malt, starches, inulin, wheat gluten",180679.614,2025,Export
GBR,United Kingdom,W00,World,agriculture,11,"Products of the milling industry; malt, starches, inulin, wheat gluten",4233.589,2025,Export
GBR,United Kingdom,W00,World,agriculture,11,"Products of the milling industry; malt, starches, inulin, wheat gluten",8449082.0,2025,Export
GBR,United Kingdom,W00,World,agriculture,11,"Products of the milling industry; malt, starches, inulin, wheat gluten",72647.065,2025,Export
GBR,United Kingdom,W00,World,agriculture,11,"Products of the milling industry; malt, starches, inulin, wheat gluten",89668.704,2025,Export
GBR,United Kingdom,W00,World,agriculture,11,"Products of the milling industry; malt, starches, inulin, wheat gluten",101029.055,2025,Export
GBR,United Kingdom,W00,World,agriculture,11,"Products of the milling industry; malt, starches, inulin, wheat gluten",770936.966,2025,Export
GBR,United Kingdom,W00,World,agriculture,11,"Products of the milling industry; malt, starches, inulin, wheat gluten",196974.788,2025,Export
GBR,United Kingdom,W00,World,agriculture,11,"Products of the milling industry; malt, starches, inulin, wheat gluten",40808.92,2025,Export
GBR,United Kingdom,W00,World,agriculture,11,"Products of the milling industry; malt, starches, inulin, wheat gluten",2711263.38,2025,Export
GBR,United Kingdom,W00,World,agriculture,11,"Products of the milling industry; malt, starches, inulin, wheat gluten",4351765.597,2025,Export
GBR,United Kingdom,W00,World,agriculture,11,"Products of the milling industry; malt, starches, inulin, wheat gluten",2372809.826,2025,Export
GBR,United Kingdom,W00,World,agriculture,11,"Products of the milling industry; malt, starches, inulin, wheat gluten",12692138.82,2025,Export
GBR,United Kingdom,W00,World,agriculture,11,"Products of the milling industry; malt, starches, inulin, wheat gluten",90533.61,2025,Export
GBR,United Kingdom,W00,World,agriculture,11,"Products of the milling industry; malt, starches, inulin, wheat gluten",7026244.437,2025,Export
GBR,United Kingdom,W00,World,agriculture,11,"Products of the milling industry; malt, starches, inulin, wheat gluten",1292.254,2025,Export
GBR,United Kingdom,W00,World,agriculture,11,"Products of the milling industry; malt, starches, inulin, wheat gluten",35346.221,2025,Export
GBR,United Kingdom,W00,World,agriculture,11,"Products of the milling industry; malt, starches, inulin, wheat gluten",137598.987,2025,Export
GBR,United Kingdom,W00,World,agriculture,11,"Products of the milling industry; malt, starches, inulin, wheat gluten",120803.277,2025,Export
GBR,United Kingdom,W00,World,agriculture,11,"Products of the milling industry; malt, starches, inulin, wheat gluten",1962666.09,2025,Export
GBR,United Kingdom,W00,World,agriculture,11,"Products of the milling industry; malt, starches, inulin, wheat gluten",74008.168,2025,Export
GBR,United Kingdom,W00,World,agriculture,11,"Products of the milling industry; malt, starches, inulin, wheat gluten",27699.31,2025,Export
GBR,United Kingdom,W00,World,agriculture,11,"Products of the milling industry; malt, starches, inulin, wheat gluten",1862776.185,2025,Export
GBR,United Kingdom,W00,World,agriculture,11,"Products of the milling industry; malt, starches, inulin, wheat gluten",1046096.787,2025,Export
GBR,United Kingdom,W00,World,agriculture,11,"Products of the milling industry; malt, starches, inulin, wheat gluten",6107823.325,2025,Export
GBR,United Kingdom,W00,World,agriculture,11,"Products of the milling industry; malt, starches, inulin, wheat gluten",23022.901,2025,Export
GBR,United Kingdom,W00,World,agriculture,11,"Products of the milling industry; malt, starches, inulin, wheat gluten",1212933.105,2025,Export
GBR,United Kingdom,W00,World,agriculture,11,"Products of the milling industry; malt, starches, inulin, wheat gluten",297434.484,2025,Export
GBR,United Kingdom,W00,World,agriculture,11,"Products of the milling industry; malt, starches, inulin, wheat gluten",340509.863,2025,Export
GBR,United Kingdom,W00,World,agriculture,11,"Products of the milling industry; malt, starches, inulin, wheat gluten",59505.28,2025,Export
GBR,United Kingdom,W00,World,agriculture,11,"Products of the milling industry; malt, starches, inulin, wheat gluten",3548671.455,2025,Export
GBR,United Kingdom,W00,World,agriculture,11,"Products of the milling industry; malt, starches, inulin, wheat gluten",24130.038,2025,Export
GBR,United Kingdom,W00,World,agriculture,11,"Products of the milling industry; malt, starches, inulin, wheat gluten",55028.155,2025,Export
GBR,United Kingdom,W00,World,agriculture,11,"Products of the milling industry; malt, starches, inulin, wheat gluten",1409575.023,2025,Export
GBR,United Kingdom,W00,World,agriculture,11,"Products of the milling industry; malt, starches, inulin, wheat gluten",26951114.739,2025,Export
GBR,United Kingdom,W00,World,agriculture,11,"Products of the milling industry; malt, starches, inulin, wheat gluten",164044.588,2025,Export
GBR,United Kingdom,W00,World,agriculture,11,"Products of the milling industry; malt, starches, inulin, wheat gluten",11888711.442,2025,Export
GBR,United Kingdom,W00,World,agriculture,11,"Products of the milling industry; malt, starches, inulin, wheat gluten",420174.375,2025,Export
GBR,United Kingdom,W00,World,agriculture,11,"Products of the milling industry; malt, starches, inulin, wheat gluten",2063.238,2025,Export
GBR,United Kingdom,W00,World,agriculture,11,"Products of the milling industry; malt, starches, inulin, wheat gluten",180080.204,2025,Export
GBR,United Kingdom,W00,World,agriculture,11,"Products of the milling industry; malt, starches, inulin, wheat gluten",2838.601,2025,Export
GBR,United Kingdom,W00,World,agriculture,11,"Products of the milling industry; malt, starches, inulin, wheat gluten",28281088.673,2025,Export
GBR,United Kingdom,W00,World,agriculture,11,"Products of the milling industry; malt, starches, inulin, wheat gluten",7331.873,2025,Export
GBR,United Kingdom,W00,World,agriculture,11,"Products of the milling industry; malt, starches, inulin, wheat gluten",9844.178,2025,Export
GBR,United Kingdom,W00,World,agriculture,11,"Products of the milling industry; malt, starches, inulin, wheat gluten",810640.65,2025,Export
GBR,United Kingdom,W00,World,agriculture,11,"Products of the milling industry; malt, starches, inulin, wheat gluten",35822169.765,2025,Export
GBR,United Kingdom,W00,World,agriculture,11,"Products of the milling industry; malt, starches, inulin, wheat gluten",111365.547,2025,Export
GBR,United Kingdom,W00,World,agriculture,11,"Products of the milling industry; malt, starches, inulin, wheat gluten",3107172.926,2025,Export
GBR,United Kingdom,W00,World,agriculture,11,"Products of the milling industry; malt, starches, inulin, wheat gluten",57114.546,2025,Export
GBR,United Kingdom,W00,World,agriculture,11,"Products of the milling industry; malt, starches, inulin, wheat gluten",1644627.362,2025,Export
GBR,United Kingdom,W00,World,agriculture,11,"Products of the milling industry; malt, starches, inulin, wheat gluten",682662.561,2025,Export
GBR,United Kingdom,W00,World,agriculture,11,"Products of the milling industry; malt, starches, inulin, wheat gluten",54943.113,2025,Export
GBR,United Kingdom,W00,World,agriculture,11,"Products of the milling industry; malt, starches, inulin, wheat gluten",643677.383,2025,Export
GBR,United Kingdom,W00,World,agriculture,11,"Products of the milling industry; malt, starches, inulin, wheat gluten",282674.1,2025,Export
GBR,United Kingdom,W00,World,agriculture,11,"Products of the milling industry; malt, starches, inulin, wheat gluten",26497.663,2025,Export
GBR,United Kingdom,W00,World,agriculture,11,"Products of the milling industry; malt, starches, inulin, wheat gluten",38392.003,2025,Export
GBR,United Kingdom,W00,World,agriculture,11,"Products of the milling industry; malt, starches, inulin, wheat gluten",990659.788,2025,Export
GBR,United Kingdom,W00,World,agriculture,11,"Products of the milling industry; malt, starches, inulin, wheat gluten",12102.842,2025,Export
GBR,United Kingdom,W00,World,agriculture,11,"Products of the milling industry; malt, starches, inulin, wheat gluten",1610220.504,2025,Export
GBR,United Kingdom,W00,World,agriculture,11,"Products of the milling industry; malt, starches, inulin, wheat gluten",547135.637,2025,Export
GBR,United Kingdom,W00,World,agriculture,11,"Products of the milling industry; malt, starches, inulin, wheat gluten",168341.382,2025,Export
GBR,United Kingdom,W00,World,agriculture,11,"Products of the milling industry; malt, starches, inulin, wheat gluten",5476.459,2025,Export
GBR,United Kingdom,W00,World,agriculture,11,"Products of the milling industry; malt, starches, inulin, wheat gluten",153533999.515,2025,Export
GBR,United Kingdom,W00,World,agriculture,11,"Products of the milling industry; malt, starches, inulin, wheat gluten",25421.405,2025,Export
GBR,United Kingdom,W00,World,agriculture,11,"Products of the milling industry; malt, starches, inulin, wheat gluten",589953.045,2025,Export
GBR,United Kingdom,W00,World,agriculture,11,"Products of the milling industry; malt, starches, inulin, wheat gluten",654463.032,2025,Export
GBR,United Kingdom,W00,World,agriculture,11,"Products of the milling industry; malt, starches, inulin, wheat gluten",211745.533,2025,Export
GBR,United Kingdom,W00,World,agriculture,11,"Products of the milling industry; malt, starches, inulin, wheat gluten",1560972.889,2025,Export
GBR,United Kingdom,W00,World,agriculture,11,"Products of the milling industry; malt, starches, inulin, wheat gluten",163774.54,2025,Export
GBR,United Kingdom,W00,World,agriculture,11,"Products of the milling industry; malt, starches, inulin, wheat gluten",3615060.711,2025,Export
GBR,United Kingdom,W00,World,agriculture,11,"Products of the milling industry; malt, starches, inulin, wheat gluten",67960.974,2025,Export
GBR,United Kingdom,W00,World,agriculture,11,"Products of the milling industry; malt, starches, inulin, wheat gluten",2368706.043,2025,Export
GBR,United Kingdom,W00,World,agriculture,11,"Products of the milling industry; malt, starches, inulin, wheat gluten",549208.353,2025,Export
GBR,United Kingdom,W00,World,agriculture,11,"Products of the milling industry; malt, starches, inulin, wheat gluten",112271.256,2025,Export
GBR,United Kingdom,W00,World,agriculture,11,"Products of the milling industry; malt, starches, inulin, wheat gluten",144812.516,2025,Export
GBR,United Kingdom,W00,World,agriculture,11,"Products of the milling industry; malt, starches, inulin, wheat gluten",393296.047,2025,Export
GBR,United Kingdom,W00,World,agriculture,11,"Products of the milling industry; malt, starches, inulin, wheat gluten",197461.835,2025,Export
GBR,United Kingdom,W00,World,agriculture,11,"Products of the milling industry; malt, starches, inulin, wheat gluten",770362.897,2025,Export
GBR,United Kingdom,W00,World,agriculture,11,"Products of the milling industry; malt, starches, inulin, wheat gluten",56606839.542,2025,Export
GBR,United Kingdom,W00,World,agriculture,11,"Products of the milling industry; malt, starches, inulin, wheat gluten",13877.329,2025,Export
GBR,United Kingdom,W00,World,agriculture,11,"Products of the milling industry; malt, starches, inulin, wheat gluten",108361.879,2025,Export
GBR,United Kingdom,W00,World,agriculture,11,"Products of the milling industry; malt, starches, inulin, wheat gluten",465010763.111,2025,Export
GBR,United Kingdom,W00,World,agriculture,11,"Products of the milling industry; malt, starches, inulin, wheat gluten",2140.233,2025,Export
GBR,United Kingdom,W00,World,agriculture,11,"Products of the milling industry; malt, starches, inulin, wheat gluten",12045478.623,2025,Export
GBR,United Kingdom,W00,World,agriculture,11,"Products of the milling industry; malt, starches, inulin, wheat gluten",7272242.476,2025,Export
GBR,United Kingdom,W00,World,agriculture,11,"Products of the milling industry; malt, starches, inulin, wheat gluten",39111.473,2025,Export
GBR,United Kingdom,W00,World,agriculture,11,"Products of the milling industry; malt, starches, inulin, wheat gluten",4059229.967,2025,Export
GBR,United Kingdom,W00,World,agriculture,11,"Products of the milling industry; malt, starches, inulin, wheat gluten",148451.885,2025,Export
GBR,United Kingdom,W00,World,agriculture,11,"Products of the milling industry; malt, starches, inulin, wheat gluten",1089673.196,2025,Export
GBR,United Kingdom,W00,World,agriculture,11,"Products of the milling industry; malt, starches, inulin, wheat gluten",28984.219,2025,Export
GBR,United Kingdom,W00,World,agriculture,11,"Products of the milling industry; malt, starches, inulin, wheat gluten",216829.305,2025,Export
GBR,United Kingdom,W00,World,agriculture,11,"Products of the milling industry; malt, starches, inulin, wheat gluten",9391.39,2025,Export
GBR,United Kingdom,W00,World,agriculture,11,"Products of the milling industry; malt, starches, inulin, wheat gluten",3241912.977,2025,Export
GBR,United Kingdom,W00,World,agriculture,11,"Products of the milling industry; malt, starches, inulin, wheat gluten",13196562.81,2025,Export
GBR,United Kingdom,W00,World,agriculture,11,"Products of the milling industry; malt, starches, inulin, wheat gluten",123378.334,2025,Export
GBR,United Kingdom,W00,World,agriculture,11,"Products of the milling industry; malt, starches, inulin, wheat gluten",44326.447,2025,Export
GBR,United Kingdom,W00,World,agriculture,11,"Products of the milling industry; malt, starches, inulin, wheat gluten",5629.827,2025,Export
GBR,United Kingdom,W00,World,agriculture,11,"Products of the milling industry; malt, starches, inulin, wheat gluten",11127.824,2025,Export
GBR,United Kingdom,W00,World,agriculture,11,"Products of the milling industry; malt, starches, inulin, wheat gluten",6856612.479,2025,Export
GBR,United Kingdom,W00,World,agriculture,11,"Products of the milling industry; malt, starches, inulin, wheat gluten",767445.9,2025,Export
GBR,United Kingdom,W00,World,agriculture,11,"Products of the milling industry; malt, starches, inulin, wheat gluten",5999246.158,2025,Export
GBR,United Kingdom,W00,World,agriculture,11,"Products of the milling industry; malt, starches, inulin, wheat gluten",446031.075,2025,Export
GBR,United Kingdom,W00,World,agriculture,11,"Products of the milling industry; malt, starches, inulin, wheat gluten",32366.583,2025,Export
GBR,United Kingdom,W00,World,agriculture,11,"Products of the milling industry; malt, starches, inulin, wheat gluten",227201.469,2025,Export
GBR,United Kingdom,W00,World,agriculture,11,"Products of the milling industry; malt, starches, inulin, wheat gluten",6053827.275,2025,Export
GBR,United Kingdom,W00,World,agriculture,11,"Products of the milling industry; malt, starches, inulin, wheat gluten",1412425.86,2025,Export
GBR,United Kingdom,W00,World,agriculture,11,"Products of the milling industry; malt, starches, inulin, wheat gluten",4383066.944,2025,Export
GBR,United Kingdom,W00,World,agriculture,11,"Products of the milling industry; malt, starches, inulin, wheat gluten",662749.09,2025,Export
GBR,United Kingdom,W00,World,agriculture,11,"Products of the milling industry; malt, starches, inulin, wheat gluten",1690.881,2025,Export
GBR,United Kingdom,W00,World,agriculture,11,"Products of the milling industry; malt, starches, inulin, wheat gluten",838876.892,2025,Export
GBR,United Kingdom,W00,World,agriculture,11,"Products of the milling industry; malt, starches, inulin, wheat gluten",635209.736,2025,Export
GBR,United Kingdom,W00,World,agriculture,11,"Products of the milling industry; malt, starches, inulin, wheat gluten",152032.059,2025,Export
GBR,United Kingdom,W00,World,agriculture,11,"Products of the milling industry; malt, starches, inulin, wheat gluten",66531.635,2025,Export
GBR,United Kingdom,W00,World,agriculture,12,"Oil seeds and oleaginous fruits; miscellaneous grains, seeds and fruit, industrial or medicinal plants; straw and fodder",813616.196,2025,Export
GBR,United Kingdom,W00,World,agriculture,12,"Oil seeds and oleaginous fruits; miscellaneous grains, seeds and fruit, industrial or medicinal plants; straw and fodder",186081.626,2025,Export
GBR,United Kingdom,W00,World,agriculture,12,"Oil seeds and oleaginous fruits; miscellaneous grains, seeds and fruit, industrial or medicinal plants; straw and fodder",26808.791,2025,Export
GBR,United Kingdom,W00,World,agriculture,12,"Oil seeds and oleaginous fruits; miscellaneous grains, seeds and fruit, industrial or medicinal plants; straw and fodder",484566.738,2025,Export
GBR,United Kingdom,W00,World,agriculture,12,"Oil seeds and oleaginous fruits; miscellaneous grains, seeds and fruit, industrial or medicinal plants; straw and fodder",3848.368,2025,Export
GBR,United Kingdom,W00,World,agriculture,12,"Oil seeds and oleaginous fruits; miscellaneous grains, seeds and fruit, industrial or medicinal plants; straw and fodder",6512909.364,2025,Export
GBR,United Kingdom,W00,World,agriculture,12,"Oil seeds and oleaginous fruits; miscellaneous grains, seeds and fruit, industrial or medicinal plants; straw and fodder",14577781.931,2025,Export
GBR,United Kingdom,W00,World,agriculture,12,"Oil seeds and oleaginous fruits; miscellaneous grains, seeds and fruit, industrial or medicinal plants; straw and fodder",95229.146,2025,Export
GBR,United Kingdom,W00,World,agriculture,12,"Oil seeds and oleaginous fruits; miscellaneous grains, seeds and fruit, industrial or medicinal plants; straw and fodder",1061011.436,2025,Export
GBR,United Kingdom,W00,World,agriculture,12,"Oil seeds and oleaginous fruits; miscellaneous grains, seeds and fruit, industrial or medicinal plants; straw and fodder",10392.743,2025,Export
GBR,United Kingdom,W00,World,agriculture,12,"Oil seeds and oleaginous fruits; miscellaneous grains, seeds and fruit, industrial or medicinal plants; straw and fodder",469987.529,2025,Export
GBR,United Kingdom,W00,World,agriculture,12,"Oil seeds and oleaginous fruits; miscellaneous grains, seeds and fruit, industrial or medicinal plants; straw and fodder",464376.58,2025,Export
GBR,United Kingdom,W00,World,agriculture,12,"Oil seeds and oleaginous fruits; miscellaneous grains, seeds and fruit, industrial or medicinal plants; straw and fodder",403075.071,2025,Export
GBR,United Kingdom,W00,World,agriculture,12,"Oil seeds and oleaginous fruits; miscellaneous grains, seeds and fruit, industrial or medicinal plants; straw and fodder",464907.21,2025,Export
GBR,United Kingdom,W00,World,agriculture,12,"Oil seeds and oleaginous fruits; miscellaneous grains, seeds and fruit, industrial or medicinal plants; straw and fodder",16417.611,2025,Export
GBR,United Kingdom,W00,World,agriculture,12,"Oil seeds and oleaginous fruits; miscellaneous grains, seeds and fruit, industrial or medicinal plants; straw and fodder",32128.044,2025,Export
GBR,United Kingdom,W00,World,agriculture,12,"Oil seeds and oleaginous fruits; miscellaneous grains, seeds and fruit, industrial or medicinal plants; straw and fodder",14492.807,2025,Export
GBR,United Kingdom,W00,World,agriculture,12,"Oil seeds and oleaginous fruits; miscellaneous grains, seeds and fruit, industrial or medicinal plants; straw and fodder",563257.528,2025,Export
GBR,United Kingdom,W00,World,agriculture,12,"Oil seeds and oleaginous fruits; miscellaneous grains, seeds and fruit, industrial or medicinal plants; straw and fodder",1260.009,2025,Export
GBR,United Kingdom,W00,World,agriculture,12,"Oil seeds and oleaginous fruits; miscellaneous grains, seeds and fruit, industrial or medicinal plants; straw and fodder",4906313.362,2025,Export
GBR,United Kingdom,W00,World,agriculture,12,"Oil seeds and oleaginous fruits; miscellaneous grains, seeds and fruit, industrial or medicinal plants; straw and fodder",85738.383,2025,Export
GBR,United Kingdom,W00,World,agriculture,12,"Oil seeds and oleaginous fruits; miscellaneous grains, seeds and fruit, industrial or medicinal plants; straw and fodder",6014.222,2025,Export
GBR,United Kingdom,W00,World,agriculture,12,"Oil seeds and oleaginous fruits; miscellaneous grains, seeds and fruit, industrial or medicinal plants; straw and fodder",33910.483,2025,Export
GBR,United Kingdom,W00,World,agriculture,12,"Oil seeds and oleaginous fruits; miscellaneous grains, seeds and fruit, industrial or medicinal plants; straw and fodder",15002.71,2025,Export
GBR,United Kingdom,W00,World,agriculture,12,"Oil seeds and oleaginous fruits; miscellaneous grains, seeds and fruit, industrial or medicinal plants; straw and fodder",152130.547,2025,Export
GBR,United Kingdom,W00,World,agriculture,12,"Oil seeds and oleaginous fruits; miscellaneous grains, seeds and fruit, industrial or medicinal plants; straw and fodder",81128.425,2025,Export
GBR,United Kingdom,W00,World,agriculture,12,"Oil seeds and oleaginous fruits; miscellaneous grains, seeds and fruit, industrial or medicinal plants; straw and fodder",11296.52,2025,Export
GBR,United Kingdom,W00,World,agriculture,12,"Oil seeds and oleaginous fruits; miscellaneous grains, seeds and fruit, industrial or medicinal plants; straw and fodder",7977.82,2025,Export
GBR,United Kingdom,W00,World,agriculture,12,"Oil seeds and oleaginous fruits; miscellaneous grains, seeds and fruit, industrial or medicinal plants; straw and fodder",3195.383,2025,Export
GBR,United Kingdom,W00,World,agriculture,12,"Oil seeds and oleaginous fruits; miscellaneous grains, seeds and fruit, industrial or medicinal plants; straw and fodder",606803.976,2025,Export
GBR,United Kingdom,W00,World,agriculture,12,"Oil seeds and oleaginous fruits; miscellaneous grains, seeds and fruit, industrial or medicinal plants; straw and fodder",5191.658,2025,Export
GBR,United Kingdom,W00,World,agriculture,12,"Oil seeds and oleaginous fruits; miscellaneous grains, seeds and fruit, industrial or medicinal plants; straw and fodder",118438.31,2025,Export
GBR,United Kingdom,W00,World,agriculture,12,"Oil seeds and oleaginous fruits; miscellaneous grains, seeds and fruit, industrial or medicinal plants; straw and fodder",765745.558,2025,Export
GBR,United Kingdom,W00,World,agriculture,12,"Oil seeds and oleaginous fruits; miscellaneous grains, seeds and fruit, industrial or medicinal plants; straw and fodder",54937.781,2025,Export
GBR,United Kingdom,W00,World,agriculture,12,"Oil seeds and oleaginous fruits; miscellaneous grains, seeds and fruit, industrial or medicinal plants; straw and fodder",17687.664,2025,Export
GBR,United Kingdom,W00,World,agriculture,12,"Oil seeds and oleaginous fruits; miscellaneous grains, seeds and fruit, industrial or medicinal plants; straw and fodder",3634549.829,2025,Export
GBR,United Kingdom,W00,World,agriculture,12,"Oil seeds and oleaginous fruits; miscellaneous grains, seeds and fruit, industrial or medicinal plants; straw and fodder",1113021.278,2025,Export
GBR,United Kingdom,W00,World,agriculture,12,"Oil seeds and oleaginous fruits; miscellaneous grains, seeds and fruit, industrial or medicinal plants; straw and fodder",8889.515,2025,Export
GBR,United Kingdom,W00,World,agriculture,12,"Oil seeds and oleaginous fruits; miscellaneous grains, seeds and fruit, industrial or medicinal plants; straw and fodder",489297.332,2025,Export
GBR,United Kingdom,W00,World,agriculture,12,"Oil seeds and oleaginous fruits; miscellaneous grains, seeds and fruit, industrial or medicinal plants; straw and fodder",5584.959,2025,Export
GBR,United Kingdom,W00,World,agriculture,12,"Oil seeds and oleaginous fruits; miscellaneous grains, seeds and fruit, industrial or medicinal plants; straw and fodder",933542.64,2025,Export
GBR,United Kingdom,W00,World,agriculture,12,"Oil seeds and oleaginous fruits; miscellaneous grains, seeds and fruit, industrial or medicinal plants; straw and fodder",173311169.203,2025,Export
GBR,United Kingdom,W00,World,agriculture,12,"Oil seeds and oleaginous fruits; miscellaneous grains, seeds and fruit, industrial or medicinal plants; straw and fodder",10858.807,2025,Export
GBR,United Kingdom,W00,World,agriculture,12,"Oil seeds and oleaginous fruits; miscellaneous grains, seeds and fruit, industrial or medicinal plants; straw and fodder",57568.389,2025,Export
GBR,United Kingdom,W00,World,agriculture,12,"Oil seeds and oleaginous fruits; miscellaneous grains, seeds and fruit, industrial or medicinal plants; straw and fodder",54494.439,2025,Export
GBR,United Kingdom,W00,World,agriculture,12,"Oil seeds and oleaginous fruits; miscellaneous grains, seeds and fruit, industrial or medicinal plants; straw and fodder",62673.309,2025,Export
GBR,United Kingdom,W00,World,agriculture,12,"Oil seeds and oleaginous fruits; miscellaneous grains, seeds and fruit, industrial or medicinal plants; straw and fodder",1517755.396,2025,Export
GBR,United Kingdom,W00,World,agriculture,12,"Oil seeds and oleaginous fruits; miscellaneous grains, seeds and fruit, industrial or medicinal plants; straw and fodder",5011.622,2025,Export
GBR,United Kingdom,W00,World,agriculture,12,"Oil seeds and oleaginous fruits; miscellaneous grains, seeds and fruit, industrial or medicinal plants; straw and fodder",4458.72,2025,Export
GBR,United Kingdom,W00,World,agriculture,12,"Oil seeds and oleaginous fruits; miscellaneous grains, seeds and fruit, industrial or medicinal plants; straw and fodder",43038.744,2025,Export
GBR,United Kingdom,W00,World,agriculture,12,"Oil seeds and oleaginous fruits; miscellaneous grains, seeds and fruit, industrial or medicinal plants; straw and fodder",4524.186,2025,Export
GBR,United Kingdom,W00,World,agriculture,12,"Oil seeds and oleaginous fruits; miscellaneous grains, seeds and fruit, industrial or medicinal plants; straw and fodder",35125.264,2025,Export
GBR,United Kingdom,W00,World,agriculture,12,"Oil seeds and oleaginous fruits; miscellaneous grains, seeds and fruit, industrial or medicinal plants; straw and fodder",4278720.318,2025,Export
GBR,United Kingdom,W00,World,agriculture,12,"Oil seeds and oleaginous fruits; miscellaneous grains, seeds and fruit, industrial or medicinal plants; straw and fodder",4248480.963,2025,Export
GBR,United Kingdom,W00,World,agriculture,12,"Oil seeds and oleaginous fruits; miscellaneous grains, seeds and fruit, industrial or medicinal plants; straw and fodder",78660.481,2025,Export
GBR,United Kingdom,W00,World,agriculture,12,"Oil seeds and oleaginous fruits; miscellaneous grains, seeds and fruit, industrial or medicinal plants; straw and fodder",31786.593,2025,Export
GBR,United Kingdom,W00,World,agriculture,12,"Oil seeds and oleaginous fruits; miscellaneous grains, seeds and fruit, industrial or medicinal plants; straw and fodder",42793.107,2025,Export
GBR,United Kingdom,W00,World,agriculture,12,"Oil seeds and oleaginous fruits; miscellaneous grains, seeds and fruit, industrial or medicinal plants; straw and fodder",580568.659,2025,Export
GBR,United Kingdom,W00,World,agriculture,12,"Oil seeds and oleaginous fruits; miscellaneous grains, seeds and fruit, industrial or medicinal plants; straw and fodder",29200664.304,2025,Export
GBR,United Kingdom,W00,World,agriculture,12,"Oil seeds and oleaginous fruits; miscellaneous grains, seeds and fruit, industrial or medicinal plants; straw and fodder",11061.106,2025,Export
GBR,United Kingdom,W00,World,agriculture,12,"Oil seeds and oleaginous fruits; miscellaneous grains, seeds and fruit, industrial or medicinal plants; straw and fodder",165220.752,2025,Export
GBR,United Kingdom,W00,World,agriculture,12,"Oil seeds and oleaginous fruits; miscellaneous grains, seeds and fruit, industrial or medicinal plants; straw and fodder",2516.748,2025,Export
GBR,United Kingdom,W00,World,agriculture,12,"Oil seeds and oleaginous fruits; miscellaneous grains, seeds and fruit, industrial or medicinal plants; straw and fodder",16549.619,2025,Export
GBR,United Kingdom,W00,World,agriculture,12,"Oil seeds and oleaginous fruits; miscellaneous grains, seeds and fruit, industrial or medicinal plants; straw and fodder",3869.269,2025,Export
GBR,United Kingdom,W00,World,agriculture,12,"Oil seeds and oleaginous fruits; miscellaneous grains, seeds and fruit, industrial or medicinal plants; straw and fodder",8029.474,2025,Export
GBR,United Kingdom,W00,World,agriculture,12,"Oil seeds and oleaginous fruits; miscellaneous grains, seeds and fruit, industrial or medicinal plants; straw and fodder",20541.313,2025,Export
GBR,United Kingdom,W00,World,agriculture,12,"Oil seeds and oleaginous fruits; miscellaneous grains, seeds and fruit, industrial or medicinal plants; straw and fodder",26424515.647,2025,Export
GBR,United Kingdom,W00,World,agriculture,12,"Oil seeds and oleaginous fruits; miscellaneous grains, seeds and fruit, industrial or medicinal plants; straw and fodder",539081.156,2025,Export
GBR,United Kingdom,W00,World,agriculture,12,"Oil seeds and oleaginous fruits; miscellaneous grains, seeds and fruit, industrial or medicinal plants; straw and fodder",3662580.423,2025,Export
GBR,United Kingdom,W00,World,agriculture,12,"Oil seeds and oleaginous fruits; miscellaneous grains, seeds and fruit, industrial or medicinal plants; straw and fodder",9709263.556,2025,Export
GBR,United Kingdom,W00,World,agriculture,12,"Oil seeds and oleaginous fruits; miscellaneous grains, seeds and fruit, industrial or medicinal plants; straw and fodder",14091906.447,2025,Export
GBR,United Kingdom,W00,World,agriculture,12,"Oil seeds and oleaginous fruits; miscellaneous grains, seeds and fruit, industrial or medicinal plants; straw and fodder",136587.052,2025,Export
GBR,United Kingdom,W00,World,agriculture,12,"Oil seeds and oleaginous fruits; miscellaneous grains, seeds and fruit, industrial or medicinal plants; straw and fodder",11667.077,2025,Export
GBR,United Kingdom,W00,World,agriculture,12,"Oil seeds and oleaginous fruits; miscellaneous grains, seeds and fruit, industrial or medicinal plants; straw and fodder",13425.823,2025,Export
GBR,United Kingdom,W00,World,agriculture,12,"Oil seeds and oleaginous fruits; miscellaneous grains, seeds and fruit, industrial or medicinal plants; straw and fodder",137575.162,2025,Export
GBR,United Kingdom,W00,World,agriculture,12,"Oil seeds and oleaginous fruits; miscellaneous grains, seeds and fruit, industrial or medicinal plants; straw and fodder",560585.778,2025,Export
GBR,United Kingdom,W00,World,agriculture,12,"Oil seeds and oleaginous fruits; miscellaneous grains, seeds and fruit, industrial or medicinal plants; straw and fodder",42108.697,2025,Export
GBR,United Kingdom,W00,World,agriculture,12,"Oil seeds and oleaginous fruits; miscellaneous grains, seeds and fruit, industrial or medicinal plants; straw and fodder",254584.719,2025,Export
GBR,United Kingdom,W00,World,agriculture,12,"Oil seeds and oleaginous fruits; miscellaneous grains, seeds and fruit, industrial or medicinal plants; straw and fodder",630651.536,2025,Export
GBR,United Kingdom,W00,World,agriculture,12,"Oil seeds and oleaginous fruits; miscellaneous grains, seeds and fruit, industrial or medicinal plants; straw and fodder",190920.787,2025,Export
GBR,United Kingdom,W00,World,agriculture,12,"Oil seeds and oleaginous fruits; miscellaneous grains, seeds and fruit, industrial or medicinal plants; straw and fodder",450574.453,2025,Export
GBR,United Kingdom,W00,World,agriculture,12,"Oil seeds and oleaginous fruits; miscellaneous grains, seeds and fruit, industrial or medicinal plants; straw and fodder",2458233.936,2025,Export
GBR,United Kingdom,W00,World,agriculture,12,"Oil seeds and oleaginous fruits; miscellaneous grains, seeds and fruit, industrial or medicinal plants; straw and fodder",1595135.496,2025,Export
GBR,United Kingdom,W00,World,agriculture,12,"Oil seeds and oleaginous fruits; miscellaneous grains, seeds and fruit, industrial or medicinal plants; straw and fodder",113786.148,2025,Export
GBR,United Kingdom,W00,World,agriculture,12,"Oil seeds and oleaginous fruits; miscellaneous grains, seeds and fruit, industrial or medicinal plants; straw and fodder",1008409.049,2025,Export
GBR,United Kingdom,W00,World,agriculture,12,"Oil seeds and oleaginous fruits; miscellaneous grains, seeds and fruit, industrial or medicinal plants; straw and fodder",220831.871,2025,Export
GBR,United Kingdom,W00,World,agriculture,12,"Oil seeds and oleaginous fruits; miscellaneous grains, seeds and fruit, industrial or medicinal plants; straw and fodder",337752.765,2025,Export
GBR,United Kingdom,W00,World,agriculture,12,"Oil seeds and oleaginous fruits; miscellaneous grains, seeds and fruit, industrial or medicinal plants; straw and fodder",1769830.437,2025,Export
GBR,United Kingdom,W00,World,agriculture,12,"Oil seeds and oleaginous fruits; miscellaneous grains, seeds and fruit, industrial or medicinal plants; straw and fodder",332484.318,2025,Export
GBR,United Kingdom,W00,World,agriculture,12,"Oil seeds and oleaginous fruits; miscellaneous grains, seeds and fruit, industrial or medicinal plants; straw and fodder",132947.072,2025,Export
GBR,United Kingdom,W00,World,agriculture,12,"Oil seeds and oleaginous fruits; miscellaneous grains, seeds and fruit, industrial or medicinal plants; straw and fodder",116245.494,2025,Export
GBR,United Kingdom,W00,World,agriculture,12,"Oil seeds and oleaginous fruits; miscellaneous grains, seeds and fruit, industrial or medicinal plants; straw and fodder",18038730.309,2025,Export
GBR,United Kingdom,W00,World,agriculture,12,"Oil seeds and oleaginous fruits; miscellaneous grains, seeds and fruit, industrial or medicinal plants; straw and fodder",14534.219,2025,Export
GBR,United Kingdom,W00,World,agriculture,12,"Oil seeds and oleaginous fruits; miscellaneous grains, seeds and fruit, industrial or medicinal plants; straw and fodder",981234.288,2025,Export
GBR,United Kingdom,W00,World,agriculture,12,"Oil seeds and oleaginous fruits; miscellaneous grains, seeds and fruit, industrial or medicinal plants; straw and fodder",40826.762,2025,Export
GBR,United Kingdom,W00,World,agriculture,12,"Oil seeds and oleaginous fruits; miscellaneous grains, seeds and fruit, industrial or medicinal plants; straw and fodder",278581.807,2025,Export
GBR,United Kingdom,W00,World,agriculture,12,"Oil seeds and oleaginous fruits; miscellaneous grains, seeds and fruit, industrial or medicinal plants; straw and fodder",11285.636,2025,Export
GBR,United Kingdom,W00,World,agriculture,12,"Oil seeds and oleaginous fruits; miscellaneous grains, seeds and fruit, industrial or medicinal plants; straw and fodder",2579.606,2025,Export
GBR,United Kingdom,W00,World,agriculture,12,"Oil seeds and oleaginous fruits; miscellaneous grains, seeds and fruit, industrial or medicinal plants; straw and fodder",2485.514,2025,Export
GBR,United Kingdom,W00,World,agriculture,12,"Oil seeds and oleaginous fruits; miscellaneous grains, seeds and fruit, industrial or medicinal plants; straw and fodder",231584.851,2025,Export
GBR,United Kingdom,W00,World,agriculture,12,"Oil seeds and oleaginous fruits; miscellaneous grains, seeds and fruit, industrial or medicinal plants; straw and fodder",43245.031,2025,Export
GBR,United Kingdom,W00,World,agriculture,12,"Oil seeds and oleaginous fruits; miscellaneous grains, seeds and fruit, industrial or medicinal plants; straw and fodder",57472.544,2025,Export
GBR,United Kingdom,W00,World,agriculture,12,"Oil seeds and oleaginous fruits; miscellaneous grains, seeds and fruit, industrial or medicinal plants; straw and fodder",5972789.908,2025,Export
GBR,United Kingdom,W00,World,agriculture,12,"Oil seeds and oleaginous fruits; miscellaneous grains, seeds and fruit, industrial or medicinal plants; straw and fodder",274065.085,2025,Export
GBR,United Kingdom,W00,World,agriculture,12,"Oil seeds and oleaginous fruits; miscellaneous grains, seeds and fruit, industrial or medicinal plants; straw and fodder",15847.619,2025,Export
GBR,United Kingdom,W00,World,agriculture,12,"Oil seeds and oleaginous fruits; miscellaneous grains, seeds and fruit, industrial or medicinal plants; straw and fodder",145626.321,2025,Export
GBR,United Kingdom,W00,World,agriculture,12,"Oil seeds and oleaginous fruits; miscellaneous grains, seeds and fruit, industrial or medicinal plants; straw and fodder",144082.316,2025,Export
GBR,United Kingdom,W00,World,agriculture,12,"Oil seeds and oleaginous fruits; miscellaneous grains, seeds and fruit, industrial or medicinal plants; straw and fodder",11454.419,2025,Export
GBR,United Kingdom,W00,World,agriculture,12,"Oil seeds and oleaginous fruits; miscellaneous grains, seeds and fruit, industrial or medicinal plants; straw and fodder",2114640.21,2025,Export
GBR,United Kingdom,W00,World,agriculture,12,"Oil seeds and oleaginous fruits; miscellaneous grains, seeds and fruit, industrial or medicinal plants; straw and fodder",196225.166,2025,Export
GBR,United Kingdom,W00,World,agriculture,12,"Oil seeds and oleaginous fruits; miscellaneous grains, seeds and fruit, industrial or medicinal plants; straw and fodder",38043.112,2025,Export
GBR,United Kingdom,W00,World,agriculture,12,"Oil seeds and oleaginous fruits; miscellaneous grains, seeds and fruit, industrial or medicinal plants; straw and fodder",10630.914,2025,Export
GBR,United Kingdom,ZAF,South Africa,agriculture,10,Cereals,798.536,2025,Export
GBR,United Kingdom,ZAF,South Africa,agriculture,10,Cereals,29727.44,2025,Export
GBR,United Kingdom,ZAF,South Africa,agriculture,10,Cereals,30525.976,2025,Export
GBR,United Kingdom,ZAF,South Africa,agriculture,11,"Products of the milling industry; malt, starches, inulin, wheat gluten",4059229.967,2025,Export
GBR,United Kingdom,ZAF,South Africa,agriculture,11,"Products of the milling industry; malt, starches, inulin, wheat gluten",4059229.967,2025,Export
GBR,United Kingdom,ZAF,South Africa,agriculture,12,"Oil seeds and oleaginous fruits; miscellaneous grains, seeds and fruit, industrial or medicinal plants; straw and fodder",220831.871,2025,Export
GBR,United Kingdom,ZAF,South Africa,agriculture,12,"Oil seeds and oleaginous fruits; miscellaneous grains, seeds and fruit, industrial or medicinal plants; straw and fodder",220831.871,2025,Export
GBR,United Kingdom,_X,"Areas, nes",agriculture,10,Cereals,55735858.818,2025,Export
GBR,United Kingdom,_X,"Areas, nes",agriculture,10,Cereals,55734794.466,2025,Export
GBR,United Kingdom,_X,"Areas, nes",agriculture,10,Cereals,24.308,2025,Export
GBR,United Kingdom,_X,"Areas, nes",agriculture,10,Cereals,821.891,2025,Export
GBR,United Kingdom,_X,"Areas, nes",agriculture,10,Cereals,218.153,2025,Export
GBR,United Kingdom,_X,"Areas, nes",agriculture,11,"Products of the milling industry; malt, starches, inulin, wheat gluten",69.565,2025,Export
GBR,United Kingdom,_X,"Areas, nes",agriculture,11,"Products of the milling industry; malt, starches, inulin, wheat gluten",4584.043,2025,Export
GBR,United Kingdom,_X,"Areas, nes",agriculture,11,"Products of the milling industry; malt, starches, inulin, wheat gluten",1901.752,2025,Export
GBR,United Kingdom,_X,"Areas, nes",agriculture,11,"Products of the milling industry; malt, starches, inulin, wheat gluten",64282488.077,2025,Export
GBR,United Kingdom,_X,"Areas, nes",agriculture,11,"Products of the milling industry; malt, starches, inulin, wheat gluten",64289043.438,2025,Export
GBR,United Kingdom,_X,"Areas, nes",agriculture,12,"Oil seeds and oleaginous fruits; miscellaneous grains, seeds and fruit, industrial or medicinal plants; straw and fodder",34263.685,2025,Export
GBR,United Kingdom,_X,"Areas, nes",agriculture,12,"Oil seeds and oleaginous fruits; miscellaneous grains, seeds and fruit, industrial or medicinal plants; straw and fodder",521972.845,2025,Export
GBR,United Kingdom,_X,"Areas, nes",agriculture,12,"Oil seeds and oleaginous fruits; miscellaneous grains, seeds and fruit, industrial or medicinal plants; straw and fodder",7656639.605,2025,Export
GBR,United Kingdom,_X,"Areas, nes",agriculture,12,"Oil seeds and oleaginous fruits; miscellaneous grains, seeds and fruit, industrial or medicinal plants; straw and fodder",36.12,2025,Export
GBR,United Kingdom,_X,"Areas, nes",agriculture,12,"Oil seeds and oleaginous fruits; miscellaneous grains, seeds and fruit, industrial or medicinal plants; straw and fodder",23677.021,2025,Export
GBR,United Kingdom,_X,"Areas, nes",agriculture,12,"Oil seeds and oleaginous fruits; miscellaneous grains, seeds and fruit, industrial or medicinal plants; straw and fodder",536.877,2025,Export
GBR,United Kingdom,_X,"Areas, nes",agriculture,12,"Oil seeds and oleaginous fruits; miscellaneous grains, seeds and fruit, industrial or medicinal plants; straw and fodder",2038.568,2025,Export
GBR,United Kingdom,_X,"Areas, nes",agriculture,12,"Oil seeds and oleaginous fruits; miscellaneous grains, seeds and fruit, industrial or medicinal plants; straw and fodder",445374.107,2025,Export
GBR,United Kingdom,_X,"Areas, nes",agriculture,12,"Oil seeds and oleaginous fruits; miscellaneous grains, seeds and fruit, industrial or medicinal plants; straw and fodder",1034561.567,2025,Export
GBR,United Kingdom,_X,"Areas, nes",agriculture,12,"Oil seeds and oleaginous fruits; miscellaneous grains, seeds and fruit, industrial or medicinal plants; straw and fodder",628.769,2025,Export
GBR,United Kingdom,_X,"Areas, nes",agriculture,12,"Oil seeds and oleaginous fruits; miscellaneous grains, seeds and fruit, industrial or medicinal plants; straw and fodder",5593550.046,2025,Export
IDN,Indonesia,ARE,United Arab Emirates,agriculture,10,Cereals,11347.859,2025,Export
IDN,Indonesia,ARE,United Arab Emirates,agriculture,11,"Products of the milling industry; malt, starches, inulin, wheat gluten",111311.36,2025,Export
IDN,Indonesia,ARE,United Arab Emirates,agriculture,12,"Oil seeds and oleaginous fruits; miscellaneous grains, seeds and fruit, industrial or medicinal plants; straw and fodder",1814204.747,2025,Export
IDN,Indonesia,ARG,Argentina,agriculture,11,"Products of the milling industry; malt, starches, inulin, wheat gluten",32844.0,2025,Export
IDN,Indonesia,ARG,Argentina,agriculture,12,"Oil seeds and oleaginous fruits; miscellaneous grains, seeds and fruit, industrial or medicinal plants; straw and fodder",1543250.0,2025,Export
IDN,Indonesia,AUS,Australia,agriculture,10,Cereals,25627.844,2025,Export
IDN,Indonesia,AUS,Australia,agriculture,11,"Products of the milling industry; malt, starches, inulin, wheat gluten",402251.32,2025,Export
IDN,Indonesia,AUS,Australia,agriculture,12,"Oil seeds and oleaginous fruits; miscellaneous grains, seeds and fruit, industrial or medicinal plants; straw and fodder",614289.62,2025,Export
IDN,Indonesia,AUT,Austria,agriculture,12,"Oil seeds and oleaginous fruits; miscellaneous grains, seeds and fruit, industrial or medicinal plants; straw and fodder",53090.0,2025,Export
IDN,Indonesia,BEN,Benin,agriculture,12,"Oil seeds and oleaginous fruits; miscellaneous grains, seeds and fruit, industrial or medicinal plants; straw and fodder",296750.0,2025,Export
IDN,Indonesia,BGD,Bangladesh,agriculture,11,"Products of the milling industry; malt, starches, inulin, wheat gluten",52000.0,2025,Export
IDN,Indonesia,BGD,Bangladesh,agriculture,12,"Oil seeds and oleaginous fruits; miscellaneous grains, seeds and fruit, industrial or medicinal plants; straw and fodder",39810840.135,2025,Export
IDN,Indonesia,BHR,Bahrain,agriculture,11,"Products of the milling industry; malt, starches, inulin, wheat gluten",95.77,2025,Export
IDN,Indonesia,BHR,Bahrain,agriculture,12,"Oil seeds and oleaginous fruits; miscellaneous grains, seeds and fruit, industrial or medicinal plants; straw and fodder",47454.8,2025,Export
IDN,Indonesia,BRA,Brazil,agriculture,11,"Products of the milling industry; malt, starches, inulin, wheat gluten",450909.95,2025,Export
IDN,Indonesia,BRA,Brazil,agriculture,12,"Oil seeds and oleaginous fruits; miscellaneous grains, seeds and fruit, industrial or medicinal plants; straw and fodder",1735.88,2025,Export
IDN,Indonesia,BRN,Brunei Darussalam,agriculture,10,Cereals,355985.4,2025,Export
IDN,Indonesia,BRN,Brunei Darussalam,agriculture,11,"Products of the milling industry; malt, starches, inulin, wheat gluten",258147.855,2025,Export
IDN,Indonesia,BRN,Brunei Darussalam,agriculture,12,"Oil seeds and oleaginous fruits; miscellaneous grains, seeds and fruit, industrial or medicinal plants; straw and fodder",23337.022,2025,Export
IDN,Indonesia,CAN,Canada,agriculture,12,"Oil seeds and oleaginous fruits; miscellaneous grains, seeds and fruit, industrial or medicinal plants; straw and fodder",577857.58,2025,Export
IDN,Indonesia,CHE,Switzerland,agriculture,11,"Products of the milling industry; malt, starches, inulin, wheat gluten",1216.85,2025,Export
IDN,Indonesia,CHE,Switzerland,agriculture,12,"Oil seeds and oleaginous fruits; miscellaneous grains, seeds and fruit, industrial or medicinal plants; straw and fodder",5897.75,2025,Export
IDN,Indonesia,CHL,Chile,agriculture,12,"Oil seeds and oleaginous fruits; miscellaneous grains, seeds and fruit, industrial or medicinal plants; straw and fodder",319225.0,2025,Export
IDN,Indonesia,CHN,China,agriculture,11,"Products of the milling industry; malt, starches, inulin, wheat gluten",5874738.178,2025,Export
IDN,Indonesia,CHN,China,agriculture,12,"Oil seeds and oleaginous fruits; miscellaneous grains, seeds and fruit, industrial or medicinal plants; straw and fodder",356461431.181,2025,Export
IDN,Indonesia,CMR,Cameroon,agriculture,12,"Oil seeds and oleaginous fruits; miscellaneous grains, seeds and fruit, industrial or medicinal plants; straw and fodder",330524.75,2025,Export
IDN,Indonesia,COL,Colombia,agriculture,11,"Products of the milling industry; malt, starches, inulin, wheat gluten",23016.5,2025,Export
IDN,Indonesia,CZE,Czechia,agriculture,12,"Oil seeds and oleaginous fruits; miscellaneous grains, seeds and fruit, industrial or medicinal plants; straw and fodder",3598106.207,2025,Export
IDN,Indonesia,DEU,Germany,agriculture,11,"Products of the milling industry; malt, starches, inulin, wheat gluten",4954.0,2025,Export
IDN,Indonesia,DEU,Germany,agriculture,12,"Oil seeds and oleaginous fruits; miscellaneous grains, seeds and fruit, industrial or medicinal plants; straw and fodder",575471.322,2025,Export
IDN,Indonesia,DNK,Denmark,agriculture,12,"Oil seeds and oleaginous fruits; miscellaneous grains, seeds and fruit, industrial or medicinal plants; straw and fodder",72958.606,2025,Export
IDN,Indonesia,ECU,Ecuador,agriculture,11,"Products of the milling industry; malt, starches, inulin, wheat gluten",11400.0,2025,Export
IDN,Indonesia,EGY,Egypt,agriculture,12,"Oil seeds and oleaginous fruits; miscellaneous grains, seeds and fruit, industrial or medicinal plants; straw and fodder",20346.2,2025,Export
IDN,Indonesia,ESP,Spain,agriculture,12,"Oil seeds and oleaginous fruits; miscellaneous grains, seeds and fruit, industrial or medicinal plants; straw and fodder",1137152.965,2025,Export
IDN,Indonesia,FRA,France,agriculture,12,"Oil seeds and oleaginous fruits; miscellaneous grains, seeds and fruit, industrial or medicinal plants; straw and fodder",2549753.725,2025,Export
IDN,Indonesia,GBR,United Kingdom,agriculture,11,"Products of the milling industry; malt, starches, inulin, wheat gluten",20622.0,2025,Export
IDN,Indonesia,GBR,United Kingdom,agriculture,12,"Oil seeds and oleaginous fruits; miscellaneous grains, seeds and fruit, industrial or medicinal plants; straw and fodder",157790.205,2025,Export
IDN,Indonesia,GHA,Ghana,agriculture,12,"Oil seeds and oleaginous fruits; miscellaneous grains, seeds and fruit, industrial or medicinal plants; straw and fodder",11135.0,2025,Export
IDN,Indonesia,GRC,Greece,agriculture,12,"Oil seeds and oleaginous fruits; miscellaneous grains, seeds and fruit, industrial or medicinal plants; straw and fodder",2016.5,2025,Export
IDN,Indonesia,HKG,"China, Hong Kong SAR",agriculture,10,Cereals,1083.18,2025,Export
IDN,Indonesia,HKG,"China, Hong Kong SAR",agriculture,11,"Products of the milling industry; malt, starches, inulin, wheat gluten",520132.175,2025,Export
IDN,Indonesia,HKG,"China, Hong Kong SAR",agriculture,12,"Oil seeds and oleaginous fruits; miscellaneous grains, seeds and fruit, industrial or medicinal plants; straw and fodder",986365.598,2025,Export
IDN,Indonesia,HUN,Hungary,agriculture,11,"Products of the milling industry; malt, starches, inulin, wheat gluten",2175.0,2025,Export
IDN,Indonesia,HUN,Hungary,agriculture,12,"Oil seeds and oleaginous fruits; miscellaneous grains, seeds and fruit, industrial or medicinal plants; straw and fodder",9800.0,2025,Export
IDN,Indonesia,IND,India,agriculture,10,Cereals,299.4,2025,Export
IDN,Indonesia,IND,India,agriculture,11,"Products of the milling industry; malt, starches, inulin, wheat gluten",225587.75,2025,Export
IDN,Indonesia,IND,India,agriculture,12,"Oil seeds and oleaginous fruits; miscellaneous grains, seeds and fruit, industrial or medicinal plants; straw and fodder",29402163.253,2025,Export
IDN,Indonesia,IRN,Iran,agriculture,12,"Oil seeds and oleaginous fruits; miscellaneous grains, seeds and fruit, industrial or medicinal plants; straw and fodder",30250.0,2025,Export
IDN,Indonesia,IRQ,Iraq,agriculture,12,"Oil seeds and oleaginous fruits; miscellaneous grains, seeds and fruit, industrial or medicinal plants; straw and fodder",47036.0,2025,Export
IDN,Indonesia,ISR,Israel,agriculture,12,"Oil seeds and oleaginous fruits; miscellaneous grains, seeds and fruit, industrial or medicinal plants; straw and fodder",1100.0,2025,Export
IDN,Indonesia,ITA,Italy,agriculture,11,"Products of the milling industry; malt, starches, inulin, wheat gluten",68.6,2025,Export
IDN,Indonesia,ITA,Italy,agriculture,12,"Oil seeds and oleaginous fruits; miscellaneous grains, seeds and fruit, industrial or medicinal plants; straw and fodder",656280.013,2025,Export
IDN,Indonesia,JOR,Jordan,agriculture,12,"Oil seeds and oleaginous fruits; miscellaneous grains, seeds and fruit, industrial or medicinal plants; straw and fodder",68180.56,2025,Export
IDN,Indonesia,JPN,Japan,agriculture,11,"Products of the milling industry; malt, starches, inulin, wheat gluten",1825069.082,2025,Export
IDN,Indonesia,JPN,Japan,agriculture,12,"Oil seeds and oleaginous fruits; miscellaneous grains, seeds and fruit, industrial or medicinal plants; straw and fodder",3627437.46,2025,Export
IDN,Indonesia,KAZ,Kazakhstan,agriculture,11,"Products of the milling industry; malt, starches, inulin, wheat gluten",4.34,2025,Export
IDN,Indonesia,KAZ,Kazakhstan,agriculture,12,"Oil seeds and oleaginous fruits; miscellaneous grains, seeds and fruit, industrial or medicinal plants; straw and fodder",100.0,2025,Export
IDN,Indonesia,KHM,Cambodia,agriculture,10,Cereals,3694.36,2025,Export
IDN,Indonesia,KHM,Cambodia,agriculture,11,"Products of the milling industry; malt, starches, inulin, wheat gluten",9325.737,2025,Export
IDN,Indonesia,KHM,Cambodia,agriculture,12,"Oil seeds and oleaginous fruits; miscellaneous grains, seeds and fruit, industrial or medicinal plants; straw and fodder",39445.875,2025,Export
IDN,Indonesia,KIR,Kiribati,agriculture,11,"Products of the milling industry; malt, starches, inulin, wheat gluten",9779.38,2025,Export
IDN,Indonesia,KOR,Rep. of Korea,agriculture,10,Cereals,4168.505,2025,Export
IDN,Indonesia,KOR,Rep. of Korea,agriculture,11,"Products of the milling industry; malt, starches, inulin, wheat gluten",717509.759,2025,Export
IDN,Indonesia,KOR,Rep. of Korea,agriculture,12,"Oil seeds and oleaginous fruits; miscellaneous grains, seeds and fruit, industrial or medicinal plants; straw and fodder",7885407.447,2025,Export
IDN,Indonesia,KWT,Kuwait,agriculture,11,"Products of the milling industry; malt, starches, inulin, wheat gluten",3490.22,2025,Export
IDN,Indonesia,KWT,Kuwait,agriculture,12,"Oil seeds and oleaginous fruits; miscellaneous grains, seeds and fruit, industrial or medicinal plants; straw and fodder",158963.0,2025,Export
IDN,Indonesia,LBN,Lebanon,agriculture,11,"Products of the milling industry; malt, starches, inulin, wheat gluten",13232.5,2025,Export
IDN,Indonesia,LBN,Lebanon,agriculture,12,"Oil seeds and oleaginous fruits; miscellaneous grains, seeds and fruit, industrial or medicinal plants; straw and fodder",1377.0,2025,Export
IDN,Indonesia,LBY,Libya,agriculture,12,"Oil seeds and oleaginous fruits; miscellaneous grains, seeds and fruit, industrial or medicinal plants; straw and fodder",21966.0,2025,Export
IDN,Indonesia,LKA,Sri Lanka,agriculture,11,"Products of the milling industry; malt, starches, inulin, wheat gluten",292589.555,2025,Export
IDN,Indonesia,LKA,Sri Lanka,agriculture,12,"Oil seeds and oleaginous fruits; miscellaneous grains, seeds and fruit, industrial or medicinal plants; straw and fodder",50.0,2025,Export
IDN,Indonesia,MAC,"China, Macao SAR",agriculture,11,"Products of the milling industry; malt, starches, inulin, wheat gluten",989.664,2025,Export
IDN,Indonesia,MAR,Morocco,agriculture,12,"Oil seeds and oleaginous fruits; miscellaneous grains, seeds and fruit, industrial or medicinal plants; straw and fodder",38006.9,2025,Export
IDN,Indonesia,MDV,Maldives,agriculture,11,"Products of the milling industry; malt, starches, inulin, wheat gluten",4928.445,2025,Export
IDN,Indonesia,MDV,Maldives,agriculture,12,"Oil seeds and oleaginous fruits; miscellaneous grains, seeds and fruit, industrial or medicinal plants; straw and fodder",145.0,2025,Export
IDN,Indonesia,MEX,Mexico,agriculture,10,Cereals,687300.0,2025,Export
IDN,Indonesia,MEX,Mexico,agriculture,11,"Products of the milling industry; malt, starches, inulin, wheat gluten",74775.25,2025,Export
IDN,Indonesia,MEX,Mexico,agriculture,12,"Oil seeds and oleaginous fruits; miscellaneous grains, seeds and fruit, industrial or medicinal plants; straw and fodder",81000.0,2025,Export
IDN,Indonesia,MMR,Myanmar,agriculture,11,"Products of the milling industry; malt, starches, inulin, wheat gluten",978635.84,2025,Export
IDN,Indonesia,MMR,Myanmar,agriculture,12,"Oil seeds and oleaginous fruits; miscellaneous grains, seeds and fruit, industrial or medicinal plants; straw and fodder",169351.31,2025,Export
IDN,Indonesia,MUS,Mauritius,agriculture,11,"Products of the milling industry; malt, starches, inulin, wheat gluten",342.0,2025,Export
IDN,Indonesia,MYS,Malaysia,agriculture,10,Cereals,326566.128,2025,Export
IDN,Indonesia,MYS,Malaysia,agriculture,11,"Products of the milling industry; malt, starches, inulin, wheat gluten",11331819.903,2025,Export
IDN,Indonesia,MYS,Malaysia,agriculture,12,"Oil seeds and oleaginous fruits; miscellaneous grains, seeds and fruit, industrial or medicinal plants; straw and fodder",11495530.425,2025,Export
IDN,Indonesia,NGA,Nigeria,agriculture,11,"Products of the milling industry; malt, starches, inulin, wheat gluten",739.51,2025,Export
IDN,Indonesia,NGA,Nigeria,agriculture,12,"Oil seeds and oleaginous fruits; miscellaneous grains, seeds and fruit, industrial or medicinal plants; straw and fodder",624774.2,2025,Export
IDN,Indonesia,NLD,Netherlands,agriculture,10,Cereals,46784.128,2025,Export
IDN,Indonesia,NLD,Netherlands,agriculture,11,"Products of the milling industry; malt, starches, inulin, wheat gluten",100663.271,2025,Export
IDN,Indonesia,NLD,Netherlands,agriculture,12,"Oil seeds and oleaginous fruits; miscellaneous grains, seeds and fruit, industrial or medicinal plants; straw and fodder",2718781.265,2025,Export
IDN,Indonesia,NPL,Nepal,agriculture,12,"Oil seeds and oleaginous fruits; miscellaneous grains, seeds and fruit, industrial or medicinal plants; straw and fodder",11920.0,2025,Export
IDN,Indonesia,NZL,New Zealand,agriculture,10,Cereals,648.0,2025,Export
IDN,Indonesia,NZL,New Zealand,agriculture,11,"Products of the milling industry; malt, starches, inulin, wheat gluten",46466.652,2025,Export
IDN,Indonesia,NZL,New Zealand,agriculture,12,"Oil seeds and oleaginous fruits; miscellaneous grains, seeds and fruit, industrial or medicinal plants; straw and fodder",5.0,2025,Export
IDN,Indonesia,OMN,Oman,agriculture,12,"Oil seeds and oleaginous fruits; miscellaneous grains, seeds and fruit, industrial or medicinal plants; straw and fodder",49158.26,2025,Export
IDN,Indonesia,PAK,Pakistan,agriculture,12,"Oil seeds and oleaginous fruits; miscellaneous grains, seeds and fruit, industrial or medicinal plants; straw and fodder",1385694.2,2025,Export
IDN,Indonesia,PER,Peru,agriculture,11,"Products of the milling industry; malt, starches, inulin, wheat gluten",5625.0,2025,Export
IDN,Indonesia,PER,Peru,agriculture,12,"Oil seeds and oleaginous fruits; miscellaneous grains, seeds and fruit, industrial or medicinal plants; straw and fodder",936288.64,2025,Export
IDN,Indonesia,PHL,Philippines,agriculture,10,Cereals,1676288.21,2025,Export
IDN,Indonesia,PHL,Philippines,agriculture,11,"Products of the milling industry; malt, starches, inulin, wheat gluten",28933699.705,2025,Export
IDN,Indonesia,PHL,Philippines,agriculture,12,"Oil seeds and oleaginous fruits; miscellaneous grains, seeds and fruit, industrial or medicinal plants; straw and fodder",1899559.3,2025,Export
IDN,Indonesia,PNG,Papua New Guinea,agriculture,10,Cereals,5766.12,2025,Export
IDN,Indonesia,PNG,Papua New Guinea,agriculture,11,"Products of the milling industry; malt, starches, inulin, wheat gluten",6757491.305,2025,Export
IDN,Indonesia,PNG,Papua New Guinea,agriculture,12,"Oil seeds and oleaginous fruits; miscellaneous grains, seeds and fruit, industrial or medicinal plants; straw and fodder",11144.38,2025,Export
IDN,Indonesia,QAT,Qatar,agriculture,10,Cereals,5543.67,2025,Export
IDN,Indonesia,QAT,Qatar,agriculture,11,"Products of the milling industry; malt, starches, inulin, wheat gluten",19764.847,2025,Export
IDN,Indonesia,QAT,Qatar,agriculture,12,"Oil seeds and oleaginous fruits; miscellaneous grains, seeds and fruit, industrial or medicinal plants; straw and fodder",36126.037,2025,Export
IDN,Indonesia,RUS,Russian Federation,agriculture,11,"Products of the milling industry; malt, starches, inulin, wheat gluten",51416.062,2025,Export
IDN,Indonesia,RUS,Russian Federation,agriculture,12,"Oil seeds and oleaginous fruits; miscellaneous grains, seeds and fruit, industrial or medicinal plants; straw and fodder",6243.697,2025,Export
IDN,Indonesia,S19,"Other Asia, nes",agriculture,10,Cereals,104940.47,2025,Export
IDN,Indonesia,S19,"Other Asia, nes",agriculture,11,"Products of the milling industry; malt, starches, inulin, wheat gluten",10316857.02,2025,Export
IDN,Indonesia,S19,"Other Asia, nes",agriculture,12,"Oil seeds and oleaginous fruits; miscellaneous grains, seeds and fruit, industrial or medicinal plants; straw and fodder",2627075.471,2025,Export
IDN,Indonesia,SAU,Saudi Arabia,agriculture,10,Cereals,55360.2,2025,Export
IDN,Indonesia,SAU,Saudi Arabia,agriculture,11,"Products of the milling industry; malt, starches, inulin, wheat gluten",51727.87,2025,Export
IDN,Indonesia,SAU,Saudi Arabia,agriculture,12,"Oil seeds and oleaginous fruits; miscellaneous grains, seeds and fruit, industrial or medicinal plants; straw and fodder",13547495.507,2025,Export
IDN,Indonesia,SDN,Sudan,agriculture,12,"Oil seeds and oleaginous fruits; miscellaneous grains, seeds and fruit, industrial or medicinal plants; straw and fodder",63398.75,2025,Export
IDN,Indonesia,SGP,Singapore,agriculture,10,Cereals,724793.118,2025,Export
IDN,Indonesia,SGP,Singapore,agriculture,11,"Products of the milling industry; malt, starches, inulin, wheat gluten",11187057.167,2025,Export
IDN,Indonesia,SGP,Singapore,agriculture,12,"Oil seeds and oleaginous fruits; miscellaneous grains, seeds and fruit, industrial or medicinal plants; straw and fodder",1754680.913,2025,Export
IDN,Indonesia,SLB,Solomon Isds,agriculture,11,"Products of the milling industry; malt, starches, inulin, wheat gluten",647030.97,2025,Export
IDN,Indonesia,SUR,Suriname,agriculture,11,"Products of the milling industry; malt, starches, inulin, wheat gluten",26956.0,2025,Export
IDN,Indonesia,SUR,Suriname,agriculture,12,"Oil seeds and oleaginous fruits; miscellaneous grains, seeds and fruit, industrial or medicinal plants; straw and fodder",6000.0,2025,Export
IDN,Indonesia,SWE,Sweden,agriculture,11,"Products of the milling industry; malt, starches, inulin, wheat gluten",2526.36,2025,Export
IDN,Indonesia,SYC,Seychelles,agriculture,11,"Products of the milling industry; malt, starches, inulin, wheat gluten",6.23,2025,Export
IDN,Indonesia,TCD,Chad,agriculture,12,"Oil seeds and oleaginous fruits; miscellaneous grains, seeds and fruit, industrial or medicinal plants; straw and fodder",10800.0,2025,Export
IDN,Indonesia,TGO,Togo,agriculture,11,"Products of the milling industry; malt, starches, inulin, wheat gluten",66.173,2025,Export
IDN,Indonesia,THA,Thailand,agriculture,10,Cereals,1151823.158,2025,Export
IDN,Indonesia,THA,Thailand,agriculture,11,"Products of the milling industry; malt, starches, inulin, wheat gluten",1334594.395,2025,Export
IDN,Indonesia,THA,Thailand,agriculture,12,"Oil seeds and oleaginous fruits; miscellaneous grains, seeds and fruit, industrial or medicinal plants; straw and fodder",4005056.38,2025,Export
IDN,Indonesia,TLS,Timor-Leste,agriculture,10,Cereals,18085.585,2025,Export
IDN,Indonesia,TLS,Timor-Leste,agriculture,11,"Products of the milling industry; malt, starches, inulin, wheat gluten",9648945.997,2025,Export
IDN,Indonesia,TLS,Timor-Leste,agriculture,12,"Oil seeds and oleaginous fruits; miscellaneous grains, seeds and fruit, industrial or medicinal plants; straw and fodder",1156641.076,2025,Export
IDN,Indonesia,TON,Tonga,agriculture,10,Cereals,796.0,2025,Export
IDN,Indonesia,TON,Tonga,agriculture,11,"Products of the milling industry; malt, starches, inulin, wheat gluten",37777.13,2025,Export
IDN,Indonesia,TTO,Trinidad and Tobago,agriculture,11,"Products of the milling industry; malt, starches, inulin, wheat gluten",66524.85,2025,Export
IDN,Indonesia,TTO,Trinidad and Tobago,agriculture,12,"Oil seeds and oleaginous fruits; miscellaneous grains, seeds and fruit, industrial or medicinal plants; straw and fodder",1583.0,2025,Export
IDN,Indonesia,TUR,Türkiye,agriculture,12,"Oil seeds and oleaginous fruits; miscellaneous grains, seeds and fruit, industrial or medicinal plants; straw and fodder",40000.0,2025,Export
IDN,Indonesia,USA,USA,agriculture,10,Cereals,172.64,2025,Export
IDN,Indonesia,USA,USA,agriculture,11,"Products of the milling industry; malt, starches, inulin, wheat gluten",2124383.858,2025,Export
IDN,Indonesia,USA,USA,agriculture,12,"Oil seeds and oleaginous fruits; miscellaneous grains, seeds and fruit, industrial or medicinal plants; straw and fodder",30177551.113,2025,Export
IDN,Indonesia,VEN,Venezuela,agriculture,12,"Oil seeds and oleaginous fruits; miscellaneous grains, seeds and fruit, industrial or medicinal plants; straw and fodder",27000.0,2025,Export
IDN,Indonesia,VNM,Viet Nam,agriculture,10,Cereals,413912.095,2025,Export
IDN,Indonesia,VNM,Viet Nam,agriculture,11,"Products of the milling industry; malt, starches, inulin, wheat gluten",1516943.87,2025,Export
IDN,Indonesia,VNM,Viet Nam,agriculture,12,"Oil seeds and oleaginous fruits; miscellaneous grains, seeds and fruit, industrial or medicinal plants; straw and fodder",4971326.83,2025,Export
IDN,Indonesia,VUT,Vanuatu,agriculture,10,Cereals,36737.255,2025,Export
IDN,Indonesia,W00,World,agriculture,10,Cereals,5658273.324,2025,Export
IDN,Indonesia,W00,World,agriculture,11,"Products of the milling industry; malt, starches, inulin, wheat gluten",96174573.705,2025,Export
IDN,Indonesia,W00,World,agriculture,12,"Oil seeds and oleaginous fruits; miscellaneous grains, seeds and fruit, industrial or medicinal plants; straw and fodder",530824029.056,2025,Export
IDN,Indonesia,WSM,Samoa,agriculture,10,Cereals,550.0,2025,Export
IDN,Indonesia,WSM,Samoa,agriculture,11,"Products of the milling industry; malt, starches, inulin, wheat gluten",40416.88,2025,Export
IDN,Indonesia,YEM,Yemen,agriculture,11,"Products of the milling industry; malt, starches, inulin, wheat gluten",1458.0,2025,Export
IDN,Indonesia,ZAF,South Africa,agriculture,11,"Products of the milling industry; malt, starches, inulin, wheat gluten",1471.6,2025,Export
IDN,Indonesia,ZAF,South Africa,agriculture,12,"Oil seeds and oleaginous fruits; miscellaneous grains, seeds and fruit, industrial or medicinal plants; straw and fodder",11150.0,2025,Export
ITA,Italy,ABW,Aruba,agriculture,10,Cereals,6779.899,2025,Export
ITA,Italy,ABW,Aruba,agriculture,11,"Products of the milling industry; malt, starches, inulin, wheat gluten",110389.183,2025,Export
ITA,Italy,AFG,Afghanistan,agriculture,12,"Oil seeds and oleaginous fruits; miscellaneous grains, seeds and fruit, industrial or medicinal plants; straw and fodder",159187.505,2025,Export
ITA,Italy,AGO,Angola,agriculture,12,"Oil seeds and oleaginous fruits; miscellaneous grains, seeds and fruit, industrial or medicinal plants; straw and fodder",594528.199,2025,Export
ITA,Italy,ALB,Albania,agriculture,10,Cereals,7622705.805,2025,Export
ITA,Italy,ALB,Albania,agriculture,11,"Products of the milling industry; malt, starches, inulin, wheat gluten",4905486.197,2025,Export
ITA,Italy,ALB,Albania,agriculture,12,"Oil seeds and oleaginous fruits; miscellaneous grains, seeds and fruit, industrial or medicinal plants; straw and fodder",3188283.589,2025,Export
ITA,Italy,AND,Andorra,agriculture,10,Cereals,7532.468,2025,Export
ITA,Italy,AND,Andorra,agriculture,11,"Products of the milling industry; malt, starches, inulin, wheat gluten",23152.225,2025,Export
ITA,Italy,AND,Andorra,agriculture,12,"Oil seeds and oleaginous fruits; miscellaneous grains, seeds and fruit, industrial or medicinal plants; straw and fodder",4768.529,2025,Export
ITA,Italy,ARE,United Arab Emirates,agriculture,10,Cereals,1900056.48,2025,Export
ITA,Italy,ARE,United Arab Emirates,agriculture,11,"Products of the milling industry; malt, starches, inulin, wheat gluten",6858717.424,2025,Export
ITA,Italy,ARE,United Arab Emirates,agriculture,12,"Oil seeds and oleaginous fruits; miscellaneous grains, seeds and fruit, industrial or medicinal plants; straw and fodder",12477450.109,2025,Export
ITA,Italy,ARG,Argentina,agriculture,10,Cereals,197114.259,2025,Export
ITA,Italy,ARG,Argentina,agriculture,11,"Products of the milling industry; malt, starches, inulin, wheat gluten",166083.792,2025,Export
ITA,Italy,ARG,Argentina,agriculture,12,"Oil seeds and oleaginous fruits; miscellaneous grains, seeds and fruit, industrial or medicinal plants; straw and fodder",3305511.43,2025,Export
ITA,Italy,ARM,Armenia,agriculture,10,Cereals,42750.652,2025,Export
ITA,Italy,ARM,Armenia,agriculture,11,"Products of the milling industry; malt, starches, inulin, wheat gluten",291812.496,2025,Export
ITA,Italy,ARM,Armenia,agriculture,12,"Oil seeds and oleaginous fruits; miscellaneous grains, seeds and fruit, industrial or medicinal plants; straw and fodder",205322.456,2025,Export
ITA,Italy,ATG,Antigua and Barbuda,agriculture,10,Cereals,17522.649,2025,Export
ITA,Italy,ATG,Antigua and Barbuda,agriculture,11,"Products of the milling industry; malt, starches, inulin, wheat gluten",3536.847,2025,Export
ITA,Italy,AUS,Australia,agriculture,10,Cereals,6428480.863,2025,Export
ITA,Italy,AUS,Australia,agriculture,11,"Products of the milling industry; malt, starches, inulin, wheat gluten",12393464.112,2025,Export
ITA,Italy,AUS,Australia,agriculture,12,"Oil seeds and oleaginous fruits; miscellaneous grains, seeds and fruit, industrial or medicinal plants; straw and fodder",1146758.87,2025,Export
ITA,Italy,AUT,Austria,agriculture,10,Cereals,45211735.075,2025,Export
ITA,Italy,AUT,Austria,agriculture,11,"Products of the milling industry; malt, starches, inulin, wheat gluten",19666985.917,2025,Export
ITA,Italy,AUT,Austria,agriculture,12,"Oil seeds and oleaginous fruits; miscellaneous grains, seeds and fruit, industrial or medicinal plants; straw and fodder",71022318.416,2025,Export
ITA,Italy,AZE,Azerbaijan,agriculture,10,Cereals,19750.975,2025,Export
ITA,Italy,AZE,Azerbaijan,agriculture,11,"Products of the milling industry; malt, starches, inulin, wheat gluten",41427.442,2025,Export
ITA,Italy,AZE,Azerbaijan,agriculture,12,"Oil seeds and oleaginous fruits; miscellaneous grains, seeds and fruit, industrial or medicinal plants; straw and fodder",685116.688,2025,Export
ITA,Italy,BDI,Burundi,agriculture,12,"Oil seeds and oleaginous fruits; miscellaneous grains, seeds and fruit, industrial or medicinal plants; straw and fodder",1569.547,2025,Export
ITA,Italy,BEL,Belgium,agriculture,10,Cereals,46512827.042,2025,Export
ITA,Italy,BEL,Belgium,agriculture,11,"Products of the milling industry; malt, starches, inulin, wheat gluten",23533552.056,2025,Export
ITA,Italy,BEL,Belgium,agriculture,12,"Oil seeds and oleaginous fruits; miscellaneous grains, seeds and fruit, industrial or medicinal plants; straw and fodder",32590809.876,2025,Export
ITA,Italy,BEN,Benin,agriculture,11,"Products of the milling industry; malt, starches, inulin, wheat gluten",324545.848,2025,Export
ITA,Italy,BEN,Benin,agriculture,12,"Oil seeds and oleaginous fruits; miscellaneous grains, seeds and fruit, industrial or medicinal plants; straw and fodder",14446.834,2025,Export
ITA,Italy,BFA,Burkina Faso,agriculture,12,"Oil seeds and oleaginous fruits; miscellaneous grains, seeds and fruit, industrial or medicinal plants; straw and fodder",63501.663,2025,Export
ITA,Italy,BGD,Bangladesh,agriculture,11,"Products of the milling industry; malt, starches, inulin, wheat gluten",24478.825,2025,Export
ITA,Italy,BGD,Bangladesh,agriculture,12,"Oil seeds and oleaginous fruits; miscellaneous grains, seeds and fruit, industrial or medicinal plants; straw and fodder",108395.893,2025,Export
ITA,Italy,BGR,Bulgaria,agriculture,10,Cereals,5013171.331,2025,Export
ITA,Italy,BGR,Bulgaria,agriculture,11,"Products of the milling industry; malt, starches, inulin, wheat gluten",3415223.753,2025,Export
ITA,Italy,BGR,Bulgaria,agriculture,12,"Oil seeds and oleaginous fruits; miscellaneous grains, seeds and fruit, industrial or medicinal plants; straw and fodder",3834036.184,2025,Export
ITA,Italy,BHR,Bahrain,agriculture,10,Cereals,174411.768,2025,Export
ITA,Italy,BHR,Bahrain,agriculture,11,"Products of the milling industry; malt, starches, inulin, wheat gluten",303393.693,2025,Export
ITA,Italy,BHR,Bahrain,agriculture,12,"Oil seeds and oleaginous fruits; miscellaneous grains, seeds and fruit, industrial or medicinal plants; straw and fodder",170338.178,2025,Export
ITA,Italy,BIH,Bosnia Herzegovina,agriculture,10,Cereals,3620485.846,2025,Export
ITA,Italy,BIH,Bosnia Herzegovina,agriculture,11,"Products of the milling industry; malt, starches, inulin, wheat gluten",868516.635,2025,Export
ITA,Italy,BIH,Bosnia Herzegovina,agriculture,12,"Oil seeds and oleaginous fruits; miscellaneous grains, seeds and fruit, industrial or medicinal plants; straw and fodder",1527383.995,2025,Export
ITA,Italy,BLR,Belarus,agriculture,10,Cereals,206511.199,2025,Export
ITA,Italy,BLR,Belarus,agriculture,11,"Products of the milling industry; malt, starches, inulin, wheat gluten",167013.768,2025,Export
ITA,Italy,BLR,Belarus,agriculture,12,"Oil seeds and oleaginous fruits; miscellaneous grains, seeds and fruit, industrial or medicinal plants; straw and fodder",3945701.118,2025,Export
ITA,Italy,BLZ,Belize,agriculture,10,Cereals,2191.037,2025,Export
ITA,Italy,BMU,Bermuda,agriculture,10,Cereals,11042.195,2025,Export
ITA,Italy,BMU,Bermuda,agriculture,11,"Products of the milling industry; malt, starches, inulin, wheat gluten",9592.427,2025,Export
ITA,Italy,BOL,Bolivia (Plurinational State of),agriculture,12,"Oil seeds and oleaginous fruits; miscellaneous grains, seeds and fruit, industrial or medicinal plants; straw and fodder",55249.396,2025,Export
ITA,Italy,BRA,Brazil,agriculture,10,Cereals,9018494.879,2025,Export
ITA,Italy,BRA,Brazil,agriculture,11,"Products of the milling industry; malt, starches, inulin, wheat gluten",9547511.176,2025,Export
ITA,Italy,BRA,Brazil,agriculture,12,"Oil seeds and oleaginous fruits; miscellaneous grains, seeds and fruit, industrial or medicinal plants; straw and fodder",1332226.392,2025,Export
ITA,Italy,BRB,Barbados,agriculture,11,"Products of the milling industry; malt, starches, inulin, wheat gluten",36856.66,2025,Export
ITA,Italy,BRN,Brunei Darussalam,agriculture,11,"Products of the milling industry; malt, starches, inulin, wheat gluten",3041.915,2025,Export
ITA,Italy,CAF,Central African Rep.,agriculture,11,"Products of the milling industry; malt, starches, inulin, wheat gluten",44386.868,2025,Export
ITA,Italy,CAF,Central African Rep.,agriculture,12,"Oil seeds and oleaginous fruits; miscellaneous grains, seeds and fruit, industrial or medicinal plants; straw and fodder",46145.121,2025,Export
ITA,Italy,CAN,Canada,agriculture,10,Cereals,4442808.951,2025,Export
ITA,Italy,CAN,Canada,agriculture,11,"Products of the milling industry; malt, starches, inulin, wheat gluten",9066992.625,2025,Export
ITA,Italy,CAN,Canada,agriculture,12,"Oil seeds and oleaginous fruits; miscellaneous grains, seeds and fruit, industrial or medicinal plants; straw and fodder",1003166.262,2025,Export
ITA,Italy,CHE,Switzerland,agriculture,10,Cereals,41402318.964,2025,Export
ITA,Italy,CHE,Switzerland,agriculture,11,"Products of the milling industry; malt, starches, inulin, wheat gluten",25613502.982,2025,Export
ITA,Italy,CHE,Switzerland,agriculture,12,"Oil seeds and oleaginous fruits; miscellaneous grains, seeds and fruit, industrial or medicinal plants; straw and fodder",87138834.028,2025,Export
ITA,Italy,CHL,Chile,agriculture,10,Cereals,380378.315,2025,Export
ITA,Italy,CHL,Chile,agriculture,11,"Products of the milling industry; malt, starches, inulin, wheat gluten",1727345.337,2025,Export
ITA,Italy,CHL,Chile,agriculture,12,"Oil seeds and oleaginous fruits; miscellaneous grains, seeds and fruit, industrial or medicinal plants; straw and fodder",746637.49,2025,Export
ITA,Italy,CHN,China,agriculture,10,Cereals,223950.229,2025,Export
ITA,Italy,CHN,China,agriculture,11,"Products of the milling industry; malt, starches, inulin, wheat gluten",2063253.165,2025,Export
ITA,Italy,CHN,China,agriculture,12,"Oil seeds and oleaginous fruits; miscellaneous grains, seeds and fruit, industrial or medicinal plants; straw and fodder",16630820.659,2025,Export
ITA,Italy,CIV,Côte d'Ivoire,agriculture,10,Cereals,19935.163,2025,Export
ITA,Italy,CIV,Côte d'Ivoire,agriculture,11,"Products of the milling industry; malt, starches, inulin, wheat gluten",108291.934,2025,Export
ITA,Italy,CIV,Côte d'Ivoire,agriculture,12,"Oil seeds and oleaginous fruits; miscellaneous grains, seeds and fruit, industrial or medicinal plants; straw and fodder",105542.685,2025,Export
ITA,Italy,CMR,Cameroon,agriculture,11,"Products of the milling industry; malt, starches, inulin, wheat gluten",20900.168,2025,Export
ITA,Italy,CMR,Cameroon,agriculture,12,"Oil seeds and oleaginous fruits; miscellaneous grains, seeds and fruit, industrial or medicinal plants; straw and fodder",238830.977,2025,Export
ITA,Italy,COG,Congo,agriculture,11,"Products of the milling industry; malt, starches, inulin, wheat gluten",11572.157,2025,Export
ITA,Italy,COG,Congo,agriculture,12,"Oil seeds and oleaginous fruits; miscellaneous grains, seeds and fruit, industrial or medicinal plants; straw and fodder",175407.283,2025,Export
ITA,Italy,COK,Cook Isds,agriculture,11,"Products of the milling industry; malt, starches, inulin, wheat gluten",1807.973,2025,Export
ITA,Italy,COL,Colombia,agriculture,10,Cereals,492204.836,2025,Export
ITA,Italy,COL,Colombia,agriculture,11,"Products of the milling industry; malt, starches, inulin, wheat gluten",498687.549,2025,Export
ITA,Italy,COL,Colombia,agriculture,12,"Oil seeds and oleaginous fruits; miscellaneous grains, seeds and fruit, industrial or medicinal plants; straw and fodder",1039956.253,2025,Export
ITA,Italy,CPV,Cabo Verde,agriculture,10,Cereals,9903.172,2025,Export
ITA,Italy,CPV,Cabo Verde,agriculture,11,"Products of the milling industry; malt, starches, inulin, wheat gluten",29523.069,2025,Export
ITA,Italy,CRI,Costa Rica,agriculture,10,Cereals,142893.148,2025,Export
ITA,Italy,CRI,Costa Rica,agriculture,11,"Products of the milling industry; malt, starches, inulin, wheat gluten",323763.899,2025,Export
ITA,Italy,CRI,Costa Rica,agriculture,12,"Oil seeds and oleaginous fruits; miscellaneous grains, seeds and fruit, industrial or medicinal plants; straw and fodder",61278.986,2025,Export
ITA,Italy,CUB,Cuba,agriculture,10,Cereals,127363.79,2025,Export
ITA,Italy,CUB,Cuba,agriculture,11,"Products of the milling industry; malt, starches, inulin, wheat gluten",703463.094,2025,Export
ITA,Italy,CUB,Cuba,agriculture,12,"Oil seeds and oleaginous fruits; miscellaneous grains, seeds and fruit, industrial or medicinal plants; straw and fodder",92108.316,2025,Export
ITA,Italy,CYM,Cayman Isds,agriculture,10,Cereals,14704.471,2025,Export
ITA,Italy,CYM,Cayman Isds,agriculture,11,"Products of the milling industry; malt, starches, inulin, wheat gluten",80871.763,2025,Export
ITA,Italy,CYP,Cyprus,agriculture,10,Cereals,19281385.951,2025,Export
ITA,Italy,CYP,Cyprus,agriculture,11,"Products of the milling industry; malt, starches, inulin, wheat gluten",709251.998,2025,Export
ITA,Italy,CYP,Cyprus,agriculture,12,"Oil seeds and oleaginous fruits; miscellaneous grains, seeds and fruit, industrial or medicinal plants; straw and fodder",16022469.376,2025,Export
ITA,Italy,CZE,Czechia,agriculture,10,Cereals,29458392.654,2025,Export
ITA,Italy,CZE,Czechia,agriculture,11,"Products of the milling industry; malt, starches, inulin, wheat gluten",9910809.795,2025,Export
ITA,Italy,CZE,Czechia,agriculture,12,"Oil seeds and oleaginous fruits; miscellaneous grains, seeds and fruit, industrial or medicinal plants; straw and fodder",8022057.666,2025,Export
ITA,Italy,DEU,Germany,agriculture,10,Cereals,213693106.026,2025,Export
ITA,Italy,DEU,Germany,agriculture,11,"Products of the milling industry; malt, starches, inulin, wheat gluten",104422002.994,2025,Export
ITA,Italy,DEU,Germany,agriculture,12,"Oil seeds and oleaginous fruits; miscellaneous grains, seeds and fruit, industrial or medicinal plants; straw and fodder",157903316.281,2025,Export
ITA,Italy,DJI,Djibouti,agriculture,12,"Oil seeds and oleaginous fruits; miscellaneous grains, seeds and fruit, industrial or medicinal plants; straw and fodder",246662.89,2025,Export
ITA,Italy,DNK,Denmark,agriculture,10,Cereals,11937689.933,2025,Export
ITA,Italy,DNK,Denmark,agriculture,11,"Products of the milling industry; malt, starches, inulin, wheat gluten",11029145.069,2025,Export
ITA,Italy,DNK,Denmark,agriculture,12,"Oil seeds and oleaginous fruits; miscellaneous grains, seeds and fruit, industrial or medicinal plants; straw and fodder",14445225.349,2025,Export
ITA,Italy,DOM,Dominican Rep.,agriculture,10,Cereals,519896.203,2025,Export
ITA,Italy,DOM,Dominican Rep.,agriculture,11,"Products of the milling industry; malt, starches, inulin, wheat gluten",732304.784,2025,Export
ITA,Italy,DOM,Dominican Rep.,agriculture,12,"Oil seeds and oleaginous fruits; miscellaneous grains, seeds and fruit, industrial or medicinal plants; straw and fodder",222738.887,2025,Export
ITA,Italy,DZA,Algeria,agriculture,10,Cereals,302738.303,2025,Export
ITA,Italy,DZA,Algeria,agriculture,11,"Products of the milling industry; malt, starches, inulin, wheat gluten",23639.247,2025,Export
ITA,Italy,DZA,Algeria,agriculture,12,"Oil seeds and oleaginous fruits; miscellaneous grains, seeds and fruit, industrial or medicinal plants; straw and fodder",8449326.891,2025,Export
ITA,Italy,E19,"Other Europe, nes",agriculture,10,Cereals,17172.354,2025,Export
ITA,Italy,ECU,Ecuador,agriculture,10,Cereals,310593.946,2025,Export
ITA,Italy,ECU,Ecuador,agriculture,11,"Products of the milling industry; malt, starches, inulin, wheat gluten",24850.589,2025,Export
ITA,Italy,ECU,Ecuador,agriculture,12,"Oil seeds and oleaginous fruits; miscellaneous grains, seeds and fruit, industrial or medicinal plants; straw and fodder",257329.93,2025,Export
ITA,Italy,EGY,Egypt,agriculture,10,Cereals,279969.143,2025,Export
ITA,Italy,EGY,Egypt,agriculture,11,"Products of the milling industry; malt, starches, inulin, wheat gluten",708568.358,2025,Export
ITA,Italy,EGY,Egypt,agriculture,12,"Oil seeds and oleaginous fruits; miscellaneous grains, seeds and fruit, industrial or medicinal plants; straw and fodder",623497.577,2025,Export
ITA,Italy,ESP,Spain,agriculture,10,Cereals,43428139.177,2025,Export
ITA,Italy,ESP,Spain,agriculture,11,"Products of the milling industry; malt, starches, inulin, wheat gluten",83746469.834,2025,Export
ITA,Italy,ESP,Spain,agriculture,12,"Oil seeds and oleaginous fruits; miscellaneous grains, seeds and fruit, industrial or medicinal plants; straw and fodder",40465584.41,2025,Export
ITA,Italy,EST,Estonia,agriculture,10,Cereals,715088.36,2025,Export
ITA,Italy,EST,Estonia,agriculture,11,"Products of the milling industry; malt, starches, inulin, wheat gluten",488749.348,2025,Export
ITA,Italy,EST,Estonia,agriculture,12,"Oil seeds and oleaginous fruits; miscellaneous grains, seeds and fruit, industrial or medicinal plants; straw and fodder",272655.892,2025,Export
ITA,Italy,ETH,Ethiopia,agriculture,10,Cereals,9998.091,2025,Export
ITA,Italy,ETH,Ethiopia,agriculture,11,"Products of the milling industry; malt, starches, inulin, wheat gluten",7344.89,2025,Export
ITA,Italy,ETH,Ethiopia,agriculture,12,"Oil seeds and oleaginous fruits; miscellaneous grains, seeds and fruit, industrial or medicinal plants; straw and fodder",960771.555,2025,Export
ITA,Italy,FIN,Finland,agriculture,10,Cereals,12839832.312,2025,Export
ITA,Italy,FIN,Finland,agriculture,11,"Products of the milling industry; malt, starches, inulin, wheat gluten",2750475.011,2025,Export
ITA,Italy,FIN,Finland,agriculture,12,"Oil seeds and oleaginous fruits; miscellaneous grains, seeds and fruit, industrial or medicinal plants; straw and fodder",748271.445,2025,Export
ITA,Italy,FRA,France,agriculture,10,Cereals,236437128.692,2025,Export
ITA,Italy,FRA,France,agriculture,11,"Products of the milling industry; malt, starches, inulin, wheat gluten",122527266.333,2025,Export
ITA,Italy,FRA,France,agriculture,12,"Oil seeds and oleaginous fruits; miscellaneous grains, seeds and fruit, industrial or medicinal plants; straw and fodder",87254399.664,2025,Export
ITA,Italy,FRO,Faroe Isds,agriculture,12,"Oil seeds and oleaginous fruits; miscellaneous grains, seeds and fruit, industrial or medicinal plants; straw and fodder",85901.318,2025,Export
ITA,Italy,GAB,Gabon,agriculture,10,Cereals,30475.645,2025,Export
ITA,Italy,GAB,Gabon,agriculture,12,"Oil seeds and oleaginous fruits; miscellaneous grains, seeds and fruit, industrial or medicinal plants; straw and fodder",78685.246,2025,Export
ITA,Italy,GBR,United Kingdom,agriculture,10,Cereals,70847375.556,2025,Export
ITA,Italy,GBR,United Kingdom,agriculture,11,"Products of the milling industry; malt, starches, inulin, wheat gluten",47780247.771,2025,Export
ITA,Italy,GBR,United Kingdom,agriculture,12,"Oil seeds and oleaginous fruits; miscellaneous grains, seeds and fruit, industrial or medicinal plants; straw and fodder",17976053.157,2025,Export
ITA,Italy,GEO,Georgia,agriculture,10,Cereals,353473.416,2025,Export
ITA,Italy,GEO,Georgia,agriculture,11,"Products of the milling industry; malt, starches, inulin, wheat gluten",519308.612,2025,Export
ITA,Italy,GEO,Georgia,agriculture,12,"Oil seeds and oleaginous fruits; miscellaneous grains, seeds and fruit, industrial or medicinal plants; straw and fodder",568016.535,2025,Export
ITA,Italy,GHA,Ghana,agriculture,10,Cereals,6101.909,2025,Export
ITA,Italy,GHA,Ghana,agriculture,11,"Products of the milling industry; malt, starches, inulin, wheat gluten",53265.145,2025,Export
ITA,Italy,GHA,Ghana,agriculture,12,"Oil seeds and oleaginous fruits; miscellaneous grains, seeds and fruit, industrial or medicinal plants; straw and fodder",115730.613,2025,Export
ITA,Italy,GMB,Gambia,agriculture,11,"Products of the milling industry; malt, starches, inulin, wheat gluten",18076.34,2025,Export
ITA,Italy,GRC,Greece,agriculture,10,Cereals,14061170.069,2025,Export
ITA,Italy,GRC,Greece,agriculture,11,"Products of the milling industry; malt, starches, inulin, wheat gluten",7191245.472,2025,Export
ITA,Italy,GRC,Greece,agriculture,12,"Oil seeds and oleaginous fruits; miscellaneous grains, seeds and fruit, industrial or medicinal plants; straw and fodder",16092631.159,2025,Export
ITA,Italy,GTM,Guatemala,agriculture,10,Cereals,47384.713,2025,Export
ITA,Italy,GTM,Guatemala,agriculture,11,"Products of the milling industry; malt, starches, inulin, wheat gluten",36710.892,2025,Export
ITA,Italy,GTM,Guatemala,agriculture,12,"Oil seeds and oleaginous fruits; miscellaneous grains, seeds and fruit, industrial or medicinal plants; straw and fodder",127980.76,2025,Export
ITA,Italy,HKG,"China, Hong Kong SAR",agriculture,10,Cereals,595348.567,2025,Export
ITA,Italy,HKG,"China, Hong Kong SAR",agriculture,11,"Products of the milling industry; malt, starches, inulin, wheat gluten",965767.21,2025,Export
ITA,Italy,HKG,"China, Hong Kong SAR",agriculture,12,"Oil seeds and oleaginous fruits; miscellaneous grains, seeds and fruit, industrial or medicinal plants; straw and fodder",32402.267,2025,Export
ITA,Italy,HND,Honduras,agriculture,11,"Products of the milling industry; malt, starches, inulin, wheat gluten",28578.404,2025,Export
ITA,Italy,HND,Honduras,agriculture,12,"Oil seeds and oleaginous fruits; miscellaneous grains, seeds and fruit, industrial or medicinal plants; straw and fodder",19388.251,2025,Export
ITA,Italy,HRV,Croatia,agriculture,10,Cereals,17519539.968,2025,Export
ITA,Italy,HRV,Croatia,agriculture,11,"Products of the milling industry; malt, starches, inulin, wheat gluten",12305658.772,2025,Export
ITA,Italy,HRV,Croatia,agriculture,12,"Oil seeds and oleaginous fruits; miscellaneous grains, seeds and fruit, industrial or medicinal plants; straw and fodder",5722935.211,2025,Export
ITA,Italy,HTI,Haiti,agriculture,12,"Oil seeds and oleaginous fruits; miscellaneous grains, seeds and fruit, industrial or medicinal plants; straw and fodder",347386.197,2025,Export
ITA,Italy,HUN,Hungary,agriculture,10,Cereals,20189546.62,2025,Export
ITA,Italy,HUN,Hungary,agriculture,11,"Products of the milling industry; malt, starches, inulin, wheat gluten",5627666.332,2025,Export
ITA,Italy,HUN,Hungary,agriculture,12,"Oil seeds and oleaginous fruits; miscellaneous grains, seeds and fruit, industrial or medicinal plants; straw and fodder",21873950.338,2025,Export
ITA,Italy,IDN,Indonesia,agriculture,10,Cereals,77706.681,2025,Export
ITA,Italy,IDN,Indonesia,agriculture,11,"Products of the milling industry; malt, starches, inulin, wheat gluten",127387.519,2025,Export
ITA,Italy,IDN,Indonesia,agriculture,12,"Oil seeds and oleaginous fruits; miscellaneous grains, seeds and fruit, industrial or medicinal plants; straw and fodder",426485.017,2025,Export
ITA,Italy,IND,India,agriculture,10,Cereals,286847.35,2025,Export
ITA,Italy,IND,India,agriculture,11,"Products of the milling industry; malt, starches, inulin, wheat gluten",1679288.284,2025,Export
ITA,Italy,IND,India,agriculture,12,"Oil seeds and oleaginous fruits; miscellaneous grains, seeds and fruit, industrial or medicinal plants; straw and fodder",2909756.305,2025,Export
ITA,Italy,IRL,Ireland,agriculture,10,Cereals,7922633.84,2025,Export
ITA,Italy,IRL,Ireland,agriculture,11,"Products of the milling industry; malt, starches, inulin, wheat gluten",6456322.518,2025,Export
ITA,Italy,IRL,Ireland,agriculture,12,"Oil seeds and oleaginous fruits; miscellaneous grains, seeds and fruit, industrial or medicinal plants; straw and fodder",1679351.563,2025,Export
ITA,Italy,IRN,Iran,agriculture,10,Cereals,128244.047,2025,Export
ITA,Italy,IRN,Iran,agriculture,12,"Oil seeds and oleaginous fruits; miscellaneous grains, seeds and fruit, industrial or medicinal plants; straw and fodder",7938487.503,2025,Export
ITA,Italy,IRQ,Iraq,agriculture,10,Cereals,1812614.995,2025,Export
ITA,Italy,IRQ,Iraq,agriculture,11,"Products of the milling industry; malt, starches, inulin, wheat gluten",575541.093,2025,Export
ITA,Italy,IRQ,Iraq,agriculture,12,"Oil seeds and oleaginous fruits; miscellaneous grains, seeds and fruit, industrial or medicinal plants; straw and fodder",1697212.077,2025,Export
ITA,Italy,ISL,Iceland,agriculture,10,Cereals,63832.748,2025,Export
ITA,Italy,ISL,Iceland,agriculture,11,"Products of the milling industry; malt, starches, inulin, wheat gluten",372207.406,2025,Export
ITA,Italy,ISL,Iceland,agriculture,12,"Oil seeds and oleaginous fruits; miscellaneous grains, seeds and fruit, industrial or medicinal plants; straw and fodder",38692.883,2025,Export
ITA,Italy,ISR,Israel,agriculture,10,Cereals,4579577.59,2025,Export
ITA,Italy,ISR,Israel,agriculture,11,"Products of the milling industry; malt, starches, inulin, wheat gluten",21395152.752,2025,Export
ITA,Italy,ISR,Israel,agriculture,12,"Oil seeds and oleaginous fruits; miscellaneous grains, seeds and fruit, industrial or medicinal plants; straw and fodder",4112233.513,2025,Export
ITA,Italy,JAM,Jamaica,agriculture,10,Cereals,1155.973,2025,Export
ITA,Italy,JAM,Jamaica,agriculture,11,"Products of the milling industry; malt, starches, inulin, wheat gluten",1412.479,2025,Export
ITA,Italy,JAM,Jamaica,agriculture,12,"Oil seeds and oleaginous fruits; miscellaneous grains, seeds and fruit, industrial or medicinal plants; straw and fodder",11853.523,2025,Export
ITA,Italy,JOR,Jordan,agriculture,10,Cereals,1331488.513,2025,Export
ITA,Italy,JOR,Jordan,agriculture,11,"Products of the milling industry; malt, starches, inulin, wheat gluten",596681.947,2025,Export
ITA,Italy,JOR,Jordan,agriculture,12,"Oil seeds and oleaginous fruits; miscellaneous grains, seeds and fruit, industrial or medicinal plants; straw and fodder",1801846.255,2025,Export
ITA,Italy,JPN,Japan,agriculture,10,Cereals,127607.866,2025,Export
ITA,Italy,JPN,Japan,agriculture,11,"Products of the milling industry; malt, starches, inulin, wheat gluten",3205832.227,2025,Export
ITA,Italy,JPN,Japan,agriculture,12,"Oil seeds and oleaginous fruits; miscellaneous grains, seeds and fruit, industrial or medicinal plants; straw and fodder",23794667.43,2025,Export
ITA,Italy,KAZ,Kazakhstan,agriculture,10,Cereals,275879.734,2025,Export
ITA,Italy,KAZ,Kazakhstan,agriculture,11,"Products of the milling industry; malt, starches, inulin, wheat gluten",252286.816,2025,Export
ITA,Italy,KAZ,Kazakhstan,agriculture,12,"Oil seeds and oleaginous fruits; miscellaneous grains, seeds and fruit, industrial or medicinal plants; straw and fodder",1599642.552,2025,Export
ITA,Italy,KEN,Kenya,agriculture,10,Cereals,38532.425,2025,Export
ITA,Italy,KEN,Kenya,agriculture,11,"Products of the milling industry; malt, starches, inulin, wheat gluten",80355.361,2025,Export
ITA,Italy,KEN,Kenya,agriculture,12,"Oil seeds and oleaginous fruits; miscellaneous grains, seeds and fruit, industrial or medicinal plants; straw and fodder",1247790.662,2025,Export
ITA,Italy,KGZ,Kyrgyzstan,agriculture,10,Cereals,22845.999,2025,Export
ITA,Italy,KGZ,Kyrgyzstan,agriculture,11,"Products of the milling industry; malt, starches, inulin, wheat gluten",9830.853,2025,Export
ITA,Italy,KGZ,Kyrgyzstan,agriculture,12,"Oil seeds and oleaginous fruits; miscellaneous grains, seeds and fruit, industrial or medicinal plants; straw and fodder",484254.275,2025,Export
ITA,Italy,KHM,Cambodia,agriculture,10,Cereals,9183.373,2025,Export
ITA,Italy,KHM,Cambodia,agriculture,11,"Products of the milling industry; malt, starches, inulin, wheat gluten",33333.373,2025,Export
ITA,Italy,KOR,Rep. of Korea,agriculture,10,Cereals,3252292.614,2025,Export
ITA,Italy,KOR,Rep. of Korea,agriculture,11,"Products of the milling industry; malt, starches, inulin, wheat gluten",11054470.251,2025,Export
ITA,Italy,KOR,Rep. of Korea,agriculture,12,"Oil seeds and oleaginous fruits; miscellaneous grains, seeds and fruit, industrial or medicinal plants; straw and fodder",6123143.599,2025,Export
ITA,Italy,KWT,Kuwait,agriculture,10,Cereals,427514.431,2025,Export
ITA,Italy,KWT,Kuwait,agriculture,11,"Products of the milling industry; malt, starches, inulin, wheat gluten",919608.529,2025,Export
ITA,Italy,KWT,Kuwait,agriculture,12,"Oil seeds and oleaginous fruits; miscellaneous grains, seeds and fruit, industrial or medicinal plants; straw and fodder",1398055.82,2025,Export
ITA,Italy,LAO,Lao People's Dem. Rep.,agriculture,11,"Products of the milling industry; malt, starches, inulin, wheat gluten",1223.772,2025,Export
ITA,Italy,LBN,Lebanon,agriculture,10,Cereals,3379549.055,2025,Export
ITA,Italy,LBN,Lebanon,agriculture,11,"Products of the milling industry; malt, starches, inulin, wheat gluten",3403001.855,2025,Export
ITA,Italy,LBN,Lebanon,agriculture,12,"Oil seeds and oleaginous fruits; miscellaneous grains, seeds and fruit, industrial or medicinal plants; straw and fodder",1153602.048,2025,Export
ITA,Italy,LBY,Libya,agriculture,10,Cereals,4057840.645,2025,Export
ITA,Italy,LBY,Libya,agriculture,11,"Products of the milling industry; malt, starches, inulin, wheat gluten",319943.426,2025,Export
ITA,Italy,LBY,Libya,agriculture,12,"Oil seeds and oleaginous fruits; miscellaneous grains, seeds and fruit, industrial or medicinal plants; straw and fodder",1327800.248,2025,Export
ITA,Italy,LKA,Sri Lanka,agriculture,10,Cereals,4366.255,2025,Export
ITA,Italy,LKA,Sri Lanka,agriculture,11,"Products of the milling industry; malt, starches, inulin, wheat gluten",6724.53,2025,Export
ITA,Italy,LKA,Sri Lanka,agriculture,12,"Oil seeds and oleaginous fruits; miscellaneous grains, seeds and fruit, industrial or medicinal plants; straw and fodder",177410.743,2025,Export
ITA,Italy,LTU,Lithuania,agriculture,10,Cereals,1855148.69,2025,Export
ITA,Italy,LTU,Lithuania,agriculture,11,"Products of the milling industry; malt, starches, inulin, wheat gluten",1698884.452,2025,Export
ITA,Italy,LTU,Lithuania,agriculture,12,"Oil seeds and oleaginous fruits; miscellaneous grains, seeds and fruit, industrial or medicinal plants; straw and fodder",3294007.072,2025,Export
ITA,Italy,LUX,Luxembourg,agriculture,10,Cereals,520623.912,2025,Export
ITA,Italy,LUX,Luxembourg,agriculture,11,"Products of the milling industry; malt, starches, inulin, wheat gluten",1626725.988,2025,Export
ITA,Italy,LUX,Luxembourg,agriculture,12,"Oil seeds and oleaginous fruits; miscellaneous grains, seeds and fruit, industrial or medicinal plants; straw and fodder",234968.694,2025,Export
ITA,Italy,LVA,Latvia,agriculture,10,Cereals,2911895.363,2025,Export
ITA,Italy,LVA,Latvia,agriculture,11,"Products of the milling industry; malt, starches, inulin, wheat gluten",525242.153,2025,Export
ITA,Italy,LVA,Latvia,agriculture,12,"Oil seeds and oleaginous fruits; miscellaneous grains, seeds and fruit, industrial or medicinal plants; straw and fodder",699692.34,2025,Export
ITA,Italy,MAC,"China, Macao SAR",agriculture,10,Cereals,4961.756,2025,Export
ITA,Italy,MAC,"China, Macao SAR",agriculture,11,"Products of the milling industry; malt, starches, inulin, wheat gluten",9925.772,2025,Export
ITA,Italy,MAR,Morocco,agriculture,10,Cereals,2656184.698,2025,Export
ITA,Italy,MAR,Morocco,agriculture,11,"Products of the milling industry; malt, starches, inulin, wheat gluten",351245.089,2025,Export
ITA,Italy,MAR,Morocco,agriculture,12,"Oil seeds and oleaginous fruits; miscellaneous grains, seeds and fruit, industrial or medicinal plants; straw and fodder",2882884.176,2025,Export
ITA,Italy,MDA,Rep. of Moldova,agriculture,10,Cereals,640805.529,2025,Export
ITA,Italy,MDA,Rep. of Moldova,agriculture,11,"Products of the milling industry; malt, starches, inulin, wheat gluten",991129.682,2025,Export
ITA,Italy,MDA,Rep. of Moldova,agriculture,12,"Oil seeds and oleaginous fruits; miscellaneous grains, seeds and fruit, industrial or medicinal plants; straw and fodder",731334.128,2025,Export
ITA,Italy,MDG,Madagascar,agriculture,10,Cereals,8430.804,2025,Export
ITA,Italy,MDG,Madagascar,agriculture,11,"Products of the milling industry; malt, starches, inulin, wheat gluten",34965.068,2025,Export
ITA,Italy,MDG,Madagascar,agriculture,12,"Oil seeds and oleaginous fruits; miscellaneous grains, seeds and fruit, industrial or medicinal plants; straw and fodder",31975.133,2025,Export
ITA,Italy,MDV,Maldives,agriculture,10,Cereals,72308.751,2025,Export
ITA,Italy,MDV,Maldives,agriculture,11,"Products of the milling industry; malt, starches, inulin, wheat gluten",243850.362,2025,Export
ITA,Italy,MEX,Mexico,agriculture,10,Cereals,742936.795,2025,Export
ITA,Italy,MEX,Mexico,agriculture,11,"Products of the milling industry; malt, starches, inulin, wheat gluten",3295278.303,2025,Export
ITA,Italy,MEX,Mexico,agriculture,12,"Oil seeds and oleaginous fruits; miscellaneous grains, seeds and fruit, industrial or medicinal plants; straw and fodder",381743.334,2025,Export
ITA,Italy,MKD,North Macedonia,agriculture,10,Cereals,250359.064,2025,Export
ITA,Italy,MKD,North Macedonia,agriculture,11,"Products of the milling industry; malt, starches, inulin, wheat gluten",423266.825,2025,Export
ITA,Italy,MKD,North Macedonia,agriculture,12,"Oil seeds and oleaginous fruits; miscellaneous grains, seeds and fruit, industrial or medicinal plants; straw and fodder",628571.36,2025,Export
ITA,Italy,MLI,Mali,agriculture,11,"Products of the milling industry; malt, starches, inulin, wheat gluten",1610650.848,2025,Export
ITA,Italy,MLI,Mali,agriculture,12,"Oil seeds and oleaginous fruits; miscellaneous grains, seeds and fruit, industrial or medicinal plants; straw and fodder",150792.86,2025,Export
ITA,Italy,MLT,Malta,agriculture,10,Cereals,16630909.927,2025,Export
ITA,Italy,MLT,Malta,agriculture,11,"Products of the milling industry; malt, starches, inulin, wheat gluten",3958636.035,2025,Export
ITA,Italy,MLT,Malta,agriculture,12,"Oil seeds and oleaginous fruits; miscellaneous grains, seeds and fruit, industrial or medicinal plants; straw and fodder",2663153.304,2025,Export
ITA,Italy,MNE,Montenegro,agriculture,10,Cereals,1310150.567,2025,Export
ITA,Italy,MNE,Montenegro,agriculture,11,"Products of the milling industry; malt, starches, inulin, wheat gluten",926028.788,2025,Export
ITA,Italy,MNE,Montenegro,agriculture,12,"Oil seeds and oleaginous fruits; miscellaneous grains, seeds and fruit, industrial or medicinal plants; straw and fodder",164830.618,2025,Export
ITA,Italy,MNG,Mongolia,agriculture,10,Cereals,29986.363,2025,Export
ITA,Italy,MNG,Mongolia,agriculture,11,"Products of the milling industry; malt, starches, inulin, wheat gluten",2343.585,2025,Export
ITA,Italy,MOZ,Mozambique,agriculture,10,Cereals,5613.756,2025,Export
ITA,Italy,MOZ,Mozambique,agriculture,11,"Products of the milling industry; malt, starches, inulin, wheat gluten",20485.464,2025,Export
ITA,Italy,MOZ,Mozambique,agriculture,12,"Oil seeds and oleaginous fruits; miscellaneous grains, seeds and fruit, industrial or medicinal plants; straw and fodder",10691.9,2025,Export
ITA,Italy,MRT,Mauritania,agriculture,12,"Oil seeds and oleaginous fruits; miscellaneous grains, seeds and fruit, industrial or medicinal plants; straw and fodder",299043.258,2025,Export
ITA,Italy,MUS,Mauritius,agriculture,10,Cereals,60320.76,2025,Export
ITA,Italy,MUS,Mauritius,agriculture,11,"Products of the milling industry; malt, starches, inulin, wheat gluten",114037.898,2025,Export
ITA,Italy,MUS,Mauritius,agriculture,12,"Oil seeds and oleaginous fruits; miscellaneous grains, seeds and fruit, industrial or medicinal plants; straw and fodder",171907.725,2025,Export
ITA,Italy,MYS,Malaysia,agriculture,10,Cereals,133582.087,2025,Export
ITA,Italy,MYS,Malaysia,agriculture,11,"Products of the milling industry; malt, starches, inulin, wheat gluten",766316.146,2025,Export
ITA,Italy,MYS,Malaysia,agriculture,12,"Oil seeds and oleaginous fruits; miscellaneous grains, seeds and fruit, industrial or medicinal plants; straw and fodder",145194.924,2025,Export
ITA,Italy,NAM,Namibia,agriculture,11,"Products of the milling industry; malt, starches, inulin, wheat gluten",44351.838,2025,Export
ITA,Italy,NCL,New Caledonia,agriculture,10,Cereals,3128.923,2025,Export
ITA,Italy,NCL,New Caledonia,agriculture,11,"Products of the milling industry; malt, starches, inulin, wheat gluten",302781.242,2025,Export
ITA,Italy,NCL,New Caledonia,agriculture,12,"Oil seeds and oleaginous fruits; miscellaneous grains, seeds and fruit, industrial or medicinal plants; straw and fodder",11782.334,2025,Export
ITA,Italy,NER,Niger,agriculture,10,Cereals,1273.491,2025,Export
ITA,Italy,NER,Niger,agriculture,11,"Products of the milling industry; malt, starches, inulin, wheat gluten",8165.258,2025,Export
ITA,Italy,NGA,Nigeria,agriculture,11,"Products of the milling industry; malt, starches, inulin, wheat gluten",26848.399,2025,Export
ITA,Italy,NGA,Nigeria,agriculture,12,"Oil seeds and oleaginous fruits; miscellaneous grains, seeds and fruit, industrial or medicinal plants; straw and fodder",468191.564,2025,Export
ITA,Italy,NIC,Nicaragua,agriculture,10,Cereals,2195.557,2025,Export
ITA,Italy,NIC,Nicaragua,agriculture,12,"Oil seeds and oleaginous fruits; miscellaneous grains, seeds and fruit, industrial or medicinal plants; straw and fodder",37195.655,2025,Export
ITA,Italy,NLD,Netherlands,agriculture,10,Cereals,39744805.455,2025,Export
ITA,Italy,NLD,Netherlands,agriculture,11,"Products of the milling industry; malt, starches, inulin, wheat gluten",21738867.634,2025,Export
ITA,Italy,NLD,Netherlands,agriculture,12,"Oil seeds and oleaginous fruits; miscellaneous grains, seeds and fruit, industrial or medicinal plants; straw and fodder",52306689.034,2025,Export
ITA,Italy,NOR,Norway,agriculture,10,Cereals,3851245.443,2025,Export
ITA,Italy,NOR,Norway,agriculture,11,"Products of the milling industry; malt, starches, inulin, wheat gluten",3036541.125,2025,Export
ITA,Italy,NOR,Norway,agriculture,12,"Oil seeds and oleaginous fruits; miscellaneous grains, seeds and fruit, industrial or medicinal plants; straw and fodder",642553.794,2025,Export
ITA,Italy,NPL,Nepal,agriculture,10,Cereals,4591.121,2025,Export
ITA,Italy,NPL,Nepal,agriculture,11,"Products of the milling industry; malt, starches, inulin, wheat gluten",16981.387,2025,Export
ITA,Italy,NPL,Nepal,agriculture,12,"Oil seeds and oleaginous fruits; miscellaneous grains, seeds and fruit, industrial or medicinal plants; straw and fodder",10169.848,2025,Export
ITA,Italy,NZL,New Zealand,agriculture,10,Cereals,582989.941,2025,Export
ITA,Italy,NZL,New Zealand,agriculture,11,"Products of the milling industry; malt, starches, inulin, wheat gluten",1220587.448,2025,Export
ITA,Italy,NZL,New Zealand,agriculture,12,"Oil seeds and oleaginous fruits; miscellaneous grains, seeds and fruit, industrial or medicinal plants; straw and fodder",291801.196,2025,Export
ITA,Italy,OMN,Oman,agriculture,10,Cereals,90518.429,2025,Export
ITA,Italy,OMN,Oman,agriculture,11,"Products of the milling industry; malt, starches, inulin, wheat gluten",83254.898,2025,Export
ITA,Italy,OMN,Oman,agriculture,12,"Oil seeds and oleaginous fruits; miscellaneous grains, seeds and fruit, industrial or medicinal plants; straw and fodder",369873.991,2025,Export
ITA,Italy,PAK,Pakistan,agriculture,10,Cereals,273545.189,2025,Export
ITA,Italy,PAK,Pakistan,agriculture,12,"Oil seeds and oleaginous fruits; miscellaneous grains, seeds and fruit, industrial or medicinal plants; straw and fodder",1031452.0,2025,Export
ITA,Italy,PAN,Panama,agriculture,10,Cereals,102776.487,2025,Export
ITA,Italy,PAN,Panama,agriculture,11,"Products of the milling industry; malt, starches, inulin, wheat gluten",349841.65,2025,Export
ITA,Italy,PAN,Panama,agriculture,12,"Oil seeds and oleaginous fruits; miscellaneous grains, seeds and fruit, industrial or medicinal plants; straw and fodder",37367.412,2025,Export
ITA,Italy,PER,Peru,agriculture,10,Cereals,187623.531,2025,Export
ITA,Italy,PER,Peru,agriculture,11,"Products of the milling industry; malt, starches, inulin, wheat gluten",175998.264,2025,Export
ITA,Italy,PER,Peru,agriculture,12,"Oil seeds and oleaginous fruits; miscellaneous grains, seeds and fruit, industrial or medicinal plants; straw and fodder",229543.645,2025,Export
ITA,Italy,PHL,Philippines,agriculture,10,Cereals,176573.425,2025,Export
ITA,Italy,PHL,Philippines,agriculture,11,"Products of the milling industry; malt, starches, inulin, wheat gluten",657757.536,2025,Export
ITA,Italy,PHL,Philippines,agriculture,12,"Oil seeds and oleaginous fruits; miscellaneous grains, seeds and fruit, industrial or medicinal plants; straw and fodder",76638.847,2025,Export
ITA,Italy,POL,Poland,agriculture,10,Cereals,20256948.985,2025,Export
ITA,Italy,POL,Poland,agriculture,11,"Products of the milling industry; malt, starches, inulin, wheat gluten",23439762.325,2025,Export
ITA,Italy,POL,Poland,agriculture,12,"Oil seeds and oleaginous fruits; miscellaneous grains, seeds and fruit, industrial or medicinal plants; straw and fodder",12558529.789,2025,Export
ITA,Italy,PRT,Portugal,agriculture,10,Cereals,21773689.194,2025,Export
ITA,Italy,PRT,Portugal,agriculture,11,"Products of the milling industry; malt, starches, inulin, wheat gluten",7284473.601,2025,Export
ITA,Italy,PRT,Portugal,agriculture,12,"Oil seeds and oleaginous fruits; miscellaneous grains, seeds and fruit, industrial or medicinal plants; straw and fodder",7820840.439,2025,Export
ITA,Italy,PRY,Paraguay,agriculture,10,Cereals,36666.823,2025,Export
ITA,Italy,PRY,Paraguay,agriculture,11,"Products of the milling industry; malt, starches, inulin, wheat gluten",62653.045,2025,Export
ITA,Italy,PRY,Paraguay,agriculture,12,"Oil seeds and oleaginous fruits; miscellaneous grains, seeds and fruit, industrial or medicinal plants; straw and fodder",2567.322,2025,Export
ITA,Italy,PSE,State of Palestine,agriculture,10,Cereals,2372.965,2025,Export
ITA,Italy,PSE,State of Palestine,agriculture,11,"Products of the milling industry; malt, starches, inulin, wheat gluten",36782.081,2025,Export
ITA,Italy,PSE,State of Palestine,agriculture,12,"Oil seeds and oleaginous fruits; miscellaneous grains, seeds and fruit, industrial or medicinal plants; straw and fodder",103291.759,2025,Export
ITA,Italy,PYF,French Polynesia,agriculture,10,Cereals,15798.294,2025,Export
ITA,Italy,PYF,French Polynesia,agriculture,11,"Products of the milling industry; malt, starches, inulin, wheat gluten",83953.227,2025,Export
ITA,Italy,PYF,French Polynesia,agriculture,12,"Oil seeds and oleaginous fruits; miscellaneous grains, seeds and fruit, industrial or medicinal plants; straw and fodder",2923.266,2025,Export
ITA,Italy,QAT,Qatar,agriculture,10,Cereals,478867.645,2025,Export
ITA,Italy,QAT,Qatar,agriculture,11,"Products of the milling industry; malt, starches, inulin, wheat gluten",1218189.624,2025,Export
ITA,Italy,QAT,Qatar,agriculture,12,"Oil seeds and oleaginous fruits; miscellaneous grains, seeds and fruit, industrial or medicinal plants; straw and fodder",436457.118,2025,Export
ITA,Italy,ROU,Romania,agriculture,10,Cereals,31137692.238,2025,Export
ITA,Italy,ROU,Romania,agriculture,11,"Products of the milling industry; malt, starches, inulin, wheat gluten",9386111.164,2025,Export
ITA,Italy,ROU,Romania,agriculture,12,"Oil seeds and oleaginous fruits; miscellaneous grains, seeds and fruit, industrial or medicinal plants; straw and fodder",35462872.203,2025,Export
ITA,Italy,RUS,Russian Federation,agriculture,10,Cereals,2600968.072,2025,Export
ITA,Italy,RUS,Russian Federation,agriculture,11,"Products of the milling industry; malt, starches, inulin, wheat gluten",2892824.637,2025,Export
ITA,Italy,RUS,Russian Federation,agriculture,12,"Oil seeds and oleaginous fruits; miscellaneous grains, seeds and fruit, industrial or medicinal plants; straw and fodder",12899794.868,2025,Export
ITA,Italy,RWA,Rwanda,agriculture,10,Cereals,3753.804,2025,Export
ITA,Italy,RWA,Rwanda,agriculture,11,"Products of the milling industry; malt, starches, inulin, wheat gluten",1206.822,2025,Export
ITA,Italy,RWA,Rwanda,agriculture,12,"Oil seeds and oleaginous fruits; miscellaneous grains, seeds and fruit, industrial or medicinal plants; straw and fodder",5785.514,2025,Export
ITA,Italy,S19,"Other Asia, nes",agriculture,10,Cereals,414005.483,2025,Export
ITA,Italy,S19,"Other Asia, nes",agriculture,11,"Products of the milling industry; malt, starches, inulin, wheat gluten",1363550.655,2025,Export
ITA,Italy,S19,"Other Asia, nes",agriculture,12,"Oil seeds and oleaginous fruits; miscellaneous grains, seeds and fruit, industrial or medicinal plants; straw and fodder",408902.479,2025,Export
ITA,Italy,SAU,Saudi Arabia,agriculture,10,Cereals,1444812.263,2025,Export
ITA,Italy,SAU,Saudi Arabia,agriculture,11,"Products of the milling industry; malt, starches, inulin, wheat gluten",21678372.856,2025,Export
ITA,Italy,SAU,Saudi Arabia,agriculture,12,"Oil seeds and oleaginous fruits; miscellaneous grains, seeds and fruit, industrial or medicinal plants; straw and fodder",10663722.081,2025,Export
ITA,Italy,SDN,Sudan,agriculture,11,"Products of the milling industry; malt, starches, inulin, wheat gluten",19693.346,2025,Export
ITA,Italy,SDN,Sudan,agriculture,12,"Oil seeds and oleaginous fruits; miscellaneous grains, seeds and fruit, industrial or medicinal plants; straw and fodder",334133.755,2025,Export
ITA,Italy,SEN,Senegal,agriculture,10,Cereals,4395.634,2025,Export
ITA,Italy,SEN,Senegal,agriculture,11,"Products of the milling industry; malt, starches, inulin, wheat gluten",69574.192,2025,Export
ITA,Italy,SEN,Senegal,agriculture,12,"Oil seeds and oleaginous fruits; miscellaneous grains, seeds and fruit, industrial or medicinal plants; straw and fodder",431285.185,2025,Export
ITA,Italy,SGP,Singapore,agriculture,10,Cereals,311739.749,2025,Export
ITA,Italy,SGP,Singapore,agriculture,11,"Products of the milling industry; malt, starches, inulin, wheat gluten",797149.996,2025,Export
ITA,Italy,SGP,Singapore,agriculture,12,"Oil seeds and oleaginous fruits; miscellaneous grains, seeds and fruit, industrial or medicinal plants; straw and fodder",49378.003,2025,Export
ITA,Italy,SLV,El Salvador,agriculture,10,Cereals,8531.373,2025,Export
ITA,Italy,SLV,El Salvador,agriculture,11,"Products of the milling industry; malt, starches, inulin, wheat gluten",69374.185,2025,Export
ITA,Italy,SOM,Somalia,agriculture,11,"Products of the milling industry; malt, starches, inulin, wheat gluten",3609.166,2025,Export
ITA,Italy,SOM,Somalia,agriculture,12,"Oil seeds and oleaginous fruits; miscellaneous grains, seeds and fruit, industrial or medicinal plants; straw and fodder",808171.852,2025,Export
ITA,Italy,SRB,Serbia,agriculture,10,Cereals,11883107.996,2025,Export
ITA,Italy,SRB,Serbia,agriculture,11,"Products of the milling industry; malt, starches, inulin, wheat gluten",2545849.969,2025,Export
ITA,Italy,SRB,Serbia,agriculture,12,"Oil seeds and oleaginous fruits; miscellaneous grains, seeds and fruit, industrial or medicinal plants; straw and fodder",3666063.083,2025,Export
ITA,Italy,SVK,Slovakia,agriculture,10,Cereals,7359069.438,2025,Export
ITA,Italy,SVK,Slovakia,agriculture,11,"Products of the milling industry; malt, starches, inulin, wheat gluten",2575071.118,2025,Export
ITA,Italy,SVK,Slovakia,agriculture,12,"Oil seeds and oleaginous fruits; miscellaneous grains, seeds and fruit, industrial or medicinal plants; straw and fodder",3507591.965,2025,Export
ITA,Italy,SVN,Slovenia,agriculture,10,Cereals,13042971.641,2025,Export
ITA,Italy,SVN,Slovenia,agriculture,11,"Products of the milling industry; malt, starches, inulin, wheat gluten",6729436.053,2025,Export
ITA,Italy,SVN,Slovenia,agriculture,12,"Oil seeds and oleaginous fruits; miscellaneous grains, seeds and fruit, industrial or medicinal plants; straw and fodder",7475789.917,2025,Export
ITA,Italy,SWE,Sweden,agriculture,10,Cereals,16379688.686,2025,Export
ITA,Italy,SWE,Sweden,agriculture,11,"Products of the milling industry; malt, starches, inulin, wheat gluten",8859526.591,2025,Export
ITA,Italy,SWE,Sweden,agriculture,12,"Oil seeds and oleaginous fruits; miscellaneous grains, seeds and fruit, industrial or medicinal plants; straw and fodder",8014275.472,2025,Export
ITA,Italy,SYC,Seychelles,agriculture,10,Cereals,5388.89,2025,Export
ITA,Italy,SYC,Seychelles,agriculture,11,"Products of the milling industry; malt, starches, inulin, wheat gluten",24514.984,2025,Export
ITA,Italy,SYC,Seychelles,agriculture,12,"Oil seeds and oleaginous fruits; miscellaneous grains, seeds and fruit, industrial or medicinal plants; straw and fodder",9413.89,2025,Export
ITA,Italy,SYR,Syria,agriculture,10,Cereals,69832.958,2025,Export
ITA,Italy,SYR,Syria,agriculture,11,"Products of the milling industry; malt, starches, inulin, wheat gluten",13827.604,2025,Export
ITA,Italy,SYR,Syria,agriculture,12,"Oil seeds and oleaginous fruits; miscellaneous grains, seeds and fruit, industrial or medicinal plants; straw and fodder",636545.492,2025,Export
ITA,Italy,TCD,Chad,agriculture,12,"Oil seeds and oleaginous fruits; miscellaneous grains, seeds and fruit, industrial or medicinal plants; straw and fodder",80957.642,2025,Export
ITA,Italy,TGO,Togo,agriculture,12,"Oil seeds and oleaginous fruits; miscellaneous grains, seeds and fruit, industrial or medicinal plants; straw and fodder",40148.301,2025,Export
ITA,Italy,THA,Thailand,agriculture,10,Cereals,234882.815,2025,Export
ITA,Italy,THA,Thailand,agriculture,11,"Products of the milling industry; malt, starches, inulin, wheat gluten",4987868.748,2025,Export
ITA,Italy,THA,Thailand,agriculture,12,"Oil seeds and oleaginous fruits; miscellaneous grains, seeds and fruit, industrial or medicinal plants; straw and fodder",2255136.732,2025,Export
ITA,Italy,TJK,Tajikistan,agriculture,12,"Oil seeds and oleaginous fruits; miscellaneous grains, seeds and fruit, industrial or medicinal plants; straw and fodder",535250.414,2025,Export
ITA,Italy,TUN,Tunisia,agriculture,10,Cereals,9641956.296,2025,Export
ITA,Italy,TUN,Tunisia,agriculture,11,"Products of the milling industry; malt, starches, inulin, wheat gluten",465876.229,2025,Export
ITA,Italy,TUN,Tunisia,agriculture,12,"Oil seeds and oleaginous fruits; miscellaneous grains, seeds and fruit, industrial or medicinal plants; straw and fodder",2006526.881,2025,Export
ITA,Italy,TUR,Türkiye,agriculture,10,Cereals,23462312.269,2025,Export
ITA,Italy,TUR,Türkiye,agriculture,11,"Products of the milling industry; malt, starches, inulin, wheat gluten",1474025.717,2025,Export
ITA,Italy,TUR,Türkiye,agriculture,12,"Oil seeds and oleaginous fruits; miscellaneous grains, seeds and fruit, industrial or medicinal plants; straw and fodder",12931223.089,2025,Export
ITA,Italy,TZA,United Rep. of Tanzania,agriculture,10,Cereals,10009.391,2025,Export
ITA,Italy,TZA,United Rep. of Tanzania,agriculture,12,"Oil seeds and oleaginous fruits; miscellaneous grains, seeds and fruit, industrial or medicinal plants; straw and fodder",602051.627,2025,Export
ITA,Italy,UGA,Uganda,agriculture,12,"Oil seeds and oleaginous fruits; miscellaneous grains, seeds and fruit, industrial or medicinal plants; straw and fodder",737849.611,2025,Export
ITA,Italy,UKR,Ukraine,agriculture,10,Cereals,496434.363,2025,Export
ITA,Italy,UKR,Ukraine,agriculture,11,"Products of the milling industry; malt, starches, inulin, wheat gluten",3508206.676,2025,Export
ITA,Italy,UKR,Ukraine,agriculture,12,"Oil seeds and oleaginous fruits; miscellaneous grains, seeds and fruit, industrial or medicinal plants; straw and fodder",2035713.216,2025,Export
ITA,Italy,URY,Uruguay,agriculture,10,Cereals,30024.782,2025,Export
ITA,Italy,URY,Uruguay,agriculture,11,"Products of the milling industry; malt, starches, inulin, wheat gluten",330036.436,2025,Export
ITA,Italy,URY,Uruguay,agriculture,12,"Oil seeds and oleaginous fruits; miscellaneous grains, seeds and fruit, industrial or medicinal plants; straw and fodder",1482016.957,2025,Export
ITA,Italy,USA,USA,agriculture,10,Cereals,21072788.902,2025,Export
ITA,Italy,USA,USA,agriculture,11,"Products of the milling industry; malt, starches, inulin, wheat gluten",70063525.462,2025,Export
ITA,Italy,USA,USA,agriculture,12,"Oil seeds and oleaginous fruits; miscellaneous grains, seeds and fruit, industrial or medicinal plants; straw and fodder",9339619.137,2025,Export
ITA,Italy,UZB,Uzbekistan,agriculture,10,Cereals,114437.913,2025,Export
ITA,Italy,UZB,Uzbekistan,agriculture,11,"Products of the milling industry; malt, starches, inulin, wheat gluten",106899.795,2025,Export
ITA,Italy,UZB,Uzbekistan,agriculture,12,"Oil seeds and oleaginous fruits; miscellaneous grains, seeds and fruit, industrial or medicinal plants; straw and fodder",1347160.25,2025,Export
ITA,Italy,VAT,Holy See (Vatican City State),agriculture,11,"Products of the milling industry; malt, starches, inulin, wheat gluten",1420.389,2025,Export
ITA,Italy,VEN,Venezuela,agriculture,10,Cereals,197487.153,2025,Export
ITA,Italy,VEN,Venezuela,agriculture,11,"Products of the milling industry; malt, starches, inulin, wheat gluten",153864.154,2025,Export
ITA,Italy,VEN,Venezuela,agriculture,12,"Oil seeds and oleaginous fruits; miscellaneous grains, seeds and fruit, industrial or medicinal plants; straw and fodder",84951.002,2025,Export
ITA,Italy,VNM,Viet Nam,agriculture,10,Cereals,119806.462,2025,Export
ITA,Italy,VNM,Viet Nam,agriculture,11,"Products of the milling industry; malt, starches, inulin, wheat gluten",1771428.239,2025,Export
ITA,Italy,VNM,Viet Nam,agriculture,12,"Oil seeds and oleaginous fruits; miscellaneous grains, seeds and fruit, industrial or medicinal plants; straw and fodder",1562093.213,2025,Export
ITA,Italy,VUT,Vanuatu,agriculture,11,"Products of the milling industry; malt, starches, inulin, wheat gluten",3331.19,2025,Export
ITA,Italy,W00,World,agriculture,10,Cereals,1149975471.228,2025,Export
ITA,Italy,W00,World,agriculture,11,"Products of the milling industry; malt, starches, inulin, wheat gluten",804630110.21,2025,Export
ITA,Italy,W00,World,agriculture,12,"Oil seeds and oleaginous fruits; miscellaneous grains, seeds and fruit, industrial or medicinal plants; straw and fodder",911091171.068,2025,Export
ITA,Italy,YEM,Yemen,agriculture,11,"Products of the milling industry; malt, starches, inulin, wheat gluten",65741.289,2025,Export
ITA,Italy,YEM,Yemen,agriculture,12,"Oil seeds and oleaginous fruits; miscellaneous grains, seeds and fruit, industrial or medicinal plants; straw and fodder",614875.806,2025,Export
ITA,Italy,ZAF,South Africa,agriculture,10,Cereals,521901.923,2025,Export
ITA,Italy,ZAF,South Africa,agriculture,11,"Products of the milling industry; malt, starches, inulin, wheat gluten",3136964.275,2025,Export
ITA,Italy,ZAF,South Africa,agriculture,12,"Oil seeds and oleaginous fruits; miscellaneous grains, seeds and fruit, industrial or medicinal plants; straw and fodder",1303616.349,2025,Export
ITA,Italy,ZMB,Zambia,agriculture,10,Cereals,4052.12,2025,Export
ITA,Italy,ZMB,Zambia,agriculture,12,"Oil seeds and oleaginous fruits; miscellaneous grains, seeds and fruit, industrial or medicinal plants; straw and fodder",180138.522,2025,Export
ITA,Italy,ZWE,Zimbabwe,agriculture,12,"Oil seeds and oleaginous fruits; miscellaneous grains, seeds and fruit, industrial or medicinal plants; straw and fodder",76112.274,2025,Export
ITA,Italy,_X,"Areas, nes",agriculture,10,Cereals,32301.698,2025,Export
ITA,Italy,_X,"Areas, nes",agriculture,11,"Products of the milling industry; malt, starches, inulin, wheat gluten",57272.065,2025,Export
ITA,Italy,_X,"Areas, nes",agriculture,12,"Oil seeds and oleaginous fruits; miscellaneous grains, seeds and fruit, industrial or medicinal plants; straw and fodder",4056.639,2025,Export
JPN,Japan,ARE,United Arab Emirates,agriculture,10,Cereals,1464298.836,2025,Export
JPN,Japan,ARE,United Arab Emirates,agriculture,11,"Products of the milling industry; malt, starches, inulin, wheat gluten",524953.793,2025,Export
JPN,Japan,ARE,United Arab Emirates,agriculture,12,"Oil seeds and oleaginous fruits; miscellaneous grains, seeds and fruit, industrial or medicinal plants; straw and fodder",303637.173,2025,Export
JPN,Japan,ARG,Argentina,agriculture,11,"Products of the milling industry; malt, starches, inulin, wheat gluten",1388.469,2025,Export
JPN,Japan,ARG,Argentina,agriculture,12,"Oil seeds and oleaginous fruits; miscellaneous grains, seeds and fruit, industrial or medicinal plants; straw and fodder",361852.138,2025,Export
JPN,Japan,ARM,Armenia,agriculture,12,"Oil seeds and oleaginous fruits; miscellaneous grains, seeds and fruit, industrial or medicinal plants; straw and fodder",14384.81,2025,Export
JPN,Japan,AUS,Australia,agriculture,10,Cereals,3196942.993,2025,Export
JPN,Japan,AUS,Australia,agriculture,11,"Products of the milling industry; malt, starches, inulin, wheat gluten",671390.949,2025,Export
JPN,Japan,AUS,Australia,agriculture,12,"Oil seeds and oleaginous fruits; miscellaneous grains, seeds and fruit, industrial or medicinal plants; straw and fodder",1063406.27,2025,Export
JPN,Japan,AUT,Austria,agriculture,10,Cereals,19431.914,2025,Export
JPN,Japan,AUT,Austria,agriculture,11,"Products of the milling industry; malt, starches, inulin, wheat gluten",17064.977,2025,Export
JPN,Japan,AUT,Austria,agriculture,12,"Oil seeds and oleaginous fruits; miscellaneous grains, seeds and fruit, industrial or medicinal plants; straw and fodder",8818.558,2025,Export
JPN,Japan,AZE,Azerbaijan,agriculture,10,Cereals,8248.15,2025,Export
JPN,Japan,BEL,Belgium,agriculture,10,Cereals,415993.073,2025,Export
JPN,Japan,BEL,Belgium,agriculture,12,"Oil seeds and oleaginous fruits; miscellaneous grains, seeds and fruit, industrial or medicinal plants; straw and fodder",5196.759,2025,Export
JPN,Japan,BGD,Bangladesh,agriculture,12,"Oil seeds and oleaginous fruits; miscellaneous grains, seeds and fruit, industrial or medicinal plants; straw and fodder",31438.932,2025,Export
JPN,Japan,BHR,Bahrain,agriculture,11,"Products of the milling industry; malt, starches, inulin, wheat gluten",2507.147,2025,Export
JPN,Japan,BRA,Brazil,agriculture,10,Cereals,25376.504,2025,Export
JPN,Japan,BRA,Brazil,agriculture,12,"Oil seeds and oleaginous fruits; miscellaneous grains, seeds and fruit, industrial or medicinal plants; straw and fodder",2423364.347,2025,Export
JPN,Japan,BRN,Brunei Darussalam,agriculture,12,"Oil seeds and oleaginous fruits; miscellaneous grains, seeds and fruit, industrial or medicinal plants; straw and fodder",2756.52,2025,Export
JPN,Japan,CAN,Canada,agriculture,10,Cereals,3792279.659,2025,Export
JPN,Japan,CAN,Canada,agriculture,11,"Products of the milling industry; malt, starches, inulin, wheat gluten",115934.909,2025,Export
JPN,Japan,CAN,Canada,agriculture,12,"Oil seeds and oleaginous fruits; miscellaneous grains, seeds and fruit, industrial or medicinal plants; straw and fodder",409981.47,2025,Export
JPN,Japan,CHE,Switzerland,agriculture,10,Cereals,690436.702,2025,Export
JPN,Japan,CHE,Switzerland,agriculture,11,"Products of the milling industry; malt, starches, inulin, wheat gluten",12529.459,2025,Export
JPN,Japan,CHE,Switzerland,agriculture,12,"Oil seeds and oleaginous fruits; miscellaneous grains, seeds and fruit, industrial or medicinal plants; straw and fodder",34050.811,2025,Export
JPN,Japan,CHL,Chile,agriculture,12,"Oil seeds and oleaginous fruits; miscellaneous grains, seeds and fruit, industrial or medicinal plants; straw and fodder",1004026.068,2025,Export
JPN,Japan,CHN,China,agriculture,10,Cereals,201863.372,2025,Export
JPN,Japan,CHN,China,agriculture,11,"Products of the milling industry; malt, starches, inulin, wheat gluten",40977983.939,2025,Export
JPN,Japan,CHN,China,agriculture,12,"Oil seeds and oleaginous fruits; miscellaneous grains, seeds and fruit, industrial or medicinal plants; straw and fodder",27447658.776,2025,Export
JPN,Japan,COL,Colombia,agriculture,12,"Oil seeds and oleaginous fruits; miscellaneous grains, seeds and fruit, industrial or medicinal plants; straw and fodder",635407.397,2025,Export
JPN,Japan,CRI,Costa Rica,agriculture,12,"Oil seeds and oleaginous fruits; miscellaneous grains, seeds and fruit, industrial or medicinal plants; straw and fodder",9331.036,2025,Export
JPN,Japan,CYP,Cyprus,agriculture,12,"Oil seeds and oleaginous fruits; miscellaneous grains, seeds and fruit, industrial or medicinal plants; straw and fodder",4573.444,2025,Export
JPN,Japan,CZE,Czechia,agriculture,10,Cereals,169223.876,2025,Export
JPN,Japan,CZE,Czechia,agriculture,11,"Products of the milling industry; malt, starches, inulin, wheat gluten",15986.564,2025,Export
JPN,Japan,CZE,Czechia,agriculture,12,"Oil seeds and oleaginous fruits; miscellaneous grains, seeds and fruit, industrial or medicinal plants; straw and fodder",57204.263,2025,Export
JPN,Japan,DEU,Germany,agriculture,10,Cereals,1864324.071,2025,Export
JPN,Japan,DEU,Germany,agriculture,11,"Products of the milling industry; malt, starches, inulin, wheat gluten",261034.523,2025,Export
JPN,Japan,DEU,Germany,agriculture,12,"Oil seeds and oleaginous fruits; miscellaneous grains, seeds and fruit, industrial or medicinal plants; straw and fodder",593841.486,2025,Export
JPN,Japan,DNK,Denmark,agriculture,10,Cereals,91948.421,2025,Export
JPN,Japan,DNK,Denmark,agriculture,12,"Oil seeds and oleaginous fruits; miscellaneous grains, seeds and fruit, industrial or medicinal plants; straw and fodder",6314073.334,2025,Export
JPN,Japan,DOM,Dominican Rep.,agriculture,12,"Oil seeds and oleaginous fruits; miscellaneous grains, seeds and fruit, industrial or medicinal plants; straw and fodder",21542.602,2025,Export
JPN,Japan,ECU,Ecuador,agriculture,12,"Oil seeds and oleaginous fruits; miscellaneous grains, seeds and fruit, industrial or medicinal plants; straw and fodder",1253861.973,2025,Export
JPN,Japan,EGY,Egypt,agriculture,12,"Oil seeds and oleaginous fruits; miscellaneous grains, seeds and fruit, industrial or medicinal plants; straw and fodder",9281.037,2025,Export
JPN,Japan,ESP,Spain,agriculture,10,Cereals,1265769.234,2025,Export
JPN,Japan,ESP,Spain,agriculture,11,"Products of the milling industry; malt, starches, inulin, wheat gluten",215787.538,2025,Export
JPN,Japan,ESP,Spain,agriculture,12,"Oil seeds and oleaginous fruits; miscellaneous grains, seeds and fruit, industrial or medicinal plants; straw and fodder",495919.355,2025,Export
JPN,Japan,EST,Estonia,agriculture,10,Cereals,49037.246,2025,Export
JPN,Japan,EST,Estonia,agriculture,11,"Products of the milling industry; malt, starches, inulin, wheat gluten",33471.025,2025,Export
JPN,Japan,FIN,Finland,agriculture,10,Cereals,358415.394,2025,Export
JPN,Japan,FIN,Finland,agriculture,12,"Oil seeds and oleaginous fruits; miscellaneous grains, seeds and fruit, industrial or medicinal plants; straw and fodder",20992.616,2025,Export
JPN,Japan,FJI,Fiji,agriculture,12,"Oil seeds and oleaginous fruits; miscellaneous grains, seeds and fruit, industrial or medicinal plants; straw and fodder",2842.741,2025,Export
JPN,Japan,FRA,France,agriculture,10,Cereals,1410421.871,2025,Export
JPN,Japan,FRA,France,agriculture,11,"Products of the milling industry; malt, starches, inulin, wheat gluten",345518.764,2025,Export
JPN,Japan,FRA,France,agriculture,12,"Oil seeds and oleaginous fruits; miscellaneous grains, seeds and fruit, industrial or medicinal plants; straw and fodder",1262998.208,2025,Export
JPN,Japan,FSM,FS Micronesia,agriculture,10,Cereals,1737.53,2025,Export
JPN,Japan,FSM,FS Micronesia,agriculture,12,"Oil seeds and oleaginous fruits; miscellaneous grains, seeds and fruit, industrial or medicinal plants; straw and fodder",1405.67,2025,Export
JPN,Japan,GBR,United Kingdom,agriculture,10,Cereals,2786634.92,2025,Export
JPN,Japan,GBR,United Kingdom,agriculture,11,"Products of the milling industry; malt, starches, inulin, wheat gluten",295895.549,2025,Export
JPN,Japan,GBR,United Kingdom,agriculture,12,"Oil seeds and oleaginous fruits; miscellaneous grains, seeds and fruit, industrial or medicinal plants; straw and fodder",492769.502,2025,Export
JPN,Japan,GRC,Greece,agriculture,10,Cereals,196306.528,2025,Export
JPN,Japan,GRC,Greece,agriculture,12,"Oil seeds and oleaginous fruits; miscellaneous grains, seeds and fruit, industrial or medicinal plants; straw and fodder",324479.913,2025,Export
JPN,Japan,GUM,Guam,agriculture,10,Cereals,500546.773,2025,Export
JPN,Japan,GUM,Guam,agriculture,11,"Products of the milling industry; malt, starches, inulin, wheat gluten",81771.312,2025,Export
JPN,Japan,GUM,Guam,agriculture,12,"Oil seeds and oleaginous fruits; miscellaneous grains, seeds and fruit, industrial or medicinal plants; straw and fodder",41028.733,2025,Export
JPN,Japan,HKG,"China, Hong Kong SAR",agriculture,10,Cereals,23934769.042,2025,Export
JPN,Japan,HKG,"China, Hong Kong SAR",agriculture,11,"Products of the milling industry; malt, starches, inulin, wheat gluten",19685008.262,2025,Export
JPN,Japan,HKG,"China, Hong Kong SAR",agriculture,12,"Oil seeds and oleaginous fruits; miscellaneous grains, seeds and fruit, industrial or medicinal plants; straw and fodder",2984122.334,2025,Export
JPN,Japan,HUN,Hungary,agriculture,12,"Oil seeds and oleaginous fruits; miscellaneous grains, seeds and fruit, industrial or medicinal plants; straw and fodder",19807.749,2025,Export
JPN,Japan,IDN,Indonesia,agriculture,11,"Products of the milling industry; malt, starches, inulin, wheat gluten",556280.901,2025,Export
JPN,Japan,IDN,Indonesia,agriculture,12,"Oil seeds and oleaginous fruits; miscellaneous grains, seeds and fruit, industrial or medicinal plants; straw and fodder",1276167.687,2025,Export
JPN,Japan,IND,India,agriculture,10,Cereals,2111.615,2025,Export
JPN,Japan,IND,India,agriculture,11,"Products of the milling industry; malt, starches, inulin, wheat gluten",211361.576,2025,Export
JPN,Japan,IND,India,agriculture,12,"Oil seeds and oleaginous fruits; miscellaneous grains, seeds and fruit, industrial or medicinal plants; straw and fodder",1087209.846,2025,Export
JPN,Japan,IRL,Ireland,agriculture,12,"Oil seeds and oleaginous fruits; miscellaneous grains, seeds and fruit, industrial or medicinal plants; straw and fodder",13460.974,2025,Export
JPN,Japan,IRQ,Iraq,agriculture,12,"Oil seeds and oleaginous fruits; miscellaneous grains, seeds and fruit, industrial or medicinal plants; straw and fodder",424061.033,2025,Export
JPN,Japan,ISL,Iceland,agriculture,12,"Oil seeds and oleaginous fruits; miscellaneous grains, seeds and fruit, industrial or medicinal plants; straw and fodder",2370.158,2025,Export
JPN,Japan,ISR,Israel,agriculture,10,Cereals,840501.625,2025,Export
JPN,Japan,ISR,Israel,agriculture,12,"Oil seeds and oleaginous fruits; miscellaneous grains, seeds and fruit, industrial or medicinal plants; straw and fodder",89566.55,2025,Export
JPN,Japan,ITA,Italy,agriculture,10,Cereals,162707.034,2025,Export
JPN,Japan,ITA,Italy,agriculture,11,"Products of the milling industry; malt, starches, inulin, wheat gluten",684625.727,2025,Export
JPN,Japan,ITA,Italy,agriculture,12,"Oil seeds and oleaginous fruits; miscellaneous grains, seeds and fruit, industrial or medicinal plants; straw and fodder",1341373.28,2025,Export
JPN,Japan,JOR,Jordan,agriculture,12,"Oil seeds and oleaginous fruits; miscellaneous grains, seeds and fruit, industrial or medicinal plants; straw and fodder",24619.698,2025,Export
JPN,Japan,KAZ,Kazakhstan,agriculture,10,Cereals,12062.114,2025,Export
JPN,Japan,KAZ,Kazakhstan,agriculture,12,"Oil seeds and oleaginous fruits; miscellaneous grains, seeds and fruit, industrial or medicinal plants; straw and fodder",78627.116,2025,Export
JPN,Japan,KEN,Kenya,agriculture,10,Cereals,25727.669,2025,Export
JPN,Japan,KEN,Kenya,agriculture,12,"Oil seeds and oleaginous fruits; miscellaneous grains, seeds and fruit, industrial or medicinal plants; straw and fodder",77351.126,2025,Export
JPN,Japan,KHM,Cambodia,agriculture,10,Cereals,38240.449,2025,Export
JPN,Japan,KHM,Cambodia,agriculture,11,"Products of the milling industry; malt, starches, inulin, wheat gluten",81328.666,2025,Export
JPN,Japan,KHM,Cambodia,agriculture,12,"Oil seeds and oleaginous fruits; miscellaneous grains, seeds and fruit, industrial or medicinal plants; straw and fodder",5519.527,2025,Export
JPN,Japan,KOR,Rep. of Korea,agriculture,11,"Products of the milling industry; malt, starches, inulin, wheat gluten",1704277.094,2025,Export
JPN,Japan,KOR,Rep. of Korea,agriculture,12,"Oil seeds and oleaginous fruits; miscellaneous grains, seeds and fruit, industrial or medicinal plants; straw and fodder",8875412.417,2025,Export
JPN,Japan,KWT,Kuwait,agriculture,10,Cereals,92123.859,2025,Export
JPN,Japan,KWT,Kuwait,agriculture,12,"Oil seeds and oleaginous fruits; miscellaneous grains, seeds and fruit, industrial or medicinal plants; straw and fodder",5947.066,2025,Export
JPN,Japan,LAO,Lao People's Dem. Rep.,agriculture,10,Cereals,5844.194,2025,Export
JPN,Japan,LAO,Lao People's Dem. Rep.,agriculture,12,"Oil seeds and oleaginous fruits; miscellaneous grains, seeds and fruit, industrial or medicinal plants; straw and fodder",11081.427,2025,Export
JPN,Japan,LBN,Lebanon,agriculture,10,Cereals,1774.233,2025,Export
JPN,Japan,LBN,Lebanon,agriculture,11,"Products of the milling industry; malt, starches, inulin, wheat gluten",3226.154,2025,Export
JPN,Japan,LBN,Lebanon,agriculture,12,"Oil seeds and oleaginous fruits; miscellaneous grains, seeds and fruit, industrial or medicinal plants; straw and fodder",171139.844,2025,Export
JPN,Japan,LBY,Libya,agriculture,12,"Oil seeds and oleaginous fruits; miscellaneous grains, seeds and fruit, industrial or medicinal plants; straw and fodder",31616.368,2025,Export
JPN,Japan,LKA,Sri Lanka,agriculture,10,Cereals,34739.746,2025,Export
JPN,Japan,LKA,Sri Lanka,agriculture,12,"Oil seeds and oleaginous fruits; miscellaneous grains, seeds and fruit, industrial or medicinal plants; straw and fodder",294478.96,2025,Export
JPN,Japan,LVA,Latvia,agriculture,12,"Oil seeds and oleaginous fruits; miscellaneous grains, seeds and fruit, industrial or medicinal plants; straw and fodder",29463.681,2025,Export
JPN,Japan,MAC,"China, Macao SAR",agriculture,10,Cereals,200283.845,2025,Export
JPN,Japan,MAC,"China, Macao SAR",agriculture,11,"Products of the milling industry; malt, starches, inulin, wheat gluten",60440.828,2025,Export
JPN,Japan,MAC,"China, Macao SAR",agriculture,12,"Oil seeds and oleaginous fruits; miscellaneous grains, seeds and fruit, industrial or medicinal plants; straw and fodder",188718.018,2025,Export
JPN,Japan,MAR,Morocco,agriculture,12,"Oil seeds and oleaginous fruits; miscellaneous grains, seeds and fruit, industrial or medicinal plants; straw and fodder",19160.693,2025,Export
JPN,Japan,MDV,Maldives,agriculture,10,Cereals,20749.529,2025,Export
JPN,Japan,MEX,Mexico,agriculture,10,Cereals,753801.234,2025,Export
JPN,Japan,MEX,Mexico,agriculture,11,"Products of the milling industry; malt, starches, inulin, wheat gluten",67267.828,2025,Export
JPN,Japan,MEX,Mexico,agriculture,12,"Oil seeds and oleaginous fruits; miscellaneous grains, seeds and fruit, industrial or medicinal plants; straw and fodder",314087.321,2025,Export
JPN,Japan,MMR,Myanmar,agriculture,11,"Products of the milling industry; malt, starches, inulin, wheat gluten",16746.633,2025,Export
JPN,Japan,MNG,Mongolia,agriculture,10,Cereals,510940.677,2025,Export
JPN,Japan,MNG,Mongolia,agriculture,11,"Products of the milling industry; malt, starches, inulin, wheat gluten",53583.923,2025,Export
JPN,Japan,MNG,Mongolia,agriculture,12,"Oil seeds and oleaginous fruits; miscellaneous grains, seeds and fruit, industrial or medicinal plants; straw and fodder",3802.275,2025,Export
JPN,Japan,MNP,N. Mariana Isds,agriculture,10,Cereals,40738.722,2025,Export
JPN,Japan,MUS,Mauritius,agriculture,12,"Oil seeds and oleaginous fruits; miscellaneous grains, seeds and fruit, industrial or medicinal plants; straw and fodder",38083.701,2025,Export
JPN,Japan,MYS,Malaysia,agriculture,10,Cereals,305342.551,2025,Export
JPN,Japan,MYS,Malaysia,agriculture,11,"Products of the milling industry; malt, starches, inulin, wheat gluten",9205806.091,2025,Export
JPN,Japan,MYS,Malaysia,agriculture,12,"Oil seeds and oleaginous fruits; miscellaneous grains, seeds and fruit, industrial or medicinal plants; straw and fodder",507127.822,2025,Export
JPN,Japan,NGA,Nigeria,agriculture,10,Cereals,8037.546,2025,Export
JPN,Japan,NLD,Netherlands,agriculture,10,Cereals,1121436.273,2025,Export
JPN,Japan,NLD,Netherlands,agriculture,11,"Products of the milling industry; malt, starches, inulin, wheat gluten",724277.745,2025,Export
JPN,Japan,NLD,Netherlands,agriculture,12,"Oil seeds and oleaginous fruits; miscellaneous grains, seeds and fruit, industrial or medicinal plants; straw and fodder",4693522.803,2025,Export
JPN,Japan,NOR,Norway,agriculture,10,Cereals,3822.643,2025,Export
JPN,Japan,NOR,Norway,agriculture,11,"Products of the milling industry; malt, starches, inulin, wheat gluten",169552.198,2025,Export
JPN,Japan,NOR,Norway,agriculture,12,"Oil seeds and oleaginous fruits; miscellaneous grains, seeds and fruit, industrial or medicinal plants; straw and fodder",97911.445,2025,Export
JPN,Japan,NPL,Nepal,agriculture,10,Cereals,4715.995,2025,Export
JPN,Japan,NPL,Nepal,agriculture,12,"Oil seeds and oleaginous fruits; miscellaneous grains, seeds and fruit, industrial or medicinal plants; straw and fodder",239044.215,2025,Export
JPN,Japan,NZL,New Zealand,agriculture,10,Cereals,142943.973,2025,Export
JPN,Japan,NZL,New Zealand,agriculture,11,"Products of the milling industry; malt, starches, inulin, wheat gluten",2624.886,2025,Export
JPN,Japan,NZL,New Zealand,agriculture,12,"Oil seeds and oleaginous fruits; miscellaneous grains, seeds and fruit, industrial or medicinal plants; straw and fodder",213266.735,2025,Export
JPN,Japan,PAK,Pakistan,agriculture,11,"Products of the milling industry; malt, starches, inulin, wheat gluten",1480.721,2025,Export
JPN,Japan,PAK,Pakistan,agriculture,12,"Oil seeds and oleaginous fruits; miscellaneous grains, seeds and fruit, industrial or medicinal plants; straw and fodder",6958.0,2025,Export
JPN,Japan,PAN,Panama,agriculture,11,"Products of the milling industry; malt, starches, inulin, wheat gluten",23748.745,2025,Export
JPN,Japan,PER,Peru,agriculture,12,"Oil seeds and oleaginous fruits; miscellaneous grains, seeds and fruit, industrial or medicinal plants; straw and fodder",101517.854,2025,Export
JPN,Japan,PHL,Philippines,agriculture,10,Cereals,479606.18,2025,Export
JPN,Japan,PHL,Philippines,agriculture,11,"Products of the milling industry; malt, starches, inulin, wheat gluten",1381143.559,2025,Export
JPN,Japan,PHL,Philippines,agriculture,12,"Oil seeds and oleaginous fruits; miscellaneous grains, seeds and fruit, industrial or medicinal plants; straw and fodder",206817.161,2025,Export
JPN,Japan,PLW,Palau,agriculture,10,Cereals,8930.928,2025,Export
JPN,Japan,PLW,Palau,agriculture,11,"Products of the milling industry; malt, starches, inulin, wheat gluten",1635.847,2025,Export
JPN,Japan,PLW,Palau,agriculture,12,"Oil seeds and oleaginous fruits; miscellaneous grains, seeds and fruit, industrial or medicinal plants; straw and fodder",2000.377,2025,Export
JPN,Japan,POL,Poland,agriculture,10,Cereals,200763.53,2025,Export
JPN,Japan,POL,Poland,agriculture,11,"Products of the milling industry; malt, starches, inulin, wheat gluten",679401.619,2025,Export
JPN,Japan,POL,Poland,agriculture,12,"Oil seeds and oleaginous fruits; miscellaneous grains, seeds and fruit, industrial or medicinal plants; straw and fodder",251354.475,2025,Export
JPN,Japan,PRT,Portugal,agriculture,10,Cereals,17148.33,2025,Export
JPN,Japan,PRT,Portugal,agriculture,11,"Products of the milling industry; malt, starches, inulin, wheat gluten",18186.135,2025,Export
JPN,Japan,PRT,Portugal,agriculture,12,"Oil seeds and oleaginous fruits; miscellaneous grains, seeds and fruit, industrial or medicinal plants; straw and fodder",227783.905,2025,Export
JPN,Japan,PRY,Paraguay,agriculture,12,"Oil seeds and oleaginous fruits; miscellaneous grains, seeds and fruit, industrial or medicinal plants; straw and fodder",2033.35,2025,Export
JPN,Japan,PYF,French Polynesia,agriculture,12,"Oil seeds and oleaginous fruits; miscellaneous grains, seeds and fruit, industrial or medicinal plants; straw and fodder",5980.476,2025,Export
JPN,Japan,QAT,Qatar,agriculture,10,Cereals,180380.741,2025,Export
JPN,Japan,QAT,Qatar,agriculture,11,"Products of the milling industry; malt, starches, inulin, wheat gluten",23760.925,2025,Export
JPN,Japan,QAT,Qatar,agriculture,12,"Oil seeds and oleaginous fruits; miscellaneous grains, seeds and fruit, industrial or medicinal plants; straw and fodder",13491.745,2025,Export
JPN,Japan,RUS,Russian Federation,agriculture,10,Cereals,490156.815,2025,Export
JPN,Japan,RUS,Russian Federation,agriculture,11,"Products of the milling industry; malt, starches, inulin, wheat gluten",29339.562,2025,Export
JPN,Japan,RUS,Russian Federation,agriculture,12,"Oil seeds and oleaginous fruits; miscellaneous grains, seeds and fruit, industrial or medicinal plants; straw and fodder",91498.242,2025,Export
JPN,Japan,RWA,Rwanda,agriculture,12,"Oil seeds and oleaginous fruits; miscellaneous grains, seeds and fruit, industrial or medicinal plants; straw and fodder",11353.49,2025,Export
JPN,Japan,S19,"Other Asia, nes",agriculture,10,Cereals,6974455.546,2025,Export
JPN,Japan,S19,"Other Asia, nes",agriculture,11,"Products of the milling industry; malt, starches, inulin, wheat gluten",11298745.954,2025,Export
JPN,Japan,S19,"Other Asia, nes",agriculture,12,"Oil seeds and oleaginous fruits; miscellaneous grains, seeds and fruit, industrial or medicinal plants; straw and fodder",9963747.554,2025,Export
JPN,Japan,SAU,Saudi Arabia,agriculture,11,"Products of the milling industry; malt, starches, inulin, wheat gluten",30049.105,2025,Export
JPN,Japan,SAU,Saudi Arabia,agriculture,12,"Oil seeds and oleaginous fruits; miscellaneous grains, seeds and fruit, industrial or medicinal plants; straw and fodder",532329.338,2025,Export
JPN,Japan,SGP,Singapore,agriculture,10,Cereals,10318971.697,2025,Export
JPN,Japan,SGP,Singapore,agriculture,11,"Products of the milling industry; malt, starches, inulin, wheat gluten",12038221.463,2025,Export
JPN,Japan,SGP,Singapore,agriculture,12,"Oil seeds and oleaginous fruits; miscellaneous grains, seeds and fruit, industrial or medicinal plants; straw and fodder",1579822.722,2025,Export
JPN,Japan,SLB,Solomon Isds,agriculture,12,"Oil seeds and oleaginous fruits; miscellaneous grains, seeds and fruit, industrial or medicinal plants; straw and fodder",1728.983,2025,Export
JPN,Japan,SRB,Serbia,agriculture,10,Cereals,43417.481,2025,Export
JPN,Japan,SRB,Serbia,agriculture,12,"Oil seeds and oleaginous fruits; miscellaneous grains, seeds and fruit, industrial or medicinal plants; straw and fodder",4577.967,2025,Export
JPN,Japan,SVK,Slovakia,agriculture,10,Cereals,135910.86,2025,Export
JPN,Japan,SVK,Slovakia,agriculture,11,"Products of the milling industry; malt, starches, inulin, wheat gluten",3351.248,2025,Export
JPN,Japan,SWE,Sweden,agriculture,10,Cereals,127859.46,2025,Export
JPN,Japan,SWE,Sweden,agriculture,11,"Products of the milling industry; malt, starches, inulin, wheat gluten",19212.465,2025,Export
JPN,Japan,SWE,Sweden,agriculture,12,"Oil seeds and oleaginous fruits; miscellaneous grains, seeds and fruit, industrial or medicinal plants; straw and fodder",129253.638,2025,Export
JPN,Japan,SYC,Seychelles,agriculture,12,"Oil seeds and oleaginous fruits; miscellaneous grains, seeds and fruit, industrial or medicinal plants; straw and fodder",4581.944,2025,Export
JPN,Japan,THA,Thailand,agriculture,10,Cereals,5448939.396,2025,Export
JPN,Japan,THA,Thailand,agriculture,11,"Products of the milling industry; malt, starches, inulin, wheat gluten",4185302.007,2025,Export
JPN,Japan,THA,Thailand,agriculture,12,"Oil seeds and oleaginous fruits; miscellaneous grains, seeds and fruit, industrial or medicinal plants; straw and fodder",2998120.905,2025,Export
JPN,Japan,TUN,Tunisia,agriculture,12,"Oil seeds and oleaginous fruits; miscellaneous grains, seeds and fruit, industrial or medicinal plants; straw and fodder",11693.866,2025,Export
JPN,Japan,TUR,Türkiye,agriculture,12,"Oil seeds and oleaginous fruits; miscellaneous grains, seeds and fruit, industrial or medicinal plants; straw and fodder",245536.871,2025,Export
JPN,Japan,TZA,United Rep. of Tanzania,agriculture,12,"Oil seeds and oleaginous fruits; miscellaneous grains, seeds and fruit, industrial or medicinal plants; straw and fodder",2443.418,2025,Export
JPN,Japan,UGA,Uganda,agriculture,11,"Products of the milling industry; malt, starches, inulin, wheat gluten",1579.087,2025,Export
JPN,Japan,UKR,Ukraine,agriculture,10,Cereals,23972.375,2025,Export
JPN,Japan,UKR,Ukraine,agriculture,12,"Oil seeds and oleaginous fruits; miscellaneous grains, seeds and fruit, industrial or medicinal plants; straw and fodder",19598.1,2025,Export
JPN,Japan,URY,Uruguay,agriculture,10,Cereals,8888.769,2025,Export
JPN,Japan,USA,USA,agriculture,10,Cereals,21096076.548,2025,Export
JPN,Japan,USA,USA,agriculture,11,"Products of the milling industry; malt, starches, inulin, wheat gluten",3394525.877,2025,Export
JPN,Japan,USA,USA,agriculture,12,"Oil seeds and oleaginous fruits; miscellaneous grains, seeds and fruit, industrial or medicinal plants; straw and fodder",15248885.342,2025,Export
JPN,Japan,UZB,Uzbekistan,agriculture,12,"Oil seeds and oleaginous fruits; miscellaneous grains, seeds and fruit, industrial or medicinal plants; straw and fodder",77892.492,2025,Export
JPN,Japan,VEN,Venezuela,agriculture,11,"Products of the milling industry; malt, starches, inulin, wheat gluten",7074.723,2025,Export
JPN,Japan,VNM,Viet Nam,agriculture,10,Cereals,706286.51,2025,Export
JPN,Japan,VNM,Viet Nam,agriculture,11,"Products of the milling industry; malt, starches, inulin, wheat gluten",7454242.781,2025,Export
JPN,Japan,VNM,Viet Nam,agriculture,12,"Oil seeds and oleaginous fruits; miscellaneous grains, seeds and fruit, industrial or medicinal plants; straw and fodder",4625346.461,2025,Export
JPN,Japan,W00,World,agriculture,10,Cereals,93054020.17,2025,Export
JPN,Japan,W00,World,agriculture,11,"Products of the milling industry; malt, starches, inulin, wheat gluten",117392693.039,2025,Export
JPN,Japan,W00,World,agriculture,12,"Oil seeds and oleaginous fruits; miscellaneous grains, seeds and fruit, industrial or medicinal plants; straw and fodder",104784550.596,2025,Export
JPN,Japan,ZAF,South Africa,agriculture,10,Cereals,19603.368,2025,Export
JPN,Japan,ZAF,South Africa,agriculture,11,"Products of the milling industry; malt, starches, inulin, wheat gluten",2063.791,2025,Export
JPN,Japan,ZAF,South Africa,agriculture,12,"Oil seeds and oleaginous fruits; miscellaneous grains, seeds and fruit, industrial or medicinal plants; straw and fodder",607954.112,2025,Export
KOR,Rep. of Korea,AFG,Afghanistan,agriculture,10,Cereals,1342656.0,2025,Export
KOR,Rep. of Korea,AGO,Angola,agriculture,10,Cereals,318.0,2025,Export
KOR,Rep. of Korea,ALB,Albania,agriculture,10,Cereals,166.0,2025,Export
KOR,Rep. of Korea,ALB,Albania,agriculture,11,"Products of the milling industry; malt, starches, inulin, wheat gluten",52.0,2025,Export
KOR,Rep. of Korea,ALB,Albania,agriculture,12,"Oil seeds and oleaginous fruits; miscellaneous grains, seeds and fruit, industrial or medicinal plants; straw and fodder",98837.0,2025,Export
KOR,Rep. of Korea,ARE,United Arab Emirates,agriculture,10,Cereals,170876.0,2025,Export
KOR,Rep. of Korea,ARE,United Arab Emirates,agriculture,11,"Products of the milling industry; malt, starches, inulin, wheat gluten",308682.0,2025,Export
KOR,Rep. of Korea,ARE,United Arab Emirates,agriculture,12,"Oil seeds and oleaginous fruits; miscellaneous grains, seeds and fruit, industrial or medicinal plants; straw and fodder",1322118.0,2025,Export
KOR,Rep. of Korea,ARG,Argentina,agriculture,12,"Oil seeds and oleaginous fruits; miscellaneous grains, seeds and fruit, industrial or medicinal plants; straw and fodder",183831.0,2025,Export
KOR,Rep. of Korea,ARM,Armenia,agriculture,12,"Oil seeds and oleaginous fruits; miscellaneous grains, seeds and fruit, industrial or medicinal plants; straw and fodder",5799.0,2025,Export
KOR,Rep. of Korea,ASM,American Samoa,agriculture,12,"Oil seeds and oleaginous fruits; miscellaneous grains, seeds and fruit, industrial or medicinal plants; straw and fodder",509.0,2025,Export
KOR,Rep. of Korea,AUS,Australia,agriculture,10,Cereals,1102952.0,2025,Export
KOR,Rep. of Korea,AUS,Australia,agriculture,11,"Products of the milling industry; malt, starches, inulin, wheat gluten",1625585.0,2025,Export
KOR,Rep. of Korea,AUS,Australia,agriculture,12,"Oil seeds and oleaginous fruits; miscellaneous grains, seeds and fruit, industrial or medicinal plants; straw and fodder",2067887.0,2025,Export
KOR,Rep. of Korea,AUT,Austria,agriculture,12,"Oil seeds and oleaginous fruits; miscellaneous grains, seeds and fruit, industrial or medicinal plants; straw and fodder",39640.0,2025,Export
KOR,Rep. of Korea,AZE,Azerbaijan,agriculture,12,"Oil seeds and oleaginous fruits; miscellaneous grains, seeds and fruit, industrial or medicinal plants; straw and fodder",486694.0,2025,Export
KOR,Rep. of Korea,BEL,Belgium,agriculture,11,"Products of the milling industry; malt, starches, inulin, wheat gluten",82307.0,2025,Export
KOR,Rep. of Korea,BEL,Belgium,agriculture,12,"Oil seeds and oleaginous fruits; miscellaneous grains, seeds and fruit, industrial or medicinal plants; straw and fodder",121381.0,2025,Export
KOR,Rep. of Korea,BFA,Burkina Faso,agriculture,12,"Oil seeds and oleaginous fruits; miscellaneous grains, seeds and fruit, industrial or medicinal plants; straw and fodder",11800.0,2025,Export
KOR,Rep. of Korea,BGD,Bangladesh,agriculture,10,Cereals,7124108.0,2025,Export
KOR,Rep. of Korea,BGD,Bangladesh,agriculture,11,"Products of the milling industry; malt, starches, inulin, wheat gluten",712721.0,2025,Export
KOR,Rep. of Korea,BGD,Bangladesh,agriculture,12,"Oil seeds and oleaginous fruits; miscellaneous grains, seeds and fruit, industrial or medicinal plants; straw and fodder",1135802.0,2025,Export
KOR,Rep. of Korea,BGR,Bulgaria,agriculture,12,"Oil seeds and oleaginous fruits; miscellaneous grains, seeds and fruit, industrial or medicinal plants; straw and fodder",10886.0,2025,Export
KOR,Rep. of Korea,BHR,Bahrain,agriculture,12,"Oil seeds and oleaginous fruits; miscellaneous grains, seeds and fruit, industrial or medicinal plants; straw and fodder",34608.0,2025,Export
KOR,Rep. of Korea,BLR,Belarus,agriculture,12,"Oil seeds and oleaginous fruits; miscellaneous grains, seeds and fruit, industrial or medicinal plants; straw and fodder",392880.0,2025,Export
KOR,Rep. of Korea,BLZ,Belize,agriculture,12,"Oil seeds and oleaginous fruits; miscellaneous grains, seeds and fruit, industrial or medicinal plants; straw and fodder",92940.0,2025,Export
KOR,Rep. of Korea,BOL,Bolivia (Plurinational State of),agriculture,12,"Oil seeds and oleaginous fruits; miscellaneous grains, seeds and fruit, industrial or medicinal plants; straw and fodder",3858.0,2025,Export
KOR,Rep. of Korea,BRA,Brazil,agriculture,12,"Oil seeds and oleaginous fruits; miscellaneous grains, seeds and fruit, industrial or medicinal plants; straw and fodder",1088226.0,2025,Export
KOR,Rep. of Korea,BRN,Brunei Darussalam,agriculture,12,"Oil seeds and oleaginous fruits; miscellaneous grains, seeds and fruit, industrial or medicinal plants; straw and fodder",5180.0,2025,Export
KOR,Rep. of Korea,BTN,Bhutan,agriculture,11,"Products of the milling industry; malt, starches, inulin, wheat gluten",31.0,2025,Export
KOR,Rep. of Korea,BTN,Bhutan,agriculture,12,"Oil seeds and oleaginous fruits; miscellaneous grains, seeds and fruit, industrial or medicinal plants; straw and fodder",22566.0,2025,Export
KOR,Rep. of Korea,CAF,Central African Rep.,agriculture,10,Cereals,504.0,2025,Export
KOR,Rep. of Korea,CAN,Canada,agriculture,10,Cereals,594275.0,2025,Export
KOR,Rep. of Korea,CAN,Canada,agriculture,11,"Products of the milling industry; malt, starches, inulin, wheat gluten",196805.0,2025,Export
KOR,Rep. of Korea,CAN,Canada,agriculture,12,"Oil seeds and oleaginous fruits; miscellaneous grains, seeds and fruit, industrial or medicinal plants; straw and fodder",1806598.0,2025,Export
KOR,Rep. of Korea,CHE,Switzerland,agriculture,10,Cereals,13525.0,2025,Export
KOR,Rep. of Korea,CHE,Switzerland,agriculture,11,"Products of the milling industry; malt, starches, inulin, wheat gluten",4721.0,2025,Export
KOR,Rep. of Korea,CHE,Switzerland,agriculture,12,"Oil seeds and oleaginous fruits; miscellaneous grains, seeds and fruit, industrial or medicinal plants; straw and fodder",12244.0,2025,Export
KOR,Rep. of Korea,CHL,Chile,agriculture,11,"Products of the milling industry; malt, starches, inulin, wheat gluten",8068.0,2025,Export
KOR,Rep. of Korea,CHL,Chile,agriculture,12,"Oil seeds and oleaginous fruits; miscellaneous grains, seeds and fruit, industrial or medicinal plants; straw and fodder",191191.0,2025,Export
KOR,Rep. of Korea,CHN,China,agriculture,10,Cereals,38529.0,2025,Export
KOR,Rep. of Korea,CHN,China,agriculture,11,"Products of the milling industry; malt, starches, inulin, wheat gluten",1286003.0,2025,Export
KOR,Rep. of Korea,CHN,China,agriculture,12,"Oil seeds and oleaginous fruits; miscellaneous grains, seeds and fruit, industrial or medicinal plants; straw and fodder",145245234.0,2025,Export
KOR,Rep. of Korea,CIV,Côte d'Ivoire,agriculture,12,"Oil seeds and oleaginous fruits; miscellaneous grains, seeds and fruit, industrial or medicinal plants; straw and fodder",15321.0,2025,Export
KOR,Rep. of Korea,COL,Colombia,agriculture,12,"Oil seeds and oleaginous fruits; miscellaneous grains, seeds and fruit, industrial or medicinal plants; straw and fodder",538292.0,2025,Export
KOR,Rep. of Korea,CRI,Costa Rica,agriculture,12,"Oil seeds and oleaginous fruits; miscellaneous grains, seeds and fruit, industrial or medicinal plants; straw and fodder",32177.0,2025,Export
KOR,Rep. of Korea,CUB,Cuba,agriculture,10,Cereals,8733000.0,2025,Export
KOR,Rep. of Korea,CYP,Cyprus,agriculture,10,Cereals,771.0,2025,Export
KOR,Rep. of Korea,CYP,Cyprus,agriculture,12,"Oil seeds and oleaginous fruits; miscellaneous grains, seeds and fruit, industrial or medicinal plants; straw and fodder",103.0,2025,Export
KOR,Rep. of Korea,CZE,Czechia,agriculture,11,"Products of the milling industry; malt, starches, inulin, wheat gluten",91.0,2025,Export
KOR,Rep. of Korea,CZE,Czechia,agriculture,12,"Oil seeds and oleaginous fruits; miscellaneous grains, seeds and fruit, industrial or medicinal plants; straw and fodder",96822.0,2025,Export
KOR,Rep. of Korea,DEU,Germany,agriculture,10,Cereals,197863.0,2025,Export
KOR,Rep. of Korea,DEU,Germany,agriculture,11,"Products of the milling industry; malt, starches, inulin, wheat gluten",115970.0,2025,Export
KOR,Rep. of Korea,DEU,Germany,agriculture,12,"Oil seeds and oleaginous fruits; miscellaneous grains, seeds and fruit, industrial or medicinal plants; straw and fodder",234943.0,2025,Export
KOR,Rep. of Korea,DNK,Denmark,agriculture,10,Cereals,156.0,2025,Export
KOR,Rep. of Korea,DNK,Denmark,agriculture,12,"Oil seeds and oleaginous fruits; miscellaneous grains, seeds and fruit, industrial or medicinal plants; straw and fodder",220.0,2025,Export
KOR,Rep. of Korea,DOM,Dominican Rep.,agriculture,11,"Products of the milling industry; malt, starches, inulin, wheat gluten",108.0,2025,Export
KOR,Rep. of Korea,DOM,Dominican Rep.,agriculture,12,"Oil seeds and oleaginous fruits; miscellaneous grains, seeds and fruit, industrial or medicinal plants; straw and fodder",596766.0,2025,Export
KOR,Rep. of Korea,DZA,Algeria,agriculture,10,Cereals,3207.0,2025,Export
KOR,Rep. of Korea,DZA,Algeria,agriculture,11,"Products of the milling industry; malt, starches, inulin, wheat gluten",297.0,2025,Export
KOR,Rep. of Korea,DZA,Algeria,agriculture,12,"Oil seeds and oleaginous fruits; miscellaneous grains, seeds and fruit, industrial or medicinal plants; straw and fodder",115641.0,2025,Export
KOR,Rep. of Korea,ECU,Ecuador,agriculture,12,"Oil seeds and oleaginous fruits; miscellaneous grains, seeds and fruit, industrial or medicinal plants; straw and fodder",95000.0,2025,Export
KOR,Rep. of Korea,EGY,Egypt,agriculture,12,"Oil seeds and oleaginous fruits; miscellaneous grains, seeds and fruit, industrial or medicinal plants; straw and fodder",2300269.0,2025,Export
KOR,Rep. of Korea,ESP,Spain,agriculture,10,Cereals,1951.0,2025,Export
KOR,Rep. of Korea,ESP,Spain,agriculture,12,"Oil seeds and oleaginous fruits; miscellaneous grains, seeds and fruit, industrial or medicinal plants; straw and fodder",1905099.0,2025,Export
KOR,Rep. of Korea,EST,Estonia,agriculture,10,Cereals,4.0,2025,Export
KOR,Rep. of Korea,EST,Estonia,agriculture,12,"Oil seeds and oleaginous fruits; miscellaneous grains, seeds and fruit, industrial or medicinal plants; straw and fodder",3.0,2025,Export
KOR,Rep. of Korea,ETH,Ethiopia,agriculture,10,Cereals,3996000.0,2025,Export
KOR,Rep. of Korea,FJI,Fiji,agriculture,12,"Oil seeds and oleaginous fruits; miscellaneous grains, seeds and fruit, industrial or medicinal plants; straw and fodder",6109.0,2025,Export
KOR,Rep. of Korea,FRA,France,agriculture,10,Cereals,177321.0,2025,Export
KOR,Rep. of Korea,FRA,France,agriculture,11,"Products of the milling industry; malt, starches, inulin, wheat gluten",4440.0,2025,Export
KOR,Rep. of Korea,FRA,France,agriculture,12,"Oil seeds and oleaginous fruits; miscellaneous grains, seeds and fruit, industrial or medicinal plants; straw and fodder",1328753.0,2025,Export
KOR,Rep. of Korea,FSM,FS Micronesia,agriculture,10,Cereals,2846.0,2025,Export
KOR,Rep. of Korea,FSM,FS Micronesia,agriculture,11,"Products of the milling industry; malt, starches, inulin, wheat gluten",65155.0,2025,Export
KOR,Rep. of Korea,FSM,FS Micronesia,agriculture,12,"Oil seeds and oleaginous fruits; miscellaneous grains, seeds and fruit, industrial or medicinal plants; straw and fodder",177.0,2025,Export
KOR,Rep. of Korea,GBR,United Kingdom,agriculture,10,Cereals,348551.0,2025,Export
KOR,Rep. of Korea,GBR,United Kingdom,agriculture,11,"Products of the milling industry; malt, starches, inulin, wheat gluten",213917.0,2025,Export
KOR,Rep. of Korea,GBR,United Kingdom,agriculture,12,"Oil seeds and oleaginous fruits; miscellaneous grains, seeds and fruit, industrial or medicinal plants; straw and fodder",927518.0,2025,Export
KOR,Rep. of Korea,GEO,Georgia,agriculture,12,"Oil seeds and oleaginous fruits; miscellaneous grains, seeds and fruit, industrial or medicinal plants; straw and fodder",72535.0,2025,Export
KOR,Rep. of Korea,GHA,Ghana,agriculture,10,Cereals,854.0,2025,Export
KOR,Rep. of Korea,GHA,Ghana,agriculture,11,"Products of the milling industry; malt, starches, inulin, wheat gluten",25042.0,2025,Export
KOR,Rep. of Korea,GHA,Ghana,agriculture,12,"Oil seeds and oleaginous fruits; miscellaneous grains, seeds and fruit, industrial or medicinal plants; straw and fodder",1728.0,2025,Export
KOR,Rep. of Korea,GNB,Guinea-Bissau,agriculture,10,Cereals,599400.0,2025,Export
KOR,Rep. of Korea,GRC,Greece,agriculture,12,"Oil seeds and oleaginous fruits; miscellaneous grains, seeds and fruit, industrial or medicinal plants; straw and fodder",137308.0,2025,Export
KOR,Rep. of Korea,GTM,Guatemala,agriculture,10,Cereals,19571.0,2025,Export
KOR,Rep. of Korea,GTM,Guatemala,agriculture,11,"Products of the milling industry; malt, starches, inulin, wheat gluten",7866.0,2025,Export
KOR,Rep. of Korea,GTM,Guatemala,agriculture,12,"Oil seeds and oleaginous fruits; miscellaneous grains, seeds and fruit, industrial or medicinal plants; straw and fodder",37521.0,2025,Export
KOR,Rep. of Korea,GUM,Guam,agriculture,10,Cereals,3243.0,2025,Export
KOR,Rep. of Korea,GUM,Guam,agriculture,11,"Products of the milling industry; malt, starches, inulin, wheat gluten",169448.0,2025,Export
KOR,Rep. of Korea,GUM,Guam,agriculture,12,"Oil seeds and oleaginous fruits; miscellaneous grains, seeds and fruit, industrial or medicinal plants; straw and fodder",35162.0,2025,Export
KOR,Rep. of Korea,HKG,"China, Hong Kong SAR",agriculture,10,Cereals,9871.0,2025,Export
KOR,Rep. of Korea,HKG,"China, Hong Kong SAR",agriculture,11,"Products of the milling industry; malt, starches, inulin, wheat gluten",4741880.0,2025,Export
KOR,Rep. of Korea,HKG,"China, Hong Kong SAR",agriculture,12,"Oil seeds and oleaginous fruits; miscellaneous grains, seeds and fruit, industrial or medicinal plants; straw and fodder",10634002.0,2025,Export
KOR,Rep. of Korea,HND,Honduras,agriculture,12,"Oil seeds and oleaginous fruits; miscellaneous grains, seeds and fruit, industrial or medicinal plants; straw and fodder",29199.0,2025,Export
KOR,Rep. of Korea,HUN,Hungary,agriculture,12,"Oil seeds and oleaginous fruits; miscellaneous grains, seeds and fruit, industrial or medicinal plants; straw and fodder",27339.0,2025,Export
KOR,Rep. of Korea,IDN,Indonesia,agriculture,10,Cereals,112.0,2025,Export
KOR,Rep. of Korea,IDN,Indonesia,agriculture,11,"Products of the milling industry; malt, starches, inulin, wheat gluten",1030008.0,2025,Export
KOR,Rep. of Korea,IDN,Indonesia,agriculture,12,"Oil seeds and oleaginous fruits; miscellaneous grains, seeds and fruit, industrial or medicinal plants; straw and fodder",21069241.0,2025,Export
KOR,Rep. of Korea,IND,India,agriculture,10,Cereals,4439.0,2025,Export
KOR,Rep. of Korea,IND,India,agriculture,11,"Products of the milling industry; malt, starches, inulin, wheat gluten",8234.0,2025,Export
KOR,Rep. of Korea,IND,India,agriculture,12,"Oil seeds and oleaginous fruits; miscellaneous grains, seeds and fruit, industrial or medicinal plants; straw and fodder",6086979.0,2025,Export
KOR,Rep. of Korea,IRL,Ireland,agriculture,11,"Products of the milling industry; malt, starches, inulin, wheat gluten",895.0,2025,Export
KOR,Rep. of Korea,IRL,Ireland,agriculture,12,"Oil seeds and oleaginous fruits; miscellaneous grains, seeds and fruit, industrial or medicinal plants; straw and fodder",9245.0,2025,Export
KOR,Rep. of Korea,IRN,Iran,agriculture,12,"Oil seeds and oleaginous fruits; miscellaneous grains, seeds and fruit, industrial or medicinal plants; straw and fodder",97020.0,2025,Export
KOR,Rep. of Korea,IRQ,Iraq,agriculture,10,Cereals,43343.0,2025,Export
KOR,Rep. of Korea,IRQ,Iraq,agriculture,11,"Products of the milling industry; malt, starches, inulin, wheat gluten",12674.0,2025,Export
KOR,Rep. of Korea,IRQ,Iraq,agriculture,12,"Oil seeds and oleaginous fruits; miscellaneous grains, seeds and fruit, industrial or medicinal plants; straw and fodder",425549.0,2025,Export
KOR,Rep. of Korea,ISL,Iceland,agriculture,12,"Oil seeds and oleaginous fruits; miscellaneous grains, seeds and fruit, industrial or medicinal plants; straw and fodder",79.0,2025,Export
KOR,Rep. of Korea,ISR,Israel,agriculture,11,"Products of the milling industry; malt, starches, inulin, wheat gluten",106799.0,2025,Export
KOR,Rep. of Korea,ISR,Israel,agriculture,12,"Oil seeds and oleaginous fruits; miscellaneous grains, seeds and fruit, industrial or medicinal plants; straw and fodder",264669.0,2025,Export
KOR,Rep. of Korea,ITA,Italy,agriculture,10,Cereals,1276.0,2025,Export
KOR,Rep. of Korea,ITA,Italy,agriculture,11,"Products of the milling industry; malt, starches, inulin, wheat gluten",40.0,2025,Export
KOR,Rep. of Korea,ITA,Italy,agriculture,12,"Oil seeds and oleaginous fruits; miscellaneous grains, seeds and fruit, industrial or medicinal plants; straw and fodder",1320139.0,2025,Export
KOR,Rep. of Korea,JOR,Jordan,agriculture,11,"Products of the milling industry; malt, starches, inulin, wheat gluten",219.0,2025,Export
KOR,Rep. of Korea,JOR,Jordan,agriculture,12,"Oil seeds and oleaginous fruits; miscellaneous grains, seeds and fruit, industrial or medicinal plants; straw and fodder",54738.0,2025,Export
KOR,Rep. of Korea,JPN,Japan,agriculture,10,Cereals,1089160.0,2025,Export
KOR,Rep. of Korea,JPN,Japan,agriculture,11,"Products of the milling industry; malt, starches, inulin, wheat gluten",204995.0,2025,Export
KOR,Rep. of Korea,JPN,Japan,agriculture,12,"Oil seeds and oleaginous fruits; miscellaneous grains, seeds and fruit, industrial or medicinal plants; straw and fodder",193779645.0,2025,Export
KOR,Rep. of Korea,KAZ,Kazakhstan,agriculture,10,Cereals,111979.0,2025,Export
KOR,Rep. of Korea,KAZ,Kazakhstan,agriculture,11,"Products of the milling industry; malt, starches, inulin, wheat gluten",13132.0,2025,Export
KOR,Rep. of Korea,KAZ,Kazakhstan,agriculture,12,"Oil seeds and oleaginous fruits; miscellaneous grains, seeds and fruit, industrial or medicinal plants; straw and fodder",2303490.0,2025,Export
KOR,Rep. of Korea,KEN,Kenya,agriculture,10,Cereals,7762003.0,2025,Export
KOR,Rep. of Korea,KEN,Kenya,agriculture,11,"Products of the milling industry; malt, starches, inulin, wheat gluten",6937.0,2025,Export
KOR,Rep. of Korea,KEN,Kenya,agriculture,12,"Oil seeds and oleaginous fruits; miscellaneous grains, seeds and fruit, industrial or medicinal plants; straw and fodder",276534.0,2025,Export
KOR,Rep. of Korea,KGZ,Kyrgyzstan,agriculture,10,Cereals,105.0,2025,Export
KOR,Rep. of Korea,KGZ,Kyrgyzstan,agriculture,11,"Products of the milling industry; malt, starches, inulin, wheat gluten",34071.0,2025,Export
KOR,Rep. of Korea,KGZ,Kyrgyzstan,agriculture,12,"Oil seeds and oleaginous fruits; miscellaneous grains, seeds and fruit, industrial or medicinal plants; straw and fodder",555144.0,2025,Export
KOR,Rep. of Korea,KHM,Cambodia,agriculture,10,Cereals,49971.0,2025,Export
KOR,Rep. of Korea,KHM,Cambodia,agriculture,11,"Products of the milling industry; malt, starches, inulin, wheat gluten",112219.0,2025,Export
KOR,Rep. of Korea,KHM,Cambodia,agriculture,12,"Oil seeds and oleaginous fruits; miscellaneous grains, seeds and fruit, industrial or medicinal plants; straw and fodder",79492.0,2025,Export
KOR,Rep. of Korea,KIR,Kiribati,agriculture,12,"Oil seeds and oleaginous fruits; miscellaneous grains, seeds and fruit, industrial or medicinal plants; straw and fodder",549.0,2025,Export
KOR,Rep. of Korea,KWT,Kuwait,agriculture,10,Cereals,709.0,2025,Export
KOR,Rep. of Korea,KWT,Kuwait,agriculture,11,"Products of the milling industry; malt, starches, inulin, wheat gluten",188.0,2025,Export
KOR,Rep. of Korea,KWT,Kuwait,agriculture,12,"Oil seeds and oleaginous fruits; miscellaneous grains, seeds and fruit, industrial or medicinal plants; straw and fodder",24557.0,2025,Export
KOR,Rep. of Korea,LAO,Lao People's Dem. Rep.,agriculture,10,Cereals,3999725.0,2025,Export
KOR,Rep. of Korea,LAO,Lao People's Dem. Rep.,agriculture,11,"Products of the milling industry; malt, starches, inulin, wheat gluten",6184.0,2025,Export
KOR,Rep. of Korea,LAO,Lao People's Dem. Rep.,agriculture,12,"Oil seeds and oleaginous fruits; miscellaneous grains, seeds and fruit, industrial or medicinal plants; straw and fodder",283717.0,2025,Export
KOR,Rep. of Korea,LBN,Lebanon,agriculture,10,Cereals,306720.0,2025,Export
KOR,Rep. of Korea,LBN,Lebanon,agriculture,11,"Products of the milling industry; malt, starches, inulin, wheat gluten",52661.0,2025,Export
KOR,Rep. of Korea,LBN,Lebanon,agriculture,12,"Oil seeds and oleaginous fruits; miscellaneous grains, seeds and fruit, industrial or medicinal plants; straw and fodder",198926.0,2025,Export
KOR,Rep. of Korea,LBY,Libya,agriculture,11,"Products of the milling industry; malt, starches, inulin, wheat gluten",132.0,2025,Export
KOR,Rep. of Korea,LBY,Libya,agriculture,12,"Oil seeds and oleaginous fruits; miscellaneous grains, seeds and fruit, industrial or medicinal plants; straw and fodder",48199.0,2025,Export
KOR,Rep. of Korea,LKA,Sri Lanka,agriculture,10,Cereals,263.0,2025,Export
KOR,Rep. of Korea,LKA,Sri Lanka,agriculture,12,"Oil seeds and oleaginous fruits; miscellaneous grains, seeds and fruit, industrial or medicinal plants; straw and fodder",612658.0,2025,Export
KOR,Rep. of Korea,LTU,Lithuania,agriculture,12,"Oil seeds and oleaginous fruits; miscellaneous grains, seeds and fruit, industrial or medicinal plants; straw and fodder",3982718.0,2025,Export
KOR,Rep. of Korea,LVA,Latvia,agriculture,12,"Oil seeds and oleaginous fruits; miscellaneous grains, seeds and fruit, industrial or medicinal plants; straw and fodder",63160.0,2025,Export
KOR,Rep. of Korea,MAC,"China, Macao SAR",agriculture,12,"Oil seeds and oleaginous fruits; miscellaneous grains, seeds and fruit, industrial or medicinal plants; straw and fodder",109804.0,2025,Export
KOR,Rep. of Korea,MAR,Morocco,agriculture,11,"Products of the milling industry; malt, starches, inulin, wheat gluten",635.0,2025,Export
KOR,Rep. of Korea,MAR,Morocco,agriculture,12,"Oil seeds and oleaginous fruits; miscellaneous grains, seeds and fruit, industrial or medicinal plants; straw and fodder",48072.0,2025,Export
KOR,Rep. of Korea,MDA,Rep. of Moldova,agriculture,12,"Oil seeds and oleaginous fruits; miscellaneous grains, seeds and fruit, industrial or medicinal plants; straw and fodder",67197.0,2025,Export
KOR,Rep. of Korea,MDG,Madagascar,agriculture,10,Cereals,3324672.0,2025,Export
KOR,Rep. of Korea,MDG,Madagascar,agriculture,12,"Oil seeds and oleaginous fruits; miscellaneous grains, seeds and fruit, industrial or medicinal plants; straw and fodder",18.0,2025,Export
KOR,Rep. of Korea,MDV,Maldives,agriculture,12,"Oil seeds and oleaginous fruits; miscellaneous grains, seeds and fruit, industrial or medicinal plants; straw and fodder",19.0,2025,Export
KOR,Rep. of Korea,MEX,Mexico,agriculture,10,Cereals,6626.0,2025,Export
KOR,Rep. of Korea,MEX,Mexico,agriculture,11,"Products of the milling industry; malt, starches, inulin, wheat gluten",35189.0,2025,Export
KOR,Rep. of Korea,MEX,Mexico,agriculture,12,"Oil seeds and oleaginous fruits; miscellaneous grains, seeds and fruit, industrial or medicinal plants; straw and fodder",2576908.0,2025,Export
KOR,Rep. of Korea,MHL,Marshall Isds,agriculture,10,Cereals,70.0,2025,Export
KOR,Rep. of Korea,MHL,Marshall Isds,agriculture,11,"Products of the milling industry; malt, starches, inulin, wheat gluten",65233.0,2025,Export
KOR,Rep. of Korea,MHL,Marshall Isds,agriculture,12,"Oil seeds and oleaginous fruits; miscellaneous grains, seeds and fruit, industrial or medicinal plants; straw and fodder",465.0,2025,Export
KOR,Rep. of Korea,MKD,North Macedonia,agriculture,12,"Oil seeds and oleaginous fruits; miscellaneous grains, seeds and fruit, industrial or medicinal plants; straw and fodder",80320.0,2025,Export
KOR,Rep. of Korea,MLI,Mali,agriculture,12,"Oil seeds and oleaginous fruits; miscellaneous grains, seeds and fruit, industrial or medicinal plants; straw and fodder",3.0,2025,Export
KOR,Rep. of Korea,MLT,Malta,agriculture,12,"Oil seeds and oleaginous fruits; miscellaneous grains, seeds and fruit, industrial or medicinal plants; straw and fodder",977.0,2025,Export
KOR,Rep. of Korea,MMR,Myanmar,agriculture,10,Cereals,7520982.0,2025,Export
KOR,Rep. of Korea,MMR,Myanmar,agriculture,12,"Oil seeds and oleaginous fruits; miscellaneous grains, seeds and fruit, industrial or medicinal plants; straw and fodder",207479.0,2025,Export
KOR,Rep. of Korea,MNG,Mongolia,agriculture,10,Cereals,212776.0,2025,Export
KOR,Rep. of Korea,MNG,Mongolia,agriculture,11,"Products of the milling industry; malt, starches, inulin, wheat gluten",181643.0,2025,Export
KOR,Rep. of Korea,MNG,Mongolia,agriculture,12,"Oil seeds and oleaginous fruits; miscellaneous grains, seeds and fruit, industrial or medicinal plants; straw and fodder",2061774.0,2025,Export
KOR,Rep. of Korea,MNP,N. Mariana Isds,agriculture,10,Cereals,3227.0,2025,Export
KOR,Rep. of Korea,MNP,N. Mariana Isds,agriculture,11,"Products of the milling industry; malt, starches, inulin, wheat gluten",171869.0,2025,Export
KOR,Rep. of Korea,MNP,N. Mariana Isds,agriculture,12,"Oil seeds and oleaginous fruits; miscellaneous grains, seeds and fruit, industrial or medicinal plants; straw and fodder",11038.0,2025,Export
KOR,Rep. of Korea,MOZ,Mozambique,agriculture,10,Cereals,775577.0,2025,Export
KOR,Rep. of Korea,MOZ,Mozambique,agriculture,11,"Products of the milling industry; malt, starches, inulin, wheat gluten",389.0,2025,Export
KOR,Rep. of Korea,MOZ,Mozambique,agriculture,12,"Oil seeds and oleaginous fruits; miscellaneous grains, seeds and fruit, industrial or medicinal plants; straw and fodder",4000.0,2025,Export
KOR,Rep. of Korea,MRT,Mauritania,agriculture,10,Cereals,4335660.0,2025,Export
KOR,Rep. of Korea,MUS,Mauritius,agriculture,11,"Products of the milling industry; malt, starches, inulin, wheat gluten",587.0,2025,Export
KOR,Rep. of Korea,MUS,Mauritius,agriculture,12,"Oil seeds and oleaginous fruits; miscellaneous grains, seeds and fruit, industrial or medicinal plants; straw and fodder",57734.0,2025,Export
KOR,Rep. of Korea,MYS,Malaysia,agriculture,10,Cereals,1268637.0,2025,Export
KOR,Rep. of Korea,MYS,Malaysia,agriculture,11,"Products of the milling industry; malt, starches, inulin, wheat gluten",11670907.0,2025,Export
KOR,Rep. of Korea,MYS,Malaysia,agriculture,12,"Oil seeds and oleaginous fruits; miscellaneous grains, seeds and fruit, industrial or medicinal plants; straw and fodder",1212112.0,2025,Export
KOR,Rep. of Korea,NAM,Namibia,agriculture,10,Cereals,1738080.0,2025,Export
KOR,Rep. of Korea,NAM,Namibia,agriculture,12,"Oil seeds and oleaginous fruits; miscellaneous grains, seeds and fruit, industrial or medicinal plants; straw and fodder",65.0,2025,Export
KOR,Rep. of Korea,NGA,Nigeria,agriculture,10,Cereals,51820.0,2025,Export
KOR,Rep. of Korea,NGA,Nigeria,agriculture,11,"Products of the milling industry; malt, starches, inulin, wheat gluten",3483.0,2025,Export
KOR,Rep. of Korea,NGA,Nigeria,agriculture,12,"Oil seeds and oleaginous fruits; miscellaneous grains, seeds and fruit, industrial or medicinal plants; straw and fodder",108060.0,2025,Export
KOR,Rep. of Korea,NIC,Nicaragua,agriculture,11,"Products of the milling industry; malt, starches, inulin, wheat gluten",901.0,2025,Export
KOR,Rep. of Korea,NIC,Nicaragua,agriculture,12,"Oil seeds and oleaginous fruits; miscellaneous grains, seeds and fruit, industrial or medicinal plants; straw and fodder",493.0,2025,Export
KOR,Rep. of Korea,NLD,Netherlands,agriculture,10,Cereals,405111.0,2025,Export
KOR,Rep. of Korea,NLD,Netherlands,agriculture,11,"Products of the milling industry; malt, starches, inulin, wheat gluten",23433.0,2025,Export
KOR,Rep. of Korea,NLD,Netherlands,agriculture,12,"Oil seeds and oleaginous fruits; miscellaneous grains, seeds and fruit, industrial or medicinal plants; straw and fodder",1831142.0,2025,Export
KOR,Rep. of Korea,NOR,Norway,agriculture,10,Cereals,10.0,2025,Export
KOR,Rep. of Korea,NOR,Norway,agriculture,11,"Products of the milling industry; malt, starches, inulin, wheat gluten",600.0,2025,Export
KOR,Rep. of Korea,NOR,Norway,agriculture,12,"Oil seeds and oleaginous fruits; miscellaneous grains, seeds and fruit, industrial or medicinal plants; straw and fodder",107173.0,2025,Export
KOR,Rep. of Korea,NPL,Nepal,agriculture,12,"Oil seeds and oleaginous fruits; miscellaneous grains, seeds and fruit, industrial or medicinal plants; straw and fodder",841673.0,2025,Export
KOR,Rep. of Korea,NZL,New Zealand,agriculture,10,Cereals,126489.0,2025,Export
KOR,Rep. of Korea,NZL,New Zealand,agriculture,11,"Products of the milling industry; malt, starches, inulin, wheat gluten",210235.0,2025,Export
KOR,Rep. of Korea,NZL,New Zealand,agriculture,12,"Oil seeds and oleaginous fruits; miscellaneous grains, seeds and fruit, industrial or medicinal plants; straw and fodder",467042.0,2025,Export
KOR,Rep. of Korea,OMN,Oman,agriculture,10,Cereals,92.0,2025,Export
KOR,Rep. of Korea,OMN,Oman,agriculture,11,"Products of the milling industry; malt, starches, inulin, wheat gluten",370.0,2025,Export
KOR,Rep. of Korea,OMN,Oman,agriculture,12,"Oil seeds and oleaginous fruits; miscellaneous grains, seeds and fruit, industrial or medicinal plants; straw and fodder",17130.0,2025,Export
KOR,Rep. of Korea,PAK,Pakistan,agriculture,12,"Oil seeds and oleaginous fruits; miscellaneous grains, seeds and fruit, industrial or medicinal plants; straw and fodder",2867354.0,2025,Export
KOR,Rep. of Korea,PAN,Panama,agriculture,11,"Products of the milling industry; malt, starches, inulin, wheat gluten",169.0,2025,Export
KOR,Rep. of Korea,PAN,Panama,agriculture,12,"Oil seeds and oleaginous fruits; miscellaneous grains, seeds and fruit, industrial or medicinal plants; straw and fodder",53701.0,2025,Export
KOR,Rep. of Korea,PER,Peru,agriculture,12,"Oil seeds and oleaginous fruits; miscellaneous grains, seeds and fruit, industrial or medicinal plants; straw and fodder",350887.0,2025,Export
KOR,Rep. of Korea,PHL,Philippines,agriculture,10,Cereals,1356788.0,2025,Export
KOR,Rep. of Korea,PHL,Philippines,agriculture,11,"Products of the milling industry; malt, starches, inulin, wheat gluten",340505.0,2025,Export
KOR,Rep. of Korea,PHL,Philippines,agriculture,12,"Oil seeds and oleaginous fruits; miscellaneous grains, seeds and fruit, industrial or medicinal plants; straw and fodder",2584263.0,2025,Export
KOR,Rep. of Korea,PLW,Palau,agriculture,11,"Products of the milling industry; malt, starches, inulin, wheat gluten",2975.0,2025,Export
KOR,Rep. of Korea,PLW,Palau,agriculture,12,"Oil seeds and oleaginous fruits; miscellaneous grains, seeds and fruit, industrial or medicinal plants; straw and fodder",185.0,2025,Export
KOR,Rep. of Korea,PNG,Papua New Guinea,agriculture,10,Cereals,18.0,2025,Export
KOR,Rep. of Korea,POL,Poland,agriculture,11,"Products of the milling industry; malt, starches, inulin, wheat gluten",10878.0,2025,Export
KOR,Rep. of Korea,POL,Poland,agriculture,12,"Oil seeds and oleaginous fruits; miscellaneous grains, seeds and fruit, industrial or medicinal plants; straw and fodder",416355.0,2025,Export
KOR,Rep. of Korea,PRT,Portugal,agriculture,12,"Oil seeds and oleaginous fruits; miscellaneous grains, seeds and fruit, industrial or medicinal plants; straw and fodder",6809.0,2025,Export
KOR,Rep. of Korea,PRY,Paraguay,agriculture,11,"Products of the milling industry; malt, starches, inulin, wheat gluten",906.0,2025,Export
KOR,Rep. of Korea,PRY,Paraguay,agriculture,12,"Oil seeds and oleaginous fruits; miscellaneous grains, seeds and fruit, industrial or medicinal plants; straw and fodder",3671.0,2025,Export
KOR,Rep. of Korea,PYF,French Polynesia,agriculture,12,"Oil seeds and oleaginous fruits; miscellaneous grains, seeds and fruit, industrial or medicinal plants; straw and fodder",610.0,2025,Export
KOR,Rep. of Korea,QAT,Qatar,agriculture,10,Cereals,6372.0,2025,Export
KOR,Rep. of Korea,QAT,Qatar,agriculture,11,"Products of the milling industry; malt, starches, inulin, wheat gluten",2951.0,2025,Export
KOR,Rep. of Korea,QAT,Qatar,agriculture,12,"Oil seeds and oleaginous fruits; miscellaneous grains, seeds and fruit, industrial or medicinal plants; straw and fodder",45779.0,2025,Export
KOR,Rep. of Korea,ROU,Romania,agriculture,12,"Oil seeds and oleaginous fruits; miscellaneous grains, seeds and fruit, industrial or medicinal plants; straw and fodder",157019.0,2025,Export
KOR,Rep. of Korea,RUS,Russian Federation,agriculture,10,Cereals,158038.0,2025,Export
KOR,Rep. of Korea,RUS,Russian Federation,agriculture,11,"Products of the milling industry; malt, starches, inulin, wheat gluten",431747.0,2025,Export
KOR,Rep. of Korea,RUS,Russian Federation,agriculture,12,"Oil seeds and oleaginous fruits; miscellaneous grains, seeds and fruit, industrial or medicinal plants; straw and fodder",79890060.0,2025,Export
KOR,Rep. of Korea,S19,"Other Asia, nes",agriculture,10,Cereals,7362.0,2025,Export
KOR,Rep. of Korea,S19,"Other Asia, nes",agriculture,11,"Products of the milling industry; malt, starches, inulin, wheat gluten",3122883.0,2025,Export
KOR,Rep. of Korea,S19,"Other Asia, nes",agriculture,12,"Oil seeds and oleaginous fruits; miscellaneous grains, seeds and fruit, industrial or medicinal plants; straw and fodder",40274927.0,2025,Export
KOR,Rep. of Korea,SAU,Saudi Arabia,agriculture,10,Cereals,1808.0,2025,Export
KOR,Rep. of Korea,SAU,Saudi Arabia,agriculture,11,"Products of the milling industry; malt, starches, inulin, wheat gluten",82185.0,2025,Export
KOR,Rep. of Korea,SAU,Saudi Arabia,agriculture,12,"Oil seeds and oleaginous fruits; miscellaneous grains, seeds and fruit, industrial or medicinal plants; straw and fodder",300058.0,2025,Export
KOR,Rep. of Korea,SDN,Sudan,agriculture,10,Cereals,19.0,2025,Export
KOR,Rep. of Korea,SDN,Sudan,agriculture,11,"Products of the milling industry; malt, starches, inulin, wheat gluten",22773.0,2025,Export
KOR,Rep. of Korea,SEN,Senegal,agriculture,12,"Oil seeds and oleaginous fruits; miscellaneous grains, seeds and fruit, industrial or medicinal plants; straw and fodder",19420.0,2025,Export
KOR,Rep. of Korea,SGP,Singapore,agriculture,10,Cereals,220881.0,2025,Export
KOR,Rep. of Korea,SGP,Singapore,agriculture,11,"Products of the milling industry; malt, starches, inulin, wheat gluten",2210626.0,2025,Export
KOR,Rep. of Korea,SGP,Singapore,agriculture,12,"Oil seeds and oleaginous fruits; miscellaneous grains, seeds and fruit, industrial or medicinal plants; straw and fodder",4448195.0,2025,Export
KOR,Rep. of Korea,SLE,Sierra Leone,agriculture,10,Cereals,599400.0,2025,Export
KOR,Rep. of Korea,SRB,Serbia,agriculture,12,"Oil seeds and oleaginous fruits; miscellaneous grains, seeds and fruit, industrial or medicinal plants; straw and fodder",85996.0,2025,Export
KOR,Rep. of Korea,SVK,Slovakia,agriculture,11,"Products of the milling industry; malt, starches, inulin, wheat gluten",3554.0,2025,Export
KOR,Rep. of Korea,SVK,Slovakia,agriculture,12,"Oil seeds and oleaginous fruits; miscellaneous grains, seeds and fruit, industrial or medicinal plants; straw and fodder",13960.0,2025,Export
KOR,Rep. of Korea,SWE,Sweden,agriculture,11,"Products of the milling industry; malt, starches, inulin, wheat gluten",355.0,2025,Export
KOR,Rep. of Korea,SWE,Sweden,agriculture,12,"Oil seeds and oleaginous fruits; miscellaneous grains, seeds and fruit, industrial or medicinal plants; straw and fodder",31235.0,2025,Export
KOR,Rep. of Korea,SYR,Syria,agriculture,10,Cereals,852000.0,2025,Export
KOR,Rep. of Korea,TGO,Togo,agriculture,12,"Oil seeds and oleaginous fruits; miscellaneous grains, seeds and fruit, industrial or medicinal plants; straw and fodder",555.0,2025,Export
KOR,Rep. of Korea,THA,Thailand,agriculture,10,Cereals,15241.0,2025,Export
KOR,Rep. of Korea,THA,Thailand,agriculture,11,"Products of the milling industry; malt, starches, inulin, wheat gluten",394456.0,2025,Export
KOR,Rep. of Korea,THA,Thailand,agriculture,12,"Oil seeds and oleaginous fruits; miscellaneous grains, seeds and fruit, industrial or medicinal plants; straw and fodder",91023128.0,2025,Export
KOR,Rep. of Korea,TJK,Tajikistan,agriculture,10,Cereals,340800.0,2025,Export
KOR,Rep. of Korea,TLS,Timor-Leste,agriculture,10,Cereals,30.0,2025,Export
KOR,Rep. of Korea,TLS,Timor-Leste,agriculture,11,"Products of the milling industry; malt, starches, inulin, wheat gluten",84.0,2025,Export
KOR,Rep. of Korea,TLS,Timor-Leste,agriculture,12,"Oil seeds and oleaginous fruits; miscellaneous grains, seeds and fruit, industrial or medicinal plants; straw and fodder",17.0,2025,Export
KOR,Rep. of Korea,TUN,Tunisia,agriculture,10,Cereals,1483.0,2025,Export
KOR,Rep. of Korea,TUN,Tunisia,agriculture,11,"Products of the milling industry; malt, starches, inulin, wheat gluten",72.0,2025,Export
KOR,Rep. of Korea,TUN,Tunisia,agriculture,12,"Oil seeds and oleaginous fruits; miscellaneous grains, seeds and fruit, industrial or medicinal plants; straw and fodder",1163819.0,2025,Export
KOR,Rep. of Korea,TUR,Türkiye,agriculture,10,Cereals,11278012.0,2025,Export
KOR,Rep. of Korea,TUR,Türkiye,agriculture,12,"Oil seeds and oleaginous fruits; miscellaneous grains, seeds and fruit, industrial or medicinal plants; straw and fodder",3189481.0,2025,Export
KOR,Rep. of Korea,TZA,United Rep. of Tanzania,agriculture,12,"Oil seeds and oleaginous fruits; miscellaneous grains, seeds and fruit, industrial or medicinal plants; straw and fodder",48060.0,2025,Export
KOR,Rep. of Korea,UGA,Uganda,agriculture,10,Cereals,847152.0,2025,Export
KOR,Rep. of Korea,UGA,Uganda,agriculture,12,"Oil seeds and oleaginous fruits; miscellaneous grains, seeds and fruit, industrial or medicinal plants; straw and fodder",11178.0,2025,Export
KOR,Rep. of Korea,UKR,Ukraine,agriculture,12,"Oil seeds and oleaginous fruits; miscellaneous grains, seeds and fruit, industrial or medicinal plants; straw and fodder",892896.0,2025,Export
KOR,Rep. of Korea,URY,Uruguay,agriculture,12,"Oil seeds and oleaginous fruits; miscellaneous grains, seeds and fruit, industrial or medicinal plants; straw and fodder",963.0,2025,Export
KOR,Rep. of Korea,USA,USA,agriculture,10,Cereals,5580652.0,2025,Export
KOR,Rep. of Korea,USA,USA,agriculture,11,"Products of the milling industry; malt, starches, inulin, wheat gluten",10916175.0,2025,Export
KOR,Rep. of Korea,USA,USA,agriculture,12,"Oil seeds and oleaginous fruits; miscellaneous grains, seeds and fruit, industrial or medicinal plants; straw and fodder",32973405.0,2025,Export
KOR,Rep. of Korea,UZB,Uzbekistan,agriculture,10,Cereals,884.0,2025,Export
KOR,Rep. of Korea,UZB,Uzbekistan,agriculture,12,"Oil seeds and oleaginous fruits; miscellaneous grains, seeds and fruit, industrial or medicinal plants; straw and fodder",1600125.0,2025,Export
KOR,Rep. of Korea,VNM,Viet Nam,agriculture,10,Cereals,135858.0,2025,Export
KOR,Rep. of Korea,VNM,Viet Nam,agriculture,11,"Products of the milling industry; malt, starches, inulin, wheat gluten",1436512.0,2025,Export
KOR,Rep. of Korea,VNM,Viet Nam,agriculture,12,"Oil seeds and oleaginous fruits; miscellaneous grains, seeds and fruit, industrial or medicinal plants; straw and fodder",27427589.0,2025,Export
KOR,Rep. of Korea,VUT,Vanuatu,agriculture,10,Cereals,77.0,2025,Export
KOR,Rep. of Korea,VUT,Vanuatu,agriculture,11,"Products of the milling industry; malt, starches, inulin, wheat gluten",573.0,2025,Export
KOR,Rep. of Korea,VUT,Vanuatu,agriculture,12,"Oil seeds and oleaginous fruits; miscellaneous grains, seeds and fruit, industrial or medicinal plants; straw and fodder",915.0,2025,Export
KOR,Rep. of Korea,W00,World,agriculture,10,Cereals,87359195.0,2025,Export
KOR,Rep. of Korea,W00,World,agriculture,11,"Products of the milling industry; malt, starches, inulin, wheat gluten",42508853.0,2025,Export
KOR,Rep. of Korea,W00,World,agriculture,12,"Oil seeds and oleaginous fruits; miscellaneous grains, seeds and fruit, industrial or medicinal plants; straw and fodder",705054215.0,2025,Export
KOR,Rep. of Korea,WSM,Samoa,agriculture,12,"Oil seeds and oleaginous fruits; miscellaneous grains, seeds and fruit, industrial or medicinal plants; straw and fodder",1483.0,2025,Export
KOR,Rep. of Korea,YEM,Yemen,agriculture,10,Cereals,8315520.0,2025,Export
KOR,Rep. of Korea,YEM,Yemen,agriculture,12,"Oil seeds and oleaginous fruits; miscellaneous grains, seeds and fruit, industrial or medicinal plants; straw and fodder",14150.0,2025,Export
KOR,Rep. of Korea,ZAF,South Africa,agriculture,10,Cereals,18511.0,2025,Export
KOR,Rep. of Korea,ZAF,South Africa,agriculture,11,"Products of the milling industry; malt, starches, inulin, wheat gluten",4423.0,2025,Export
KOR,Rep. of Korea,ZAF,South Africa,agriculture,12,"Oil seeds and oleaginous fruits; miscellaneous grains, seeds and fruit, industrial or medicinal plants; straw and fodder",224032.0,2025,Export
KOR,Rep. of Korea,ZMB,Zambia,agriculture,10,Cereals,137.0,2025,Export
KOR,Rep. of Korea,ZWE,Zimbabwe,agriculture,12,"Oil seeds and oleaginous fruits; miscellaneous grains, seeds and fruit, industrial or medicinal plants; straw and fodder",8547.0,2025,Export
KOR,Rep. of Korea,_X,"Areas, nes",agriculture,12,"Oil seeds and oleaginous fruits; miscellaneous grains, seeds and fruit, industrial or medicinal plants; straw and fodder",27526.0,2025,Export
MEX,Mexico,ARE,United Arab Emirates,agriculture,11,"Products of the milling industry; malt, starches, inulin, wheat gluten",33524.0,2025,Export
MEX,Mexico,ARE,United Arab Emirates,agriculture,12,"Oil seeds and oleaginous fruits; miscellaneous grains, seeds and fruit, industrial or medicinal plants; straw and fodder",337543.0,2025,Export
MEX,Mexico,AUS,Australia,agriculture,11,"Products of the milling industry; malt, starches, inulin, wheat gluten",674508.0,2025,Export
MEX,Mexico,AUS,Australia,agriculture,12,"Oil seeds and oleaginous fruits; miscellaneous grains, seeds and fruit, industrial or medicinal plants; straw and fodder",173020.0,2025,Export
MEX,Mexico,BLZ,Belize,agriculture,10,Cereals,353994.0,2025,Export
MEX,Mexico,BLZ,Belize,agriculture,11,"Products of the milling industry; malt, starches, inulin, wheat gluten",4157241.0,2025,Export
MEX,Mexico,BLZ,Belize,agriculture,12,"Oil seeds and oleaginous fruits; miscellaneous grains, seeds and fruit, industrial or medicinal plants; straw and fodder",160932.0,2025,Export
MEX,Mexico,BRA,Brazil,agriculture,12,"Oil seeds and oleaginous fruits; miscellaneous grains, seeds and fruit, industrial or medicinal plants; straw and fodder",4702889.0,2025,Export
MEX,Mexico,CAN,Canada,agriculture,10,Cereals,13011.0,2025,Export
MEX,Mexico,CAN,Canada,agriculture,11,"Products of the milling industry; malt, starches, inulin, wheat gluten",1030002.0,2025,Export
MEX,Mexico,CAN,Canada,agriculture,12,"Oil seeds and oleaginous fruits; miscellaneous grains, seeds and fruit, industrial or medicinal plants; straw and fodder",7328000.0,2025,Export
MEX,Mexico,CHE,Switzerland,agriculture,11,"Products of the milling industry; malt, starches, inulin, wheat gluten",145244.0,2025,Export
MEX,Mexico,CHE,Switzerland,agriculture,12,"Oil seeds and oleaginous fruits; miscellaneous grains, seeds and fruit, industrial or medicinal plants; straw and fodder",5358.0,2025,Export
MEX,Mexico,CHL,Chile,agriculture,10,Cereals,21139.0,2025,Export
MEX,Mexico,CHL,Chile,agriculture,11,"Products of the milling industry; malt, starches, inulin, wheat gluten",1183872.0,2025,Export
MEX,Mexico,CHL,Chile,agriculture,12,"Oil seeds and oleaginous fruits; miscellaneous grains, seeds and fruit, industrial or medicinal plants; straw and fodder",431437.0,2025,Export
MEX,Mexico,CHN,China,agriculture,11,"Products of the milling industry; malt, starches, inulin, wheat gluten",618608.0,2025,Export
MEX,Mexico,CHN,China,agriculture,12,"Oil seeds and oleaginous fruits; miscellaneous grains, seeds and fruit, industrial or medicinal plants; straw and fodder",11906204.0,2025,Export
MEX,Mexico,COL,Colombia,agriculture,10,Cereals,385701.0,2025,Export
MEX,Mexico,COL,Colombia,agriculture,11,"Products of the milling industry; malt, starches, inulin, wheat gluten",7738089.0,2025,Export
MEX,Mexico,COL,Colombia,agriculture,12,"Oil seeds and oleaginous fruits; miscellaneous grains, seeds and fruit, industrial or medicinal plants; straw and fodder",954552.0,2025,Export
MEX,Mexico,CRI,Costa Rica,agriculture,10,Cereals,145665.0,2025,Export
MEX,Mexico,CRI,Costa Rica,agriculture,11,"Products of the milling industry; malt, starches, inulin, wheat gluten",2010847.0,2025,Export
MEX,Mexico,CRI,Costa Rica,agriculture,12,"Oil seeds and oleaginous fruits; miscellaneous grains, seeds and fruit, industrial or medicinal plants; straw and fodder",137480.0,2025,Export
MEX,Mexico,CUB,Cuba,agriculture,10,Cereals,8202961.0,2025,Export
MEX,Mexico,CUB,Cuba,agriculture,11,"Products of the milling industry; malt, starches, inulin, wheat gluten",2115697.0,2025,Export
MEX,Mexico,CUB,Cuba,agriculture,12,"Oil seeds and oleaginous fruits; miscellaneous grains, seeds and fruit, industrial or medicinal plants; straw and fodder",4144426.0,2025,Export
MEX,Mexico,DEU,Germany,agriculture,10,Cereals,46444.0,2025,Export
MEX,Mexico,DEU,Germany,agriculture,11,"Products of the milling industry; malt, starches, inulin, wheat gluten",1965778.0,2025,Export
MEX,Mexico,DEU,Germany,agriculture,12,"Oil seeds and oleaginous fruits; miscellaneous grains, seeds and fruit, industrial or medicinal plants; straw and fodder",2332253.0,2025,Export
MEX,Mexico,DOM,Dominican Rep.,agriculture,11,"Products of the milling industry; malt, starches, inulin, wheat gluten",2729176.0,2025,Export
MEX,Mexico,ECU,Ecuador,agriculture,11,"Products of the milling industry; malt, starches, inulin, wheat gluten",865454.0,2025,Export
MEX,Mexico,ESP,Spain,agriculture,10,Cereals,88832.0,2025,Export
MEX,Mexico,ESP,Spain,agriculture,11,"Products of the milling industry; malt, starches, inulin, wheat gluten",2079513.0,2025,Export
MEX,Mexico,ESP,Spain,agriculture,12,"Oil seeds and oleaginous fruits; miscellaneous grains, seeds and fruit, industrial or medicinal plants; straw and fodder",1457294.0,2025,Export
MEX,Mexico,FRA,France,agriculture,10,Cereals,2841597.0,2025,Export
MEX,Mexico,FRA,France,agriculture,12,"Oil seeds and oleaginous fruits; miscellaneous grains, seeds and fruit, industrial or medicinal plants; straw and fodder",593052.0,2025,Export
MEX,Mexico,GBR,United Kingdom,agriculture,10,Cereals,611488.0,2025,Export
MEX,Mexico,GBR,United Kingdom,agriculture,11,"Products of the milling industry; malt, starches, inulin, wheat gluten",589804.0,2025,Export
MEX,Mexico,GBR,United Kingdom,agriculture,12,"Oil seeds and oleaginous fruits; miscellaneous grains, seeds and fruit, industrial or medicinal plants; straw and fodder",147808.0,2025,Export
MEX,Mexico,GTM,Guatemala,agriculture,10,Cereals,10040196.0,2025,Export
MEX,Mexico,GTM,Guatemala,agriculture,11,"Products of the milling industry; malt, starches, inulin, wheat gluten",21123712.0,2025,Export
MEX,Mexico,GTM,Guatemala,agriculture,12,"Oil seeds and oleaginous fruits; miscellaneous grains, seeds and fruit, industrial or medicinal plants; straw and fodder",2501310.0,2025,Export
MEX,Mexico,HND,Honduras,agriculture,12,"Oil seeds and oleaginous fruits; miscellaneous grains, seeds and fruit, industrial or medicinal plants; straw and fodder",700221.0,2025,Export
MEX,Mexico,HUN,Hungary,agriculture,10,Cereals,43073.0,2025,Export
MEX,Mexico,IND,India,agriculture,12,"Oil seeds and oleaginous fruits; miscellaneous grains, seeds and fruit, industrial or medicinal plants; straw and fodder",218346.0,2025,Export
MEX,Mexico,JAM,Jamaica,agriculture,11,"Products of the milling industry; malt, starches, inulin, wheat gluten",289191.0,2025,Export
MEX,Mexico,JPN,Japan,agriculture,10,Cereals,17666.0,2025,Export
MEX,Mexico,JPN,Japan,agriculture,11,"Products of the milling industry; malt, starches, inulin, wheat gluten",1209.0,2025,Export
MEX,Mexico,JPN,Japan,agriculture,12,"Oil seeds and oleaginous fruits; miscellaneous grains, seeds and fruit, industrial or medicinal plants; straw and fodder",1280730.0,2025,Export
MEX,Mexico,NLD,Netherlands,agriculture,11,"Products of the milling industry; malt, starches, inulin, wheat gluten",674881.0,2025,Export
MEX,Mexico,NLD,Netherlands,agriculture,12,"Oil seeds and oleaginous fruits; miscellaneous grains, seeds and fruit, industrial or medicinal plants; straw and fodder",26294266.0,2025,Export
MEX,Mexico,NZL,New Zealand,agriculture,11,"Products of the milling industry; malt, starches, inulin, wheat gluten",40343.0,2025,Export
MEX,Mexico,NZL,New Zealand,agriculture,12,"Oil seeds and oleaginous fruits; miscellaneous grains, seeds and fruit, industrial or medicinal plants; straw and fodder",54441.0,2025,Export
MEX,Mexico,PAN,Panama,agriculture,11,"Products of the milling industry; malt, starches, inulin, wheat gluten",5989320.0,2025,Export
MEX,Mexico,PAN,Panama,agriculture,12,"Oil seeds and oleaginous fruits; miscellaneous grains, seeds and fruit, industrial or medicinal plants; straw and fodder",188493.0,2025,Export
MEX,Mexico,PER,Peru,agriculture,11,"Products of the milling industry; malt, starches, inulin, wheat gluten",599446.0,2025,Export
MEX,Mexico,PER,Peru,agriculture,12,"Oil seeds and oleaginous fruits; miscellaneous grains, seeds and fruit, industrial or medicinal plants; straw and fodder",786044.0,2025,Export
MEX,Mexico,S19,"Other Asia, nes",agriculture,12,"Oil seeds and oleaginous fruits; miscellaneous grains, seeds and fruit, industrial or medicinal plants; straw and fodder",1325759.0,2025,Export
MEX,Mexico,SLV,El Salvador,agriculture,10,Cereals,2170925.0,2025,Export
MEX,Mexico,SLV,El Salvador,agriculture,11,"Products of the milling industry; malt, starches, inulin, wheat gluten",3381600.0,2025,Export
MEX,Mexico,SLV,El Salvador,agriculture,12,"Oil seeds and oleaginous fruits; miscellaneous grains, seeds and fruit, industrial or medicinal plants; straw and fodder",645616.0,2025,Export
MEX,Mexico,THA,Thailand,agriculture,12,"Oil seeds and oleaginous fruits; miscellaneous grains, seeds and fruit, industrial or medicinal plants; straw and fodder",568740.0,2025,Export
MEX,Mexico,USA,USA,agriculture,10,Cereals,17488727.0,2025,Export
MEX,Mexico,USA,USA,agriculture,11,"Products of the milling industry; malt, starches, inulin, wheat gluten",257853071.0,2025,Export
MEX,Mexico,USA,USA,agriculture,12,"Oil seeds and oleaginous fruits; miscellaneous grains, seeds and fruit, industrial or medicinal plants; straw and fodder",123529585.0,2025,Export
MEX,Mexico,W00,World,agriculture,10,Cereals,116467596.0,2025,Export
MEX,Mexico,W00,World,agriculture,11,"Products of the milling industry; malt, starches, inulin, wheat gluten",344923135.0,2025,Export
MEX,Mexico,W00,World,agriculture,12,"Oil seeds and oleaginous fruits; miscellaneous grains, seeds and fruit, industrial or medicinal plants; straw and fodder",217592638.0,2025,Export
MEX,Mexico,_X,"Areas, nes",agriculture,10,Cereals,73996177.0,2025,Export
MEX,Mexico,_X,"Areas, nes",agriculture,11,"Products of the milling industry; malt, starches, inulin, wheat gluten",27033005.0,2025,Export
MEX,Mexico,_X,"Areas, nes",agriculture,12,"Oil seeds and oleaginous fruits; miscellaneous grains, seeds and fruit, industrial or medicinal plants; straw and fodder",24686839.0,2025,Export
TUR,Türkiye,ABW,Aruba,agriculture,11,"Products of the milling industry; malt, starches, inulin, wheat gluten",11923.0,2025,Export
TUR,Türkiye,ABW,Aruba,agriculture,11,"Products of the milling industry; malt, starches, inulin, wheat gluten",11923.0,2025,Export
TUR,Türkiye,AFG,Afghanistan,agriculture,10,Cereals,38393.0,2025,Export
TUR,Türkiye,AFG,Afghanistan,agriculture,10,Cereals,38393.0,2025,Export
TUR,Türkiye,AFG,Afghanistan,agriculture,11,"Products of the milling industry; malt, starches, inulin, wheat gluten",146270.0,2025,Export
TUR,Türkiye,AFG,Afghanistan,agriculture,11,"Products of the milling industry; malt, starches, inulin, wheat gluten",146270.0,2025,Export
TUR,Türkiye,AFG,Afghanistan,agriculture,12,"Oil seeds and oleaginous fruits; miscellaneous grains, seeds and fruit, industrial or medicinal plants; straw and fodder",330098.0,2025,Export
TUR,Türkiye,AFG,Afghanistan,agriculture,12,"Oil seeds and oleaginous fruits; miscellaneous grains, seeds and fruit, industrial or medicinal plants; straw and fodder",330098.0,2025,Export
TUR,Türkiye,AGO,Angola,agriculture,10,Cereals,16078.0,2025,Export
TUR,Türkiye,AGO,Angola,agriculture,10,Cereals,16078.0,2025,Export
TUR,Türkiye,AGO,Angola,agriculture,11,"Products of the milling industry; malt, starches, inulin, wheat gluten",2309215.0,2025,Export
TUR,Türkiye,AGO,Angola,agriculture,11,"Products of the milling industry; malt, starches, inulin, wheat gluten",2309215.0,2025,Export
TUR,Türkiye,AGO,Angola,agriculture,12,"Oil seeds and oleaginous fruits; miscellaneous grains, seeds and fruit, industrial or medicinal plants; straw and fodder",125.0,2025,Export
TUR,Türkiye,AGO,Angola,agriculture,12,"Oil seeds and oleaginous fruits; miscellaneous grains, seeds and fruit, industrial or medicinal plants; straw and fodder",125.0,2025,Export
TUR,Türkiye,ALB,Albania,agriculture,10,Cereals,4104655.0,2025,Export
TUR,Türkiye,ALB,Albania,agriculture,10,Cereals,4104655.0,2025,Export
TUR,Türkiye,ALB,Albania,agriculture,11,"Products of the milling industry; malt, starches, inulin, wheat gluten",290526.0,2025,Export
TUR,Türkiye,ALB,Albania,agriculture,11,"Products of the milling industry; malt, starches, inulin, wheat gluten",290526.0,2025,Export
TUR,Türkiye,ALB,Albania,agriculture,12,"Oil seeds and oleaginous fruits; miscellaneous grains, seeds and fruit, industrial or medicinal plants; straw and fodder",1654334.0,2025,Export
TUR,Türkiye,ALB,Albania,agriculture,12,"Oil seeds and oleaginous fruits; miscellaneous grains, seeds and fruit, industrial or medicinal plants; straw and fodder",1654334.0,2025,Export
TUR,Türkiye,ARE,United Arab Emirates,agriculture,10,Cereals,9534195.0,2025,Export
TUR,Türkiye,ARE,United Arab Emirates,agriculture,10,Cereals,9534195.0,2025,Export
TUR,Türkiye,ARE,United Arab Emirates,agriculture,11,"Products of the milling industry; malt, starches, inulin, wheat gluten",17796578.0,2025,Export
TUR,Türkiye,ARE,United Arab Emirates,agriculture,11,"Products of the milling industry; malt, starches, inulin, wheat gluten",17796578.0,2025,Export
TUR,Türkiye,ARE,United Arab Emirates,agriculture,12,"Oil seeds and oleaginous fruits; miscellaneous grains, seeds and fruit, industrial or medicinal plants; straw and fodder",386171.0,2025,Export
TUR,Türkiye,ARE,United Arab Emirates,agriculture,12,"Oil seeds and oleaginous fruits; miscellaneous grains, seeds and fruit, industrial or medicinal plants; straw and fodder",386171.0,2025,Export
TUR,Türkiye,ARG,Argentina,agriculture,11,"Products of the milling industry; malt, starches, inulin, wheat gluten",1.0,2025,Export
TUR,Türkiye,ARG,Argentina,agriculture,11,"Products of the milling industry; malt, starches, inulin, wheat gluten",1.0,2025,Export
TUR,Türkiye,ARG,Argentina,agriculture,12,"Oil seeds and oleaginous fruits; miscellaneous grains, seeds and fruit, industrial or medicinal plants; straw and fodder",134682.0,2025,Export
TUR,Türkiye,ARG,Argentina,agriculture,12,"Oil seeds and oleaginous fruits; miscellaneous grains, seeds and fruit, industrial or medicinal plants; straw and fodder",134682.0,2025,Export
TUR,Türkiye,ATG,Antigua and Barbuda,agriculture,10,Cereals,22084.0,2025,Export
TUR,Türkiye,ATG,Antigua and Barbuda,agriculture,10,Cereals,22084.0,2025,Export
TUR,Türkiye,ATG,Antigua and Barbuda,agriculture,11,"Products of the milling industry; malt, starches, inulin, wheat gluten",4953.0,2025,Export
TUR,Türkiye,ATG,Antigua and Barbuda,agriculture,11,"Products of the milling industry; malt, starches, inulin, wheat gluten",4953.0,2025,Export
TUR,Türkiye,ATG,Antigua and Barbuda,agriculture,12,"Oil seeds and oleaginous fruits; miscellaneous grains, seeds and fruit, industrial or medicinal plants; straw and fodder",441.0,2025,Export
TUR,Türkiye,ATG,Antigua and Barbuda,agriculture,12,"Oil seeds and oleaginous fruits; miscellaneous grains, seeds and fruit, industrial or medicinal plants; straw and fodder",441.0,2025,Export
TUR,Türkiye,AUS,Australia,agriculture,10,Cereals,25551.0,2025,Export
TUR,Türkiye,AUS,Australia,agriculture,10,Cereals,25551.0,2025,Export
TUR,Türkiye,AUS,Australia,agriculture,11,"Products of the milling industry; malt, starches, inulin, wheat gluten",2311569.0,2025,Export
TUR,Türkiye,AUS,Australia,agriculture,11,"Products of the milling industry; malt, starches, inulin, wheat gluten",2311569.0,2025,Export
TUR,Türkiye,AUS,Australia,agriculture,12,"Oil seeds and oleaginous fruits; miscellaneous grains, seeds and fruit, industrial or medicinal plants; straw and fodder",1046311.0,2025,Export
TUR,Türkiye,AUS,Australia,agriculture,12,"Oil seeds and oleaginous fruits; miscellaneous grains, seeds and fruit, industrial or medicinal plants; straw and fodder",1046311.0,2025,Export
TUR,Türkiye,AUT,Austria,agriculture,10,Cereals,1180695.0,2025,Export
TUR,Türkiye,AUT,Austria,agriculture,10,Cereals,1180695.0,2025,Export
TUR,Türkiye,AUT,Austria,agriculture,11,"Products of the milling industry; malt, starches, inulin, wheat gluten",12192164.0,2025,Export
TUR,Türkiye,AUT,Austria,agriculture,11,"Products of the milling industry; malt, starches, inulin, wheat gluten",12192164.0,2025,Export
TUR,Türkiye,AUT,Austria,agriculture,12,"Oil seeds and oleaginous fruits; miscellaneous grains, seeds and fruit, industrial or medicinal plants; straw and fodder",5243151.0,2025,Export
TUR,Türkiye,AUT,Austria,agriculture,12,"Oil seeds and oleaginous fruits; miscellaneous grains, seeds and fruit, industrial or medicinal plants; straw and fodder",5243151.0,2025,Export
TUR,Türkiye,AZE,Azerbaijan,agriculture,10,Cereals,2774981.0,2025,Export
TUR,Türkiye,AZE,Azerbaijan,agriculture,10,Cereals,2774981.0,2025,Export
TUR,Türkiye,AZE,Azerbaijan,agriculture,11,"Products of the milling industry; malt, starches, inulin, wheat gluten",648019.0,2025,Export
TUR,Türkiye,AZE,Azerbaijan,agriculture,11,"Products of the milling industry; malt, starches, inulin, wheat gluten",648019.0,2025,Export
TUR,Türkiye,AZE,Azerbaijan,agriculture,12,"Oil seeds and oleaginous fruits; miscellaneous grains, seeds and fruit, industrial or medicinal plants; straw and fodder",19805669.0,2025,Export
TUR,Türkiye,AZE,Azerbaijan,agriculture,12,"Oil seeds and oleaginous fruits; miscellaneous grains, seeds and fruit, industrial or medicinal plants; straw and fodder",19805669.0,2025,Export
TUR,Türkiye,BDI,Burundi,agriculture,11,"Products of the milling industry; malt, starches, inulin, wheat gluten",1457.0,2025,Export
TUR,Türkiye,BDI,Burundi,agriculture,11,"Products of the milling industry; malt, starches, inulin, wheat gluten",1457.0,2025,Export
TUR,Türkiye,BEL,Belgium,agriculture,10,Cereals,13725166.0,2025,Export
TUR,Türkiye,BEL,Belgium,agriculture,10,Cereals,13725166.0,2025,Export
TUR,Türkiye,BEL,Belgium,agriculture,11,"Products of the milling industry; malt, starches, inulin, wheat gluten",3095373.0,2025,Export
TUR,Türkiye,BEL,Belgium,agriculture,11,"Products of the milling industry; malt, starches, inulin, wheat gluten",3095373.0,2025,Export
TUR,Türkiye,BEL,Belgium,agriculture,12,"Oil seeds and oleaginous fruits; miscellaneous grains, seeds and fruit, industrial or medicinal plants; straw and fodder",3158639.0,2025,Export
TUR,Türkiye,BEL,Belgium,agriculture,12,"Oil seeds and oleaginous fruits; miscellaneous grains, seeds and fruit, industrial or medicinal plants; straw and fodder",3158639.0,2025,Export
TUR,Türkiye,BEN,Benin,agriculture,10,Cereals,28657.0,2025,Export
TUR,Türkiye,BEN,Benin,agriculture,10,Cereals,28657.0,2025,Export
TUR,Türkiye,BEN,Benin,agriculture,11,"Products of the milling industry; malt, starches, inulin, wheat gluten",11168392.0,2025,Export
TUR,Türkiye,BEN,Benin,agriculture,11,"Products of the milling industry; malt, starches, inulin, wheat gluten",11168392.0,2025,Export
TUR,Türkiye,BFA,Burkina Faso,agriculture,11,"Products of the milling industry; malt, starches, inulin, wheat gluten",19392.0,2025,Export
TUR,Türkiye,BFA,Burkina Faso,agriculture,11,"Products of the milling industry; malt, starches, inulin, wheat gluten",19392.0,2025,Export
TUR,Türkiye,BFA,Burkina Faso,agriculture,12,"Oil seeds and oleaginous fruits; miscellaneous grains, seeds and fruit, industrial or medicinal plants; straw and fodder",476.0,2025,Export
TUR,Türkiye,BFA,Burkina Faso,agriculture,12,"Oil seeds and oleaginous fruits; miscellaneous grains, seeds and fruit, industrial or medicinal plants; straw and fodder",476.0,2025,Export
TUR,Türkiye,BGD,Bangladesh,agriculture,10,Cereals,49920.0,2025,Export
TUR,Türkiye,BGD,Bangladesh,agriculture,10,Cereals,49920.0,2025,Export
TUR,Türkiye,BGD,Bangladesh,agriculture,11,"Products of the milling industry; malt, starches, inulin, wheat gluten",202728.0,2025,Export
TUR,Türkiye,BGD,Bangladesh,agriculture,11,"Products of the milling industry; malt, starches, inulin, wheat gluten",202728.0,2025,Export
TUR,Türkiye,BGD,Bangladesh,agriculture,12,"Oil seeds and oleaginous fruits; miscellaneous grains, seeds and fruit, industrial or medicinal plants; straw and fodder",161.0,2025,Export
TUR,Türkiye,BGD,Bangladesh,agriculture,12,"Oil seeds and oleaginous fruits; miscellaneous grains, seeds and fruit, industrial or medicinal plants; straw and fodder",161.0,2025,Export
TUR,Türkiye,BGR,Bulgaria,agriculture,10,Cereals,1278964.0,2025,Export
TUR,Türkiye,BGR,Bulgaria,agriculture,10,Cereals,1278964.0,2025,Export
TUR,Türkiye,BGR,Bulgaria,agriculture,11,"Products of the milling industry; malt, starches, inulin, wheat gluten",99321.0,2025,Export
TUR,Türkiye,BGR,Bulgaria,agriculture,11,"Products of the milling industry; malt, starches, inulin, wheat gluten",99321.0,2025,Export
TUR,Türkiye,BGR,Bulgaria,agriculture,12,"Oil seeds and oleaginous fruits; miscellaneous grains, seeds and fruit, industrial or medicinal plants; straw and fodder",32258900.0,2025,Export
TUR,Türkiye,BGR,Bulgaria,agriculture,12,"Oil seeds and oleaginous fruits; miscellaneous grains, seeds and fruit, industrial or medicinal plants; straw and fodder",32258900.0,2025,Export
TUR,Türkiye,BHR,Bahrain,agriculture,10,Cereals,17488.0,2025,Export
TUR,Türkiye,BHR,Bahrain,agriculture,10,Cereals,17488.0,2025,Export
TUR,Türkiye,BHR,Bahrain,agriculture,11,"Products of the milling industry; malt, starches, inulin, wheat gluten",764718.0,2025,Export
TUR,Türkiye,BHR,Bahrain,agriculture,11,"Products of the milling industry; malt, starches, inulin, wheat gluten",764718.0,2025,Export
TUR,Türkiye,BHR,Bahrain,agriculture,12,"Oil seeds and oleaginous fruits; miscellaneous grains, seeds and fruit, industrial or medicinal plants; straw and fodder",48916.0,2025,Export
TUR,Türkiye,BHR,Bahrain,agriculture,12,"Oil seeds and oleaginous fruits; miscellaneous grains, seeds and fruit, industrial or medicinal plants; straw and fodder",48916.0,2025,Export
TUR,Türkiye,BHS,Bahamas,agriculture,10,Cereals,22929.0,2025,Export
TUR,Türkiye,BHS,Bahamas,agriculture,10,Cereals,22929.0,2025,Export
TUR,Türkiye,BHS,Bahamas,agriculture,11,"Products of the milling industry; malt, starches, inulin, wheat gluten",6950.0,2025,Export
TUR,Türkiye,BHS,Bahamas,agriculture,11,"Products of the milling industry; malt, starches, inulin, wheat gluten",6950.0,2025,Export
TUR,Türkiye,BHS,Bahamas,agriculture,12,"Oil seeds and oleaginous fruits; miscellaneous grains, seeds and fruit, industrial or medicinal plants; straw and fodder",255.0,2025,Export
TUR,Türkiye,BHS,Bahamas,agriculture,12,"Oil seeds and oleaginous fruits; miscellaneous grains, seeds and fruit, industrial or medicinal plants; straw and fodder",255.0,2025,Export
TUR,Türkiye,BIH,Bosnia Herzegovina,agriculture,10,Cereals,479465.0,2025,Export
TUR,Türkiye,BIH,Bosnia Herzegovina,agriculture,10,Cereals,479465.0,2025,Export
TUR,Türkiye,BIH,Bosnia Herzegovina,agriculture,11,"Products of the milling industry; malt, starches, inulin, wheat gluten",135890.0,2025,Export
TUR,Türkiye,BIH,Bosnia Herzegovina,agriculture,11,"Products of the milling industry; malt, starches, inulin, wheat gluten",135890.0,2025,Export
TUR,Türkiye,BIH,Bosnia Herzegovina,agriculture,12,"Oil seeds and oleaginous fruits; miscellaneous grains, seeds and fruit, industrial or medicinal plants; straw and fodder",409529.0,2025,Export
TUR,Türkiye,BIH,Bosnia Herzegovina,agriculture,12,"Oil seeds and oleaginous fruits; miscellaneous grains, seeds and fruit, industrial or medicinal plants; straw and fodder",409529.0,2025,Export
TUR,Türkiye,BLR,Belarus,agriculture,10,Cereals,151708.0,2025,Export
TUR,Türkiye,BLR,Belarus,agriculture,10,Cereals,151708.0,2025,Export
TUR,Türkiye,BLR,Belarus,agriculture,11,"Products of the milling industry; malt, starches, inulin, wheat gluten",244369.0,2025,Export
TUR,Türkiye,BLR,Belarus,agriculture,11,"Products of the milling industry; malt, starches, inulin, wheat gluten",244369.0,2025,Export
TUR,Türkiye,BLR,Belarus,agriculture,12,"Oil seeds and oleaginous fruits; miscellaneous grains, seeds and fruit, industrial or medicinal plants; straw and fodder",271191.0,2025,Export
TUR,Türkiye,BLR,Belarus,agriculture,12,"Oil seeds and oleaginous fruits; miscellaneous grains, seeds and fruit, industrial or medicinal plants; straw and fodder",271191.0,2025,Export
TUR,Türkiye,BLZ,Belize,agriculture,10,Cereals,3707.0,2025,Export
TUR,Türkiye,BLZ,Belize,agriculture,10,Cereals,3707.0,2025,Export
TUR,Türkiye,BLZ,Belize,agriculture,11,"Products of the milling industry; malt, starches, inulin, wheat gluten",11221.0,2025,Export
TUR,Türkiye,BLZ,Belize,agriculture,11,"Products of the milling industry; malt, starches, inulin, wheat gluten",11221.0,2025,Export
TUR,Türkiye,BMU,Bermuda,agriculture,10,Cereals,1825.0,2025,Export
TUR,Türkiye,BMU,Bermuda,agriculture,10,Cereals,1825.0,2025,Export
TUR,Türkiye,BMU,Bermuda,agriculture,11,"Products of the milling industry; malt, starches, inulin, wheat gluten",1087.0,2025,Export
TUR,Türkiye,BMU,Bermuda,agriculture,11,"Products of the milling industry; malt, starches, inulin, wheat gluten",1087.0,2025,Export
TUR,Türkiye,BMU,Bermuda,agriculture,12,"Oil seeds and oleaginous fruits; miscellaneous grains, seeds and fruit, industrial or medicinal plants; straw and fodder",26.0,2025,Export
TUR,Türkiye,BMU,Bermuda,agriculture,12,"Oil seeds and oleaginous fruits; miscellaneous grains, seeds and fruit, industrial or medicinal plants; straw and fodder",26.0,2025,Export
TUR,Türkiye,BRA,Brazil,agriculture,11,"Products of the milling industry; malt, starches, inulin, wheat gluten",804126.0,2025,Export
TUR,Türkiye,BRA,Brazil,agriculture,11,"Products of the milling industry; malt, starches, inulin, wheat gluten",804126.0,2025,Export
TUR,Türkiye,BRA,Brazil,agriculture,12,"Oil seeds and oleaginous fruits; miscellaneous grains, seeds and fruit, industrial or medicinal plants; straw and fodder",98037.0,2025,Export
TUR,Türkiye,BRA,Brazil,agriculture,12,"Oil seeds and oleaginous fruits; miscellaneous grains, seeds and fruit, industrial or medicinal plants; straw and fodder",98037.0,2025,Export
TUR,Türkiye,BRB,Barbados,agriculture,10,Cereals,18468.0,2025,Export
TUR,Türkiye,BRB,Barbados,agriculture,10,Cereals,18468.0,2025,Export
TUR,Türkiye,BRB,Barbados,agriculture,11,"Products of the milling industry; malt, starches, inulin, wheat gluten",36109.0,2025,Export
TUR,Türkiye,BRB,Barbados,agriculture,11,"Products of the milling industry; malt, starches, inulin, wheat gluten",36109.0,2025,Export
TUR,Türkiye,BRB,Barbados,agriculture,12,"Oil seeds and oleaginous fruits; miscellaneous grains, seeds and fruit, industrial or medicinal plants; straw and fodder",527.0,2025,Export
TUR,Türkiye,BRB,Barbados,agriculture,12,"Oil seeds and oleaginous fruits; miscellaneous grains, seeds and fruit, industrial or medicinal plants; straw and fodder",527.0,2025,Export
TUR,Türkiye,BRN,Brunei Darussalam,agriculture,11,"Products of the milling industry; malt, starches, inulin, wheat gluten",761.0,2025,Export
TUR,Türkiye,BRN,Brunei Darussalam,agriculture,11,"Products of the milling industry; malt, starches, inulin, wheat gluten",761.0,2025,Export
TUR,Türkiye,BTN,Bhutan,agriculture,12,"Oil seeds and oleaginous fruits; miscellaneous grains, seeds and fruit, industrial or medicinal plants; straw and fodder",6.0,2025,Export
TUR,Türkiye,BTN,Bhutan,agriculture,12,"Oil seeds and oleaginous fruits; miscellaneous grains, seeds and fruit, industrial or medicinal plants; straw and fodder",6.0,2025,Export
TUR,Türkiye,CAF,Central African Rep.,agriculture,10,Cereals,266.0,2025,Export
TUR,Türkiye,CAF,Central African Rep.,agriculture,10,Cereals,266.0,2025,Export
TUR,Türkiye,CAF,Central African Rep.,agriculture,11,"Products of the milling industry; malt, starches, inulin, wheat gluten",426341.0,2025,Export
TUR,Türkiye,CAF,Central African Rep.,agriculture,11,"Products of the milling industry; malt, starches, inulin, wheat gluten",426341.0,2025,Export
TUR,Türkiye,CAN,Canada,agriculture,10,Cereals,494507.0,2025,Export
TUR,Türkiye,CAN,Canada,agriculture,10,Cereals,494507.0,2025,Export
TUR,Türkiye,CAN,Canada,agriculture,11,"Products of the milling industry; malt, starches, inulin, wheat gluten",3920756.0,2025,Export
TUR,Türkiye,CAN,Canada,agriculture,11,"Products of the milling industry; malt, starches, inulin, wheat gluten",3920756.0,2025,Export
TUR,Türkiye,CAN,Canada,agriculture,12,"Oil seeds and oleaginous fruits; miscellaneous grains, seeds and fruit, industrial or medicinal plants; straw and fodder",4484205.0,2025,Export
TUR,Türkiye,CAN,Canada,agriculture,12,"Oil seeds and oleaginous fruits; miscellaneous grains, seeds and fruit, industrial or medicinal plants; straw and fodder",4484205.0,2025,Export
TUR,Türkiye,CHE,Switzerland,agriculture,10,Cereals,569617.0,2025,Export
TUR,Türkiye,CHE,Switzerland,agriculture,10,Cereals,569617.0,2025,Export
TUR,Türkiye,CHE,Switzerland,agriculture,11,"Products of the milling industry; malt, starches, inulin, wheat gluten",1108275.0,2025,Export
TUR,Türkiye,CHE,Switzerland,agriculture,11,"Products of the milling industry; malt, starches, inulin, wheat gluten",1108275.0,2025,Export
TUR,Türkiye,CHE,Switzerland,agriculture,12,"Oil seeds and oleaginous fruits; miscellaneous grains, seeds and fruit, industrial or medicinal plants; straw and fodder",323148.0,2025,Export
TUR,Türkiye,CHE,Switzerland,agriculture,12,"Oil seeds and oleaginous fruits; miscellaneous grains, seeds and fruit, industrial or medicinal plants; straw and fodder",323148.0,2025,Export
TUR,Türkiye,CHL,Chile,agriculture,10,Cereals,37807.0,2025,Export
TUR,Türkiye,CHL,Chile,agriculture,10,Cereals,37807.0,2025,Export
TUR,Türkiye,CHL,Chile,agriculture,11,"Products of the milling industry; malt, starches, inulin, wheat gluten",386641.0,2025,Export
TUR,Türkiye,CHL,Chile,agriculture,11,"Products of the milling industry; malt, starches, inulin, wheat gluten",386641.0,2025,Export
TUR,Türkiye,CHL,Chile,agriculture,12,"Oil seeds and oleaginous fruits; miscellaneous grains, seeds and fruit, industrial or medicinal plants; straw and fodder",590058.0,2025,Export
TUR,Türkiye,CHL,Chile,agriculture,12,"Oil seeds and oleaginous fruits; miscellaneous grains, seeds and fruit, industrial or medicinal plants; straw and fodder",590058.0,2025,Export
TUR,Türkiye,CHN,China,agriculture,10,Cereals,1540.0,2025,Export
TUR,Türkiye,CHN,China,agriculture,10,Cereals,1540.0,2025,Export
TUR,Türkiye,CHN,China,agriculture,11,"Products of the milling industry; malt, starches, inulin, wheat gluten",187053.0,2025,Export
TUR,Türkiye,CHN,China,agriculture,11,"Products of the milling industry; malt, starches, inulin, wheat gluten",187053.0,2025,Export
TUR,Türkiye,CHN,China,agriculture,12,"Oil seeds and oleaginous fruits; miscellaneous grains, seeds and fruit, industrial or medicinal plants; straw and fodder",4032129.0,2025,Export
TUR,Türkiye,CHN,China,agriculture,12,"Oil seeds and oleaginous fruits; miscellaneous grains, seeds and fruit, industrial or medicinal plants; straw and fodder",4032129.0,2025,Export
TUR,Türkiye,CIV,Côte d'Ivoire,agriculture,11,"Products of the milling industry; malt, starches, inulin, wheat gluten",12297447.0,2025,Export
TUR,Türkiye,CIV,Côte d'Ivoire,agriculture,11,"Products of the milling industry; malt, starches, inulin, wheat gluten",12297447.0,2025,Export
TUR,Türkiye,CIV,Côte d'Ivoire,agriculture,12,"Oil seeds and oleaginous fruits; miscellaneous grains, seeds and fruit, industrial or medicinal plants; straw and fodder",941.0,2025,Export
TUR,Türkiye,CIV,Côte d'Ivoire,agriculture,12,"Oil seeds and oleaginous fruits; miscellaneous grains, seeds and fruit, industrial or medicinal plants; straw and fodder",941.0,2025,Export
TUR,Türkiye,CMR,Cameroon,agriculture,10,Cereals,3457.0,2025,Export
TUR,Türkiye,CMR,Cameroon,agriculture,10,Cereals,3457.0,2025,Export
TUR,Türkiye,CMR,Cameroon,agriculture,11,"Products of the milling industry; malt, starches, inulin, wheat gluten",10445929.0,2025,Export
TUR,Türkiye,CMR,Cameroon,agriculture,11,"Products of the milling industry; malt, starches, inulin, wheat gluten",10445929.0,2025,Export
TUR,Türkiye,CMR,Cameroon,agriculture,12,"Oil seeds and oleaginous fruits; miscellaneous grains, seeds and fruit, industrial or medicinal plants; straw and fodder",19739.0,2025,Export
TUR,Türkiye,CMR,Cameroon,agriculture,12,"Oil seeds and oleaginous fruits; miscellaneous grains, seeds and fruit, industrial or medicinal plants; straw and fodder",19739.0,2025,Export
TUR,Türkiye,COD,Dem. Rep. of the Congo,agriculture,10,Cereals,534.0,2025,Export
TUR,Türkiye,COD,Dem. Rep. of the Congo,agriculture,10,Cereals,534.0,2025,Export
TUR,Türkiye,COD,Dem. Rep. of the Congo,agriculture,11,"Products of the milling industry; malt, starches, inulin, wheat gluten",2952152.0,2025,Export
TUR,Türkiye,COD,Dem. Rep. of the Congo,agriculture,11,"Products of the milling industry; malt, starches, inulin, wheat gluten",2952152.0,2025,Export
TUR,Türkiye,COD,Dem. Rep. of the Congo,agriculture,12,"Oil seeds and oleaginous fruits; miscellaneous grains, seeds and fruit, industrial or medicinal plants; straw and fodder",1569.0,2025,Export
TUR,Türkiye,COD,Dem. Rep. of the Congo,agriculture,12,"Oil seeds and oleaginous fruits; miscellaneous grains, seeds and fruit, industrial or medicinal plants; straw and fodder",1569.0,2025,Export
TUR,Türkiye,COG,Congo,agriculture,10,Cereals,1101.0,2025,Export
TUR,Türkiye,COG,Congo,agriculture,10,Cereals,1101.0,2025,Export
TUR,Türkiye,COG,Congo,agriculture,11,"Products of the milling industry; malt, starches, inulin, wheat gluten",777008.0,2025,Export
TUR,Türkiye,COG,Congo,agriculture,11,"Products of the milling industry; malt, starches, inulin, wheat gluten",777008.0,2025,Export
TUR,Türkiye,COG,Congo,agriculture,12,"Oil seeds and oleaginous fruits; miscellaneous grains, seeds and fruit, industrial or medicinal plants; straw and fodder",661.0,2025,Export
TUR,Türkiye,COG,Congo,agriculture,12,"Oil seeds and oleaginous fruits; miscellaneous grains, seeds and fruit, industrial or medicinal plants; straw and fodder",661.0,2025,Export
TUR,Türkiye,COK,Cook Isds,agriculture,10,Cereals,4568.0,2025,Export
TUR,Türkiye,COK,Cook Isds,agriculture,10,Cereals,4568.0,2025,Export
TUR,Türkiye,COK,Cook Isds,agriculture,11,"Products of the milling industry; malt, starches, inulin, wheat gluten",3352.0,2025,Export
TUR,Türkiye,COK,Cook Isds,agriculture,11,"Products of the milling industry; malt, starches, inulin, wheat gluten",3352.0,2025,Export
TUR,Türkiye,COK,Cook Isds,agriculture,12,"Oil seeds and oleaginous fruits; miscellaneous grains, seeds and fruit, industrial or medicinal plants; straw and fodder",31.0,2025,Export
TUR,Türkiye,COK,Cook Isds,agriculture,12,"Oil seeds and oleaginous fruits; miscellaneous grains, seeds and fruit, industrial or medicinal plants; straw and fodder",31.0,2025,Export
TUR,Türkiye,COL,Colombia,agriculture,11,"Products of the milling industry; malt, starches, inulin, wheat gluten",481462.0,2025,Export
TUR,Türkiye,COL,Colombia,agriculture,11,"Products of the milling industry; malt, starches, inulin, wheat gluten",481462.0,2025,Export
TUR,Türkiye,COL,Colombia,agriculture,12,"Oil seeds and oleaginous fruits; miscellaneous grains, seeds and fruit, industrial or medicinal plants; straw and fodder",81515.0,2025,Export
TUR,Türkiye,COL,Colombia,agriculture,12,"Oil seeds and oleaginous fruits; miscellaneous grains, seeds and fruit, industrial or medicinal plants; straw and fodder",81515.0,2025,Export
TUR,Türkiye,COM,Comoros,agriculture,10,Cereals,3639.0,2025,Export
TUR,Türkiye,COM,Comoros,agriculture,10,Cereals,3639.0,2025,Export
TUR,Türkiye,COM,Comoros,agriculture,11,"Products of the milling industry; malt, starches, inulin, wheat gluten",3701622.0,2025,Export
TUR,Türkiye,COM,Comoros,agriculture,11,"Products of the milling industry; malt, starches, inulin, wheat gluten",3701622.0,2025,Export
TUR,Türkiye,COM,Comoros,agriculture,12,"Oil seeds and oleaginous fruits; miscellaneous grains, seeds and fruit, industrial or medicinal plants; straw and fodder",77.0,2025,Export
TUR,Türkiye,COM,Comoros,agriculture,12,"Oil seeds and oleaginous fruits; miscellaneous grains, seeds and fruit, industrial or medicinal plants; straw and fodder",77.0,2025,Export
TUR,Türkiye,CPV,Cabo Verde,agriculture,10,Cereals,124.0,2025,Export
TUR,Türkiye,CPV,Cabo Verde,agriculture,10,Cereals,124.0,2025,Export
TUR,Türkiye,CPV,Cabo Verde,agriculture,11,"Products of the milling industry; malt, starches, inulin, wheat gluten",154334.0,2025,Export
TUR,Türkiye,CPV,Cabo Verde,agriculture,11,"Products of the milling industry; malt, starches, inulin, wheat gluten",154334.0,2025,Export
TUR,Türkiye,CPV,Cabo Verde,agriculture,12,"Oil seeds and oleaginous fruits; miscellaneous grains, seeds and fruit, industrial or medicinal plants; straw and fodder",403.0,2025,Export
TUR,Türkiye,CPV,Cabo Verde,agriculture,12,"Oil seeds and oleaginous fruits; miscellaneous grains, seeds and fruit, industrial or medicinal plants; straw and fodder",403.0,2025,Export
TUR,Türkiye,CRI,Costa Rica,agriculture,10,Cereals,205002.0,2025,Export
TUR,Türkiye,CRI,Costa Rica,agriculture,10,Cereals,205002.0,2025,Export
TUR,Türkiye,CRI,Costa Rica,agriculture,11,"Products of the milling industry; malt, starches, inulin, wheat gluten",1874211.0,2025,Export
TUR,Türkiye,CRI,Costa Rica,agriculture,11,"Products of the milling industry; malt, starches, inulin, wheat gluten",1874211.0,2025,Export
TUR,Türkiye,CRI,Costa Rica,agriculture,12,"Oil seeds and oleaginous fruits; miscellaneous grains, seeds and fruit, industrial or medicinal plants; straw and fodder",52614.0,2025,Export
TUR,Türkiye,CRI,Costa Rica,agriculture,12,"Oil seeds and oleaginous fruits; miscellaneous grains, seeds and fruit, industrial or medicinal plants; straw and fodder",52614.0,2025,Export
TUR,Türkiye,CUB,Cuba,agriculture,10,Cereals,3263400.0,2025,Export
TUR,Türkiye,CUB,Cuba,agriculture,10,Cereals,3263400.0,2025,Export
TUR,Türkiye,CUB,Cuba,agriculture,11,"Products of the milling industry; malt, starches, inulin, wheat gluten",41096234.0,2025,Export
TUR,Türkiye,CUB,Cuba,agriculture,11,"Products of the milling industry; malt, starches, inulin, wheat gluten",41096234.0,2025,Export
TUR,Türkiye,CUB,Cuba,agriculture,12,"Oil seeds and oleaginous fruits; miscellaneous grains, seeds and fruit, industrial or medicinal plants; straw and fodder",282.0,2025,Export
TUR,Türkiye,CUB,Cuba,agriculture,12,"Oil seeds and oleaginous fruits; miscellaneous grains, seeds and fruit, industrial or medicinal plants; straw and fodder",282.0,2025,Export
TUR,Türkiye,CUW,Curaçao,agriculture,11,"Products of the milling industry; malt, starches, inulin, wheat gluten",298148.0,2025,Export
TUR,Türkiye,CUW,Curaçao,agriculture,11,"Products of the milling industry; malt, starches, inulin, wheat gluten",298148.0,2025,Export
TUR,Türkiye,CYM,Cayman Isds,agriculture,10,Cereals,6151.0,2025,Export
TUR,Türkiye,CYM,Cayman Isds,agriculture,10,Cereals,6151.0,2025,Export
TUR,Türkiye,CYM,Cayman Isds,agriculture,11,"Products of the milling industry; malt, starches, inulin, wheat gluten",1108.0,2025,Export
TUR,Türkiye,CYM,Cayman Isds,agriculture,11,"Products of the milling industry; malt, starches, inulin, wheat gluten",1108.0,2025,Export
TUR,Türkiye,CYM,Cayman Isds,agriculture,12,"Oil seeds and oleaginous fruits; miscellaneous grains, seeds and fruit, industrial or medicinal plants; straw and fodder",7.0,2025,Export
TUR,Türkiye,CYM,Cayman Isds,agriculture,12,"Oil seeds and oleaginous fruits; miscellaneous grains, seeds and fruit, industrial or medicinal plants; straw and fodder",7.0,2025,Export
TUR,Türkiye,CYP,Cyprus,agriculture,10,Cereals,25638336.0,2025,Export
TUR,Türkiye,CYP,Cyprus,agriculture,10,Cereals,25638336.0,2025,Export
TUR,Türkiye,CYP,Cyprus,agriculture,11,"Products of the milling industry; malt, starches, inulin, wheat gluten",3345781.0,2025,Export
TUR,Türkiye,CYP,Cyprus,agriculture,11,"Products of the milling industry; malt, starches, inulin, wheat gluten",3345781.0,2025,Export
TUR,Türkiye,CYP,Cyprus,agriculture,12,"Oil seeds and oleaginous fruits; miscellaneous grains, seeds and fruit, industrial or medicinal plants; straw and fodder",6601218.0,2025,Export
TUR,Türkiye,CYP,Cyprus,agriculture,12,"Oil seeds and oleaginous fruits; miscellaneous grains, seeds and fruit, industrial or medicinal plants; straw and fodder",6601218.0,2025,Export
TUR,Türkiye,CZE,Czechia,agriculture,10,Cereals,65531.0,2025,Export
TUR,Türkiye,CZE,Czechia,agriculture,10,Cereals,65531.0,2025,Export
TUR,Türkiye,CZE,Czechia,agriculture,11,"Products of the milling industry; malt, starches, inulin, wheat gluten",305192.0,2025,Export
TUR,Türkiye,CZE,Czechia,agriculture,11,"Products of the milling industry; malt, starches, inulin, wheat gluten",305192.0,2025,Export
TUR,Türkiye,CZE,Czechia,agriculture,12,"Oil seeds and oleaginous fruits; miscellaneous grains, seeds and fruit, industrial or medicinal plants; straw and fodder",300606.0,2025,Export
TUR,Türkiye,CZE,Czechia,agriculture,12,"Oil seeds and oleaginous fruits; miscellaneous grains, seeds and fruit, industrial or medicinal plants; straw and fodder",300606.0,2025,Export
TUR,Türkiye,DEU,Germany,agriculture,10,Cereals,4607184.0,2025,Export
TUR,Türkiye,DEU,Germany,agriculture,10,Cereals,4607184.0,2025,Export
TUR,Türkiye,DEU,Germany,agriculture,11,"Products of the milling industry; malt, starches, inulin, wheat gluten",20237478.0,2025,Export
TUR,Türkiye,DEU,Germany,agriculture,11,"Products of the milling industry; malt, starches, inulin, wheat gluten",20237478.0,2025,Export
TUR,Türkiye,DEU,Germany,agriculture,12,"Oil seeds and oleaginous fruits; miscellaneous grains, seeds and fruit, industrial or medicinal plants; straw and fodder",35376391.0,2025,Export
TUR,Türkiye,DEU,Germany,agriculture,12,"Oil seeds and oleaginous fruits; miscellaneous grains, seeds and fruit, industrial or medicinal plants; straw and fodder",35376391.0,2025,Export
TUR,Türkiye,DJI,Djibouti,agriculture,10,Cereals,183122.0,2025,Export
TUR,Türkiye,DJI,Djibouti,agriculture,10,Cereals,183122.0,2025,Export
TUR,Türkiye,DJI,Djibouti,agriculture,11,"Products of the milling industry; malt, starches, inulin, wheat gluten",13730827.0,2025,Export
TUR,Türkiye,DJI,Djibouti,agriculture,11,"Products of the milling industry; malt, starches, inulin, wheat gluten",13730827.0,2025,Export
TUR,Türkiye,DJI,Djibouti,agriculture,12,"Oil seeds and oleaginous fruits; miscellaneous grains, seeds and fruit, industrial or medicinal plants; straw and fodder",190614.0,2025,Export
TUR,Türkiye,DJI,Djibouti,agriculture,12,"Oil seeds and oleaginous fruits; miscellaneous grains, seeds and fruit, industrial or medicinal plants; straw and fodder",190614.0,2025,Export
TUR,Türkiye,DMA,Dominica,agriculture,10,Cereals,78.0,2025,Export
TUR,Türkiye,DMA,Dominica,agriculture,10,Cereals,78.0,2025,Export
TUR,Türkiye,DMA,Dominica,agriculture,11,"Products of the milling industry; malt, starches, inulin, wheat gluten",133.0,2025,Export
TUR,Türkiye,DMA,Dominica,agriculture,11,"Products of the milling industry; malt, starches, inulin, wheat gluten",133.0,2025,Export
TUR,Türkiye,DNK,Denmark,agriculture,10,Cereals,191268.0,2025,Export
TUR,Türkiye,DNK,Denmark,agriculture,10,Cereals,191268.0,2025,Export
TUR,Türkiye,DNK,Denmark,agriculture,11,"Products of the milling industry; malt, starches, inulin, wheat gluten",1306648.0,2025,Export
TUR,Türkiye,DNK,Denmark,agriculture,11,"Products of the milling industry; malt, starches, inulin, wheat gluten",1306648.0,2025,Export
TUR,Türkiye,DNK,Denmark,agriculture,12,"Oil seeds and oleaginous fruits; miscellaneous grains, seeds and fruit, industrial or medicinal plants; straw and fodder",873497.0,2025,Export
TUR,Türkiye,DNK,Denmark,agriculture,12,"Oil seeds and oleaginous fruits; miscellaneous grains, seeds and fruit, industrial or medicinal plants; straw and fodder",873497.0,2025,Export
TUR,Türkiye,DOM,Dominican Rep.,agriculture,10,Cereals,25596.0,2025,Export
TUR,Türkiye,DOM,Dominican Rep.,agriculture,10,Cereals,25596.0,2025,Export
TUR,Türkiye,DOM,Dominican Rep.,agriculture,11,"Products of the milling industry; malt, starches, inulin, wheat gluten",3320833.0,2025,Export
TUR,Türkiye,DOM,Dominican Rep.,agriculture,11,"Products of the milling industry; malt, starches, inulin, wheat gluten",3320833.0,2025,Export
TUR,Türkiye,DOM,Dominican Rep.,agriculture,12,"Oil seeds and oleaginous fruits; miscellaneous grains, seeds and fruit, industrial or medicinal plants; straw and fodder",222.0,2025,Export
TUR,Türkiye,DOM,Dominican Rep.,agriculture,12,"Oil seeds and oleaginous fruits; miscellaneous grains, seeds and fruit, industrial or medicinal plants; straw and fodder",222.0,2025,Export
TUR,Türkiye,DZA,Algeria,agriculture,10,Cereals,13607410.0,2025,Export
TUR,Türkiye,DZA,Algeria,agriculture,10,Cereals,13607410.0,2025,Export
TUR,Türkiye,DZA,Algeria,agriculture,11,"Products of the milling industry; malt, starches, inulin, wheat gluten",24323379.0,2025,Export
TUR,Türkiye,DZA,Algeria,agriculture,11,"Products of the milling industry; malt, starches, inulin, wheat gluten",24323379.0,2025,Export
TUR,Türkiye,DZA,Algeria,agriculture,12,"Oil seeds and oleaginous fruits; miscellaneous grains, seeds and fruit, industrial or medicinal plants; straw and fodder",20189517.0,2025,Export
TUR,Türkiye,DZA,Algeria,agriculture,12,"Oil seeds and oleaginous fruits; miscellaneous grains, seeds and fruit, industrial or medicinal plants; straw and fodder",20189517.0,2025,Export
TUR,Türkiye,ECU,Ecuador,agriculture,11,"Products of the milling industry; malt, starches, inulin, wheat gluten",2642730.0,2025,Export
TUR,Türkiye,ECU,Ecuador,agriculture,11,"Products of the milling industry; malt, starches, inulin, wheat gluten",2642730.0,2025,Export
TUR,Türkiye,ECU,Ecuador,agriculture,12,"Oil seeds and oleaginous fruits; miscellaneous grains, seeds and fruit, industrial or medicinal plants; straw and fodder",198496.0,2025,Export
TUR,Türkiye,ECU,Ecuador,agriculture,12,"Oil seeds and oleaginous fruits; miscellaneous grains, seeds and fruit, industrial or medicinal plants; straw and fodder",198496.0,2025,Export
TUR,Türkiye,EGY,Egypt,agriculture,10,Cereals,18129811.0,2025,Export
TUR,Türkiye,EGY,Egypt,agriculture,10,Cereals,18129811.0,2025,Export
TUR,Türkiye,EGY,Egypt,agriculture,11,"Products of the milling industry; malt, starches, inulin, wheat gluten",18677049.0,2025,Export
TUR,Türkiye,EGY,Egypt,agriculture,11,"Products of the milling industry; malt, starches, inulin, wheat gluten",18677049.0,2025,Export
TUR,Türkiye,EGY,Egypt,agriculture,12,"Oil seeds and oleaginous fruits; miscellaneous grains, seeds and fruit, industrial or medicinal plants; straw and fodder",4389932.0,2025,Export
TUR,Türkiye,EGY,Egypt,agriculture,12,"Oil seeds and oleaginous fruits; miscellaneous grains, seeds and fruit, industrial or medicinal plants; straw and fodder",4389932.0,2025,Export
TUR,Türkiye,ERI,Eritrea,agriculture,10,Cereals,7.0,2025,Export
TUR,Türkiye,ERI,Eritrea,agriculture,10,Cereals,7.0,2025,Export
TUR,Türkiye,ERI,Eritrea,agriculture,11,"Products of the milling industry; malt, starches, inulin, wheat gluten",17674611.0,2025,Export
TUR,Türkiye,ERI,Eritrea,agriculture,11,"Products of the milling industry; malt, starches, inulin, wheat gluten",17674611.0,2025,Export
TUR,Türkiye,ERI,Eritrea,agriculture,12,"Oil seeds and oleaginous fruits; miscellaneous grains, seeds and fruit, industrial or medicinal plants; straw and fodder",18.0,2025,Export
TUR,Türkiye,ERI,Eritrea,agriculture,12,"Oil seeds and oleaginous fruits; miscellaneous grains, seeds and fruit, industrial or medicinal plants; straw and fodder",18.0,2025,Export
TUR,Türkiye,ESP,Spain,agriculture,10,Cereals,1408633.0,2025,Export
TUR,Türkiye,ESP,Spain,agriculture,10,Cereals,1408633.0,2025,Export
TUR,Türkiye,ESP,Spain,agriculture,11,"Products of the milling industry; malt, starches, inulin, wheat gluten",316680.0,2025,Export
TUR,Türkiye,ESP,Spain,agriculture,11,"Products of the milling industry; malt, starches, inulin, wheat gluten",316680.0,2025,Export
TUR,Türkiye,ESP,Spain,agriculture,12,"Oil seeds and oleaginous fruits; miscellaneous grains, seeds and fruit, industrial or medicinal plants; straw and fodder",13177034.0,2025,Export
TUR,Türkiye,ESP,Spain,agriculture,12,"Oil seeds and oleaginous fruits; miscellaneous grains, seeds and fruit, industrial or medicinal plants; straw and fodder",13177034.0,2025,Export
TUR,Türkiye,EST,Estonia,agriculture,10,Cereals,22611.0,2025,Export
TUR,Türkiye,EST,Estonia,agriculture,10,Cereals,22611.0,2025,Export
TUR,Türkiye,EST,Estonia,agriculture,11,"Products of the milling industry; malt, starches, inulin, wheat gluten",33067.0,2025,Export
TUR,Türkiye,EST,Estonia,agriculture,11,"Products of the milling industry; malt, starches, inulin, wheat gluten",33067.0,2025,Export
TUR,Türkiye,EST,Estonia,agriculture,12,"Oil seeds and oleaginous fruits; miscellaneous grains, seeds and fruit, industrial or medicinal plants; straw and fodder",2111.0,2025,Export
TUR,Türkiye,EST,Estonia,agriculture,12,"Oil seeds and oleaginous fruits; miscellaneous grains, seeds and fruit, industrial or medicinal plants; straw and fodder",2111.0,2025,Export
TUR,Türkiye,ETH,Ethiopia,agriculture,10,Cereals,110991.0,2025,Export
TUR,Türkiye,ETH,Ethiopia,agriculture,10,Cereals,110991.0,2025,Export
TUR,Türkiye,ETH,Ethiopia,agriculture,11,"Products of the milling industry; malt, starches, inulin, wheat gluten",3688922.0,2025,Export
TUR,Türkiye,ETH,Ethiopia,agriculture,11,"Products of the milling industry; malt, starches, inulin, wheat gluten",3688922.0,2025,Export
TUR,Türkiye,ETH,Ethiopia,agriculture,12,"Oil seeds and oleaginous fruits; miscellaneous grains, seeds and fruit, industrial or medicinal plants; straw and fodder",590120.0,2025,Export
TUR,Türkiye,ETH,Ethiopia,agriculture,12,"Oil seeds and oleaginous fruits; miscellaneous grains, seeds and fruit, industrial or medicinal plants; straw and fodder",590120.0,2025,Export
TUR,Türkiye,FIN,Finland,agriculture,10,Cereals,15748.0,2025,Export
TUR,Türkiye,FIN,Finland,agriculture,10,Cereals,15748.0,2025,Export
TUR,Türkiye,FIN,Finland,agriculture,11,"Products of the milling industry; malt, starches, inulin, wheat gluten",24866.0,2025,Export
TUR,Türkiye,FIN,Finland,agriculture,11,"Products of the milling industry; malt, starches, inulin, wheat gluten",24866.0,2025,Export
TUR,Türkiye,FIN,Finland,agriculture,12,"Oil seeds and oleaginous fruits; miscellaneous grains, seeds and fruit, industrial or medicinal plants; straw and fodder",55917.0,2025,Export
TUR,Türkiye,FIN,Finland,agriculture,12,"Oil seeds and oleaginous fruits; miscellaneous grains, seeds and fruit, industrial or medicinal plants; straw and fodder",55917.0,2025,Export
TUR,Türkiye,FJI,Fiji,agriculture,11,"Products of the milling industry; malt, starches, inulin, wheat gluten",27405.0,2025,Export
TUR,Türkiye,FJI,Fiji,agriculture,11,"Products of the milling industry; malt, starches, inulin, wheat gluten",27405.0,2025,Export
TUR,Türkiye,FRA,France,agriculture,10,Cereals,4185055.0,2025,Export
TUR,Türkiye,FRA,France,agriculture,10,Cereals,4185055.0,2025,Export
TUR,Türkiye,FRA,France,agriculture,11,"Products of the milling industry; malt, starches, inulin, wheat gluten",2179549.0,2025,Export
TUR,Türkiye,FRA,France,agriculture,11,"Products of the milling industry; malt, starches, inulin, wheat gluten",2179549.0,2025,Export
TUR,Türkiye,FRA,France,agriculture,12,"Oil seeds and oleaginous fruits; miscellaneous grains, seeds and fruit, industrial or medicinal plants; straw and fodder",12246116.0,2025,Export
TUR,Türkiye,FRA,France,agriculture,12,"Oil seeds and oleaginous fruits; miscellaneous grains, seeds and fruit, industrial or medicinal plants; straw and fodder",12246116.0,2025,Export
TUR,Türkiye,FSM,FS Micronesia,agriculture,11,"Products of the milling industry; malt, starches, inulin, wheat gluten",19898.0,2025,Export
TUR,Türkiye,FSM,FS Micronesia,agriculture,11,"Products of the milling industry; malt, starches, inulin, wheat gluten",19898.0,2025,Export
TUR,Türkiye,GAB,Gabon,agriculture,10,Cereals,29016.0,2025,Export
TUR,Türkiye,GAB,Gabon,agriculture,10,Cereals,29016.0,2025,Export
TUR,Türkiye,GAB,Gabon,agriculture,11,"Products of the milling industry; malt, starches, inulin, wheat gluten",2251847.0,2025,Export
TUR,Türkiye,GAB,Gabon,agriculture,11,"Products of the milling industry; malt, starches, inulin, wheat gluten",2251847.0,2025,Export
TUR,Türkiye,GAB,Gabon,agriculture,12,"Oil seeds and oleaginous fruits; miscellaneous grains, seeds and fruit, industrial or medicinal plants; straw and fodder",2520.0,2025,Export
TUR,Türkiye,GAB,Gabon,agriculture,12,"Oil seeds and oleaginous fruits; miscellaneous grains, seeds and fruit, industrial or medicinal plants; straw and fodder",2520.0,2025,Export
TUR,Türkiye,GBR,United Kingdom,agriculture,10,Cereals,3700821.0,2025,Export
TUR,Türkiye,GBR,United Kingdom,agriculture,10,Cereals,3700821.0,2025,Export
TUR,Türkiye,GBR,United Kingdom,agriculture,11,"Products of the milling industry; malt, starches, inulin, wheat gluten",14806875.0,2025,Export
TUR,Türkiye,GBR,United Kingdom,agriculture,11,"Products of the milling industry; malt, starches, inulin, wheat gluten",14806875.0,2025,Export
TUR,Türkiye,GBR,United Kingdom,agriculture,12,"Oil seeds and oleaginous fruits; miscellaneous grains, seeds and fruit, industrial or medicinal plants; straw and fodder",7649836.0,2025,Export
TUR,Türkiye,GBR,United Kingdom,agriculture,12,"Oil seeds and oleaginous fruits; miscellaneous grains, seeds and fruit, industrial or medicinal plants; straw and fodder",7649836.0,2025,Export
TUR,Türkiye,GEO,Georgia,agriculture,10,Cereals,3183799.0,2025,Export
TUR,Türkiye,GEO,Georgia,agriculture,10,Cereals,3183799.0,2025,Export
TUR,Türkiye,GEO,Georgia,agriculture,11,"Products of the milling industry; malt, starches, inulin, wheat gluten",1474228.0,2025,Export
TUR,Türkiye,GEO,Georgia,agriculture,11,"Products of the milling industry; malt, starches, inulin, wheat gluten",1474228.0,2025,Export
TUR,Türkiye,GEO,Georgia,agriculture,12,"Oil seeds and oleaginous fruits; miscellaneous grains, seeds and fruit, industrial or medicinal plants; straw and fodder",2101932.0,2025,Export
TUR,Türkiye,GEO,Georgia,agriculture,12,"Oil seeds and oleaginous fruits; miscellaneous grains, seeds and fruit, industrial or medicinal plants; straw and fodder",2101932.0,2025,Export
TUR,Türkiye,GHA,Ghana,agriculture,11,"Products of the milling industry; malt, starches, inulin, wheat gluten",51905317.0,2025,Export
TUR,Türkiye,GHA,Ghana,agriculture,11,"Products of the milling industry; malt, starches, inulin, wheat gluten",51905317.0,2025,Export
TUR,Türkiye,GHA,Ghana,agriculture,12,"Oil seeds and oleaginous fruits; miscellaneous grains, seeds and fruit, industrial or medicinal plants; straw and fodder",28699.0,2025,Export
TUR,Türkiye,GHA,Ghana,agriculture,12,"Oil seeds and oleaginous fruits; miscellaneous grains, seeds and fruit, industrial or medicinal plants; straw and fodder",28699.0,2025,Export
TUR,Türkiye,GIB,Gibraltar,agriculture,10,Cereals,1370.0,2025,Export
TUR,Türkiye,GIB,Gibraltar,agriculture,10,Cereals,1370.0,2025,Export
TUR,Türkiye,GIB,Gibraltar,agriculture,11,"Products of the milling industry; malt, starches, inulin, wheat gluten",763.0,2025,Export
TUR,Türkiye,GIB,Gibraltar,agriculture,11,"Products of the milling industry; malt, starches, inulin, wheat gluten",763.0,2025,Export
TUR,Türkiye,GIB,Gibraltar,agriculture,12,"Oil seeds and oleaginous fruits; miscellaneous grains, seeds and fruit, industrial or medicinal plants; straw and fodder",59.0,2025,Export
TUR,Türkiye,GIB,Gibraltar,agriculture,12,"Oil seeds and oleaginous fruits; miscellaneous grains, seeds and fruit, industrial or medicinal plants; straw and fodder",59.0,2025,Export
TUR,Türkiye,GIN,Guinea,agriculture,10,Cereals,59946.0,2025,Export
TUR,Türkiye,GIN,Guinea,agriculture,10,Cereals,59946.0,2025,Export
TUR,Türkiye,GIN,Guinea,agriculture,11,"Products of the milling industry; malt, starches, inulin, wheat gluten",1087986.0,2025,Export
TUR,Türkiye,GIN,Guinea,agriculture,11,"Products of the milling industry; malt, starches, inulin, wheat gluten",1087986.0,2025,Export
TUR,Türkiye,GIN,Guinea,agriculture,12,"Oil seeds and oleaginous fruits; miscellaneous grains, seeds and fruit, industrial or medicinal plants; straw and fodder",5718.0,2025,Export
TUR,Türkiye,GIN,Guinea,agriculture,12,"Oil seeds and oleaginous fruits; miscellaneous grains, seeds and fruit, industrial or medicinal plants; straw and fodder",5718.0,2025,Export
TUR,Türkiye,GMB,Gambia,agriculture,10,Cereals,77560.0,2025,Export
TUR,Türkiye,GMB,Gambia,agriculture,10,Cereals,77560.0,2025,Export
TUR,Türkiye,GMB,Gambia,agriculture,11,"Products of the milling industry; malt, starches, inulin, wheat gluten",2324759.0,2025,Export
TUR,Türkiye,GMB,Gambia,agriculture,11,"Products of the milling industry; malt, starches, inulin, wheat gluten",2324759.0,2025,Export
TUR,Türkiye,GMB,Gambia,agriculture,12,"Oil seeds and oleaginous fruits; miscellaneous grains, seeds and fruit, industrial or medicinal plants; straw and fodder",16399.0,2025,Export
TUR,Türkiye,GMB,Gambia,agriculture,12,"Oil seeds and oleaginous fruits; miscellaneous grains, seeds and fruit, industrial or medicinal plants; straw and fodder",16399.0,2025,Export
TUR,Türkiye,GNB,Guinea-Bissau,agriculture,10,Cereals,3896.0,2025,Export
TUR,Türkiye,GNB,Guinea-Bissau,agriculture,10,Cereals,3896.0,2025,Export
TUR,Türkiye,GNB,Guinea-Bissau,agriculture,11,"Products of the milling industry; malt, starches, inulin, wheat gluten",4392860.0,2025,Export
TUR,Türkiye,GNB,Guinea-Bissau,agriculture,11,"Products of the milling industry; malt, starches, inulin, wheat gluten",4392860.0,2025,Export
TUR,Türkiye,GNB,Guinea-Bissau,agriculture,12,"Oil seeds and oleaginous fruits; miscellaneous grains, seeds and fruit, industrial or medicinal plants; straw and fodder",20046.0,2025,Export
TUR,Türkiye,GNB,Guinea-Bissau,agriculture,12,"Oil seeds and oleaginous fruits; miscellaneous grains, seeds and fruit, industrial or medicinal plants; straw and fodder",20046.0,2025,Export
TUR,Türkiye,GNQ,Equatorial Guinea,agriculture,11,"Products of the milling industry; malt, starches, inulin, wheat gluten",9984546.0,2025,Export
TUR,Türkiye,GNQ,Equatorial Guinea,agriculture,11,"Products of the milling industry; malt, starches, inulin, wheat gluten",9984546.0,2025,Export
TUR,Türkiye,GNQ,Equatorial Guinea,agriculture,12,"Oil seeds and oleaginous fruits; miscellaneous grains, seeds and fruit, industrial or medicinal plants; straw and fodder",66172.0,2025,Export
TUR,Türkiye,GNQ,Equatorial Guinea,agriculture,12,"Oil seeds and oleaginous fruits; miscellaneous grains, seeds and fruit, industrial or medicinal plants; straw and fodder",66172.0,2025,Export
TUR,Türkiye,GRC,Greece,agriculture,10,Cereals,463894.0,2025,Export
TUR,Türkiye,GRC,Greece,agriculture,10,Cereals,463894.0,2025,Export
TUR,Türkiye,GRC,Greece,agriculture,11,"Products of the milling industry; malt, starches, inulin, wheat gluten",108707.0,2025,Export
TUR,Türkiye,GRC,Greece,agriculture,11,"Products of the milling industry; malt, starches, inulin, wheat gluten",108707.0,2025,Export
TUR,Türkiye,GRC,Greece,agriculture,12,"Oil seeds and oleaginous fruits; miscellaneous grains, seeds and fruit, industrial or medicinal plants; straw and fodder",9822886.0,2025,Export
TUR,Türkiye,GRC,Greece,agriculture,12,"Oil seeds and oleaginous fruits; miscellaneous grains, seeds and fruit, industrial or medicinal plants; straw and fodder",9822886.0,2025,Export
TUR,Türkiye,GRD,Grenada,agriculture,11,"Products of the milling industry; malt, starches, inulin, wheat gluten",231.0,2025,Export
TUR,Türkiye,GRD,Grenada,agriculture,11,"Products of the milling industry; malt, starches, inulin, wheat gluten",231.0,2025,Export
TUR,Türkiye,GTM,Guatemala,agriculture,10,Cereals,2.0,2025,Export
TUR,Türkiye,GTM,Guatemala,agriculture,10,Cereals,2.0,2025,Export
TUR,Türkiye,GTM,Guatemala,agriculture,11,"Products of the milling industry; malt, starches, inulin, wheat gluten",2435108.0,2025,Export
TUR,Türkiye,GTM,Guatemala,agriculture,11,"Products of the milling industry; malt, starches, inulin, wheat gluten",2435108.0,2025,Export
TUR,Türkiye,GTM,Guatemala,agriculture,12,"Oil seeds and oleaginous fruits; miscellaneous grains, seeds and fruit, industrial or medicinal plants; straw and fodder",12.0,2025,Export
TUR,Türkiye,GTM,Guatemala,agriculture,12,"Oil seeds and oleaginous fruits; miscellaneous grains, seeds and fruit, industrial or medicinal plants; straw and fodder",12.0,2025,Export
TUR,Türkiye,GUY,Guyana,agriculture,10,Cereals,343.0,2025,Export
TUR,Türkiye,GUY,Guyana,agriculture,10,Cereals,343.0,2025,Export
TUR,Türkiye,GUY,Guyana,agriculture,11,"Products of the milling industry; malt, starches, inulin, wheat gluten",45689.0,2025,Export
TUR,Türkiye,GUY,Guyana,agriculture,11,"Products of the milling industry; malt, starches, inulin, wheat gluten",45689.0,2025,Export
TUR,Türkiye,GUY,Guyana,agriculture,12,"Oil seeds and oleaginous fruits; miscellaneous grains, seeds and fruit, industrial or medicinal plants; straw and fodder",177.0,2025,Export
TUR,Türkiye,GUY,Guyana,agriculture,12,"Oil seeds and oleaginous fruits; miscellaneous grains, seeds and fruit, industrial or medicinal plants; straw and fodder",177.0,2025,Export
TUR,Türkiye,HKG,"China, Hong Kong SAR",agriculture,10,Cereals,49307.0,2025,Export
TUR,Türkiye,HKG,"China, Hong Kong SAR",agriculture,10,Cereals,49307.0,2025,Export
TUR,Türkiye,HKG,"China, Hong Kong SAR",agriculture,11,"Products of the milling industry; malt, starches, inulin, wheat gluten",1346243.0,2025,Export
TUR,Türkiye,HKG,"China, Hong Kong SAR",agriculture,11,"Products of the milling industry; malt, starches, inulin, wheat gluten",1346243.0,2025,Export
TUR,Türkiye,HKG,"China, Hong Kong SAR",agriculture,12,"Oil seeds and oleaginous fruits; miscellaneous grains, seeds and fruit, industrial or medicinal plants; straw and fodder",129452.0,2025,Export
TUR,Türkiye,HKG,"China, Hong Kong SAR",agriculture,12,"Oil seeds and oleaginous fruits; miscellaneous grains, seeds and fruit, industrial or medicinal plants; straw and fodder",129452.0,2025,Export
TUR,Türkiye,HND,Honduras,agriculture,10,Cereals,1280.0,2025,Export
TUR,Türkiye,HND,Honduras,agriculture,10,Cereals,1280.0,2025,Export
TUR,Türkiye,HND,Honduras,agriculture,11,"Products of the milling industry; malt, starches, inulin, wheat gluten",487933.0,2025,Export
TUR,Türkiye,HND,Honduras,agriculture,11,"Products of the milling industry; malt, starches, inulin, wheat gluten",487933.0,2025,Export
TUR,Türkiye,HRV,Croatia,agriculture,10,Cereals,2350113.0,2025,Export
TUR,Türkiye,HRV,Croatia,agriculture,10,Cereals,2350113.0,2025,Export
TUR,Türkiye,HRV,Croatia,agriculture,11,"Products of the milling industry; malt, starches, inulin, wheat gluten",32685.0,2025,Export
TUR,Türkiye,HRV,Croatia,agriculture,11,"Products of the milling industry; malt, starches, inulin, wheat gluten",32685.0,2025,Export
TUR,Türkiye,HRV,Croatia,agriculture,12,"Oil seeds and oleaginous fruits; miscellaneous grains, seeds and fruit, industrial or medicinal plants; straw and fodder",144637.0,2025,Export
TUR,Türkiye,HRV,Croatia,agriculture,12,"Oil seeds and oleaginous fruits; miscellaneous grains, seeds and fruit, industrial or medicinal plants; straw and fodder",144637.0,2025,Export
TUR,Türkiye,HTI,Haiti,agriculture,11,"Products of the milling industry; malt, starches, inulin, wheat gluten",1856548.0,2025,Export
TUR,Türkiye,HTI,Haiti,agriculture,11,"Products of the milling industry; malt, starches, inulin, wheat gluten",1856548.0,2025,Export
TUR,Türkiye,HUN,Hungary,agriculture,10,Cereals,4519447.0,2025,Export
TUR,Türkiye,HUN,Hungary,agriculture,10,Cereals,4519447.0,2025,Export
TUR,Türkiye,HUN,Hungary,agriculture,11,"Products of the milling industry; malt, starches, inulin, wheat gluten",102380.0,2025,Export
TUR,Türkiye,HUN,Hungary,agriculture,11,"Products of the milling industry; malt, starches, inulin, wheat gluten",102380.0,2025,Export
TUR,Türkiye,HUN,Hungary,agriculture,12,"Oil seeds and oleaginous fruits; miscellaneous grains, seeds and fruit, industrial or medicinal plants; straw and fodder",25198075.0,2025,Export
TUR,Türkiye,HUN,Hungary,agriculture,12,"Oil seeds and oleaginous fruits; miscellaneous grains, seeds and fruit, industrial or medicinal plants; straw and fodder",25198075.0,2025,Export
TUR,Türkiye,IDN,Indonesia,agriculture,10,Cereals,35288.0,2025,Export
TUR,Türkiye,IDN,Indonesia,agriculture,10,Cereals,35288.0,2025,Export
TUR,Türkiye,IDN,Indonesia,agriculture,11,"Products of the milling industry; malt, starches, inulin, wheat gluten",39457783.0,2025,Export
TUR,Türkiye,IDN,Indonesia,agriculture,11,"Products of the milling industry; malt, starches, inulin, wheat gluten",39457783.0,2025,Export
TUR,Türkiye,IDN,Indonesia,agriculture,12,"Oil seeds and oleaginous fruits; miscellaneous grains, seeds and fruit, industrial or medicinal plants; straw and fodder",12457.0,2025,Export
TUR,Türkiye,IDN,Indonesia,agriculture,12,"Oil seeds and oleaginous fruits; miscellaneous grains, seeds and fruit, industrial or medicinal plants; straw and fodder",12457.0,2025,Export
TUR,Türkiye,IND,India,agriculture,10,Cereals,127167.0,2025,Export
TUR,Türkiye,IND,India,agriculture,10,Cereals,127167.0,2025,Export
TUR,Türkiye,IND,India,agriculture,11,"Products of the milling industry; malt, starches, inulin, wheat gluten",41187.0,2025,Export
TUR,Türkiye,IND,India,agriculture,11,"Products of the milling industry; malt, starches, inulin, wheat gluten",41187.0,2025,Export
TUR,Türkiye,IND,India,agriculture,12,"Oil seeds and oleaginous fruits; miscellaneous grains, seeds and fruit, industrial or medicinal plants; straw and fodder",1775241.0,2025,Export
TUR,Türkiye,IND,India,agriculture,12,"Oil seeds and oleaginous fruits; miscellaneous grains, seeds and fruit, industrial or medicinal plants; straw and fodder",1775241.0,2025,Export
TUR,Türkiye,IRL,Ireland,agriculture,10,Cereals,22337.0,2025,Export
TUR,Türkiye,IRL,Ireland,agriculture,10,Cereals,22337.0,2025,Export
TUR,Türkiye,IRL,Ireland,agriculture,11,"Products of the milling industry; malt, starches, inulin, wheat gluten",9164.0,2025,Export
TUR,Türkiye,IRL,Ireland,agriculture,11,"Products of the milling industry; malt, starches, inulin, wheat gluten",9164.0,2025,Export
TUR,Türkiye,IRL,Ireland,agriculture,12,"Oil seeds and oleaginous fruits; miscellaneous grains, seeds and fruit, industrial or medicinal plants; straw and fodder",104934.0,2025,Export
TUR,Türkiye,IRL,Ireland,agriculture,12,"Oil seeds and oleaginous fruits; miscellaneous grains, seeds and fruit, industrial or medicinal plants; straw and fodder",104934.0,2025,Export
TUR,Türkiye,IRN,Iran,agriculture,10,Cereals,30251838.0,2025,Export
TUR,Türkiye,IRN,Iran,agriculture,10,Cereals,30251838.0,2025,Export
TUR,Türkiye,IRN,Iran,agriculture,11,"Products of the milling industry; malt, starches, inulin, wheat gluten",7841736.0,2025,Export
TUR,Türkiye,IRN,Iran,agriculture,11,"Products of the milling industry; malt, starches, inulin, wheat gluten",7841736.0,2025,Export
TUR,Türkiye,IRN,Iran,agriculture,12,"Oil seeds and oleaginous fruits; miscellaneous grains, seeds and fruit, industrial or medicinal plants; straw and fodder",9705086.0,2025,Export
TUR,Türkiye,IRN,Iran,agriculture,12,"Oil seeds and oleaginous fruits; miscellaneous grains, seeds and fruit, industrial or medicinal plants; straw and fodder",9705086.0,2025,Export
TUR,Türkiye,IRQ,Iraq,agriculture,10,Cereals,420497285.0,2025,Export
TUR,Türkiye,IRQ,Iraq,agriculture,10,Cereals,420497285.0,2025,Export
TUR,Türkiye,IRQ,Iraq,agriculture,11,"Products of the milling industry; malt, starches, inulin, wheat gluten",214085011.0,2025,Export
TUR,Türkiye,IRQ,Iraq,agriculture,11,"Products of the milling industry; malt, starches, inulin, wheat gluten",214085011.0,2025,Export
TUR,Türkiye,IRQ,Iraq,agriculture,12,"Oil seeds and oleaginous fruits; miscellaneous grains, seeds and fruit, industrial or medicinal plants; straw and fodder",60327211.0,2025,Export
TUR,Türkiye,IRQ,Iraq,agriculture,12,"Oil seeds and oleaginous fruits; miscellaneous grains, seeds and fruit, industrial or medicinal plants; straw and fodder",60327211.0,2025,Export
TUR,Türkiye,ISL,Iceland,agriculture,10,Cereals,12.0,2025,Export
TUR,Türkiye,ISL,Iceland,agriculture,10,Cereals,12.0,2025,Export
TUR,Türkiye,ISL,Iceland,agriculture,11,"Products of the milling industry; malt, starches, inulin, wheat gluten",1.0,2025,Export
TUR,Türkiye,ISL,Iceland,agriculture,11,"Products of the milling industry; malt, starches, inulin, wheat gluten",1.0,2025,Export
TUR,Türkiye,ISL,Iceland,agriculture,12,"Oil seeds and oleaginous fruits; miscellaneous grains, seeds and fruit, industrial or medicinal plants; straw and fodder",586.0,2025,Export
TUR,Türkiye,ISL,Iceland,agriculture,12,"Oil seeds and oleaginous fruits; miscellaneous grains, seeds and fruit, industrial or medicinal plants; straw and fodder",586.0,2025,Export
TUR,Türkiye,ITA,Italy,agriculture,10,Cereals,70887471.0,2025,Export
TUR,Türkiye,ITA,Italy,agriculture,10,Cereals,70887471.0,2025,Export
TUR,Türkiye,ITA,Italy,agriculture,11,"Products of the milling industry; malt, starches, inulin, wheat gluten",2322090.0,2025,Export
TUR,Türkiye,ITA,Italy,agriculture,11,"Products of the milling industry; malt, starches, inulin, wheat gluten",2322090.0,2025,Export
TUR,Türkiye,ITA,Italy,agriculture,12,"Oil seeds and oleaginous fruits; miscellaneous grains, seeds and fruit, industrial or medicinal plants; straw and fodder",17476294.0,2025,Export
TUR,Türkiye,ITA,Italy,agriculture,12,"Oil seeds and oleaginous fruits; miscellaneous grains, seeds and fruit, industrial or medicinal plants; straw and fodder",17476294.0,2025,Export
TUR,Türkiye,JAM,Jamaica,agriculture,11,"Products of the milling industry; malt, starches, inulin, wheat gluten",206114.0,2025,Export
TUR,Türkiye,JAM,Jamaica,agriculture,11,"Products of the milling industry; malt, starches, inulin, wheat gluten",206114.0,2025,Export
TUR,Türkiye,JOR,Jordan,agriculture,10,Cereals,13046922.0,2025,Export
TUR,Türkiye,JOR,Jordan,agriculture,10,Cereals,13046922.0,2025,Export
TUR,Türkiye,JOR,Jordan,agriculture,11,"Products of the milling industry; malt, starches, inulin, wheat gluten",4211900.0,2025,Export
TUR,Türkiye,JOR,Jordan,agriculture,11,"Products of the milling industry; malt, starches, inulin, wheat gluten",4211900.0,2025,Export
TUR,Türkiye,JOR,Jordan,agriculture,12,"Oil seeds and oleaginous fruits; miscellaneous grains, seeds and fruit, industrial or medicinal plants; straw and fodder",2178368.0,2025,Export
TUR,Türkiye,JOR,Jordan,agriculture,12,"Oil seeds and oleaginous fruits; miscellaneous grains, seeds and fruit, industrial or medicinal plants; straw and fodder",2178368.0,2025,Export
TUR,Türkiye,JPN,Japan,agriculture,10,Cereals,33569.0,2025,Export
TUR,Türkiye,JPN,Japan,agriculture,10,Cereals,33569.0,2025,Export
TUR,Türkiye,JPN,Japan,agriculture,11,"Products of the milling industry; malt, starches, inulin, wheat gluten",123167.0,2025,Export
TUR,Türkiye,JPN,Japan,agriculture,11,"Products of the milling industry; malt, starches, inulin, wheat gluten",123167.0,2025,Export
TUR,Türkiye,JPN,Japan,agriculture,12,"Oil seeds and oleaginous fruits; miscellaneous grains, seeds and fruit, industrial or medicinal plants; straw and fodder",4503817.0,2025,Export
TUR,Türkiye,JPN,Japan,agriculture,12,"Oil seeds and oleaginous fruits; miscellaneous grains, seeds and fruit, industrial or medicinal plants; straw and fodder",4503817.0,2025,Export
TUR,Türkiye,KAZ,Kazakhstan,agriculture,10,Cereals,1401617.0,2025,Export
TUR,Türkiye,KAZ,Kazakhstan,agriculture,10,Cereals,1401617.0,2025,Export
TUR,Türkiye,KAZ,Kazakhstan,agriculture,11,"Products of the milling industry; malt, starches, inulin, wheat gluten",890850.0,2025,Export
TUR,Türkiye,KAZ,Kazakhstan,agriculture,11,"Products of the milling industry; malt, starches, inulin, wheat gluten",890850.0,2025,Export
TUR,Türkiye,KAZ,Kazakhstan,agriculture,12,"Oil seeds and oleaginous fruits; miscellaneous grains, seeds and fruit, industrial or medicinal plants; straw and fodder",8918961.0,2025,Export
TUR,Türkiye,KAZ,Kazakhstan,agriculture,12,"Oil seeds and oleaginous fruits; miscellaneous grains, seeds and fruit, industrial or medicinal plants; straw and fodder",8918961.0,2025,Export
TUR,Türkiye,KEN,Kenya,agriculture,10,Cereals,10804.0,2025,Export
TUR,Türkiye,KEN,Kenya,agriculture,10,Cereals,10804.0,2025,Export
TUR,Türkiye,KEN,Kenya,agriculture,11,"Products of the milling industry; malt, starches, inulin, wheat gluten",11370002.0,2025,Export
TUR,Türkiye,KEN,Kenya,agriculture,11,"Products of the milling industry; malt, starches, inulin, wheat gluten",11370002.0,2025,Export
TUR,Türkiye,KEN,Kenya,agriculture,12,"Oil seeds and oleaginous fruits; miscellaneous grains, seeds and fruit, industrial or medicinal plants; straw and fodder",54830.0,2025,Export
TUR,Türkiye,KEN,Kenya,agriculture,12,"Oil seeds and oleaginous fruits; miscellaneous grains, seeds and fruit, industrial or medicinal plants; straw and fodder",54830.0,2025,Export
TUR,Türkiye,KGZ,Kyrgyzstan,agriculture,10,Cereals,1540981.0,2025,Export
TUR,Türkiye,KGZ,Kyrgyzstan,agriculture,10,Cereals,1540981.0,2025,Export
TUR,Türkiye,KGZ,Kyrgyzstan,agriculture,11,"Products of the milling industry; malt, starches, inulin, wheat gluten",962609.0,2025,Export
TUR,Türkiye,KGZ,Kyrgyzstan,agriculture,11,"Products of the milling industry; malt, starches, inulin, wheat gluten",962609.0,2025,Export
TUR,Türkiye,KGZ,Kyrgyzstan,agriculture,12,"Oil seeds and oleaginous fruits; miscellaneous grains, seeds and fruit, industrial or medicinal plants; straw and fodder",476942.0,2025,Export
TUR,Türkiye,KGZ,Kyrgyzstan,agriculture,12,"Oil seeds and oleaginous fruits; miscellaneous grains, seeds and fruit, industrial or medicinal plants; straw and fodder",476942.0,2025,Export
TUR,Türkiye,KHM,Cambodia,agriculture,11,"Products of the milling industry; malt, starches, inulin, wheat gluten",167700.0,2025,Export
TUR,Türkiye,KHM,Cambodia,agriculture,11,"Products of the milling industry; malt, starches, inulin, wheat gluten",167700.0,2025,Export
TUR,Türkiye,KIR,Kiribati,agriculture,11,"Products of the milling industry; malt, starches, inulin, wheat gluten",19734.0,2025,Export
TUR,Türkiye,KIR,Kiribati,agriculture,11,"Products of the milling industry; malt, starches, inulin, wheat gluten",19734.0,2025,Export
TUR,Türkiye,KNA,Saint Kitts and Nevis,agriculture,10,Cereals,4417.0,2025,Export
TUR,Türkiye,KNA,Saint Kitts and Nevis,agriculture,10,Cereals,4417.0,2025,Export
TUR,Türkiye,KNA,Saint Kitts and Nevis,agriculture,11,"Products of the milling industry; malt, starches, inulin, wheat gluten",968.0,2025,Export
TUR,Türkiye,KNA,Saint Kitts and Nevis,agriculture,11,"Products of the milling industry; malt, starches, inulin, wheat gluten",968.0,2025,Export
TUR,Türkiye,KNA,Saint Kitts and Nevis,agriculture,12,"Oil seeds and oleaginous fruits; miscellaneous grains, seeds and fruit, industrial or medicinal plants; straw and fodder",147.0,2025,Export
TUR,Türkiye,KNA,Saint Kitts and Nevis,agriculture,12,"Oil seeds and oleaginous fruits; miscellaneous grains, seeds and fruit, industrial or medicinal plants; straw and fodder",147.0,2025,Export
TUR,Türkiye,KOR,Rep. of Korea,agriculture,10,Cereals,5227332.0,2025,Export
TUR,Türkiye,KOR,Rep. of Korea,agriculture,10,Cereals,5227332.0,2025,Export
TUR,Türkiye,KOR,Rep. of Korea,agriculture,11,"Products of the milling industry; malt, starches, inulin, wheat gluten",2245568.0,2025,Export
TUR,Türkiye,KOR,Rep. of Korea,agriculture,11,"Products of the milling industry; malt, starches, inulin, wheat gluten",2245568.0,2025,Export
TUR,Türkiye,KOR,Rep. of Korea,agriculture,12,"Oil seeds and oleaginous fruits; miscellaneous grains, seeds and fruit, industrial or medicinal plants; straw and fodder",1123498.0,2025,Export
TUR,Türkiye,KOR,Rep. of Korea,agriculture,12,"Oil seeds and oleaginous fruits; miscellaneous grains, seeds and fruit, industrial or medicinal plants; straw and fodder",1123498.0,2025,Export
TUR,Türkiye,KWT,Kuwait,agriculture,10,Cereals,291817.0,2025,Export
TUR,Türkiye,KWT,Kuwait,agriculture,10,Cereals,291817.0,2025,Export
TUR,Türkiye,KWT,Kuwait,agriculture,11,"Products of the milling industry; malt, starches, inulin, wheat gluten",951654.0,2025,Export
TUR,Türkiye,KWT,Kuwait,agriculture,11,"Products of the milling industry; malt, starches, inulin, wheat gluten",951654.0,2025,Export
TUR,Türkiye,KWT,Kuwait,agriculture,12,"Oil seeds and oleaginous fruits; miscellaneous grains, seeds and fruit, industrial or medicinal plants; straw and fodder",321379.0,2025,Export
TUR,Türkiye,KWT,Kuwait,agriculture,12,"Oil seeds and oleaginous fruits; miscellaneous grains, seeds and fruit, industrial or medicinal plants; straw and fodder",321379.0,2025,Export
TUR,Türkiye,LBN,Lebanon,agriculture,10,Cereals,18450273.0,2025,Export
TUR,Türkiye,LBN,Lebanon,agriculture,10,Cereals,18450273.0,2025,Export
TUR,Türkiye,LBN,Lebanon,agriculture,11,"Products of the milling industry; malt, starches, inulin, wheat gluten",9115624.0,2025,Export
TUR,Türkiye,LBN,Lebanon,agriculture,11,"Products of the milling industry; malt, starches, inulin, wheat gluten",9115624.0,2025,Export
TUR,Türkiye,LBN,Lebanon,agriculture,12,"Oil seeds and oleaginous fruits; miscellaneous grains, seeds and fruit, industrial or medicinal plants; straw and fodder",7141415.0,2025,Export
TUR,Türkiye,LBN,Lebanon,agriculture,12,"Oil seeds and oleaginous fruits; miscellaneous grains, seeds and fruit, industrial or medicinal plants; straw and fodder",7141415.0,2025,Export
TUR,Türkiye,LBR,Liberia,agriculture,10,Cereals,336917.0,2025,Export
TUR,Türkiye,LBR,Liberia,agriculture,10,Cereals,336917.0,2025,Export
TUR,Türkiye,LBR,Liberia,agriculture,11,"Products of the milling industry; malt, starches, inulin, wheat gluten",2579245.0,2025,Export
TUR,Türkiye,LBR,Liberia,agriculture,11,"Products of the milling industry; malt, starches, inulin, wheat gluten",2579245.0,2025,Export
TUR,Türkiye,LBR,Liberia,agriculture,12,"Oil seeds and oleaginous fruits; miscellaneous grains, seeds and fruit, industrial or medicinal plants; straw and fodder",4572.0,2025,Export
TUR,Türkiye,LBR,Liberia,agriculture,12,"Oil seeds and oleaginous fruits; miscellaneous grains, seeds and fruit, industrial or medicinal plants; straw and fodder",4572.0,2025,Export
TUR,Türkiye,LBY,Libya,agriculture,10,Cereals,36355472.0,2025,Export
TUR,Türkiye,LBY,Libya,agriculture,10,Cereals,36355472.0,2025,Export
TUR,Türkiye,LBY,Libya,agriculture,11,"Products of the milling industry; malt, starches, inulin, wheat gluten",6014248.0,2025,Export
TUR,Türkiye,LBY,Libya,agriculture,11,"Products of the milling industry; malt, starches, inulin, wheat gluten",6014248.0,2025,Export
TUR,Türkiye,LBY,Libya,agriculture,12,"Oil seeds and oleaginous fruits; miscellaneous grains, seeds and fruit, industrial or medicinal plants; straw and fodder",4719250.0,2025,Export
TUR,Türkiye,LBY,Libya,agriculture,12,"Oil seeds and oleaginous fruits; miscellaneous grains, seeds and fruit, industrial or medicinal plants; straw and fodder",4719250.0,2025,Export
TUR,Türkiye,LCA,Saint Lucia,agriculture,10,Cereals,3675.0,2025,Export
TUR,Türkiye,LCA,Saint Lucia,agriculture,10,Cereals,3675.0,2025,Export
TUR,Türkiye,LCA,Saint Lucia,agriculture,11,"Products of the milling industry; malt, starches, inulin, wheat gluten",404.0,2025,Export
TUR,Türkiye,LCA,Saint Lucia,agriculture,11,"Products of the milling industry; malt, starches, inulin, wheat gluten",404.0,2025,Export
TUR,Türkiye,LCA,Saint Lucia,agriculture,12,"Oil seeds and oleaginous fruits; miscellaneous grains, seeds and fruit, industrial or medicinal plants; straw and fodder",1604.0,2025,Export
TUR,Türkiye,LCA,Saint Lucia,agriculture,12,"Oil seeds and oleaginous fruits; miscellaneous grains, seeds and fruit, industrial or medicinal plants; straw and fodder",1604.0,2025,Export
TUR,Türkiye,LKA,Sri Lanka,agriculture,10,Cereals,329.0,2025,Export
TUR,Türkiye,LKA,Sri Lanka,agriculture,10,Cereals,329.0,2025,Export
TUR,Türkiye,LKA,Sri Lanka,agriculture,11,"Products of the milling industry; malt, starches, inulin, wheat gluten",15077337.0,2025,Export
TUR,Türkiye,LKA,Sri Lanka,agriculture,11,"Products of the milling industry; malt, starches, inulin, wheat gluten",15077337.0,2025,Export
TUR,Türkiye,LKA,Sri Lanka,agriculture,12,"Oil seeds and oleaginous fruits; miscellaneous grains, seeds and fruit, industrial or medicinal plants; straw and fodder",5.0,2025,Export
TUR,Türkiye,LKA,Sri Lanka,agriculture,12,"Oil seeds and oleaginous fruits; miscellaneous grains, seeds and fruit, industrial or medicinal plants; straw and fodder",5.0,2025,Export
TUR,Türkiye,LTU,Lithuania,agriculture,10,Cereals,1775.0,2025,Export
TUR,Türkiye,LTU,Lithuania,agriculture,10,Cereals,1775.0,2025,Export
TUR,Türkiye,LTU,Lithuania,agriculture,11,"Products of the milling industry; malt, starches, inulin, wheat gluten",7743.0,2025,Export
TUR,Türkiye,LTU,Lithuania,agriculture,11,"Products of the milling industry; malt, starches, inulin, wheat gluten",7743.0,2025,Export
TUR,Türkiye,LTU,Lithuania,agriculture,12,"Oil seeds and oleaginous fruits; miscellaneous grains, seeds and fruit, industrial or medicinal plants; straw and fodder",1980945.0,2025,Export
TUR,Türkiye,LTU,Lithuania,agriculture,12,"Oil seeds and oleaginous fruits; miscellaneous grains, seeds and fruit, industrial or medicinal plants; straw and fodder",1980945.0,2025,Export
TUR,Türkiye,LUX,Luxembourg,agriculture,10,Cereals,128.0,2025,Export
TUR,Türkiye,LUX,Luxembourg,agriculture,10,Cereals,128.0,2025,Export
TUR,Türkiye,LUX,Luxembourg,agriculture,11,"Products of the milling industry; malt, starches, inulin, wheat gluten",67.0,2025,Export
TUR,Türkiye,LUX,Luxembourg,agriculture,11,"Products of the milling industry; malt, starches, inulin, wheat gluten",67.0,2025,Export
TUR,Türkiye,LUX,Luxembourg,agriculture,12,"Oil seeds and oleaginous fruits; miscellaneous grains, seeds and fruit, industrial or medicinal plants; straw and fodder",40.0,2025,Export
TUR,Türkiye,LUX,Luxembourg,agriculture,12,"Oil seeds and oleaginous fruits; miscellaneous grains, seeds and fruit, industrial or medicinal plants; straw and fodder",40.0,2025,Export
TUR,Türkiye,LVA,Latvia,agriculture,10,Cereals,24.0,2025,Export
TUR,Türkiye,LVA,Latvia,agriculture,10,Cereals,24.0,2025,Export
TUR,Türkiye,LVA,Latvia,agriculture,11,"Products of the milling industry; malt, starches, inulin, wheat gluten",32.0,2025,Export
TUR,Türkiye,LVA,Latvia,agriculture,11,"Products of the milling industry; malt, starches, inulin, wheat gluten",32.0,2025,Export
TUR,Türkiye,LVA,Latvia,agriculture,12,"Oil seeds and oleaginous fruits; miscellaneous grains, seeds and fruit, industrial or medicinal plants; straw and fodder",68729.0,2025,Export
TUR,Türkiye,LVA,Latvia,agriculture,12,"Oil seeds and oleaginous fruits; miscellaneous grains, seeds and fruit, industrial or medicinal plants; straw and fodder",68729.0,2025,Export
TUR,Türkiye,MAR,Morocco,agriculture,10,Cereals,13552105.0,2025,Export
TUR,Türkiye,MAR,Morocco,agriculture,10,Cereals,13552105.0,2025,Export
TUR,Türkiye,MAR,Morocco,agriculture,11,"Products of the milling industry; malt, starches, inulin, wheat gluten",25468.0,2025,Export
TUR,Türkiye,MAR,Morocco,agriculture,11,"Products of the milling industry; malt, starches, inulin, wheat gluten",25468.0,2025,Export
TUR,Türkiye,MAR,Morocco,agriculture,12,"Oil seeds and oleaginous fruits; miscellaneous grains, seeds and fruit, industrial or medicinal plants; straw and fodder",10247236.0,2025,Export
TUR,Türkiye,MAR,Morocco,agriculture,12,"Oil seeds and oleaginous fruits; miscellaneous grains, seeds and fruit, industrial or medicinal plants; straw and fodder",10247236.0,2025,Export
TUR,Türkiye,MDA,Rep. of Moldova,agriculture,10,Cereals,103848.0,2025,Export
TUR,Türkiye,MDA,Rep. of Moldova,agriculture,10,Cereals,103848.0,2025,Export
TUR,Türkiye,MDA,Rep. of Moldova,agriculture,11,"Products of the milling industry; malt, starches, inulin, wheat gluten",15862.0,2025,Export
TUR,Türkiye,MDA,Rep. of Moldova,agriculture,11,"Products of the milling industry; malt, starches, inulin, wheat gluten",15862.0,2025,Export
TUR,Türkiye,MDA,Rep. of Moldova,agriculture,12,"Oil seeds and oleaginous fruits; miscellaneous grains, seeds and fruit, industrial or medicinal plants; straw and fodder",3603891.0,2025,Export
TUR,Türkiye,MDA,Rep. of Moldova,agriculture,12,"Oil seeds and oleaginous fruits; miscellaneous grains, seeds and fruit, industrial or medicinal plants; straw and fodder",3603891.0,2025,Export
TUR,Türkiye,MDG,Madagascar,agriculture,11,"Products of the milling industry; malt, starches, inulin, wheat gluten",2578946.0,2025,Export
TUR,Türkiye,MDG,Madagascar,agriculture,11,"Products of the milling industry; malt, starches, inulin, wheat gluten",2578946.0,2025,Export
TUR,Türkiye,MDV,Maldives,agriculture,10,Cereals,2672.0,2025,Export
TUR,Türkiye,MDV,Maldives,agriculture,10,Cereals,2672.0,2025,Export
TUR,Türkiye,MDV,Maldives,agriculture,11,"Products of the milling industry; malt, starches, inulin, wheat gluten",83481.0,2025,Export
TUR,Türkiye,MDV,Maldives,agriculture,11,"Products of the milling industry; malt, starches, inulin, wheat gluten",83481.0,2025,Export
TUR,Türkiye,MDV,Maldives,agriculture,12,"Oil seeds and oleaginous fruits; miscellaneous grains, seeds and fruit, industrial or medicinal plants; straw and fodder",20924.0,2025,Export
TUR,Türkiye,MDV,Maldives,agriculture,12,"Oil seeds and oleaginous fruits; miscellaneous grains, seeds and fruit, industrial or medicinal plants; straw and fodder",20924.0,2025,Export
TUR,Türkiye,MEX,Mexico,agriculture,11,"Products of the milling industry; malt, starches, inulin, wheat gluten",2682525.0,2025,Export
TUR,Türkiye,MEX,Mexico,agriculture,11,"Products of the milling industry; malt, starches, inulin, wheat gluten",2682525.0,2025,Export
TUR,Türkiye,MEX,Mexico,agriculture,12,"Oil seeds and oleaginous fruits; miscellaneous grains, seeds and fruit, industrial or medicinal plants; straw and fodder",255708.0,2025,Export
TUR,Türkiye,MEX,Mexico,agriculture,12,"Oil seeds and oleaginous fruits; miscellaneous grains, seeds and fruit, industrial or medicinal plants; straw and fodder",255708.0,2025,Export
TUR,Türkiye,MHL,Marshall Isds,agriculture,10,Cereals,181564.0,2025,Export
TUR,Türkiye,MHL,Marshall Isds,agriculture,10,Cereals,181564.0,2025,Export
TUR,Türkiye,MHL,Marshall Isds,agriculture,11,"Products of the milling industry; malt, starches, inulin, wheat gluten",197660.0,2025,Export
TUR,Türkiye,MHL,Marshall Isds,agriculture,11,"Products of the milling industry; malt, starches, inulin, wheat gluten",197660.0,2025,Export
TUR,Türkiye,MHL,Marshall Isds,agriculture,12,"Oil seeds and oleaginous fruits; miscellaneous grains, seeds and fruit, industrial or medicinal plants; straw and fodder",1384.0,2025,Export
TUR,Türkiye,MHL,Marshall Isds,agriculture,12,"Oil seeds and oleaginous fruits; miscellaneous grains, seeds and fruit, industrial or medicinal plants; straw and fodder",1384.0,2025,Export
TUR,Türkiye,MKD,North Macedonia,agriculture,10,Cereals,45426.0,2025,Export
TUR,Türkiye,MKD,North Macedonia,agriculture,10,Cereals,45426.0,2025,Export
TUR,Türkiye,MKD,North Macedonia,agriculture,11,"Products of the milling industry; malt, starches, inulin, wheat gluten",184108.0,2025,Export
TUR,Türkiye,MKD,North Macedonia,agriculture,11,"Products of the milling industry; malt, starches, inulin, wheat gluten",184108.0,2025,Export
TUR,Türkiye,MKD,North Macedonia,agriculture,12,"Oil seeds and oleaginous fruits; miscellaneous grains, seeds and fruit, industrial or medicinal plants; straw and fodder",2516873.0,2025,Export
TUR,Türkiye,MKD,North Macedonia,agriculture,12,"Oil seeds and oleaginous fruits; miscellaneous grains, seeds and fruit, industrial or medicinal plants; straw and fodder",2516873.0,2025,Export
TUR,Türkiye,MLI,Mali,agriculture,10,Cereals,6.0,2025,Export
TUR,Türkiye,MLI,Mali,agriculture,10,Cereals,6.0,2025,Export
TUR,Türkiye,MLI,Mali,agriculture,11,"Products of the milling industry; malt, starches, inulin, wheat gluten",8730621.0,2025,Export
TUR,Türkiye,MLI,Mali,agriculture,11,"Products of the milling industry; malt, starches, inulin, wheat gluten",8730621.0,2025,Export
TUR,Türkiye,MLT,Malta,agriculture,10,Cereals,192612.0,2025,Export
TUR,Türkiye,MLT,Malta,agriculture,10,Cereals,192612.0,2025,Export
TUR,Türkiye,MLT,Malta,agriculture,11,"Products of the milling industry; malt, starches, inulin, wheat gluten",1165678.0,2025,Export
TUR,Türkiye,MLT,Malta,agriculture,11,"Products of the milling industry; malt, starches, inulin, wheat gluten",1165678.0,2025,Export
TUR,Türkiye,MLT,Malta,agriculture,12,"Oil seeds and oleaginous fruits; miscellaneous grains, seeds and fruit, industrial or medicinal plants; straw and fodder",35681.0,2025,Export
TUR,Türkiye,MLT,Malta,agriculture,12,"Oil seeds and oleaginous fruits; miscellaneous grains, seeds and fruit, industrial or medicinal plants; straw and fodder",35681.0,2025,Export
TUR,Türkiye,MMR,Myanmar,agriculture,10,Cereals,1.0,2025,Export
TUR,Türkiye,MMR,Myanmar,agriculture,10,Cereals,1.0,2025,Export
TUR,Türkiye,MNE,Montenegro,agriculture,10,Cereals,256138.0,2025,Export
TUR,Türkiye,MNE,Montenegro,agriculture,10,Cereals,256138.0,2025,Export
TUR,Türkiye,MNE,Montenegro,agriculture,11,"Products of the milling industry; malt, starches, inulin, wheat gluten",9184.0,2025,Export
TUR,Türkiye,MNE,Montenegro,agriculture,11,"Products of the milling industry; malt, starches, inulin, wheat gluten",9184.0,2025,Export
TUR,Türkiye,MNE,Montenegro,agriculture,12,"Oil seeds and oleaginous fruits; miscellaneous grains, seeds and fruit, industrial or medicinal plants; straw and fodder",37068.0,2025,Export
TUR,Türkiye,MNE,Montenegro,agriculture,12,"Oil seeds and oleaginous fruits; miscellaneous grains, seeds and fruit, industrial or medicinal plants; straw and fodder",37068.0,2025,Export
TUR,Türkiye,MNG,Mongolia,agriculture,10,Cereals,6674.0,2025,Export
TUR,Türkiye,MNG,Mongolia,agriculture,10,Cereals,6674.0,2025,Export
TUR,Türkiye,MNG,Mongolia,agriculture,11,"Products of the milling industry; malt, starches, inulin, wheat gluten",2135.0,2025,Export
TUR,Türkiye,MNG,Mongolia,agriculture,11,"Products of the milling industry; malt, starches, inulin, wheat gluten",2135.0,2025,Export
TUR,Türkiye,MNG,Mongolia,agriculture,12,"Oil seeds and oleaginous fruits; miscellaneous grains, seeds and fruit, industrial or medicinal plants; straw and fodder",24089.0,2025,Export
TUR,Türkiye,MNG,Mongolia,agriculture,12,"Oil seeds and oleaginous fruits; miscellaneous grains, seeds and fruit, industrial or medicinal plants; straw and fodder",24089.0,2025,Export
TUR,Türkiye,MNP,N. Mariana Isds,agriculture,11,"Products of the milling industry; malt, starches, inulin, wheat gluten",10089.0,2025,Export
TUR,Türkiye,MNP,N. Mariana Isds,agriculture,11,"Products of the milling industry; malt, starches, inulin, wheat gluten",10089.0,2025,Export
TUR,Türkiye,MOZ,Mozambique,agriculture,10,Cereals,184.0,2025,Export
TUR,Türkiye,MOZ,Mozambique,agriculture,10,Cereals,184.0,2025,Export
TUR,Türkiye,MOZ,Mozambique,agriculture,11,"Products of the milling industry; malt, starches, inulin, wheat gluten",75278.0,2025,Export
TUR,Türkiye,MOZ,Mozambique,agriculture,11,"Products of the milling industry; malt, starches, inulin, wheat gluten",75278.0,2025,Export
TUR,Türkiye,MRT,Mauritania,agriculture,10,Cereals,7620.0,2025,Export
TUR,Türkiye,MRT,Mauritania,agriculture,10,Cereals,7620.0,2025,Export
TUR,Türkiye,MRT,Mauritania,agriculture,11,"Products of the milling industry; malt, starches, inulin, wheat gluten",68379.0,2025,Export
TUR,Türkiye,MRT,Mauritania,agriculture,11,"Products of the milling industry; malt, starches, inulin, wheat gluten",68379.0,2025,Export
TUR,Türkiye,MRT,Mauritania,agriculture,12,"Oil seeds and oleaginous fruits; miscellaneous grains, seeds and fruit, industrial or medicinal plants; straw and fodder",2710.0,2025,Export
TUR,Türkiye,MRT,Mauritania,agriculture,12,"Oil seeds and oleaginous fruits; miscellaneous grains, seeds and fruit, industrial or medicinal plants; straw and fodder",2710.0,2025,Export
TUR,Türkiye,MUS,Mauritius,agriculture,11,"Products of the milling industry; malt, starches, inulin, wheat gluten",121264.0,2025,Export
TUR,Türkiye,MUS,Mauritius,agriculture,11,"Products of the milling industry; malt, starches, inulin, wheat gluten",121264.0,2025,Export
TUR,Türkiye,MUS,Mauritius,agriculture,12,"Oil seeds and oleaginous fruits; miscellaneous grains, seeds and fruit, industrial or medicinal plants; straw and fodder",36720.0,2025,Export
TUR,Türkiye,MUS,Mauritius,agriculture,12,"Oil seeds and oleaginous fruits; miscellaneous grains, seeds and fruit, industrial or medicinal plants; straw and fodder",36720.0,2025,Export
TUR,Türkiye,MWI,Malawi,agriculture,10,Cereals,544.0,2025,Export
TUR,Türkiye,MWI,Malawi,agriculture,10,Cereals,544.0,2025,Export
TUR,Türkiye,MWI,Malawi,agriculture,11,"Products of the milling industry; malt, starches, inulin, wheat gluten",249.0,2025,Export
TUR,Türkiye,MWI,Malawi,agriculture,11,"Products of the milling industry; malt, starches, inulin, wheat gluten",249.0,2025,Export
TUR,Türkiye,MYS,Malaysia,agriculture,10,Cereals,167.0,2025,Export
TUR,Türkiye,MYS,Malaysia,agriculture,10,Cereals,167.0,2025,Export
TUR,Türkiye,MYS,Malaysia,agriculture,11,"Products of the milling industry; malt, starches, inulin, wheat gluten",5338352.0,2025,Export
TUR,Türkiye,MYS,Malaysia,agriculture,11,"Products of the milling industry; malt, starches, inulin, wheat gluten",5338352.0,2025,Export
TUR,Türkiye,MYS,Malaysia,agriculture,12,"Oil seeds and oleaginous fruits; miscellaneous grains, seeds and fruit, industrial or medicinal plants; straw and fodder",3959034.0,2025,Export
TUR,Türkiye,MYS,Malaysia,agriculture,12,"Oil seeds and oleaginous fruits; miscellaneous grains, seeds and fruit, industrial or medicinal plants; straw and fodder",3959034.0,2025,Export
TUR,Türkiye,NER,Niger,agriculture,10,Cereals,62000.0,2025,Export
TUR,Türkiye,NER,Niger,agriculture,10,Cereals,62000.0,2025,Export
TUR,Türkiye,NER,Niger,agriculture,11,"Products of the milling industry; malt, starches, inulin, wheat gluten",757424.0,2025,Export
TUR,Türkiye,NER,Niger,agriculture,11,"Products of the milling industry; malt, starches, inulin, wheat gluten",757424.0,2025,Export
TUR,Türkiye,NER,Niger,agriculture,12,"Oil seeds and oleaginous fruits; miscellaneous grains, seeds and fruit, industrial or medicinal plants; straw and fodder",159690.0,2025,Export
TUR,Türkiye,NER,Niger,agriculture,12,"Oil seeds and oleaginous fruits; miscellaneous grains, seeds and fruit, industrial or medicinal plants; straw and fodder",159690.0,2025,Export
TUR,Türkiye,NGA,Nigeria,agriculture,10,Cereals,1333.0,2025,Export
TUR,Türkiye,NGA,Nigeria,agriculture,10,Cereals,1333.0,2025,Export
TUR,Türkiye,NGA,Nigeria,agriculture,11,"Products of the milling industry; malt, starches, inulin, wheat gluten",14097437.0,2025,Export
TUR,Türkiye,NGA,Nigeria,agriculture,11,"Products of the milling industry; malt, starches, inulin, wheat gluten",14097437.0,2025,Export
TUR,Türkiye,NGA,Nigeria,agriculture,12,"Oil seeds and oleaginous fruits; miscellaneous grains, seeds and fruit, industrial or medicinal plants; straw and fodder",335116.0,2025,Export
TUR,Türkiye,NGA,Nigeria,agriculture,12,"Oil seeds and oleaginous fruits; miscellaneous grains, seeds and fruit, industrial or medicinal plants; straw and fodder",335116.0,2025,Export
TUR,Türkiye,NIC,Nicaragua,agriculture,11,"Products of the milling industry; malt, starches, inulin, wheat gluten",24790.0,2025,Export
TUR,Türkiye,NIC,Nicaragua,agriculture,11,"Products of the milling industry; malt, starches, inulin, wheat gluten",24790.0,2025,Export
TUR,Türkiye,NLD,Netherlands,agriculture,10,Cereals,1988409.0,2025,Export
TUR,Türkiye,NLD,Netherlands,agriculture,10,Cereals,1988409.0,2025,Export
TUR,Türkiye,NLD,Netherlands,agriculture,11,"Products of the milling industry; malt, starches, inulin, wheat gluten",3334411.0,2025,Export
TUR,Türkiye,NLD,Netherlands,agriculture,11,"Products of the milling industry; malt, starches, inulin, wheat gluten",3334411.0,2025,Export
TUR,Türkiye,NLD,Netherlands,agriculture,12,"Oil seeds and oleaginous fruits; miscellaneous grains, seeds and fruit, industrial or medicinal plants; straw and fodder",12277674.0,2025,Export
TUR,Türkiye,NLD,Netherlands,agriculture,12,"Oil seeds and oleaginous fruits; miscellaneous grains, seeds and fruit, industrial or medicinal plants; straw and fodder",12277674.0,2025,Export
TUR,Türkiye,NOR,Norway,agriculture,10,Cereals,238394.0,2025,Export
TUR,Türkiye,NOR,Norway,agriculture,10,Cereals,238394.0,2025,Export
TUR,Türkiye,NOR,Norway,agriculture,11,"Products of the milling industry; malt, starches, inulin, wheat gluten",180369.0,2025,Export
TUR,Türkiye,NOR,Norway,agriculture,11,"Products of the milling industry; malt, starches, inulin, wheat gluten",180369.0,2025,Export
TUR,Türkiye,NOR,Norway,agriculture,12,"Oil seeds and oleaginous fruits; miscellaneous grains, seeds and fruit, industrial or medicinal plants; straw and fodder",156054.0,2025,Export
TUR,Türkiye,NOR,Norway,agriculture,12,"Oil seeds and oleaginous fruits; miscellaneous grains, seeds and fruit, industrial or medicinal plants; straw and fodder",156054.0,2025,Export
TUR,Türkiye,NPL,Nepal,agriculture,10,Cereals,567515.0,2025,Export
TUR,Türkiye,NPL,Nepal,agriculture,10,Cereals,567515.0,2025,Export
TUR,Türkiye,NPL,Nepal,agriculture,11,"Products of the milling industry; malt, starches, inulin, wheat gluten",22.0,2025,Export
TUR,Türkiye,NPL,Nepal,agriculture,11,"Products of the milling industry; malt, starches, inulin, wheat gluten",22.0,2025,Export
TUR,Türkiye,NZL,New Zealand,agriculture,10,Cereals,20400.0,2025,Export
TUR,Türkiye,NZL,New Zealand,agriculture,10,Cereals,20400.0,2025,Export
TUR,Türkiye,NZL,New Zealand,agriculture,11,"Products of the milling industry; malt, starches, inulin, wheat gluten",134330.0,2025,Export
TUR,Türkiye,NZL,New Zealand,agriculture,11,"Products of the milling industry; malt, starches, inulin, wheat gluten",134330.0,2025,Export
TUR,Türkiye,NZL,New Zealand,agriculture,12,"Oil seeds and oleaginous fruits; miscellaneous grains, seeds and fruit, industrial or medicinal plants; straw and fodder",422146.0,2025,Export
TUR,Türkiye,NZL,New Zealand,agriculture,12,"Oil seeds and oleaginous fruits; miscellaneous grains, seeds and fruit, industrial or medicinal plants; straw and fodder",422146.0,2025,Export
TUR,Türkiye,OMN,Oman,agriculture,10,Cereals,71077.0,2025,Export
TUR,Türkiye,OMN,Oman,agriculture,10,Cereals,71077.0,2025,Export
TUR,Türkiye,OMN,Oman,agriculture,11,"Products of the milling industry; malt, starches, inulin, wheat gluten",212772.0,2025,Export
TUR,Türkiye,OMN,Oman,agriculture,11,"Products of the milling industry; malt, starches, inulin, wheat gluten",212772.0,2025,Export
TUR,Türkiye,OMN,Oman,agriculture,12,"Oil seeds and oleaginous fruits; miscellaneous grains, seeds and fruit, industrial or medicinal plants; straw and fodder",51960.0,2025,Export
TUR,Türkiye,OMN,Oman,agriculture,12,"Oil seeds and oleaginous fruits; miscellaneous grains, seeds and fruit, industrial or medicinal plants; straw and fodder",51960.0,2025,Export
TUR,Türkiye,PAK,Pakistan,agriculture,10,Cereals,25212783.0,2025,Export
TUR,Türkiye,PAK,Pakistan,agriculture,10,Cereals,25212783.0,2025,Export
TUR,Türkiye,PAK,Pakistan,agriculture,11,"Products of the milling industry; malt, starches, inulin, wheat gluten",89799.0,2025,Export
TUR,Türkiye,PAK,Pakistan,agriculture,11,"Products of the milling industry; malt, starches, inulin, wheat gluten",89799.0,2025,Export
TUR,Türkiye,PAK,Pakistan,agriculture,12,"Oil seeds and oleaginous fruits; miscellaneous grains, seeds and fruit, industrial or medicinal plants; straw and fodder",792596.0,2025,Export
TUR,Türkiye,PAK,Pakistan,agriculture,12,"Oil seeds and oleaginous fruits; miscellaneous grains, seeds and fruit, industrial or medicinal plants; straw and fodder",792596.0,2025,Export
TUR,Türkiye,PAN,Panama,agriculture,10,Cereals,178496.0,2025,Export
TUR,Türkiye,PAN,Panama,agriculture,10,Cereals,178496.0,2025,Export
TUR,Türkiye,PAN,Panama,agriculture,11,"Products of the milling industry; malt, starches, inulin, wheat gluten",1551875.0,2025,Export
TUR,Türkiye,PAN,Panama,agriculture,11,"Products of the milling industry; malt, starches, inulin, wheat gluten",1551875.0,2025,Export
TUR,Türkiye,PAN,Panama,agriculture,12,"Oil seeds and oleaginous fruits; miscellaneous grains, seeds and fruit, industrial or medicinal plants; straw and fodder",5004.0,2025,Export
TUR,Türkiye,PAN,Panama,agriculture,12,"Oil seeds and oleaginous fruits; miscellaneous grains, seeds and fruit, industrial or medicinal plants; straw and fodder",5004.0,2025,Export
TUR,Türkiye,PER,Peru,agriculture,11,"Products of the milling industry; malt, starches, inulin, wheat gluten",998289.0,2025,Export
TUR,Türkiye,PER,Peru,agriculture,11,"Products of the milling industry; malt, starches, inulin, wheat gluten",998289.0,2025,Export
TUR,Türkiye,PER,Peru,agriculture,12,"Oil seeds and oleaginous fruits; miscellaneous grains, seeds and fruit, industrial or medicinal plants; straw and fodder",5572.0,2025,Export
TUR,Türkiye,PER,Peru,agriculture,12,"Oil seeds and oleaginous fruits; miscellaneous grains, seeds and fruit, industrial or medicinal plants; straw and fodder",5572.0,2025,Export
TUR,Türkiye,PHL,Philippines,agriculture,10,Cereals,16028.0,2025,Export
TUR,Türkiye,PHL,Philippines,agriculture,10,Cereals,16028.0,2025,Export
TUR,Türkiye,PHL,Philippines,agriculture,11,"Products of the milling industry; malt, starches, inulin, wheat gluten",2612449.0,2025,Export
TUR,Türkiye,PHL,Philippines,agriculture,11,"Products of the milling industry; malt, starches, inulin, wheat gluten",2612449.0,2025,Export
TUR,Türkiye,PHL,Philippines,agriculture,12,"Oil seeds and oleaginous fruits; miscellaneous grains, seeds and fruit, industrial or medicinal plants; straw and fodder",134078.0,2025,Export
TUR,Türkiye,PHL,Philippines,agriculture,12,"Oil seeds and oleaginous fruits; miscellaneous grains, seeds and fruit, industrial or medicinal plants; straw and fodder",134078.0,2025,Export
TUR,Türkiye,PLW,Palau,agriculture,10,Cereals,7202.0,2025,Export
TUR,Türkiye,PLW,Palau,agriculture,10,Cereals,7202.0,2025,Export
TUR,Türkiye,PLW,Palau,agriculture,11,"Products of the milling industry; malt, starches, inulin, wheat gluten",3682.0,2025,Export
TUR,Türkiye,PLW,Palau,agriculture,11,"Products of the milling industry; malt, starches, inulin, wheat gluten",3682.0,2025,Export
TUR,Türkiye,PLW,Palau,agriculture,12,"Oil seeds and oleaginous fruits; miscellaneous grains, seeds and fruit, industrial or medicinal plants; straw and fodder",167.0,2025,Export
TUR,Türkiye,PLW,Palau,agriculture,12,"Oil seeds and oleaginous fruits; miscellaneous grains, seeds and fruit, industrial or medicinal plants; straw and fodder",167.0,2025,Export
TUR,Türkiye,PNG,Papua New Guinea,agriculture,10,Cereals,5.0,2025,Export
TUR,Türkiye,PNG,Papua New Guinea,agriculture,10,Cereals,5.0,2025,Export
TUR,Türkiye,PNG,Papua New Guinea,agriculture,11,"Products of the milling industry; malt, starches, inulin, wheat gluten",2621100.0,2025,Export
TUR,Türkiye,PNG,Papua New Guinea,agriculture,11,"Products of the milling industry; malt, starches, inulin, wheat gluten",2621100.0,2025,Export
TUR,Türkiye,PNG,Papua New Guinea,agriculture,12,"Oil seeds and oleaginous fruits; miscellaneous grains, seeds and fruit, industrial or medicinal plants; straw and fodder",2035.0,2025,Export
TUR,Türkiye,PNG,Papua New Guinea,agriculture,12,"Oil seeds and oleaginous fruits; miscellaneous grains, seeds and fruit, industrial or medicinal plants; straw and fodder",2035.0,2025,Export
TUR,Türkiye,POL,Poland,agriculture,10,Cereals,1904559.0,2025,Export
TUR,Türkiye,POL,Poland,agriculture,10,Cereals,1904559.0,2025,Export
TUR,Türkiye,POL,Poland,agriculture,11,"Products of the milling industry; malt, starches, inulin, wheat gluten",1089364.0,2025,Export
TUR,Türkiye,POL,Poland,agriculture,11,"Products of the milling industry; malt, starches, inulin, wheat gluten",1089364.0,2025,Export
TUR,Türkiye,POL,Poland,agriculture,12,"Oil seeds and oleaginous fruits; miscellaneous grains, seeds and fruit, industrial or medicinal plants; straw and fodder",16257690.0,2025,Export
TUR,Türkiye,POL,Poland,agriculture,12,"Oil seeds and oleaginous fruits; miscellaneous grains, seeds and fruit, industrial or medicinal plants; straw and fodder",16257690.0,2025,Export
TUR,Türkiye,PRT,Portugal,agriculture,10,Cereals,33200.0,2025,Export
TUR,Türkiye,PRT,Portugal,agriculture,10,Cereals,33200.0,2025,Export
TUR,Türkiye,PRT,Portugal,agriculture,11,"Products of the milling industry; malt, starches, inulin, wheat gluten",8749.0,2025,Export
TUR,Türkiye,PRT,Portugal,agriculture,11,"Products of the milling industry; malt, starches, inulin, wheat gluten",8749.0,2025,Export
TUR,Türkiye,PRT,Portugal,agriculture,12,"Oil seeds and oleaginous fruits; miscellaneous grains, seeds and fruit, industrial or medicinal plants; straw and fodder",236825.0,2025,Export
TUR,Türkiye,PRT,Portugal,agriculture,12,"Oil seeds and oleaginous fruits; miscellaneous grains, seeds and fruit, industrial or medicinal plants; straw and fodder",236825.0,2025,Export
TUR,Türkiye,PRY,Paraguay,agriculture,12,"Oil seeds and oleaginous fruits; miscellaneous grains, seeds and fruit, industrial or medicinal plants; straw and fodder",50760.0,2025,Export
TUR,Türkiye,PRY,Paraguay,agriculture,12,"Oil seeds and oleaginous fruits; miscellaneous grains, seeds and fruit, industrial or medicinal plants; straw and fodder",50760.0,2025,Export
TUR,Türkiye,PSE,State of Palestine,agriculture,10,Cereals,7439766.0,2025,Export
TUR,Türkiye,PSE,State of Palestine,agriculture,10,Cereals,7439766.0,2025,Export
TUR,Türkiye,PSE,State of Palestine,agriculture,11,"Products of the milling industry; malt, starches, inulin, wheat gluten",26839639.0,2025,Export
TUR,Türkiye,PSE,State of Palestine,agriculture,11,"Products of the milling industry; malt, starches, inulin, wheat gluten",26839639.0,2025,Export
TUR,Türkiye,PSE,State of Palestine,agriculture,12,"Oil seeds and oleaginous fruits; miscellaneous grains, seeds and fruit, industrial or medicinal plants; straw and fodder",343183.0,2025,Export
TUR,Türkiye,PSE,State of Palestine,agriculture,12,"Oil seeds and oleaginous fruits; miscellaneous grains, seeds and fruit, industrial or medicinal plants; straw and fodder",343183.0,2025,Export
TUR,Türkiye,QAT,Qatar,agriculture,10,Cereals,206896.0,2025,Export
TUR,Türkiye,QAT,Qatar,agriculture,10,Cereals,206896.0,2025,Export
TUR,Türkiye,QAT,Qatar,agriculture,11,"Products of the milling industry; malt, starches, inulin, wheat gluten",4969375.0,2025,Export
TUR,Türkiye,QAT,Qatar,agriculture,11,"Products of the milling industry; malt, starches, inulin, wheat gluten",4969375.0,2025,Export
TUR,Türkiye,QAT,Qatar,agriculture,12,"Oil seeds and oleaginous fruits; miscellaneous grains, seeds and fruit, industrial or medicinal plants; straw and fodder",346956.0,2025,Export
TUR,Türkiye,QAT,Qatar,agriculture,12,"Oil seeds and oleaginous fruits; miscellaneous grains, seeds and fruit, industrial or medicinal plants; straw and fodder",346956.0,2025,Export
TUR,Türkiye,ROU,Romania,agriculture,10,Cereals,6171414.0,2025,Export
TUR,Türkiye,ROU,Romania,agriculture,10,Cereals,6171414.0,2025,Export
TUR,Türkiye,ROU,Romania,agriculture,11,"Products of the milling industry; malt, starches, inulin, wheat gluten",2266383.0,2025,Export
TUR,Türkiye,ROU,Romania,agriculture,11,"Products of the milling industry; malt, starches, inulin, wheat gluten",2266383.0,2025,Export
TUR,Türkiye,ROU,Romania,agriculture,12,"Oil seeds and oleaginous fruits; miscellaneous grains, seeds and fruit, industrial or medicinal plants; straw and fodder",42163389.0,2025,Export
TUR,Türkiye,ROU,Romania,agriculture,12,"Oil seeds and oleaginous fruits; miscellaneous grains, seeds and fruit, industrial or medicinal plants; straw and fodder",42163389.0,2025,Export
TUR,Türkiye,RUS,Russian Federation,agriculture,10,Cereals,1784075.0,2025,Export
TUR,Türkiye,RUS,Russian Federation,agriculture,10,Cereals,1784075.0,2025,Export
TUR,Türkiye,RUS,Russian Federation,agriculture,11,"Products of the milling industry; malt, starches, inulin, wheat gluten",3241804.0,2025,Export
TUR,Türkiye,RUS,Russian Federation,agriculture,11,"Products of the milling industry; malt, starches, inulin, wheat gluten",3241804.0,2025,Export
TUR,Türkiye,RUS,Russian Federation,agriculture,12,"Oil seeds and oleaginous fruits; miscellaneous grains, seeds and fruit, industrial or medicinal plants; straw and fodder",40760985.0,2025,Export
TUR,Türkiye,RUS,Russian Federation,agriculture,12,"Oil seeds and oleaginous fruits; miscellaneous grains, seeds and fruit, industrial or medicinal plants; straw and fodder",40760985.0,2025,Export
TUR,Türkiye,RWA,Rwanda,agriculture,11,"Products of the milling industry; malt, starches, inulin, wheat gluten",4652540.0,2025,Export
TUR,Türkiye,RWA,Rwanda,agriculture,11,"Products of the milling industry; malt, starches, inulin, wheat gluten",4652540.0,2025,Export
TUR,Türkiye,RWA,Rwanda,agriculture,12,"Oil seeds and oleaginous fruits; miscellaneous grains, seeds and fruit, industrial or medicinal plants; straw and fodder",180.0,2025,Export
TUR,Türkiye,RWA,Rwanda,agriculture,12,"Oil seeds and oleaginous fruits; miscellaneous grains, seeds and fruit, industrial or medicinal plants; straw and fodder",180.0,2025,Export
TUR,Türkiye,S19,"Other Asia, nes",agriculture,11,"Products of the milling industry; malt, starches, inulin, wheat gluten",5549379.0,2025,Export
TUR,Türkiye,S19,"Other Asia, nes",agriculture,11,"Products of the milling industry; malt, starches, inulin, wheat gluten",5549379.0,2025,Export
TUR,Türkiye,S19,"Other Asia, nes",agriculture,12,"Oil seeds and oleaginous fruits; miscellaneous grains, seeds and fruit, industrial or medicinal plants; straw and fodder",5765.0,2025,Export
TUR,Türkiye,S19,"Other Asia, nes",agriculture,12,"Oil seeds and oleaginous fruits; miscellaneous grains, seeds and fruit, industrial or medicinal plants; straw and fodder",5765.0,2025,Export
TUR,Türkiye,SAU,Saudi Arabia,agriculture,10,Cereals,60149388.0,2025,Export
TUR,Türkiye,SAU,Saudi Arabia,agriculture,10,Cereals,60149388.0,2025,Export
TUR,Türkiye,SAU,Saudi Arabia,agriculture,11,"Products of the milling industry; malt, starches, inulin, wheat gluten",15729602.0,2025,Export
TUR,Türkiye,SAU,Saudi Arabia,agriculture,11,"Products of the milling industry; malt, starches, inulin, wheat gluten",15729602.0,2025,Export
TUR,Türkiye,SAU,Saudi Arabia,agriculture,12,"Oil seeds and oleaginous fruits; miscellaneous grains, seeds and fruit, industrial or medicinal plants; straw and fodder",3253991.0,2025,Export
TUR,Türkiye,SAU,Saudi Arabia,agriculture,12,"Oil seeds and oleaginous fruits; miscellaneous grains, seeds and fruit, industrial or medicinal plants; straw and fodder",3253991.0,2025,Export
TUR,Türkiye,SDN,Sudan,agriculture,10,Cereals,186878.0,2025,Export
TUR,Türkiye,SDN,Sudan,agriculture,10,Cereals,186878.0,2025,Export
TUR,Türkiye,SDN,Sudan,agriculture,11,"Products of the milling industry; malt, starches, inulin, wheat gluten",3886065.0,2025,Export
TUR,Türkiye,SDN,Sudan,agriculture,11,"Products of the milling industry; malt, starches, inulin, wheat gluten",3886065.0,2025,Export
TUR,Türkiye,SDN,Sudan,agriculture,12,"Oil seeds and oleaginous fruits; miscellaneous grains, seeds and fruit, industrial or medicinal plants; straw and fodder",257024.0,2025,Export
TUR,Türkiye,SDN,Sudan,agriculture,12,"Oil seeds and oleaginous fruits; miscellaneous grains, seeds and fruit, industrial or medicinal plants; straw and fodder",257024.0,2025,Export
TUR,Türkiye,SEN,Senegal,agriculture,10,Cereals,60900.0,2025,Export
TUR,Türkiye,SEN,Senegal,agriculture,10,Cereals,60900.0,2025,Export
TUR,Türkiye,SEN,Senegal,agriculture,11,"Products of the milling industry; malt, starches, inulin, wheat gluten",6905455.0,2025,Export
TUR,Türkiye,SEN,Senegal,agriculture,11,"Products of the milling industry; malt, starches, inulin, wheat gluten",6905455.0,2025,Export
TUR,Türkiye,SEN,Senegal,agriculture,12,"Oil seeds and oleaginous fruits; miscellaneous grains, seeds and fruit, industrial or medicinal plants; straw and fodder",243.0,2025,Export
TUR,Türkiye,SEN,Senegal,agriculture,12,"Oil seeds and oleaginous fruits; miscellaneous grains, seeds and fruit, industrial or medicinal plants; straw and fodder",243.0,2025,Export
TUR,Türkiye,SGP,Singapore,agriculture,10,Cereals,63787.0,2025,Export
TUR,Türkiye,SGP,Singapore,agriculture,10,Cereals,63787.0,2025,Export
TUR,Türkiye,SGP,Singapore,agriculture,11,"Products of the milling industry; malt, starches, inulin, wheat gluten",2537051.0,2025,Export
TUR,Türkiye,SGP,Singapore,agriculture,11,"Products of the milling industry; malt, starches, inulin, wheat gluten",2537051.0,2025,Export
TUR,Türkiye,SGP,Singapore,agriculture,12,"Oil seeds and oleaginous fruits; miscellaneous grains, seeds and fruit, industrial or medicinal plants; straw and fodder",12683.0,2025,Export
TUR,Türkiye,SGP,Singapore,agriculture,12,"Oil seeds and oleaginous fruits; miscellaneous grains, seeds and fruit, industrial or medicinal plants; straw and fodder",12683.0,2025,Export
TUR,Türkiye,SLB,Solomon Isds,agriculture,11,"Products of the milling industry; malt, starches, inulin, wheat gluten",70725.0,2025,Export
TUR,Türkiye,SLB,Solomon Isds,agriculture,11,"Products of the milling industry; malt, starches, inulin, wheat gluten",70725.0,2025,Export
TUR,Türkiye,SLE,Sierra Leone,agriculture,10,Cereals,34009.0,2025,Export
TUR,Türkiye,SLE,Sierra Leone,agriculture,10,Cereals,34009.0,2025,Export
TUR,Türkiye,SLE,Sierra Leone,agriculture,11,"Products of the milling industry; malt, starches, inulin, wheat gluten",38594745.0,2025,Export
TUR,Türkiye,SLE,Sierra Leone,agriculture,11,"Products of the milling industry; malt, starches, inulin, wheat gluten",38594745.0,2025,Export
TUR,Türkiye,SLE,Sierra Leone,agriculture,12,"Oil seeds and oleaginous fruits; miscellaneous grains, seeds and fruit, industrial or medicinal plants; straw and fodder",554.0,2025,Export
TUR,Türkiye,SLE,Sierra Leone,agriculture,12,"Oil seeds and oleaginous fruits; miscellaneous grains, seeds and fruit, industrial or medicinal plants; straw and fodder",554.0,2025,Export
TUR,Türkiye,SLV,El Salvador,agriculture,11,"Products of the milling industry; malt, starches, inulin, wheat gluten",483469.0,2025,Export
TUR,Türkiye,SLV,El Salvador,agriculture,11,"Products of the milling industry; malt, starches, inulin, wheat gluten",483469.0,2025,Export
TUR,Türkiye,SMR,San Marino,agriculture,10,Cereals,1893.0,2025,Export
TUR,Türkiye,SMR,San Marino,agriculture,10,Cereals,1893.0,2025,Export
TUR,Türkiye,SMR,San Marino,agriculture,11,"Products of the milling industry; malt, starches, inulin, wheat gluten",203.0,2025,Export
TUR,Türkiye,SMR,San Marino,agriculture,11,"Products of the milling industry; malt, starches, inulin, wheat gluten",203.0,2025,Export
TUR,Türkiye,SMR,San Marino,agriculture,12,"Oil seeds and oleaginous fruits; miscellaneous grains, seeds and fruit, industrial or medicinal plants; straw and fodder",3.0,2025,Export
TUR,Türkiye,SMR,San Marino,agriculture,12,"Oil seeds and oleaginous fruits; miscellaneous grains, seeds and fruit, industrial or medicinal plants; straw and fodder",3.0,2025,Export
TUR,Türkiye,SOM,Somalia,agriculture,10,Cereals,1128.0,2025,Export
TUR,Türkiye,SOM,Somalia,agriculture,10,Cereals,1128.0,2025,Export
TUR,Türkiye,SOM,Somalia,agriculture,11,"Products of the milling industry; malt, starches, inulin, wheat gluten",59906853.0,2025,Export
TUR,Türkiye,SOM,Somalia,agriculture,11,"Products of the milling industry; malt, starches, inulin, wheat gluten",59906853.0,2025,Export
TUR,Türkiye,SOM,Somalia,agriculture,12,"Oil seeds and oleaginous fruits; miscellaneous grains, seeds and fruit, industrial or medicinal plants; straw and fodder",65660.0,2025,Export
TUR,Türkiye,SOM,Somalia,agriculture,12,"Oil seeds and oleaginous fruits; miscellaneous grains, seeds and fruit, industrial or medicinal plants; straw and fodder",65660.0,2025,Export
TUR,Türkiye,SRB,Serbia,agriculture,10,Cereals,9235485.0,2025,Export
TUR,Türkiye,SRB,Serbia,agriculture,10,Cereals,9235485.0,2025,Export
TUR,Türkiye,SRB,Serbia,agriculture,11,"Products of the milling industry; malt, starches, inulin, wheat gluten",179668.0,2025,Export
TUR,Türkiye,SRB,Serbia,agriculture,11,"Products of the milling industry; malt, starches, inulin, wheat gluten",179668.0,2025,Export
TUR,Türkiye,SRB,Serbia,agriculture,12,"Oil seeds and oleaginous fruits; miscellaneous grains, seeds and fruit, industrial or medicinal plants; straw and fodder",3081963.0,2025,Export
TUR,Türkiye,SRB,Serbia,agriculture,12,"Oil seeds and oleaginous fruits; miscellaneous grains, seeds and fruit, industrial or medicinal plants; straw and fodder",3081963.0,2025,Export
TUR,Türkiye,SSD,South Sudan,agriculture,11,"Products of the milling industry; malt, starches, inulin, wheat gluten",3897299.0,2025,Export
TUR,Türkiye,SSD,South Sudan,agriculture,11,"Products of the milling industry; malt, starches, inulin, wheat gluten",3897299.0,2025,Export
TUR,Türkiye,STP,Sao Tome and Principe,agriculture,10,Cereals,1780.0,2025,Export
TUR,Türkiye,STP,Sao Tome and Principe,agriculture,10,Cereals,1780.0,2025,Export
TUR,Türkiye,STP,Sao Tome and Principe,agriculture,11,"Products of the milling industry; malt, starches, inulin, wheat gluten",1536485.0,2025,Export
TUR,Türkiye,STP,Sao Tome and Principe,agriculture,11,"Products of the milling industry; malt, starches, inulin, wheat gluten",1536485.0,2025,Export
TUR,Türkiye,STP,Sao Tome and Principe,agriculture,12,"Oil seeds and oleaginous fruits; miscellaneous grains, seeds and fruit, industrial or medicinal plants; straw and fodder",93.0,2025,Export
TUR,Türkiye,STP,Sao Tome and Principe,agriculture,12,"Oil seeds and oleaginous fruits; miscellaneous grains, seeds and fruit, industrial or medicinal plants; straw and fodder",93.0,2025,Export
TUR,Türkiye,SUR,Suriname,agriculture,10,Cereals,4409.0,2025,Export
TUR,Türkiye,SUR,Suriname,agriculture,10,Cereals,4409.0,2025,Export
TUR,Türkiye,SUR,Suriname,agriculture,11,"Products of the milling industry; malt, starches, inulin, wheat gluten",1926393.0,2025,Export
TUR,Türkiye,SUR,Suriname,agriculture,11,"Products of the milling industry; malt, starches, inulin, wheat gluten",1926393.0,2025,Export
TUR,Türkiye,SUR,Suriname,agriculture,12,"Oil seeds and oleaginous fruits; miscellaneous grains, seeds and fruit, industrial or medicinal plants; straw and fodder",5.0,2025,Export
TUR,Türkiye,SUR,Suriname,agriculture,12,"Oil seeds and oleaginous fruits; miscellaneous grains, seeds and fruit, industrial or medicinal plants; straw and fodder",5.0,2025,Export
TUR,Türkiye,SVK,Slovakia,agriculture,10,Cereals,595.0,2025,Export
TUR,Türkiye,SVK,Slovakia,agriculture,10,Cereals,595.0,2025,Export
TUR,Türkiye,SVK,Slovakia,agriculture,11,"Products of the milling industry; malt, starches, inulin, wheat gluten",5576.0,2025,Export
TUR,Türkiye,SVK,Slovakia,agriculture,11,"Products of the milling industry; malt, starches, inulin, wheat gluten",5576.0,2025,Export
TUR,Türkiye,SVK,Slovakia,agriculture,12,"Oil seeds and oleaginous fruits; miscellaneous grains, seeds and fruit, industrial or medicinal plants; straw and fodder",164221.0,2025,Export
TUR,Türkiye,SVK,Slovakia,agriculture,12,"Oil seeds and oleaginous fruits; miscellaneous grains, seeds and fruit, industrial or medicinal plants; straw and fodder",164221.0,2025,Export
TUR,Türkiye,SVN,Slovenia,agriculture,10,Cereals,131.0,2025,Export
TUR,Türkiye,SVN,Slovenia,agriculture,10,Cereals,131.0,2025,Export
TUR,Türkiye,SVN,Slovenia,agriculture,11,"Products of the milling industry; malt, starches, inulin, wheat gluten",77755.0,2025,Export
TUR,Türkiye,SVN,Slovenia,agriculture,11,"Products of the milling industry; malt, starches, inulin, wheat gluten",77755.0,2025,Export
TUR,Türkiye,SVN,Slovenia,agriculture,12,"Oil seeds and oleaginous fruits; miscellaneous grains, seeds and fruit, industrial or medicinal plants; straw and fodder",119530.0,2025,Export
TUR,Türkiye,SVN,Slovenia,agriculture,12,"Oil seeds and oleaginous fruits; miscellaneous grains, seeds and fruit, industrial or medicinal plants; straw and fodder",119530.0,2025,Export
TUR,Türkiye,SWE,Sweden,agriculture,10,Cereals,470537.0,2025,Export
TUR,Türkiye,SWE,Sweden,agriculture,10,Cereals,470537.0,2025,Export
TUR,Türkiye,SWE,Sweden,agriculture,11,"Products of the milling industry; malt, starches, inulin, wheat gluten",948189.0,2025,Export
TUR,Türkiye,SWE,Sweden,agriculture,11,"Products of the milling industry; malt, starches, inulin, wheat gluten",948189.0,2025,Export
TUR,Türkiye,SWE,Sweden,agriculture,12,"Oil seeds and oleaginous fruits; miscellaneous grains, seeds and fruit, industrial or medicinal plants; straw and fodder",1038274.0,2025,Export
TUR,Türkiye,SWE,Sweden,agriculture,12,"Oil seeds and oleaginous fruits; miscellaneous grains, seeds and fruit, industrial or medicinal plants; straw and fodder",1038274.0,2025,Export
TUR,Türkiye,SYC,Seychelles,agriculture,10,Cereals,19742.0,2025,Export
TUR,Türkiye,SYC,Seychelles,agriculture,10,Cereals,19742.0,2025,Export
TUR,Türkiye,SYC,Seychelles,agriculture,11,"Products of the milling industry; malt, starches, inulin, wheat gluten",48230.0,2025,Export
TUR,Türkiye,SYC,Seychelles,agriculture,11,"Products of the milling industry; malt, starches, inulin, wheat gluten",48230.0,2025,Export
TUR,Türkiye,SYC,Seychelles,agriculture,12,"Oil seeds and oleaginous fruits; miscellaneous grains, seeds and fruit, industrial or medicinal plants; straw and fodder",5181.0,2025,Export
TUR,Türkiye,SYC,Seychelles,agriculture,12,"Oil seeds and oleaginous fruits; miscellaneous grains, seeds and fruit, industrial or medicinal plants; straw and fodder",5181.0,2025,Export
TUR,Türkiye,SYR,Syria,agriculture,10,Cereals,120382999.0,2025,Export
TUR,Türkiye,SYR,Syria,agriculture,10,Cereals,120382999.0,2025,Export
TUR,Türkiye,SYR,Syria,agriculture,11,"Products of the milling industry; malt, starches, inulin, wheat gluten",232714644.0,2025,Export
TUR,Türkiye,SYR,Syria,agriculture,11,"Products of the milling industry; malt, starches, inulin, wheat gluten",232714644.0,2025,Export
TUR,Türkiye,SYR,Syria,agriculture,12,"Oil seeds and oleaginous fruits; miscellaneous grains, seeds and fruit, industrial or medicinal plants; straw and fodder",55229784.0,2025,Export
TUR,Türkiye,SYR,Syria,agriculture,12,"Oil seeds and oleaginous fruits; miscellaneous grains, seeds and fruit, industrial or medicinal plants; straw and fodder",55229784.0,2025,Export
TUR,Türkiye,TCD,Chad,agriculture,11,"Products of the milling industry; malt, starches, inulin, wheat gluten",6477634.0,2025,Export
TUR,Türkiye,TCD,Chad,agriculture,11,"Products of the milling industry; malt, starches, inulin, wheat gluten",6477634.0,2025,Export
TUR,Türkiye,TCD,Chad,agriculture,12,"Oil seeds and oleaginous fruits; miscellaneous grains, seeds and fruit, industrial or medicinal plants; straw and fodder",738421.0,2025,Export
TUR,Türkiye,TCD,Chad,agriculture,12,"Oil seeds and oleaginous fruits; miscellaneous grains, seeds and fruit, industrial or medicinal plants; straw and fodder",738421.0,2025,Export
TUR,Türkiye,TGO,Togo,agriculture,10,Cereals,15167.0,2025,Export
TUR,Türkiye,TGO,Togo,agriculture,10,Cereals,15167.0,2025,Export
TUR,Türkiye,TGO,Togo,agriculture,11,"Products of the milling industry; malt, starches, inulin, wheat gluten",882001.0,2025,Export
TUR,Türkiye,TGO,Togo,agriculture,11,"Products of the milling industry; malt, starches, inulin, wheat gluten",882001.0,2025,Export
TUR,Türkiye,TGO,Togo,agriculture,12,"Oil seeds and oleaginous fruits; miscellaneous grains, seeds and fruit, industrial or medicinal plants; straw and fodder",14.0,2025,Export
TUR,Türkiye,TGO,Togo,agriculture,12,"Oil seeds and oleaginous fruits; miscellaneous grains, seeds and fruit, industrial or medicinal plants; straw and fodder",14.0,2025,Export
TUR,Türkiye,THA,Thailand,agriculture,10,Cereals,502.0,2025,Export
TUR,Türkiye,THA,Thailand,agriculture,10,Cereals,502.0,2025,Export
TUR,Türkiye,THA,Thailand,agriculture,11,"Products of the milling industry; malt, starches, inulin, wheat gluten",3887107.0,2025,Export
TUR,Türkiye,THA,Thailand,agriculture,11,"Products of the milling industry; malt, starches, inulin, wheat gluten",3887107.0,2025,Export
TUR,Türkiye,THA,Thailand,agriculture,12,"Oil seeds and oleaginous fruits; miscellaneous grains, seeds and fruit, industrial or medicinal plants; straw and fodder",78037.0,2025,Export
TUR,Türkiye,THA,Thailand,agriculture,12,"Oil seeds and oleaginous fruits; miscellaneous grains, seeds and fruit, industrial or medicinal plants; straw and fodder",78037.0,2025,Export
TUR,Türkiye,TJK,Tajikistan,agriculture,10,Cereals,27013.0,2025,Export
TUR,Türkiye,TJK,Tajikistan,agriculture,10,Cereals,27013.0,2025,Export
TUR,Türkiye,TJK,Tajikistan,agriculture,11,"Products of the milling industry; malt, starches, inulin, wheat gluten",1374.0,2025,Export
TUR,Türkiye,TJK,Tajikistan,agriculture,11,"Products of the milling industry; malt, starches, inulin, wheat gluten",1374.0,2025,Export
TUR,Türkiye,TJK,Tajikistan,agriculture,12,"Oil seeds and oleaginous fruits; miscellaneous grains, seeds and fruit, industrial or medicinal plants; straw and fodder",985805.0,2025,Export
TUR,Türkiye,TJK,Tajikistan,agriculture,12,"Oil seeds and oleaginous fruits; miscellaneous grains, seeds and fruit, industrial or medicinal plants; straw and fodder",985805.0,2025,Export
TUR,Türkiye,TKM,Turkmenistan,agriculture,10,Cereals,378900.0,2025,Export
TUR,Türkiye,TKM,Turkmenistan,agriculture,10,Cereals,378900.0,2025,Export
TUR,Türkiye,TKM,Turkmenistan,agriculture,11,"Products of the milling industry; malt, starches, inulin, wheat gluten",170473.0,2025,Export
TUR,Türkiye,TKM,Turkmenistan,agriculture,11,"Products of the milling industry; malt, starches, inulin, wheat gluten",170473.0,2025,Export
TUR,Türkiye,TKM,Turkmenistan,agriculture,12,"Oil seeds and oleaginous fruits; miscellaneous grains, seeds and fruit, industrial or medicinal plants; straw and fodder",1726200.0,2025,Export
TUR,Türkiye,TKM,Turkmenistan,agriculture,12,"Oil seeds and oleaginous fruits; miscellaneous grains, seeds and fruit, industrial or medicinal plants; straw and fodder",1726200.0,2025,Export
TUR,Türkiye,TLS,Timor-Leste,agriculture,11,"Products of the milling industry; malt, starches, inulin, wheat gluten",20514.0,2025,Export
TUR,Türkiye,TLS,Timor-Leste,agriculture,11,"Products of the milling industry; malt, starches, inulin, wheat gluten",20514.0,2025,Export
TUR,Türkiye,TON,Tonga,agriculture,11,"Products of the milling industry; malt, starches, inulin, wheat gluten",116603.0,2025,Export
TUR,Türkiye,TON,Tonga,agriculture,11,"Products of the milling industry; malt, starches, inulin, wheat gluten",116603.0,2025,Export
TUR,Türkiye,TTO,Trinidad and Tobago,agriculture,11,"Products of the milling industry; malt, starches, inulin, wheat gluten",1850183.0,2025,Export
TUR,Türkiye,TTO,Trinidad and Tobago,agriculture,11,"Products of the milling industry; malt, starches, inulin, wheat gluten",1850183.0,2025,Export
TUR,Türkiye,TTO,Trinidad and Tobago,agriculture,12,"Oil seeds and oleaginous fruits; miscellaneous grains, seeds and fruit, industrial or medicinal plants; straw and fodder",403.0,2025,Export
TUR,Türkiye,TTO,Trinidad and Tobago,agriculture,12,"Oil seeds and oleaginous fruits; miscellaneous grains, seeds and fruit, industrial or medicinal plants; straw and fodder",403.0,2025,Export
TUR,Türkiye,TUN,Tunisia,agriculture,10,Cereals,1430789.0,2025,Export
TUR,Türkiye,TUN,Tunisia,agriculture,10,Cereals,1430789.0,2025,Export
TUR,Türkiye,TUN,Tunisia,agriculture,11,"Products of the milling industry; malt, starches, inulin, wheat gluten",1364743.0,2025,Export
TUR,Türkiye,TUN,Tunisia,agriculture,11,"Products of the milling industry; malt, starches, inulin, wheat gluten",1364743.0,2025,Export
TUR,Türkiye,TUN,Tunisia,agriculture,12,"Oil seeds and oleaginous fruits; miscellaneous grains, seeds and fruit, industrial or medicinal plants; straw and fodder",5526695.0,2025,Export
TUR,Türkiye,TUN,Tunisia,agriculture,12,"Oil seeds and oleaginous fruits; miscellaneous grains, seeds and fruit, industrial or medicinal plants; straw and fodder",5526695.0,2025,Export
TUR,Türkiye,TUV,Tuvalu,agriculture,10,Cereals,2041.0,2025,Export
TUR,Türkiye,TUV,Tuvalu,agriculture,10,Cereals,2041.0,2025,Export
TUR,Türkiye,TUV,Tuvalu,agriculture,11,"Products of the milling industry; malt, starches, inulin, wheat gluten",16.0,2025,Export
TUR,Türkiye,TUV,Tuvalu,agriculture,11,"Products of the milling industry; malt, starches, inulin, wheat gluten",16.0,2025,Export
TUR,Türkiye,TZA,United Rep. of Tanzania,agriculture,10,Cereals,1376.0,2025,Export
TUR,Türkiye,TZA,United Rep. of Tanzania,agriculture,10,Cereals,1376.0,2025,Export
TUR,Türkiye,TZA,United Rep. of Tanzania,agriculture,11,"Products of the milling industry; malt, starches, inulin, wheat gluten",10927281.0,2025,Export
TUR,Türkiye,TZA,United Rep. of Tanzania,agriculture,11,"Products of the milling industry; malt, starches, inulin, wheat gluten",10927281.0,2025,Export
TUR,Türkiye,TZA,United Rep. of Tanzania,agriculture,12,"Oil seeds and oleaginous fruits; miscellaneous grains, seeds and fruit, industrial or medicinal plants; straw and fodder",250588.0,2025,Export
TUR,Türkiye,TZA,United Rep. of Tanzania,agriculture,12,"Oil seeds and oleaginous fruits; miscellaneous grains, seeds and fruit, industrial or medicinal plants; straw and fodder",250588.0,2025,Export
TUR,Türkiye,UGA,Uganda,agriculture,10,Cereals,2.0,2025,Export
TUR,Türkiye,UGA,Uganda,agriculture,10,Cereals,2.0,2025,Export
TUR,Türkiye,UGA,Uganda,agriculture,11,"Products of the milling industry; malt, starches, inulin, wheat gluten",411234.0,2025,Export
TUR,Türkiye,UGA,Uganda,agriculture,11,"Products of the milling industry; malt, starches, inulin, wheat gluten",411234.0,2025,Export
TUR,Türkiye,UGA,Uganda,agriculture,12,"Oil seeds and oleaginous fruits; miscellaneous grains, seeds and fruit, industrial or medicinal plants; straw and fodder",125053.0,2025,Export
TUR,Türkiye,UGA,Uganda,agriculture,12,"Oil seeds and oleaginous fruits; miscellaneous grains, seeds and fruit, industrial or medicinal plants; straw and fodder",125053.0,2025,Export
TUR,Türkiye,UKR,Ukraine,agriculture,10,Cereals,15514287.0,2025,Export
TUR,Türkiye,UKR,Ukraine,agriculture,10,Cereals,15514287.0,2025,Export
TUR,Türkiye,UKR,Ukraine,agriculture,11,"Products of the milling industry; malt, starches, inulin, wheat gluten",81857.0,2025,Export
TUR,Türkiye,UKR,Ukraine,agriculture,11,"Products of the milling industry; malt, starches, inulin, wheat gluten",81857.0,2025,Export
TUR,Türkiye,UKR,Ukraine,agriculture,12,"Oil seeds and oleaginous fruits; miscellaneous grains, seeds and fruit, industrial or medicinal plants; straw and fodder",87110974.0,2025,Export
TUR,Türkiye,UKR,Ukraine,agriculture,12,"Oil seeds and oleaginous fruits; miscellaneous grains, seeds and fruit, industrial or medicinal plants; straw and fodder",87110974.0,2025,Export
TUR,Türkiye,UMI,United States Minor Outlying Islands,agriculture,10,Cereals,155.0,2025,Export
TUR,Türkiye,UMI,United States Minor Outlying Islands,agriculture,10,Cereals,155.0,2025,Export
TUR,Türkiye,URY,Uruguay,agriculture,12,"Oil seeds and oleaginous fruits; miscellaneous grains, seeds and fruit, industrial or medicinal plants; straw and fodder",13026.0,2025,Export
TUR,Türkiye,URY,Uruguay,agriculture,12,"Oil seeds and oleaginous fruits; miscellaneous grains, seeds and fruit, industrial or medicinal plants; straw and fodder",13026.0,2025,Export
TUR,Türkiye,USA,USA,agriculture,10,Cereals,2969534.0,2025,Export
TUR,Türkiye,USA,USA,agriculture,10,Cereals,2969534.0,2025,Export
TUR,Türkiye,USA,USA,agriculture,11,"Products of the milling industry; malt, starches, inulin, wheat gluten",40929893.0,2025,Export
TUR,Türkiye,USA,USA,agriculture,11,"Products of the milling industry; malt, starches, inulin, wheat gluten",40929893.0,2025,Export
TUR,Türkiye,USA,USA,agriculture,12,"Oil seeds and oleaginous fruits; miscellaneous grains, seeds and fruit, industrial or medicinal plants; straw and fodder",122358407.0,2025,Export
TUR,Türkiye,USA,USA,agriculture,12,"Oil seeds and oleaginous fruits; miscellaneous grains, seeds and fruit, industrial or medicinal plants; straw and fodder",122358407.0,2025,Export
TUR,Türkiye,UZB,Uzbekistan,agriculture,10,Cereals,8619984.0,2025,Export
TUR,Türkiye,UZB,Uzbekistan,agriculture,10,Cereals,8619984.0,2025,Export
TUR,Türkiye,UZB,Uzbekistan,agriculture,11,"Products of the milling industry; malt, starches, inulin, wheat gluten",35683.0,2025,Export
TUR,Türkiye,UZB,Uzbekistan,agriculture,11,"Products of the milling industry; malt, starches, inulin, wheat gluten",35683.0,2025,Export
TUR,Türkiye,UZB,Uzbekistan,agriculture,12,"Oil seeds and oleaginous fruits; miscellaneous grains, seeds and fruit, industrial or medicinal plants; straw and fodder",1369660.0,2025,Export
TUR,Türkiye,UZB,Uzbekistan,agriculture,12,"Oil seeds and oleaginous fruits; miscellaneous grains, seeds and fruit, industrial or medicinal plants; straw and fodder",1369660.0,2025,Export
TUR,Türkiye,VCT,Saint Vincent and the Grenadines,agriculture,10,Cereals,1346.0,2025,Export
TUR,Türkiye,VCT,Saint Vincent and the Grenadines,agriculture,10,Cereals,1346.0,2025,Export
TUR,Türkiye,VCT,Saint Vincent and the Grenadines,agriculture,11,"Products of the milling industry; malt, starches, inulin, wheat gluten",9221.0,2025,Export
TUR,Türkiye,VCT,Saint Vincent and the Grenadines,agriculture,11,"Products of the milling industry; malt, starches, inulin, wheat gluten",9221.0,2025,Export
TUR,Türkiye,VCT,Saint Vincent and the Grenadines,agriculture,12,"Oil seeds and oleaginous fruits; miscellaneous grains, seeds and fruit, industrial or medicinal plants; straw and fodder",27.0,2025,Export
TUR,Türkiye,VCT,Saint Vincent and the Grenadines,agriculture,12,"Oil seeds and oleaginous fruits; miscellaneous grains, seeds and fruit, industrial or medicinal plants; straw and fodder",27.0,2025,Export
TUR,Türkiye,VEN,Venezuela,agriculture,10,Cereals,1684.0,2025,Export
TUR,Türkiye,VEN,Venezuela,agriculture,10,Cereals,1684.0,2025,Export
TUR,Türkiye,VEN,Venezuela,agriculture,11,"Products of the milling industry; malt, starches, inulin, wheat gluten",27863744.0,2025,Export
TUR,Türkiye,VEN,Venezuela,agriculture,11,"Products of the milling industry; malt, starches, inulin, wheat gluten",27863744.0,2025,Export
TUR,Türkiye,VEN,Venezuela,agriculture,12,"Oil seeds and oleaginous fruits; miscellaneous grains, seeds and fruit, industrial or medicinal plants; straw and fodder",107858.0,2025,Export
TUR,Türkiye,VEN,Venezuela,agriculture,12,"Oil seeds and oleaginous fruits; miscellaneous grains, seeds and fruit, industrial or medicinal plants; straw and fodder",107858.0,2025,Export
TUR,Türkiye,VNM,Viet Nam,agriculture,10,Cereals,16290.0,2025,Export
TUR,Türkiye,VNM,Viet Nam,agriculture,10,Cereals,16290.0,2025,Export
TUR,Türkiye,VNM,Viet Nam,agriculture,11,"Products of the milling industry; malt, starches, inulin, wheat gluten",43439.0,2025,Export
TUR,Türkiye,VNM,Viet Nam,agriculture,11,"Products of the milling industry; malt, starches, inulin, wheat gluten",43439.0,2025,Export
TUR,Türkiye,VNM,Viet Nam,agriculture,12,"Oil seeds and oleaginous fruits; miscellaneous grains, seeds and fruit, industrial or medicinal plants; straw and fodder",22224.0,2025,Export
TUR,Türkiye,VNM,Viet Nam,agriculture,12,"Oil seeds and oleaginous fruits; miscellaneous grains, seeds and fruit, industrial or medicinal plants; straw and fodder",22224.0,2025,Export
TUR,Türkiye,VUT,Vanuatu,agriculture,10,Cereals,2234.0,2025,Export
TUR,Türkiye,VUT,Vanuatu,agriculture,10,Cereals,2234.0,2025,Export
TUR,Türkiye,VUT,Vanuatu,agriculture,11,"Products of the milling industry; malt, starches, inulin, wheat gluten",178292.0,2025,Export
TUR,Türkiye,VUT,Vanuatu,agriculture,11,"Products of the milling industry; malt, starches, inulin, wheat gluten",178292.0,2025,Export
TUR,Türkiye,VUT,Vanuatu,agriculture,12,"Oil seeds and oleaginous fruits; miscellaneous grains, seeds and fruit, industrial or medicinal plants; straw and fodder",10.0,2025,Export
TUR,Türkiye,VUT,Vanuatu,agriculture,12,"Oil seeds and oleaginous fruits; miscellaneous grains, seeds and fruit, industrial or medicinal plants; straw and fodder",10.0,2025,Export
TUR,Türkiye,W00,World,agriculture,10,Cereals,3896.0,2025,Export
TUR,Türkiye,W00,World,agriculture,10,Cereals,2672.0,2025,Export
TUR,Türkiye,W00,World,agriculture,10,Cereals,24.0,2025,Export
TUR,Türkiye,W00,World,agriculture,10,Cereals,37807.0,2025,Export
TUR,Türkiye,W00,World,agriculture,10,Cereals,6.0,2025,Export
TUR,Türkiye,W00,World,agriculture,10,Cereals,569617.0,2025,Export
TUR,Türkiye,W00,World,agriculture,10,Cereals,1780.0,2025,Export
TUR,Türkiye,W00,World,agriculture,10,Cereals,1370.0,2025,Export
TUR,Türkiye,W00,World,agriculture,10,Cereals,186878.0,2025,Export
TUR,Türkiye,W00,World,agriculture,10,Cereals,18468.0,2025,Export
TUR,Türkiye,W00,World,agriculture,10,Cereals,4185055.0,2025,Export
TUR,Türkiye,W00,World,agriculture,10,Cereals,65531.0,2025,Export
TUR,Türkiye,W00,World,agriculture,10,Cereals,59946.0,2025,Export
TUR,Türkiye,W00,World,agriculture,10,Cereals,25596.0,2025,Export
TUR,Türkiye,W00,World,agriculture,10,Cereals,1540.0,2025,Export
TUR,Türkiye,W00,World,agriculture,10,Cereals,191268.0,2025,Export
TUR,Türkiye,W00,World,agriculture,10,Cereals,77560.0,2025,Export
TUR,Türkiye,W00,World,agriculture,10,Cereals,120382999.0,2025,Export
TUR,Türkiye,W00,World,agriculture,10,Cereals,49920.0,2025,Export
TUR,Türkiye,W00,World,agriculture,10,Cereals,3457.0,2025,Export
TUR,Türkiye,W00,World,agriculture,10,Cereals,4409.0,2025,Export
TUR,Türkiye,W00,World,agriculture,10,Cereals,1775.0,2025,Export
TUR,Türkiye,W00,World,agriculture,10,Cereals,33569.0,2025,Export
TUR,Türkiye,W00,World,agriculture,10,Cereals,20400.0,2025,Export
TUR,Türkiye,W00,World,agriculture,10,Cereals,124.0,2025,Export
TUR,Türkiye,W00,World,agriculture,10,Cereals,9235485.0,2025,Export
TUR,Türkiye,W00,World,agriculture,10,Cereals,16078.0,2025,Export
TUR,Türkiye,W00,World,agriculture,10,Cereals,494507.0,2025,Export
TUR,Türkiye,W00,World,agriculture,10,Cereals,22611.0,2025,Export
TUR,Türkiye,W00,World,agriculture,10,Cereals,34009.0,2025,Export
TUR,Türkiye,W00,World,agriculture,10,Cereals,69652.0,2025,Export
TUR,Türkiye,W00,World,agriculture,10,Cereals,38393.0,2025,Export
TUR,Türkiye,W00,World,agriculture,10,Cereals,17488.0,2025,Export
TUR,Türkiye,W00,World,agriculture,10,Cereals,181564.0,2025,Export
TUR,Türkiye,W00,World,agriculture,10,Cereals,167.0,2025,Export
TUR,Türkiye,W00,World,agriculture,10,Cereals,131.0,2025,Export
TUR,Türkiye,W00,World,agriculture,10,Cereals,30251838.0,2025,Export
TUR,Türkiye,W00,World,agriculture,10,Cereals,7.0,2025,Export
TUR,Türkiye,W00,World,agriculture,10,Cereals,4568.0,2025,Export
TUR,Türkiye,W00,World,agriculture,10,Cereals,976166.0,2025,Export
TUR,Türkiye,W00,World,agriculture,10,Cereals,2774981.0,2025,Export
TUR,Türkiye,W00,World,agriculture,10,Cereals,463894.0,2025,Export
TUR,Türkiye,W00,World,agriculture,10,Cereals,336917.0,2025,Export
TUR,Türkiye,W00,World,agriculture,10,Cereals,15167.0,2025,Export
TUR,Türkiye,W00,World,agriculture,10,Cereals,1540981.0,2025,Export
TUR,Türkiye,W00,World,agriculture,10,Cereals,329.0,2025,Export
TUR,Türkiye,W00,World,agriculture,10,Cereals,63787.0,2025,Export
TUR,Türkiye,W00,World,agriculture,10,Cereals,1128.0,2025,Export
TUR,Türkiye,W00,World,agriculture,10,Cereals,15514287.0,2025,Export
TUR,Türkiye,W00,World,agriculture,10,Cereals,60900.0,2025,Export
TUR,Türkiye,W00,World,agriculture,10,Cereals,2234.0,2025,Export
TUR,Türkiye,W00,World,agriculture,10,Cereals,16290.0,2025,Export
TUR,Türkiye,W00,World,agriculture,10,Cereals,479465.0,2025,Export
TUR,Türkiye,W00,World,agriculture,10,Cereals,6171414.0,2025,Export
TUR,Türkiye,W00,World,agriculture,10,Cereals,4417.0,2025,Export
TUR,Türkiye,W00,World,agriculture,10,Cereals,62000.0,2025,Export
TUR,Türkiye,W00,World,agriculture,10,Cereals,256138.0,2025,Export
TUR,Türkiye,W00,World,agriculture,10,Cereals,128.0,2025,Export
TUR,Türkiye,W00,World,agriculture,10,Cereals,1346.0,2025,Export
TUR,Türkiye,W00,World,agriculture,10,Cereals,1684.0,2025,Export
TUR,Türkiye,W00,World,agriculture,10,Cereals,103848.0,2025,Export
TUR,Türkiye,W00,World,agriculture,10,Cereals,1893.0,2025,Export
TUR,Türkiye,W00,World,agriculture,10,Cereals,534.0,2025,Export
TUR,Türkiye,W00,World,agriculture,10,Cereals,8619984.0,2025,Export
TUR,Türkiye,W00,World,agriculture,10,Cereals,18129811.0,2025,Export
TUR,Türkiye,W00,World,agriculture,10,Cereals,4519447.0,2025,Export
TUR,Türkiye,W00,World,agriculture,10,Cereals,7620.0,2025,Export
TUR,Türkiye,W00,World,agriculture,10,Cereals,25212783.0,2025,Export
TUR,Türkiye,W00,World,agriculture,10,Cereals,22084.0,2025,Export
TUR,Türkiye,W00,World,agriculture,10,Cereals,2350113.0,2025,Export
TUR,Türkiye,W00,World,agriculture,10,Cereals,13607410.0,2025,Export
TUR,Türkiye,W00,World,agriculture,10,Cereals,567515.0,2025,Export
TUR,Türkiye,W00,World,agriculture,10,Cereals,1408633.0,2025,Export
TUR,Türkiye,W00,World,agriculture,10,Cereals,16028.0,2025,Export
TUR,Türkiye,W00,World,agriculture,10,Cereals,19742.0,2025,Export
TUR,Türkiye,W00,World,agriculture,10,Cereals,1278964.0,2025,Export
TUR,Türkiye,W00,World,agriculture,10,Cereals,1280.0,2025,Export
TUR,Türkiye,W00,World,agriculture,10,Cereals,6674.0,2025,Export
TUR,Türkiye,W00,World,agriculture,10,Cereals,1904559.0,2025,Export
TUR,Türkiye,W00,World,agriculture,10,Cereals,25551.0,2025,Export
TUR,Türkiye,W00,World,agriculture,10,Cereals,1101.0,2025,Export
TUR,Türkiye,W00,World,agriculture,10,Cereals,155.0,2025,Export
TUR,Türkiye,W00,World,agriculture,10,Cereals,2041.0,2025,Export
TUR,Türkiye,W00,World,agriculture,10,Cereals,13725166.0,2025,Export
TUR,Türkiye,W00,World,agriculture,10,Cereals,502.0,2025,Export
TUR,Türkiye,W00,World,agriculture,10,Cereals,178496.0,2025,Export
TUR,Türkiye,W00,World,agriculture,10,Cereals,184.0,2025,Export
TUR,Türkiye,W00,World,agriculture,10,Cereals,3707.0,2025,Export
TUR,Türkiye,W00,World,agriculture,10,Cereals,71077.0,2025,Export
TUR,Türkiye,W00,World,agriculture,10,Cereals,110991.0,2025,Export
TUR,Türkiye,W00,World,agriculture,10,Cereals,49307.0,2025,Export
TUR,Türkiye,W00,World,agriculture,10,Cereals,10804.0,2025,Export
TUR,Türkiye,W00,World,agriculture,10,Cereals,28657.0,2025,Export
TUR,Türkiye,W00,World,agriculture,10,Cereals,3639.0,2025,Export
TUR,Türkiye,W00,World,agriculture,10,Cereals,2969534.0,2025,Export
TUR,Türkiye,W00,World,agriculture,10,Cereals,12.0,2025,Export
TUR,Türkiye,W00,World,agriculture,10,Cereals,45426.0,2025,Export
TUR,Türkiye,W00,World,agriculture,10,Cereals,3183799.0,2025,Export
TUR,Türkiye,W00,World,agriculture,10,Cereals,18450273.0,2025,Export
TUR,Türkiye,W00,World,agriculture,10,Cereals,1333.0,2025,Export
TUR,Türkiye,W00,World,agriculture,10,Cereals,5.0,2025,Export
TUR,Türkiye,W00,World,agriculture,10,Cereals,25638336.0,2025,Export
TUR,Türkiye,W00,World,agriculture,10,Cereals,22929.0,2025,Export
TUR,Türkiye,W00,World,agriculture,10,Cereals,9534195.0,2025,Export
TUR,Türkiye,W00,World,agriculture,10,Cereals,5227332.0,2025,Export
TUR,Türkiye,W00,World,agriculture,10,Cereals,1825.0,2025,Export
TUR,Türkiye,W00,World,agriculture,10,Cereals,238394.0,2025,Export
TUR,Türkiye,W00,World,agriculture,10,Cereals,29016.0,2025,Export
TUR,Türkiye,W00,World,agriculture,10,Cereals,60149388.0,2025,Export
TUR,Türkiye,W00,World,agriculture,10,Cereals,1401617.0,2025,Export
TUR,Türkiye,W00,World,agriculture,10,Cereals,78.0,2025,Export
TUR,Türkiye,W00,World,agriculture,10,Cereals,192612.0,2025,Export
TUR,Türkiye,W00,World,agriculture,10,Cereals,3700821.0,2025,Export
TUR,Türkiye,W00,World,agriculture,10,Cereals,206896.0,2025,Export
TUR,Türkiye,W00,World,agriculture,10,Cereals,291817.0,2025,Export
TUR,Türkiye,W00,World,agriculture,10,Cereals,1784075.0,2025,Export
TUR,Türkiye,W00,World,agriculture,10,Cereals,544.0,2025,Export
TUR,Türkiye,W00,World,agriculture,10,Cereals,15748.0,2025,Export
TUR,Türkiye,W00,World,agriculture,10,Cereals,343.0,2025,Export
TUR,Türkiye,W00,World,agriculture,10,Cereals,1376.0,2025,Export
TUR,Türkiye,W00,World,agriculture,10,Cereals,378900.0,2025,Export
TUR,Türkiye,W00,World,agriculture,10,Cereals,1430789.0,2025,Export
TUR,Türkiye,W00,World,agriculture,10,Cereals,2285365.0,2025,Export
TUR,Türkiye,W00,World,agriculture,10,Cereals,1180695.0,2025,Export
TUR,Türkiye,W00,World,agriculture,10,Cereals,13552105.0,2025,Export
TUR,Türkiye,W00,World,agriculture,10,Cereals,4607184.0,2025,Export
TUR,Türkiye,W00,World,agriculture,10,Cereals,7202.0,2025,Export
TUR,Türkiye,W00,World,agriculture,10,Cereals,27013.0,2025,Export
TUR,Türkiye,W00,World,agriculture,10,Cereals,22337.0,2025,Export
TUR,Türkiye,W00,World,agriculture,10,Cereals,127167.0,2025,Export
TUR,Türkiye,W00,World,agriculture,10,Cereals,4104655.0,2025,Export
TUR,Türkiye,W00,World,agriculture,10,Cereals,1988409.0,2025,Export
TUR,Türkiye,W00,World,agriculture,10,Cereals,6151.0,2025,Export
TUR,Türkiye,W00,World,agriculture,10,Cereals,35288.0,2025,Export
TUR,Türkiye,W00,World,agriculture,10,Cereals,1.0,2025,Export
TUR,Türkiye,W00,World,agriculture,10,Cereals,470537.0,2025,Export
TUR,Türkiye,W00,World,agriculture,10,Cereals,2.0,2025,Export
TUR,Türkiye,W00,World,agriculture,10,Cereals,33200.0,2025,Export
TUR,Türkiye,W00,World,agriculture,10,Cereals,7439766.0,2025,Export
TUR,Türkiye,W00,World,agriculture,10,Cereals,1877.0,2025,Export
TUR,Türkiye,W00,World,agriculture,10,Cereals,2.0,2025,Export
TUR,Türkiye,W00,World,agriculture,10,Cereals,13046922.0,2025,Export
TUR,Türkiye,W00,World,agriculture,10,Cereals,595.0,2025,Export
TUR,Türkiye,W00,World,agriculture,10,Cereals,420497285.0,2025,Export
TUR,Türkiye,W00,World,agriculture,10,Cereals,1002407405.0,2025,Export
TUR,Türkiye,W00,World,agriculture,10,Cereals,266.0,2025,Export
TUR,Türkiye,W00,World,agriculture,10,Cereals,3675.0,2025,Export
TUR,Türkiye,W00,World,agriculture,10,Cereals,3263400.0,2025,Export
TUR,Türkiye,W00,World,agriculture,10,Cereals,151708.0,2025,Export
TUR,Türkiye,W00,World,agriculture,10,Cereals,205002.0,2025,Export
TUR,Türkiye,W00,World,agriculture,10,Cereals,36355472.0,2025,Export
TUR,Türkiye,W00,World,agriculture,10,Cereals,70887471.0,2025,Export
TUR,Türkiye,W00,World,agriculture,10,Cereals,183122.0,2025,Export
TUR,Türkiye,W00,World,agriculture,11,"Products of the milling industry; malt, starches, inulin, wheat gluten",135890.0,2025,Export
TUR,Türkiye,W00,World,agriculture,11,"Products of the milling industry; malt, starches, inulin, wheat gluten",116603.0,2025,Export
TUR,Türkiye,W00,World,agriculture,11,"Products of the milling industry; malt, starches, inulin, wheat gluten",2245568.0,2025,Export
TUR,Türkiye,W00,World,agriculture,11,"Products of the milling industry; malt, starches, inulin, wheat gluten",1926393.0,2025,Export
TUR,Türkiye,W00,World,agriculture,11,"Products of the milling industry; malt, starches, inulin, wheat gluten",83481.0,2025,Export
TUR,Türkiye,W00,World,agriculture,11,"Products of the milling industry; malt, starches, inulin, wheat gluten",761.0,2025,Export
TUR,Türkiye,W00,World,agriculture,11,"Products of the milling industry; malt, starches, inulin, wheat gluten",1374.0,2025,Export
TUR,Türkiye,W00,World,agriculture,11,"Products of the milling industry; malt, starches, inulin, wheat gluten",1536485.0,2025,Export
TUR,Türkiye,W00,World,agriculture,11,"Products of the milling industry; malt, starches, inulin, wheat gluten",305192.0,2025,Export
TUR,Türkiye,W00,World,agriculture,11,"Products of the milling industry; malt, starches, inulin, wheat gluten",27863744.0,2025,Export
TUR,Türkiye,W00,World,agriculture,11,"Products of the milling industry; malt, starches, inulin, wheat gluten",5576.0,2025,Export
TUR,Türkiye,W00,World,agriculture,11,"Products of the milling industry; malt, starches, inulin, wheat gluten",70725.0,2025,Export
TUR,Türkiye,W00,World,agriculture,11,"Products of the milling industry; malt, starches, inulin, wheat gluten",244369.0,2025,Export
TUR,Türkiye,W00,World,agriculture,11,"Products of the milling industry; malt, starches, inulin, wheat gluten",17674611.0,2025,Export
TUR,Türkiye,W00,World,agriculture,11,"Products of the milling industry; malt, starches, inulin, wheat gluten",38594745.0,2025,Export
TUR,Türkiye,W00,World,agriculture,11,"Products of the milling industry; malt, starches, inulin, wheat gluten",2621100.0,2025,Export
TUR,Türkiye,W00,World,agriculture,11,"Products of the milling industry; malt, starches, inulin, wheat gluten",32685.0,2025,Export
TUR,Türkiye,W00,World,agriculture,11,"Products of the milling industry; malt, starches, inulin, wheat gluten",231.0,2025,Export
TUR,Türkiye,W00,World,agriculture,11,"Products of the milling industry; malt, starches, inulin, wheat gluten",1108.0,2025,Export
TUR,Türkiye,W00,World,agriculture,11,"Products of the milling industry; malt, starches, inulin, wheat gluten",51905317.0,2025,Export
TUR,Türkiye,W00,World,agriculture,11,"Products of the milling industry; malt, starches, inulin, wheat gluten",6905455.0,2025,Export
TUR,Türkiye,W00,World,agriculture,11,"Products of the milling industry; malt, starches, inulin, wheat gluten",6477634.0,2025,Export
TUR,Türkiye,W00,World,agriculture,11,"Products of the milling industry; malt, starches, inulin, wheat gluten",9984546.0,2025,Export
TUR,Türkiye,W00,World,agriculture,11,"Products of the milling industry; malt, starches, inulin, wheat gluten",882001.0,2025,Export
TUR,Türkiye,W00,World,agriculture,11,"Products of the milling industry; malt, starches, inulin, wheat gluten",2322090.0,2025,Export
TUR,Türkiye,W00,World,agriculture,11,"Products of the milling industry; malt, starches, inulin, wheat gluten",14097437.0,2025,Export
TUR,Türkiye,W00,World,agriculture,11,"Products of the milling industry; malt, starches, inulin, wheat gluten",2642730.0,2025,Export
TUR,Türkiye,W00,World,agriculture,11,"Products of the milling industry; malt, starches, inulin, wheat gluten",1850183.0,2025,Export
TUR,Türkiye,W00,World,agriculture,11,"Products of the milling industry; malt, starches, inulin, wheat gluten",249.0,2025,Export
TUR,Türkiye,W00,World,agriculture,11,"Products of the milling industry; malt, starches, inulin, wheat gluten",203.0,2025,Export
TUR,Türkiye,W00,World,agriculture,11,"Products of the milling industry; malt, starches, inulin, wheat gluten",108707.0,2025,Export
TUR,Türkiye,W00,World,agriculture,11,"Products of the milling industry; malt, starches, inulin, wheat gluten",1364743.0,2025,Export
TUR,Türkiye,W00,World,agriculture,11,"Products of the milling industry; malt, starches, inulin, wheat gluten",10089.0,2025,Export
TUR,Türkiye,W00,World,agriculture,11,"Products of the milling industry; malt, starches, inulin, wheat gluten",15729602.0,2025,Export
TUR,Türkiye,W00,World,agriculture,11,"Products of the milling industry; malt, starches, inulin, wheat gluten",39457783.0,2025,Export
TUR,Türkiye,W00,World,agriculture,11,"Products of the milling industry; malt, starches, inulin, wheat gluten",4953.0,2025,Export
TUR,Türkiye,W00,World,agriculture,11,"Products of the milling industry; malt, starches, inulin, wheat gluten",22.0,2025,Export
TUR,Türkiye,W00,World,agriculture,11,"Products of the milling industry; malt, starches, inulin, wheat gluten",3897299.0,2025,Export
TUR,Türkiye,W00,World,agriculture,11,"Products of the milling industry; malt, starches, inulin, wheat gluten",426341.0,2025,Export
TUR,Türkiye,W00,World,agriculture,11,"Products of the milling industry; malt, starches, inulin, wheat gluten",202728.0,2025,Export
TUR,Türkiye,W00,World,agriculture,11,"Products of the milling industry; malt, starches, inulin, wheat gluten",1.0,2025,Export
TUR,Türkiye,W00,World,agriculture,11,"Products of the milling industry; malt, starches, inulin, wheat gluten",648019.0,2025,Export
TUR,Türkiye,W00,World,agriculture,11,"Products of the milling industry; malt, starches, inulin, wheat gluten",15862.0,2025,Export
TUR,Türkiye,W00,World,agriculture,11,"Products of the milling industry; malt, starches, inulin, wheat gluten",1087986.0,2025,Export
TUR,Türkiye,W00,World,agriculture,11,"Products of the milling industry; malt, starches, inulin, wheat gluten",206114.0,2025,Export
TUR,Türkiye,W00,World,agriculture,11,"Products of the milling industry; malt, starches, inulin, wheat gluten",3320833.0,2025,Export
TUR,Türkiye,W00,World,agriculture,11,"Products of the milling industry; malt, starches, inulin, wheat gluten",998289.0,2025,Export
TUR,Türkiye,W00,World,agriculture,11,"Products of the milling industry; malt, starches, inulin, wheat gluten",89799.0,2025,Export
TUR,Türkiye,W00,World,agriculture,11,"Products of the milling industry; malt, starches, inulin, wheat gluten",197660.0,2025,Export
TUR,Türkiye,W00,World,agriculture,11,"Products of the milling industry; malt, starches, inulin, wheat gluten",12297447.0,2025,Export
TUR,Türkiye,W00,World,agriculture,11,"Products of the milling industry; malt, starches, inulin, wheat gluten",764718.0,2025,Export
TUR,Türkiye,W00,World,agriculture,11,"Products of the milling industry; malt, starches, inulin, wheat gluten",298148.0,2025,Export
TUR,Türkiye,W00,World,agriculture,11,"Products of the milling industry; malt, starches, inulin, wheat gluten",75278.0,2025,Export
TUR,Türkiye,W00,World,agriculture,11,"Products of the milling industry; malt, starches, inulin, wheat gluten",154334.0,2025,Export
TUR,Türkiye,W00,World,agriculture,11,"Products of the milling industry; malt, starches, inulin, wheat gluten",187053.0,2025,Export
TUR,Türkiye,W00,World,agriculture,11,"Products of the milling industry; malt, starches, inulin, wheat gluten",1551875.0,2025,Export
TUR,Türkiye,W00,World,agriculture,11,"Products of the milling industry; malt, starches, inulin, wheat gluten",1089364.0,2025,Export
TUR,Türkiye,W00,World,agriculture,11,"Products of the milling industry; malt, starches, inulin, wheat gluten",15077337.0,2025,Export
TUR,Türkiye,W00,World,agriculture,11,"Products of the milling industry; malt, starches, inulin, wheat gluten",4969375.0,2025,Export
TUR,Türkiye,W00,World,agriculture,11,"Products of the milling industry; malt, starches, inulin, wheat gluten",5549379.0,2025,Export
TUR,Türkiye,W00,World,agriculture,11,"Products of the milling industry; malt, starches, inulin, wheat gluten",316680.0,2025,Export
TUR,Türkiye,W00,World,agriculture,11,"Products of the milling industry; malt, starches, inulin, wheat gluten",1457.0,2025,Export
TUR,Türkiye,W00,World,agriculture,11,"Products of the milling industry; malt, starches, inulin, wheat gluten",948189.0,2025,Export
TUR,Türkiye,W00,World,agriculture,11,"Products of the milling industry; malt, starches, inulin, wheat gluten",968.0,2025,Export
TUR,Türkiye,W00,World,agriculture,11,"Products of the milling industry; malt, starches, inulin, wheat gluten",212772.0,2025,Export
TUR,Türkiye,W00,World,agriculture,11,"Products of the milling industry; malt, starches, inulin, wheat gluten",9164.0,2025,Export
TUR,Türkiye,W00,World,agriculture,11,"Products of the milling industry; malt, starches, inulin, wheat gluten",167700.0,2025,Export
TUR,Türkiye,W00,World,agriculture,11,"Products of the milling industry; malt, starches, inulin, wheat gluten",184108.0,2025,Export
TUR,Türkiye,W00,World,agriculture,11,"Products of the milling industry; malt, starches, inulin, wheat gluten",804126.0,2025,Export
TUR,Türkiye,W00,World,agriculture,11,"Products of the milling industry; malt, starches, inulin, wheat gluten",32.0,2025,Export
TUR,Türkiye,W00,World,agriculture,11,"Products of the milling industry; malt, starches, inulin, wheat gluten",481462.0,2025,Export
TUR,Türkiye,W00,World,agriculture,11,"Products of the milling industry; malt, starches, inulin, wheat gluten",77755.0,2025,Export
TUR,Türkiye,W00,World,agriculture,11,"Products of the milling industry; malt, starches, inulin, wheat gluten",12192164.0,2025,Export
TUR,Türkiye,W00,World,agriculture,11,"Products of the milling industry; malt, starches, inulin, wheat gluten",2266383.0,2025,Export
TUR,Türkiye,W00,World,agriculture,11,"Products of the milling industry; malt, starches, inulin, wheat gluten",8749.0,2025,Export
TUR,Türkiye,W00,World,agriculture,11,"Products of the milling industry; malt, starches, inulin, wheat gluten",214085011.0,2025,Export
TUR,Türkiye,W00,World,agriculture,11,"Products of the milling industry; malt, starches, inulin, wheat gluten",2682525.0,2025,Export
TUR,Türkiye,W00,World,agriculture,11,"Products of the milling industry; malt, starches, inulin, wheat gluten",2612449.0,2025,Export
TUR,Türkiye,W00,World,agriculture,11,"Products of the milling industry; malt, starches, inulin, wheat gluten",102380.0,2025,Export
TUR,Türkiye,W00,World,agriculture,11,"Products of the milling industry; malt, starches, inulin, wheat gluten",6950.0,2025,Export
TUR,Türkiye,W00,World,agriculture,11,"Products of the milling industry; malt, starches, inulin, wheat gluten",2578946.0,2025,Export
TUR,Türkiye,W00,World,agriculture,11,"Products of the milling industry; malt, starches, inulin, wheat gluten",2179549.0,2025,Export
TUR,Türkiye,W00,World,agriculture,11,"Products of the milling industry; malt, starches, inulin, wheat gluten",33067.0,2025,Export
TUR,Türkiye,W00,World,agriculture,11,"Products of the milling industry; malt, starches, inulin, wheat gluten",3920756.0,2025,Export
TUR,Türkiye,W00,World,agriculture,11,"Products of the milling industry; malt, starches, inulin, wheat gluten",1874211.0,2025,Export
TUR,Türkiye,W00,World,agriculture,11,"Products of the milling industry; malt, starches, inulin, wheat gluten",1346243.0,2025,Export
TUR,Türkiye,W00,World,agriculture,11,"Products of the milling industry; malt, starches, inulin, wheat gluten",43439.0,2025,Export
TUR,Türkiye,W00,World,agriculture,11,"Products of the milling industry; malt, starches, inulin, wheat gluten",68379.0,2025,Export
TUR,Türkiye,W00,World,agriculture,11,"Products of the milling industry; malt, starches, inulin, wheat gluten",7841736.0,2025,Export
TUR,Türkiye,W00,World,agriculture,11,"Products of the milling industry; malt, starches, inulin, wheat gluten",27405.0,2025,Export
TUR,Türkiye,W00,World,agriculture,11,"Products of the milling industry; malt, starches, inulin, wheat gluten",763.0,2025,Export
TUR,Türkiye,W00,World,agriculture,11,"Products of the milling industry; malt, starches, inulin, wheat gluten",32.0,2025,Export
TUR,Türkiye,W00,World,agriculture,11,"Products of the milling industry; malt, starches, inulin, wheat gluten",3095373.0,2025,Export
TUR,Türkiye,W00,World,agriculture,11,"Products of the milling industry; malt, starches, inulin, wheat gluten",890850.0,2025,Export
TUR,Türkiye,W00,World,agriculture,11,"Products of the milling industry; malt, starches, inulin, wheat gluten",19898.0,2025,Export
TUR,Türkiye,W00,World,agriculture,11,"Products of the milling industry; malt, starches, inulin, wheat gluten",9115624.0,2025,Export
TUR,Türkiye,W00,World,agriculture,11,"Products of the milling industry; malt, starches, inulin, wheat gluten",487933.0,2025,Export
TUR,Türkiye,W00,World,agriculture,11,"Products of the milling industry; malt, starches, inulin, wheat gluten",36109.0,2025,Export
TUR,Türkiye,W00,World,agriculture,11,"Products of the milling industry; malt, starches, inulin, wheat gluten",3701622.0,2025,Export
TUR,Türkiye,W00,World,agriculture,11,"Products of the milling industry; malt, starches, inulin, wheat gluten",3887107.0,2025,Export
TUR,Türkiye,W00,World,agriculture,11,"Products of the milling industry; malt, starches, inulin, wheat gluten",19734.0,2025,Export
TUR,Türkiye,W00,World,agriculture,11,"Products of the milling industry; malt, starches, inulin, wheat gluten",1856548.0,2025,Export
TUR,Türkiye,W00,World,agriculture,11,"Products of the milling industry; malt, starches, inulin, wheat gluten",24323379.0,2025,Export
TUR,Türkiye,W00,World,agriculture,11,"Products of the milling industry; malt, starches, inulin, wheat gluten",483469.0,2025,Export
TUR,Türkiye,W00,World,agriculture,11,"Products of the milling industry; malt, starches, inulin, wheat gluten",3352.0,2025,Export
TUR,Türkiye,W00,World,agriculture,11,"Products of the milling industry; malt, starches, inulin, wheat gluten",2435108.0,2025,Export
TUR,Türkiye,W00,World,agriculture,11,"Products of the milling industry; malt, starches, inulin, wheat gluten",10927281.0,2025,Export
TUR,Türkiye,W00,World,agriculture,11,"Products of the milling industry; malt, starches, inulin, wheat gluten",179668.0,2025,Export
TUR,Türkiye,W00,World,agriculture,11,"Products of the milling industry; malt, starches, inulin, wheat gluten",7743.0,2025,Export
TUR,Türkiye,W00,World,agriculture,11,"Products of the milling industry; malt, starches, inulin, wheat gluten",15643300.0,2025,Export
TUR,Türkiye,W00,World,agriculture,11,"Products of the milling industry; malt, starches, inulin, wheat gluten",2579245.0,2025,Export
TUR,Türkiye,W00,World,agriculture,11,"Products of the milling industry; malt, starches, inulin, wheat gluten",3688922.0,2025,Export
TUR,Türkiye,W00,World,agriculture,11,"Products of the milling industry; malt, starches, inulin, wheat gluten",18677049.0,2025,Export
TUR,Türkiye,W00,World,agriculture,11,"Products of the milling industry; malt, starches, inulin, wheat gluten",133.0,2025,Export
TUR,Türkiye,W00,World,agriculture,11,"Products of the milling industry; malt, starches, inulin, wheat gluten",6014248.0,2025,Export
TUR,Türkiye,W00,World,agriculture,11,"Products of the milling industry; malt, starches, inulin, wheat gluten",11168392.0,2025,Export
TUR,Türkiye,W00,World,agriculture,11,"Products of the milling industry; malt, starches, inulin, wheat gluten",41096234.0,2025,Export
TUR,Türkiye,W00,World,agriculture,11,"Products of the milling industry; malt, starches, inulin, wheat gluten",1474228.0,2025,Export
TUR,Türkiye,W00,World,agriculture,11,"Products of the milling industry; malt, starches, inulin, wheat gluten",494427.0,2025,Export
TUR,Türkiye,W00,World,agriculture,11,"Products of the milling industry; malt, starches, inulin, wheat gluten",232714644.0,2025,Export
TUR,Türkiye,W00,World,agriculture,11,"Products of the milling industry; malt, starches, inulin, wheat gluten",178292.0,2025,Export
TUR,Türkiye,W00,World,agriculture,11,"Products of the milling industry; malt, starches, inulin, wheat gluten",17796578.0,2025,Export
TUR,Türkiye,W00,World,agriculture,11,"Products of the milling industry; malt, starches, inulin, wheat gluten",2324759.0,2025,Export
TUR,Türkiye,W00,World,agriculture,11,"Products of the milling industry; malt, starches, inulin, wheat gluten",757424.0,2025,Export
TUR,Türkiye,W00,World,agriculture,11,"Products of the milling industry; malt, starches, inulin, wheat gluten",3345781.0,2025,Export
TUR,Türkiye,W00,World,agriculture,11,"Products of the milling industry; malt, starches, inulin, wheat gluten",24866.0,2025,Export
TUR,Türkiye,W00,World,agriculture,11,"Products of the milling industry; malt, starches, inulin, wheat gluten",41187.0,2025,Export
TUR,Türkiye,W00,World,agriculture,11,"Products of the milling industry; malt, starches, inulin, wheat gluten",290526.0,2025,Export
TUR,Türkiye,W00,World,agriculture,11,"Products of the milling industry; malt, starches, inulin, wheat gluten",9713433.0,2025,Export
TUR,Türkiye,W00,World,agriculture,11,"Products of the milling industry; malt, starches, inulin, wheat gluten",2311569.0,2025,Export
TUR,Türkiye,W00,World,agriculture,11,"Products of the milling industry; malt, starches, inulin, wheat gluten",11221.0,2025,Export
TUR,Türkiye,W00,World,agriculture,11,"Products of the milling industry; malt, starches, inulin, wheat gluten",2135.0,2025,Export
TUR,Türkiye,W00,World,agriculture,11,"Products of the milling industry; malt, starches, inulin, wheat gluten",8730621.0,2025,Export
TUR,Türkiye,W00,World,agriculture,11,"Products of the milling industry; malt, starches, inulin, wheat gluten",3682.0,2025,Export
TUR,Türkiye,W00,World,agriculture,11,"Products of the milling industry; malt, starches, inulin, wheat gluten",20237478.0,2025,Export
TUR,Türkiye,W00,World,agriculture,11,"Products of the milling industry; malt, starches, inulin, wheat gluten",4392860.0,2025,Export
TUR,Türkiye,W00,World,agriculture,11,"Products of the milling industry; malt, starches, inulin, wheat gluten",10445929.0,2025,Export
TUR,Türkiye,W00,World,agriculture,11,"Products of the milling industry; malt, starches, inulin, wheat gluten",35683.0,2025,Export
TUR,Türkiye,W00,World,agriculture,11,"Products of the milling industry; malt, starches, inulin, wheat gluten",25468.0,2025,Export
TUR,Türkiye,W00,World,agriculture,11,"Products of the milling industry; malt, starches, inulin, wheat gluten",146270.0,2025,Export
TUR,Türkiye,W00,World,agriculture,11,"Products of the milling industry; malt, starches, inulin, wheat gluten",40929893.0,2025,Export
TUR,Türkiye,W00,World,agriculture,11,"Products of the milling industry; malt, starches, inulin, wheat gluten",962609.0,2025,Export
TUR,Türkiye,W00,World,agriculture,11,"Products of the milling industry; malt, starches, inulin, wheat gluten",13730827.0,2025,Export
TUR,Türkiye,W00,World,agriculture,11,"Products of the milling industry; malt, starches, inulin, wheat gluten",123167.0,2025,Export
TUR,Türkiye,W00,World,agriculture,11,"Products of the milling industry; malt, starches, inulin, wheat gluten",48230.0,2025,Export
TUR,Türkiye,W00,World,agriculture,11,"Products of the milling industry; malt, starches, inulin, wheat gluten",404.0,2025,Export
TUR,Türkiye,W00,World,agriculture,11,"Products of the milling industry; malt, starches, inulin, wheat gluten",99321.0,2025,Export
TUR,Türkiye,W00,World,agriculture,11,"Products of the milling industry; malt, starches, inulin, wheat gluten",33480.0,2025,Export
TUR,Türkiye,W00,World,agriculture,11,"Products of the milling industry; malt, starches, inulin, wheat gluten",180369.0,2025,Export
TUR,Türkiye,W00,World,agriculture,11,"Products of the milling industry; malt, starches, inulin, wheat gluten",19392.0,2025,Export
TUR,Türkiye,W00,World,agriculture,11,"Products of the milling industry; malt, starches, inulin, wheat gluten",11370002.0,2025,Export
TUR,Türkiye,W00,World,agriculture,11,"Products of the milling industry; malt, starches, inulin, wheat gluten",45689.0,2025,Export
TUR,Türkiye,W00,World,agriculture,11,"Products of the milling industry; malt, starches, inulin, wheat gluten",81857.0,2025,Export
TUR,Türkiye,W00,World,agriculture,11,"Products of the milling industry; malt, starches, inulin, wheat gluten",76259.0,2025,Export
TUR,Türkiye,W00,World,agriculture,11,"Products of the milling industry; malt, starches, inulin, wheat gluten",4211900.0,2025,Export
TUR,Türkiye,W00,World,agriculture,11,"Products of the milling industry; malt, starches, inulin, wheat gluten",26839639.0,2025,Export
TUR,Türkiye,W00,World,agriculture,11,"Products of the milling industry; malt, starches, inulin, wheat gluten",411234.0,2025,Export
TUR,Türkiye,W00,World,agriculture,11,"Products of the milling industry; malt, starches, inulin, wheat gluten",170473.0,2025,Export
TUR,Türkiye,W00,World,agriculture,11,"Products of the milling industry; malt, starches, inulin, wheat gluten",16.0,2025,Export
TUR,Türkiye,W00,World,agriculture,11,"Products of the milling industry; malt, starches, inulin, wheat gluten",1087.0,2025,Export
TUR,Türkiye,W00,World,agriculture,11,"Products of the milling industry; malt, starches, inulin, wheat gluten",386641.0,2025,Export
TUR,Türkiye,W00,World,agriculture,11,"Products of the milling industry; malt, starches, inulin, wheat gluten",59906853.0,2025,Export
TUR,Türkiye,W00,World,agriculture,11,"Products of the milling industry; malt, starches, inulin, wheat gluten",1243802767.0,2025,Export
TUR,Türkiye,W00,World,agriculture,11,"Products of the milling industry; malt, starches, inulin, wheat gluten",4652540.0,2025,Export
TUR,Türkiye,W00,World,agriculture,11,"Products of the milling industry; malt, starches, inulin, wheat gluten",20514.0,2025,Export
TUR,Türkiye,W00,World,agriculture,11,"Products of the milling industry; malt, starches, inulin, wheat gluten",121264.0,2025,Export
TUR,Türkiye,W00,World,agriculture,11,"Products of the milling industry; malt, starches, inulin, wheat gluten",2309215.0,2025,Export
TUR,Türkiye,W00,World,agriculture,11,"Products of the milling industry; malt, starches, inulin, wheat gluten",951654.0,2025,Export
TUR,Türkiye,W00,World,agriculture,11,"Products of the milling industry; malt, starches, inulin, wheat gluten",134330.0,2025,Export
TUR,Türkiye,W00,World,agriculture,11,"Products of the milling industry; malt, starches, inulin, wheat gluten",1.0,2025,Export
TUR,Türkiye,W00,World,agriculture,11,"Products of the milling industry; malt, starches, inulin, wheat gluten",2952152.0,2025,Export
TUR,Türkiye,W00,World,agriculture,11,"Products of the milling industry; malt, starches, inulin, wheat gluten",1306648.0,2025,Export
TUR,Türkiye,W00,World,agriculture,11,"Products of the milling industry; malt, starches, inulin, wheat gluten",11923.0,2025,Export
TUR,Türkiye,W00,World,agriculture,11,"Products of the milling industry; malt, starches, inulin, wheat gluten",1108275.0,2025,Export
TUR,Türkiye,W00,World,agriculture,11,"Products of the milling industry; malt, starches, inulin, wheat gluten",24790.0,2025,Export
TUR,Türkiye,W00,World,agriculture,11,"Products of the milling industry; malt, starches, inulin, wheat gluten",3886065.0,2025,Export
TUR,Türkiye,W00,World,agriculture,11,"Products of the milling industry; malt, starches, inulin, wheat gluten",9221.0,2025,Export
TUR,Türkiye,W00,World,agriculture,11,"Products of the milling industry; malt, starches, inulin, wheat gluten",14806875.0,2025,Export
TUR,Türkiye,W00,World,agriculture,11,"Products of the milling industry; malt, starches, inulin, wheat gluten",1165678.0,2025,Export
TUR,Türkiye,W00,World,agriculture,11,"Products of the milling industry; malt, starches, inulin, wheat gluten",2251847.0,2025,Export
TUR,Türkiye,W00,World,agriculture,11,"Products of the milling industry; malt, starches, inulin, wheat gluten",9184.0,2025,Export
TUR,Türkiye,W00,World,agriculture,11,"Products of the milling industry; malt, starches, inulin, wheat gluten",5338352.0,2025,Export
TUR,Türkiye,W00,World,agriculture,11,"Products of the milling industry; malt, starches, inulin, wheat gluten",3334411.0,2025,Export
TUR,Türkiye,W00,World,agriculture,11,"Products of the milling industry; malt, starches, inulin, wheat gluten",777008.0,2025,Export
TUR,Türkiye,W00,World,agriculture,11,"Products of the milling industry; malt, starches, inulin, wheat gluten",67.0,2025,Export
TUR,Türkiye,W00,World,agriculture,11,"Products of the milling industry; malt, starches, inulin, wheat gluten",2537051.0,2025,Export
TUR,Türkiye,W00,World,agriculture,11,"Products of the milling industry; malt, starches, inulin, wheat gluten",3241804.0,2025,Export
TUR,Türkiye,W00,World,agriculture,12,"Oil seeds and oleaginous fruits; miscellaneous grains, seeds and fruit, industrial or medicinal plants; straw and fodder",1369660.0,2025,Export
TUR,Türkiye,W00,World,agriculture,12,"Oil seeds and oleaginous fruits; miscellaneous grains, seeds and fruit, industrial or medicinal plants; straw and fodder",7141415.0,2025,Export
TUR,Türkiye,W00,World,agriculture,12,"Oil seeds and oleaginous fruits; miscellaneous grains, seeds and fruit, industrial or medicinal plants; straw and fodder",554.0,2025,Export
TUR,Türkiye,W00,World,agriculture,12,"Oil seeds and oleaginous fruits; miscellaneous grains, seeds and fruit, industrial or medicinal plants; straw and fodder",282.0,2025,Export
TUR,Türkiye,W00,World,agriculture,12,"Oil seeds and oleaginous fruits; miscellaneous grains, seeds and fruit, industrial or medicinal plants; straw and fodder",1604.0,2025,Export
TUR,Türkiye,W00,World,agriculture,12,"Oil seeds and oleaginous fruits; miscellaneous grains, seeds and fruit, industrial or medicinal plants; straw and fodder",60327211.0,2025,Export
TUR,Türkiye,W00,World,agriculture,12,"Oil seeds and oleaginous fruits; miscellaneous grains, seeds and fruit, industrial or medicinal plants; straw and fodder",2035.0,2025,Export
TUR,Türkiye,W00,World,agriculture,12,"Oil seeds and oleaginous fruits; miscellaneous grains, seeds and fruit, industrial or medicinal plants; straw and fodder",107858.0,2025,Export
TUR,Türkiye,W00,World,agriculture,12,"Oil seeds and oleaginous fruits; miscellaneous grains, seeds and fruit, industrial or medicinal plants; straw and fodder",1726200.0,2025,Export
TUR,Türkiye,W00,World,agriculture,12,"Oil seeds and oleaginous fruits; miscellaneous grains, seeds and fruit, industrial or medicinal plants; straw and fodder",586.0,2025,Export
TUR,Türkiye,W00,World,agriculture,12,"Oil seeds and oleaginous fruits; miscellaneous grains, seeds and fruit, industrial or medicinal plants; straw and fodder",81515.0,2025,Export
TUR,Türkiye,W00,World,agriculture,12,"Oil seeds and oleaginous fruits; miscellaneous grains, seeds and fruit, industrial or medicinal plants; straw and fodder",300606.0,2025,Export
TUR,Türkiye,W00,World,agriculture,12,"Oil seeds and oleaginous fruits; miscellaneous grains, seeds and fruit, industrial or medicinal plants; straw and fodder",527.0,2025,Export
TUR,Türkiye,W00,World,agriculture,12,"Oil seeds and oleaginous fruits; miscellaneous grains, seeds and fruit, industrial or medicinal plants; straw and fodder",35681.0,2025,Export
TUR,Türkiye,W00,World,agriculture,12,"Oil seeds and oleaginous fruits; miscellaneous grains, seeds and fruit, industrial or medicinal plants; straw and fodder",164221.0,2025,Export
TUR,Türkiye,W00,World,agriculture,12,"Oil seeds and oleaginous fruits; miscellaneous grains, seeds and fruit, industrial or medicinal plants; straw and fodder",222.0,2025,Export
TUR,Türkiye,W00,World,agriculture,12,"Oil seeds and oleaginous fruits; miscellaneous grains, seeds and fruit, industrial or medicinal plants; straw and fodder",119530.0,2025,Export
TUR,Türkiye,W00,World,agriculture,12,"Oil seeds and oleaginous fruits; miscellaneous grains, seeds and fruit, industrial or medicinal plants; straw and fodder",1980945.0,2025,Export
TUR,Türkiye,W00,World,agriculture,12,"Oil seeds and oleaginous fruits; miscellaneous grains, seeds and fruit, industrial or medicinal plants; straw and fodder",5765.0,2025,Export
TUR,Türkiye,W00,World,agriculture,12,"Oil seeds and oleaginous fruits; miscellaneous grains, seeds and fruit, industrial or medicinal plants; straw and fodder",54830.0,2025,Export
TUR,Türkiye,W00,World,agriculture,12,"Oil seeds and oleaginous fruits; miscellaneous grains, seeds and fruit, industrial or medicinal plants; straw and fodder",6601218.0,2025,Export
TUR,Türkiye,W00,World,agriculture,12,"Oil seeds and oleaginous fruits; miscellaneous grains, seeds and fruit, industrial or medicinal plants; straw and fodder",159690.0,2025,Export
TUR,Türkiye,W00,World,agriculture,12,"Oil seeds and oleaginous fruits; miscellaneous grains, seeds and fruit, industrial or medicinal plants; straw and fodder",5718.0,2025,Export
TUR,Türkiye,W00,World,agriculture,12,"Oil seeds and oleaginous fruits; miscellaneous grains, seeds and fruit, industrial or medicinal plants; straw and fodder",321379.0,2025,Export
TUR,Türkiye,W00,World,agriculture,12,"Oil seeds and oleaginous fruits; miscellaneous grains, seeds and fruit, industrial or medicinal plants; straw and fodder",236825.0,2025,Export
TUR,Türkiye,W00,World,agriculture,12,"Oil seeds and oleaginous fruits; miscellaneous grains, seeds and fruit, industrial or medicinal plants; straw and fodder",3158639.0,2025,Export
TUR,Türkiye,W00,World,agriculture,12,"Oil seeds and oleaginous fruits; miscellaneous grains, seeds and fruit, industrial or medicinal plants; straw and fodder",1569.0,2025,Export
TUR,Türkiye,W00,World,agriculture,12,"Oil seeds and oleaginous fruits; miscellaneous grains, seeds and fruit, industrial or medicinal plants; straw and fodder",12457.0,2025,Export
TUR,Türkiye,W00,World,agriculture,12,"Oil seeds and oleaginous fruits; miscellaneous grains, seeds and fruit, industrial or medicinal plants; straw and fodder",250588.0,2025,Export
TUR,Türkiye,W00,World,agriculture,12,"Oil seeds and oleaginous fruits; miscellaneous grains, seeds and fruit, industrial or medicinal plants; straw and fodder",5526695.0,2025,Export
TUR,Türkiye,W00,World,agriculture,12,"Oil seeds and oleaginous fruits; miscellaneous grains, seeds and fruit, industrial or medicinal plants; straw and fodder",147.0,2025,Export
TUR,Türkiye,W00,World,agriculture,12,"Oil seeds and oleaginous fruits; miscellaneous grains, seeds and fruit, industrial or medicinal plants; straw and fodder",37068.0,2025,Export
TUR,Türkiye,W00,World,agriculture,12,"Oil seeds and oleaginous fruits; miscellaneous grains, seeds and fruit, industrial or medicinal plants; straw and fodder",1384.0,2025,Export
TUR,Türkiye,W00,World,agriculture,12,"Oil seeds and oleaginous fruits; miscellaneous grains, seeds and fruit, industrial or medicinal plants; straw and fodder",5.0,2025,Export
TUR,Türkiye,W00,World,agriculture,12,"Oil seeds and oleaginous fruits; miscellaneous grains, seeds and fruit, industrial or medicinal plants; straw and fodder",16399.0,2025,Export
TUR,Türkiye,W00,World,agriculture,12,"Oil seeds and oleaginous fruits; miscellaneous grains, seeds and fruit, industrial or medicinal plants; straw and fodder",1123498.0,2025,Export
TUR,Türkiye,W00,World,agriculture,12,"Oil seeds and oleaginous fruits; miscellaneous grains, seeds and fruit, industrial or medicinal plants; straw and fodder",52614.0,2025,Export
TUR,Türkiye,W00,World,agriculture,12,"Oil seeds and oleaginous fruits; miscellaneous grains, seeds and fruit, industrial or medicinal plants; straw and fodder",590058.0,2025,Export
TUR,Türkiye,W00,World,agriculture,12,"Oil seeds and oleaginous fruits; miscellaneous grains, seeds and fruit, industrial or medicinal plants; straw and fodder",55917.0,2025,Export
TUR,Türkiye,W00,World,agriculture,12,"Oil seeds and oleaginous fruits; miscellaneous grains, seeds and fruit, industrial or medicinal plants; straw and fodder",792596.0,2025,Export
TUR,Türkiye,W00,World,agriculture,12,"Oil seeds and oleaginous fruits; miscellaneous grains, seeds and fruit, industrial or medicinal plants; straw and fodder",80619.0,2025,Export
TUR,Türkiye,W00,World,agriculture,12,"Oil seeds and oleaginous fruits; miscellaneous grains, seeds and fruit, industrial or medicinal plants; straw and fodder",125053.0,2025,Export
TUR,Türkiye,W00,World,agriculture,12,"Oil seeds and oleaginous fruits; miscellaneous grains, seeds and fruit, industrial or medicinal plants; straw and fodder",2101932.0,2025,Export
TUR,Türkiye,W00,World,agriculture,12,"Oil seeds and oleaginous fruits; miscellaneous grains, seeds and fruit, industrial or medicinal plants; straw and fodder",17476294.0,2025,Export
TUR,Türkiye,W00,World,agriculture,12,"Oil seeds and oleaginous fruits; miscellaneous grains, seeds and fruit, industrial or medicinal plants; straw and fodder",20189517.0,2025,Export
TUR,Türkiye,W00,World,agriculture,12,"Oil seeds and oleaginous fruits; miscellaneous grains, seeds and fruit, industrial or medicinal plants; straw and fodder",2520.0,2025,Export
TUR,Türkiye,W00,World,agriculture,12,"Oil seeds and oleaginous fruits; miscellaneous grains, seeds and fruit, industrial or medicinal plants; straw and fodder",144637.0,2025,Export
TUR,Türkiye,W00,World,agriculture,12,"Oil seeds and oleaginous fruits; miscellaneous grains, seeds and fruit, industrial or medicinal plants; straw and fodder",3959034.0,2025,Export
TUR,Türkiye,W00,World,agriculture,12,"Oil seeds and oleaginous fruits; miscellaneous grains, seeds and fruit, industrial or medicinal plants; straw and fodder",5.0,2025,Export
TUR,Türkiye,W00,World,agriculture,12,"Oil seeds and oleaginous fruits; miscellaneous grains, seeds and fruit, industrial or medicinal plants; straw and fodder",1038274.0,2025,Export
TUR,Türkiye,W00,World,agriculture,12,"Oil seeds and oleaginous fruits; miscellaneous grains, seeds and fruit, industrial or medicinal plants; straw and fodder",77.0,2025,Export
TUR,Türkiye,W00,World,agriculture,12,"Oil seeds and oleaginous fruits; miscellaneous grains, seeds and fruit, industrial or medicinal plants; straw and fodder",129452.0,2025,Export
TUR,Türkiye,W00,World,agriculture,12,"Oil seeds and oleaginous fruits; miscellaneous grains, seeds and fruit, industrial or medicinal plants; straw and fodder",32258900.0,2025,Export
TUR,Türkiye,W00,World,agriculture,12,"Oil seeds and oleaginous fruits; miscellaneous grains, seeds and fruit, industrial or medicinal plants; straw and fodder",476.0,2025,Export
TUR,Türkiye,W00,World,agriculture,12,"Oil seeds and oleaginous fruits; miscellaneous grains, seeds and fruit, industrial or medicinal plants; straw and fodder",40.0,2025,Export
TUR,Türkiye,W00,World,agriculture,12,"Oil seeds and oleaginous fruits; miscellaneous grains, seeds and fruit, industrial or medicinal plants; straw and fodder",4032129.0,2025,Export
TUR,Türkiye,W00,World,agriculture,12,"Oil seeds and oleaginous fruits; miscellaneous grains, seeds and fruit, industrial or medicinal plants; straw and fodder",4503817.0,2025,Export
TUR,Türkiye,W00,World,agriculture,12,"Oil seeds and oleaginous fruits; miscellaneous grains, seeds and fruit, industrial or medicinal plants; straw and fodder",19739.0,2025,Export
TUR,Türkiye,W00,World,agriculture,12,"Oil seeds and oleaginous fruits; miscellaneous grains, seeds and fruit, industrial or medicinal plants; straw and fodder",27.0,2025,Export
TUR,Türkiye,W00,World,agriculture,12,"Oil seeds and oleaginous fruits; miscellaneous grains, seeds and fruit, industrial or medicinal plants; straw and fodder",190614.0,2025,Export
TUR,Türkiye,W00,World,agriculture,12,"Oil seeds and oleaginous fruits; miscellaneous grains, seeds and fruit, industrial or medicinal plants; straw and fodder",50760.0,2025,Export
TUR,Türkiye,W00,World,agriculture,12,"Oil seeds and oleaginous fruits; miscellaneous grains, seeds and fruit, industrial or medicinal plants; straw and fodder",661.0,2025,Export
TUR,Türkiye,W00,World,agriculture,12,"Oil seeds and oleaginous fruits; miscellaneous grains, seeds and fruit, industrial or medicinal plants; straw and fodder",134682.0,2025,Export
TUR,Türkiye,W00,World,agriculture,12,"Oil seeds and oleaginous fruits; miscellaneous grains, seeds and fruit, industrial or medicinal plants; straw and fodder",441.0,2025,Export
TUR,Türkiye,W00,World,agriculture,12,"Oil seeds and oleaginous fruits; miscellaneous grains, seeds and fruit, industrial or medicinal plants; straw and fodder",1654334.0,2025,Export
TUR,Türkiye,W00,World,agriculture,12,"Oil seeds and oleaginous fruits; miscellaneous grains, seeds and fruit, industrial or medicinal plants; straw and fodder",7.0,2025,Export
TUR,Türkiye,W00,World,agriculture,12,"Oil seeds and oleaginous fruits; miscellaneous grains, seeds and fruit, industrial or medicinal plants; straw and fodder",66172.0,2025,Export
TUR,Türkiye,W00,World,agriculture,12,"Oil seeds and oleaginous fruits; miscellaneous grains, seeds and fruit, industrial or medicinal plants; straw and fodder",98037.0,2025,Export
TUR,Türkiye,W00,World,agriculture,12,"Oil seeds and oleaginous fruits; miscellaneous grains, seeds and fruit, industrial or medicinal plants; straw and fodder",243.0,2025,Export
TUR,Türkiye,W00,World,agriculture,12,"Oil seeds and oleaginous fruits; miscellaneous grains, seeds and fruit, industrial or medicinal plants; straw and fodder",59.0,2025,Export
TUR,Türkiye,W00,World,agriculture,12,"Oil seeds and oleaginous fruits; miscellaneous grains, seeds and fruit, industrial or medicinal plants; straw and fodder",10.0,2025,Export
TUR,Türkiye,W00,World,agriculture,12,"Oil seeds and oleaginous fruits; miscellaneous grains, seeds and fruit, industrial or medicinal plants; straw and fodder",14.0,2025,Export
TUR,Türkiye,W00,World,agriculture,12,"Oil seeds and oleaginous fruits; miscellaneous grains, seeds and fruit, industrial or medicinal plants; straw and fodder",31.0,2025,Export
TUR,Türkiye,W00,World,agriculture,12,"Oil seeds and oleaginous fruits; miscellaneous grains, seeds and fruit, industrial or medicinal plants; straw and fodder",985805.0,2025,Export
TUR,Türkiye,W00,World,agriculture,12,"Oil seeds and oleaginous fruits; miscellaneous grains, seeds and fruit, industrial or medicinal plants; straw and fodder",20924.0,2025,Export
TUR,Türkiye,W00,World,agriculture,12,"Oil seeds and oleaginous fruits; miscellaneous grains, seeds and fruit, industrial or medicinal plants; straw and fodder",2516873.0,2025,Export
TUR,Türkiye,W00,World,agriculture,12,"Oil seeds and oleaginous fruits; miscellaneous grains, seeds and fruit, industrial or medicinal plants; straw and fodder",2710.0,2025,Export
TUR,Türkiye,W00,World,agriculture,12,"Oil seeds and oleaginous fruits; miscellaneous grains, seeds and fruit, industrial or medicinal plants; straw and fodder",48916.0,2025,Export
TUR,Türkiye,W00,World,agriculture,12,"Oil seeds and oleaginous fruits; miscellaneous grains, seeds and fruit, industrial or medicinal plants; straw and fodder",300242.0,2025,Export
TUR,Türkiye,W00,World,agriculture,12,"Oil seeds and oleaginous fruits; miscellaneous grains, seeds and fruit, industrial or medicinal plants; straw and fodder",5004.0,2025,Export
TUR,Türkiye,W00,World,agriculture,12,"Oil seeds and oleaginous fruits; miscellaneous grains, seeds and fruit, industrial or medicinal plants; straw and fodder",2111.0,2025,Export
TUR,Türkiye,W00,World,agriculture,12,"Oil seeds and oleaginous fruits; miscellaneous grains, seeds and fruit, industrial or medicinal plants; straw and fodder",5181.0,2025,Export
TUR,Türkiye,W00,World,agriculture,12,"Oil seeds and oleaginous fruits; miscellaneous grains, seeds and fruit, industrial or medicinal plants; straw and fodder",36720.0,2025,Export
TUR,Türkiye,W00,World,agriculture,12,"Oil seeds and oleaginous fruits; miscellaneous grains, seeds and fruit, industrial or medicinal plants; straw and fodder",104934.0,2025,Export
TUR,Türkiye,W00,World,agriculture,12,"Oil seeds and oleaginous fruits; miscellaneous grains, seeds and fruit, industrial or medicinal plants; straw and fodder",403.0,2025,Export
TUR,Türkiye,W00,World,agriculture,12,"Oil seeds and oleaginous fruits; miscellaneous grains, seeds and fruit, industrial or medicinal plants; straw and fodder",476942.0,2025,Export
TUR,Türkiye,W00,World,agriculture,12,"Oil seeds and oleaginous fruits; miscellaneous grains, seeds and fruit, industrial or medicinal plants; straw and fodder",9822886.0,2025,Export
TUR,Türkiye,W00,World,agriculture,12,"Oil seeds and oleaginous fruits; miscellaneous grains, seeds and fruit, industrial or medicinal plants; straw and fodder",156054.0,2025,Export
TUR,Türkiye,W00,World,agriculture,12,"Oil seeds and oleaginous fruits; miscellaneous grains, seeds and fruit, industrial or medicinal plants; straw and fodder",24089.0,2025,Export
TUR,Türkiye,W00,World,agriculture,12,"Oil seeds and oleaginous fruits; miscellaneous grains, seeds and fruit, industrial or medicinal plants; straw and fodder",255708.0,2025,Export
TUR,Türkiye,W00,World,agriculture,12,"Oil seeds and oleaginous fruits; miscellaneous grains, seeds and fruit, industrial or medicinal plants; straw and fodder",271191.0,2025,Export
TUR,Türkiye,W00,World,agriculture,12,"Oil seeds and oleaginous fruits; miscellaneous grains, seeds and fruit, industrial or medicinal plants; straw and fodder",873497.0,2025,Export
TUR,Türkiye,W00,World,agriculture,12,"Oil seeds and oleaginous fruits; miscellaneous grains, seeds and fruit, industrial or medicinal plants; straw and fodder",754865538.0,2025,Export
TUR,Türkiye,W00,World,agriculture,12,"Oil seeds and oleaginous fruits; miscellaneous grains, seeds and fruit, industrial or medicinal plants; straw and fodder",4572.0,2025,Export
TUR,Türkiye,W00,World,agriculture,12,"Oil seeds and oleaginous fruits; miscellaneous grains, seeds and fruit, industrial or medicinal plants; straw and fodder",134078.0,2025,Export
TUR,Türkiye,W00,World,agriculture,12,"Oil seeds and oleaginous fruits; miscellaneous grains, seeds and fruit, industrial or medicinal plants; straw and fodder",4719250.0,2025,Export
TUR,Türkiye,W00,World,agriculture,12,"Oil seeds and oleaginous fruits; miscellaneous grains, seeds and fruit, industrial or medicinal plants; straw and fodder",180.0,2025,Export
TUR,Türkiye,W00,World,agriculture,12,"Oil seeds and oleaginous fruits; miscellaneous grains, seeds and fruit, industrial or medicinal plants; straw and fodder",5572.0,2025,Export
TUR,Türkiye,W00,World,agriculture,12,"Oil seeds and oleaginous fruits; miscellaneous grains, seeds and fruit, industrial or medicinal plants; straw and fodder",19805669.0,2025,Export
TUR,Türkiye,W00,World,agriculture,12,"Oil seeds and oleaginous fruits; miscellaneous grains, seeds and fruit, industrial or medicinal plants; straw and fodder",177.0,2025,Export
TUR,Türkiye,W00,World,agriculture,12,"Oil seeds and oleaginous fruits; miscellaneous grains, seeds and fruit, industrial or medicinal plants; straw and fodder",13026.0,2025,Export
TUR,Türkiye,W00,World,agriculture,12,"Oil seeds and oleaginous fruits; miscellaneous grains, seeds and fruit, industrial or medicinal plants; straw and fodder",941.0,2025,Export
TUR,Türkiye,W00,World,agriculture,12,"Oil seeds and oleaginous fruits; miscellaneous grains, seeds and fruit, industrial or medicinal plants; straw and fodder",4389932.0,2025,Export
TUR,Türkiye,W00,World,agriculture,12,"Oil seeds and oleaginous fruits; miscellaneous grains, seeds and fruit, industrial or medicinal plants; straw and fodder",40760985.0,2025,Export
TUR,Türkiye,W00,World,agriculture,12,"Oil seeds and oleaginous fruits; miscellaneous grains, seeds and fruit, industrial or medicinal plants; straw and fodder",2178368.0,2025,Export
TUR,Türkiye,W00,World,agriculture,12,"Oil seeds and oleaginous fruits; miscellaneous grains, seeds and fruit, industrial or medicinal plants; straw and fodder",3.0,2025,Export
TUR,Türkiye,W00,World,agriculture,12,"Oil seeds and oleaginous fruits; miscellaneous grains, seeds and fruit, industrial or medicinal plants; straw and fodder",18.0,2025,Export
TUR,Türkiye,W00,World,agriculture,12,"Oil seeds and oleaginous fruits; miscellaneous grains, seeds and fruit, industrial or medicinal plants; straw and fodder",28699.0,2025,Export
TUR,Türkiye,W00,World,agriculture,12,"Oil seeds and oleaginous fruits; miscellaneous grains, seeds and fruit, industrial or medicinal plants; straw and fodder",25198075.0,2025,Export
TUR,Türkiye,W00,World,agriculture,12,"Oil seeds and oleaginous fruits; miscellaneous grains, seeds and fruit, industrial or medicinal plants; straw and fodder",590120.0,2025,Export
TUR,Türkiye,W00,World,agriculture,12,"Oil seeds and oleaginous fruits; miscellaneous grains, seeds and fruit, industrial or medicinal plants; straw and fodder",16257690.0,2025,Export
TUR,Türkiye,W00,World,agriculture,12,"Oil seeds and oleaginous fruits; miscellaneous grains, seeds and fruit, industrial or medicinal plants; straw and fodder",12683.0,2025,Export
TUR,Türkiye,W00,World,agriculture,12,"Oil seeds and oleaginous fruits; miscellaneous grains, seeds and fruit, industrial or medicinal plants; straw and fodder",8918961.0,2025,Export
TUR,Türkiye,W00,World,agriculture,12,"Oil seeds and oleaginous fruits; miscellaneous grains, seeds and fruit, industrial or medicinal plants; straw and fodder",1775241.0,2025,Export
TUR,Türkiye,W00,World,agriculture,12,"Oil seeds and oleaginous fruits; miscellaneous grains, seeds and fruit, industrial or medicinal plants; straw and fodder",3253991.0,2025,Export
TUR,Türkiye,W00,World,agriculture,12,"Oil seeds and oleaginous fruits; miscellaneous grains, seeds and fruit, industrial or medicinal plants; straw and fodder",198496.0,2025,Export
TUR,Türkiye,W00,World,agriculture,12,"Oil seeds and oleaginous fruits; miscellaneous grains, seeds and fruit, industrial or medicinal plants; straw and fodder",1046311.0,2025,Export
TUR,Türkiye,W00,World,agriculture,12,"Oil seeds and oleaginous fruits; miscellaneous grains, seeds and fruit, industrial or medicinal plants; straw and fodder",93.0,2025,Export
TUR,Türkiye,W00,World,agriculture,12,"Oil seeds and oleaginous fruits; miscellaneous grains, seeds and fruit, industrial or medicinal plants; straw and fodder",65660.0,2025,Export
TUR,Türkiye,W00,World,agriculture,12,"Oil seeds and oleaginous fruits; miscellaneous grains, seeds and fruit, industrial or medicinal plants; straw and fodder",386171.0,2025,Export
TUR,Türkiye,W00,World,agriculture,12,"Oil seeds and oleaginous fruits; miscellaneous grains, seeds and fruit, industrial or medicinal plants; straw and fodder",5243151.0,2025,Export
TUR,Türkiye,W00,World,agriculture,12,"Oil seeds and oleaginous fruits; miscellaneous grains, seeds and fruit, industrial or medicinal plants; straw and fodder",323148.0,2025,Export
TUR,Türkiye,W00,World,agriculture,12,"Oil seeds and oleaginous fruits; miscellaneous grains, seeds and fruit, industrial or medicinal plants; straw and fodder",55229784.0,2025,Export
TUR,Türkiye,W00,World,agriculture,12,"Oil seeds and oleaginous fruits; miscellaneous grains, seeds and fruit, industrial or medicinal plants; straw and fodder",4484205.0,2025,Export
TUR,Türkiye,W00,World,agriculture,12,"Oil seeds and oleaginous fruits; miscellaneous grains, seeds and fruit, industrial or medicinal plants; straw and fodder",326.0,2025,Export
TUR,Türkiye,W00,World,agriculture,12,"Oil seeds and oleaginous fruits; miscellaneous grains, seeds and fruit, industrial or medicinal plants; straw and fodder",343183.0,2025,Export
TUR,Türkiye,W00,World,agriculture,12,"Oil seeds and oleaginous fruits; miscellaneous grains, seeds and fruit, industrial or medicinal plants; straw and fodder",51960.0,2025,Export
TUR,Türkiye,W00,World,agriculture,12,"Oil seeds and oleaginous fruits; miscellaneous grains, seeds and fruit, industrial or medicinal plants; straw and fodder",10247236.0,2025,Export
TUR,Türkiye,W00,World,agriculture,12,"Oil seeds and oleaginous fruits; miscellaneous grains, seeds and fruit, industrial or medicinal plants; straw and fodder",35376391.0,2025,Export
TUR,Türkiye,W00,World,agriculture,12,"Oil seeds and oleaginous fruits; miscellaneous grains, seeds and fruit, industrial or medicinal plants; straw and fodder",882833.0,2025,Export
TUR,Türkiye,W00,World,agriculture,12,"Oil seeds and oleaginous fruits; miscellaneous grains, seeds and fruit, industrial or medicinal plants; straw and fodder",68729.0,2025,Export
TUR,Türkiye,W00,World,agriculture,12,"Oil seeds and oleaginous fruits; miscellaneous grains, seeds and fruit, industrial or medicinal plants; straw and fodder",20046.0,2025,Export
TUR,Türkiye,W00,World,agriculture,12,"Oil seeds and oleaginous fruits; miscellaneous grains, seeds and fruit, industrial or medicinal plants; straw and fodder",3603891.0,2025,Export
TUR,Türkiye,W00,World,agriculture,12,"Oil seeds and oleaginous fruits; miscellaneous grains, seeds and fruit, industrial or medicinal plants; straw and fodder",167.0,2025,Export
TUR,Türkiye,W00,World,agriculture,12,"Oil seeds and oleaginous fruits; miscellaneous grains, seeds and fruit, industrial or medicinal plants; straw and fodder",12.0,2025,Export
TUR,Türkiye,W00,World,agriculture,12,"Oil seeds and oleaginous fruits; miscellaneous grains, seeds and fruit, industrial or medicinal plants; straw and fodder",3081963.0,2025,Export
TUR,Türkiye,W00,World,agriculture,12,"Oil seeds and oleaginous fruits; miscellaneous grains, seeds and fruit, industrial or medicinal plants; straw and fodder",125.0,2025,Export
TUR,Türkiye,W00,World,agriculture,12,"Oil seeds and oleaginous fruits; miscellaneous grains, seeds and fruit, industrial or medicinal plants; straw and fodder",255.0,2025,Export
TUR,Türkiye,W00,World,agriculture,12,"Oil seeds and oleaginous fruits; miscellaneous grains, seeds and fruit, industrial or medicinal plants; straw and fodder",335116.0,2025,Export
TUR,Türkiye,W00,World,agriculture,12,"Oil seeds and oleaginous fruits; miscellaneous grains, seeds and fruit, industrial or medicinal plants; straw and fodder",7649836.0,2025,Export
TUR,Türkiye,W00,World,agriculture,12,"Oil seeds and oleaginous fruits; miscellaneous grains, seeds and fruit, industrial or medicinal plants; straw and fodder",346956.0,2025,Export
TUR,Türkiye,W00,World,agriculture,12,"Oil seeds and oleaginous fruits; miscellaneous grains, seeds and fruit, industrial or medicinal plants; straw and fodder",9705086.0,2025,Export
TUR,Türkiye,W00,World,agriculture,12,"Oil seeds and oleaginous fruits; miscellaneous grains, seeds and fruit, industrial or medicinal plants; straw and fodder",738421.0,2025,Export
TUR,Türkiye,W00,World,agriculture,12,"Oil seeds and oleaginous fruits; miscellaneous grains, seeds and fruit, industrial or medicinal plants; straw and fodder",42163389.0,2025,Export
TUR,Türkiye,W00,World,agriculture,12,"Oil seeds and oleaginous fruits; miscellaneous grains, seeds and fruit, industrial or medicinal plants; straw and fodder",26.0,2025,Export
TUR,Türkiye,W00,World,agriculture,12,"Oil seeds and oleaginous fruits; miscellaneous grains, seeds and fruit, industrial or medicinal plants; straw and fodder",6.0,2025,Export
TUR,Türkiye,W00,World,agriculture,12,"Oil seeds and oleaginous fruits; miscellaneous grains, seeds and fruit, industrial or medicinal plants; straw and fodder",78037.0,2025,Export
TUR,Türkiye,W00,World,agriculture,12,"Oil seeds and oleaginous fruits; miscellaneous grains, seeds and fruit, industrial or medicinal plants; straw and fodder",22224.0,2025,Export
TUR,Türkiye,W00,World,agriculture,12,"Oil seeds and oleaginous fruits; miscellaneous grains, seeds and fruit, industrial or medicinal plants; straw and fodder",12246116.0,2025,Export
TUR,Türkiye,W00,World,agriculture,12,"Oil seeds and oleaginous fruits; miscellaneous grains, seeds and fruit, industrial or medicinal plants; straw and fodder",422146.0,2025,Export
TUR,Türkiye,W00,World,agriculture,12,"Oil seeds and oleaginous fruits; miscellaneous grains, seeds and fruit, industrial or medicinal plants; straw and fodder",409529.0,2025,Export
TUR,Türkiye,W00,World,agriculture,12,"Oil seeds and oleaginous fruits; miscellaneous grains, seeds and fruit, industrial or medicinal plants; straw and fodder",87110974.0,2025,Export
TUR,Türkiye,W00,World,agriculture,12,"Oil seeds and oleaginous fruits; miscellaneous grains, seeds and fruit, industrial or medicinal plants; straw and fodder",330098.0,2025,Export
TUR,Türkiye,W00,World,agriculture,12,"Oil seeds and oleaginous fruits; miscellaneous grains, seeds and fruit, industrial or medicinal plants; straw and fodder",403.0,2025,Export
TUR,Türkiye,W00,World,agriculture,12,"Oil seeds and oleaginous fruits; miscellaneous grains, seeds and fruit, industrial or medicinal plants; straw and fodder",12277674.0,2025,Export
TUR,Türkiye,W00,World,agriculture,12,"Oil seeds and oleaginous fruits; miscellaneous grains, seeds and fruit, industrial or medicinal plants; straw and fodder",122358407.0,2025,Export
TUR,Türkiye,W00,World,agriculture,12,"Oil seeds and oleaginous fruits; miscellaneous grains, seeds and fruit, industrial or medicinal plants; straw and fodder",161.0,2025,Export
TUR,Türkiye,W00,World,agriculture,12,"Oil seeds and oleaginous fruits; miscellaneous grains, seeds and fruit, industrial or medicinal plants; straw and fodder",13177034.0,2025,Export
TUR,Türkiye,W00,World,agriculture,12,"Oil seeds and oleaginous fruits; miscellaneous grains, seeds and fruit, industrial or medicinal plants; straw and fodder",257024.0,2025,Export
TUR,Türkiye,WSM,Samoa,agriculture,11,"Products of the milling industry; malt, starches, inulin, wheat gluten",494427.0,2025,Export
TUR,Türkiye,WSM,Samoa,agriculture,11,"Products of the milling industry; malt, starches, inulin, wheat gluten",494427.0,2025,Export
TUR,Türkiye,YEM,Yemen,agriculture,10,Cereals,976166.0,2025,Export
TUR,Türkiye,YEM,Yemen,agriculture,10,Cereals,976166.0,2025,Export
TUR,Türkiye,YEM,Yemen,agriculture,11,"Products of the milling industry; malt, starches, inulin, wheat gluten",15643300.0,2025,Export
TUR,Türkiye,YEM,Yemen,agriculture,11,"Products of the milling industry; malt, starches, inulin, wheat gluten",15643300.0,2025,Export
TUR,Türkiye,YEM,Yemen,agriculture,12,"Oil seeds and oleaginous fruits; miscellaneous grains, seeds and fruit, industrial or medicinal plants; straw and fodder",80619.0,2025,Export
TUR,Türkiye,YEM,Yemen,agriculture,12,"Oil seeds and oleaginous fruits; miscellaneous grains, seeds and fruit, industrial or medicinal plants; straw and fodder",80619.0,2025,Export
TUR,Türkiye,ZAF,South Africa,agriculture,10,Cereals,69652.0,2025,Export
TUR,Türkiye,ZAF,South Africa,agriculture,10,Cereals,69652.0,2025,Export
TUR,Türkiye,ZAF,South Africa,agriculture,11,"Products of the milling industry; malt, starches, inulin, wheat gluten",9713433.0,2025,Export
TUR,Türkiye,ZAF,South Africa,agriculture,11,"Products of the milling industry; malt, starches, inulin, wheat gluten",9713433.0,2025,Export
TUR,Türkiye,ZAF,South Africa,agriculture,12,"Oil seeds and oleaginous fruits; miscellaneous grains, seeds and fruit, industrial or medicinal plants; straw and fodder",300242.0,2025,Export
TUR,Türkiye,ZAF,South Africa,agriculture,12,"Oil seeds and oleaginous fruits; miscellaneous grains, seeds and fruit, industrial or medicinal plants; straw and fodder",300242.0,2025,Export
TUR,Türkiye,ZMB,Zambia,agriculture,10,Cereals,1877.0,2025,Export
TUR,Türkiye,ZMB,Zambia,agriculture,10,Cereals,1877.0,2025,Export
TUR,Türkiye,ZMB,Zambia,agriculture,11,"Products of the milling industry; malt, starches, inulin, wheat gluten",32.0,2025,Export
TUR,Türkiye,ZMB,Zambia,agriculture,11,"Products of the milling industry; malt, starches, inulin, wheat gluten",32.0,2025,Export
TUR,Türkiye,ZMB,Zambia,agriculture,12,"Oil seeds and oleaginous fruits; miscellaneous grains, seeds and fruit, industrial or medicinal plants; straw and fodder",326.0,2025,Export
TUR,Türkiye,ZMB,Zambia,agriculture,12,"Oil seeds and oleaginous fruits; miscellaneous grains, seeds and fruit, industrial or medicinal plants; straw and fodder",326.0,2025,Export
TUR,Türkiye,ZWE,Zimbabwe,agriculture,11,"Products of the milling industry; malt, starches, inulin, wheat gluten",76259.0,2025,Export
TUR,Türkiye,ZWE,Zimbabwe,agriculture,11,"Products of the milling industry; malt, starches, inulin, wheat gluten",76259.0,2025,Export
TUR,Türkiye,_X,"Areas, nes",agriculture,10,Cereals,2285365.0,2025,Export
TUR,Türkiye,_X,"Areas, nes",agriculture,10,Cereals,2285365.0,2025,Export
TUR,Türkiye,_X,"Areas, nes",agriculture,11,"Products of the milling industry; malt, starches, inulin, wheat gluten",33480.0,2025,Export
TUR,Türkiye,_X,"Areas, nes",agriculture,11,"Products of the milling industry; malt, starches, inulin, wheat gluten",33480.0,2025,Export
TUR,Türkiye,_X,"Areas, nes",agriculture,12,"Oil seeds and oleaginous fruits; miscellaneous grains, seeds and fruit, industrial or medicinal plants; straw and fodder",882833.0,2025,Export
TUR,Türkiye,_X,"Areas, nes",agriculture,12,"Oil seeds and oleaginous fruits; miscellaneous grains, seeds and fruit, industrial or medicinal plants; straw and fodder",882833.0,2025,Export
USA,USA,ABW,Aruba,agriculture,10,Cereals,2003680.0,2025,Export
USA,USA,ABW,Aruba,agriculture,11,"Products of the milling industry; malt, starches, inulin, wheat gluten",725275.0,2025,Export
USA,USA,ABW,Aruba,agriculture,12,"Oil seeds and oleaginous fruits; miscellaneous grains, seeds and fruit, industrial or medicinal plants; straw and fodder",382295.0,2025,Export
USA,USA,AFG,Afghanistan,agriculture,11,"Products of the milling industry; malt, starches, inulin, wheat gluten",11560.0,2025,Export
USA,USA,AFG,Afghanistan,agriculture,12,"Oil seeds and oleaginous fruits; miscellaneous grains, seeds and fruit, industrial or medicinal plants; straw and fodder",148630.0,2025,Export
USA,USA,AGO,Angola,agriculture,10,Cereals,18955952.0,2025,Export
USA,USA,AGO,Angola,agriculture,11,"Products of the milling industry; malt, starches, inulin, wheat gluten",399638.0,2025,Export
USA,USA,AGO,Angola,agriculture,12,"Oil seeds and oleaginous fruits; miscellaneous grains, seeds and fruit, industrial or medicinal plants; straw and fodder",4715.0,2025,Export
USA,USA,AIA,Anguilla,agriculture,10,Cereals,272079.0,2025,Export
USA,USA,AIA,Anguilla,agriculture,11,"Products of the milling industry; malt, starches, inulin, wheat gluten",213073.0,2025,Export
USA,USA,AIA,Anguilla,agriculture,12,"Oil seeds and oleaginous fruits; miscellaneous grains, seeds and fruit, industrial or medicinal plants; straw and fodder",35661.0,2025,Export
USA,USA,ALB,Albania,agriculture,10,Cereals,250500.0,2025,Export
USA,USA,ALB,Albania,agriculture,12,"Oil seeds and oleaginous fruits; miscellaneous grains, seeds and fruit, industrial or medicinal plants; straw and fodder",202474.0,2025,Export
USA,USA,ARE,United Arab Emirates,agriculture,10,Cereals,29375928.0,2025,Export
USA,USA,ARE,United Arab Emirates,agriculture,11,"Products of the milling industry; malt, starches, inulin, wheat gluten",2802072.0,2025,Export
USA,USA,ARE,United Arab Emirates,agriculture,12,"Oil seeds and oleaginous fruits; miscellaneous grains, seeds and fruit, industrial or medicinal plants; straw and fodder",53060715.0,2025,Export
USA,USA,ARG,Argentina,agriculture,10,Cereals,2038808.0,2025,Export
USA,USA,ARG,Argentina,agriculture,11,"Products of the milling industry; malt, starches, inulin, wheat gluten",1566600.0,2025,Export
USA,USA,ARG,Argentina,agriculture,12,"Oil seeds and oleaginous fruits; miscellaneous grains, seeds and fruit, industrial or medicinal plants; straw and fodder",27920757.0,2025,Export
USA,USA,ARM,Armenia,agriculture,10,Cereals,64544.0,2025,Export
USA,USA,ARM,Armenia,agriculture,12,"Oil seeds and oleaginous fruits; miscellaneous grains, seeds and fruit, industrial or medicinal plants; straw and fodder",193109.0,2025,Export
USA,USA,ATG,Antigua and Barbuda,agriculture,10,Cereals,236511.0,2025,Export
USA,USA,ATG,Antigua and Barbuda,agriculture,11,"Products of the milling industry; malt, starches, inulin, wheat gluten",337590.0,2025,Export
USA,USA,ATG,Antigua and Barbuda,agriculture,12,"Oil seeds and oleaginous fruits; miscellaneous grains, seeds and fruit, industrial or medicinal plants; straw and fodder",227451.0,2025,Export
USA,USA,AUS,Australia,agriculture,10,Cereals,2532682.0,2025,Export
USA,USA,AUS,Australia,agriculture,11,"Products of the milling industry; malt, starches, inulin, wheat gluten",24525247.0,2025,Export
USA,USA,AUS,Australia,agriculture,12,"Oil seeds and oleaginous fruits; miscellaneous grains, seeds and fruit, industrial or medicinal plants; straw and fodder",52301421.0,2025,Export
USA,USA,AUT,Austria,agriculture,10,Cereals,249877.0,2025,Export
USA,USA,AUT,Austria,agriculture,11,"Products of the milling industry; malt, starches, inulin, wheat gluten",56558.0,2025,Export
USA,USA,AUT,Austria,agriculture,12,"Oil seeds and oleaginous fruits; miscellaneous grains, seeds and fruit, industrial or medicinal plants; straw and fodder",496564.0,2025,Export
USA,USA,AZE,Azerbaijan,agriculture,10,Cereals,42607.0,2025,Export
USA,USA,AZE,Azerbaijan,agriculture,12,"Oil seeds and oleaginous fruits; miscellaneous grains, seeds and fruit, industrial or medicinal plants; straw and fodder",170707.0,2025,Export
USA,USA,BDI,Burundi,agriculture,10,Cereals,1540244.0,2025,Export
USA,USA,BEL,Belgium,agriculture,10,Cereals,17271197.0,2025,Export
USA,USA,BEL,Belgium,agriculture,11,"Products of the milling industry; malt, starches, inulin, wheat gluten",2653834.0,2025,Export
USA,USA,BEL,Belgium,agriculture,12,"Oil seeds and oleaginous fruits; miscellaneous grains, seeds and fruit, industrial or medicinal plants; straw and fodder",88891166.0,2025,Export
USA,USA,BEN,Benin,agriculture,10,Cereals,380562.0,2025,Export
USA,USA,BFA,Burkina Faso,agriculture,10,Cereals,5225127.0,2025,Export
USA,USA,BFA,Burkina Faso,agriculture,12,"Oil seeds and oleaginous fruits; miscellaneous grains, seeds and fruit, industrial or medicinal plants; straw and fodder",84020.0,2025,Export
USA,USA,BGD,Bangladesh,agriculture,10,Cereals,188191382.0,2025,Export
USA,USA,BGD,Bangladesh,agriculture,12,"Oil seeds and oleaginous fruits; miscellaneous grains, seeds and fruit, industrial or medicinal plants; straw and fodder",638477350.0,2025,Export
USA,USA,BGR,Bulgaria,agriculture,10,Cereals,167222.0,2025,Export
USA,USA,BGR,Bulgaria,agriculture,12,"Oil seeds and oleaginous fruits; miscellaneous grains, seeds and fruit, industrial or medicinal plants; straw and fodder",3802915.0,2025,Export
USA,USA,BHR,Bahrain,agriculture,10,Cereals,672501.0,2025,Export
USA,USA,BHR,Bahrain,agriculture,11,"Products of the milling industry; malt, starches, inulin, wheat gluten",152784.0,2025,Export
USA,USA,BHR,Bahrain,agriculture,12,"Oil seeds and oleaginous fruits; miscellaneous grains, seeds and fruit, industrial or medicinal plants; straw and fodder",1512806.0,2025,Export
USA,USA,BHS,Bahamas,agriculture,10,Cereals,11316970.0,2025,Export
USA,USA,BHS,Bahamas,agriculture,11,"Products of the milling industry; malt, starches, inulin, wheat gluten",4688345.0,2025,Export
USA,USA,BHS,Bahamas,agriculture,12,"Oil seeds and oleaginous fruits; miscellaneous grains, seeds and fruit, industrial or medicinal plants; straw and fodder",625932.0,2025,Export
USA,USA,BIH,Bosnia Herzegovina,agriculture,12,"Oil seeds and oleaginous fruits; miscellaneous grains, seeds and fruit, industrial or medicinal plants; straw and fodder",26180.0,2025,Export
USA,USA,BLZ,Belize,agriculture,10,Cereals,9647719.0,2025,Export
USA,USA,BLZ,Belize,agriculture,11,"Products of the milling industry; malt, starches, inulin, wheat gluten",647629.0,2025,Export
USA,USA,BLZ,Belize,agriculture,12,"Oil seeds and oleaginous fruits; miscellaneous grains, seeds and fruit, industrial or medicinal plants; straw and fodder",222929.0,2025,Export
USA,USA,BMU,Bermuda,agriculture,10,Cereals,1229034.0,2025,Export
USA,USA,BMU,Bermuda,agriculture,11,"Products of the milling industry; malt, starches, inulin, wheat gluten",724492.0,2025,Export
USA,USA,BMU,Bermuda,agriculture,12,"Oil seeds and oleaginous fruits; miscellaneous grains, seeds and fruit, industrial or medicinal plants; straw and fodder",888600.0,2025,Export
USA,USA,BOL,Bolivia (Plurinational State of),agriculture,10,Cereals,488397.0,2025,Export
USA,USA,BOL,Bolivia (Plurinational State of),agriculture,11,"Products of the milling industry; malt, starches, inulin, wheat gluten",8523.0,2025,Export
USA,USA,BOL,Bolivia (Plurinational State of),agriculture,12,"Oil seeds and oleaginous fruits; miscellaneous grains, seeds and fruit, industrial or medicinal plants; straw and fodder",1428647.0,2025,Export
USA,USA,BRA,Brazil,agriculture,10,Cereals,45596362.0,2025,Export
USA,USA,BRA,Brazil,agriculture,11,"Products of the milling industry; malt, starches, inulin, wheat gluten",1709735.0,2025,Export
USA,USA,BRA,Brazil,agriculture,12,"Oil seeds and oleaginous fruits; miscellaneous grains, seeds and fruit, industrial or medicinal plants; straw and fodder",42299147.0,2025,Export
USA,USA,BRB,Barbados,agriculture,10,Cereals,7395618.0,2025,Export
USA,USA,BRB,Barbados,agriculture,11,"Products of the milling industry; malt, starches, inulin, wheat gluten",1018900.0,2025,Export
USA,USA,BRB,Barbados,agriculture,12,"Oil seeds and oleaginous fruits; miscellaneous grains, seeds and fruit, industrial or medicinal plants; straw and fodder",5114194.0,2025,Export
USA,USA,BRN,Brunei Darussalam,agriculture,12,"Oil seeds and oleaginous fruits; miscellaneous grains, seeds and fruit, industrial or medicinal plants; straw and fodder",372604.0,2025,Export
USA,USA,BTN,Bhutan,agriculture,12,"Oil seeds and oleaginous fruits; miscellaneous grains, seeds and fruit, industrial or medicinal plants; straw and fodder",28832.0,2025,Export
USA,USA,CAN,Canada,agriculture,10,Cereals,717447801.0,2025,Export
USA,USA,CAN,Canada,agriculture,11,"Products of the milling industry; malt, starches, inulin, wheat gluten",341148362.0,2025,Export
USA,USA,CAN,Canada,agriculture,12,"Oil seeds and oleaginous fruits; miscellaneous grains, seeds and fruit, industrial or medicinal plants; straw and fodder",842832253.0,2025,Export
USA,USA,CHE,Switzerland,agriculture,10,Cereals,1717627.0,2025,Export
USA,USA,CHE,Switzerland,agriculture,11,"Products of the milling industry; malt, starches, inulin, wheat gluten",262847.0,2025,Export
USA,USA,CHE,Switzerland,agriculture,12,"Oil seeds and oleaginous fruits; miscellaneous grains, seeds and fruit, industrial or medicinal plants; straw and fodder",1152349.0,2025,Export
USA,USA,CHL,Chile,agriculture,10,Cereals,66601902.0,2025,Export
USA,USA,CHL,Chile,agriculture,11,"Products of the milling industry; malt, starches, inulin, wheat gluten",3123724.0,2025,Export
USA,USA,CHL,Chile,agriculture,12,"Oil seeds and oleaginous fruits; miscellaneous grains, seeds and fruit, industrial or medicinal plants; straw and fodder",26257970.0,2025,Export
USA,USA,CHN,China,agriculture,10,Cereals,108581426.0,2025,Export
USA,USA,CHN,China,agriculture,11,"Products of the milling industry; malt, starches, inulin, wheat gluten",5282677.0,2025,Export
USA,USA,CHN,China,agriculture,12,"Oil seeds and oleaginous fruits; miscellaneous grains, seeds and fruit, industrial or medicinal plants; straw and fodder",3515187382.0,2025,Export
USA,USA,CIV,Côte d'Ivoire,agriculture,10,Cereals,15424364.0,2025,Export
USA,USA,CMR,Cameroon,agriculture,10,Cereals,2827684.0,2025,Export
USA,USA,CMR,Cameroon,agriculture,11,"Products of the milling industry; malt, starches, inulin, wheat gluten",17001.0,2025,Export
USA,USA,COD,Dem. Rep. of the Congo,agriculture,10,Cereals,623944.0,2025,Export
USA,USA,COD,Dem. Rep. of the Congo,agriculture,11,"Products of the milling industry; malt, starches, inulin, wheat gluten",39958011.0,2025,Export
USA,USA,COG,Congo,agriculture,10,Cereals,723926.0,2025,Export
USA,USA,COL,Colombia,agriculture,10,Cereals,2015142501.0,2025,Export
USA,USA,COL,Colombia,agriculture,11,"Products of the milling industry; malt, starches, inulin, wheat gluten",2340021.0,2025,Export
USA,USA,COL,Colombia,agriculture,12,"Oil seeds and oleaginous fruits; miscellaneous grains, seeds and fruit, industrial or medicinal plants; straw and fodder",295051694.0,2025,Export
USA,USA,COM,Comoros,agriculture,12,"Oil seeds and oleaginous fruits; miscellaneous grains, seeds and fruit, industrial or medicinal plants; straw and fodder",17228.0,2025,Export
USA,USA,CPV,Cabo Verde,agriculture,10,Cereals,3896734.0,2025,Export
USA,USA,CRI,Costa Rica,agriculture,10,Cereals,230232762.0,2025,Export
USA,USA,CRI,Costa Rica,agriculture,11,"Products of the milling industry; malt, starches, inulin, wheat gluten",2227036.0,2025,Export
USA,USA,CRI,Costa Rica,agriculture,12,"Oil seeds and oleaginous fruits; miscellaneous grains, seeds and fruit, industrial or medicinal plants; straw and fodder",118243433.0,2025,Export
USA,USA,CUB,Cuba,agriculture,10,Cereals,16299741.0,2025,Export
USA,USA,CUB,Cuba,agriculture,11,"Products of the milling industry; malt, starches, inulin, wheat gluten",1590174.0,2025,Export
USA,USA,CUB,Cuba,agriculture,12,"Oil seeds and oleaginous fruits; miscellaneous grains, seeds and fruit, industrial or medicinal plants; straw and fodder",131009.0,2025,Export
USA,USA,CUW,Curaçao,agriculture,10,Cereals,1719538.0,2025,Export
USA,USA,CUW,Curaçao,agriculture,11,"Products of the milling industry; malt, starches, inulin, wheat gluten",353063.0,2025,Export
USA,USA,CUW,Curaçao,agriculture,12,"Oil seeds and oleaginous fruits; miscellaneous grains, seeds and fruit, industrial or medicinal plants; straw and fodder",185509.0,2025,Export
USA,USA,CYM,Cayman Isds,agriculture,10,Cereals,2379561.0,2025,Export
USA,USA,CYM,Cayman Isds,agriculture,11,"Products of the milling industry; malt, starches, inulin, wheat gluten",997094.0,2025,Export
USA,USA,CYM,Cayman Isds,agriculture,12,"Oil seeds and oleaginous fruits; miscellaneous grains, seeds and fruit, industrial or medicinal plants; straw and fodder",287246.0,2025,Export
USA,USA,CYP,Cyprus,agriculture,10,Cereals,288559.0,2025,Export
USA,USA,CYP,Cyprus,agriculture,11,"Products of the milling industry; malt, starches, inulin, wheat gluten",3160.0,2025,Export
USA,USA,CYP,Cyprus,agriculture,12,"Oil seeds and oleaginous fruits; miscellaneous grains, seeds and fruit, industrial or medicinal plants; straw and fodder",9600.0,2025,Export
USA,USA,CZE,Czechia,agriculture,10,Cereals,592574.0,2025,Export
USA,USA,CZE,Czechia,agriculture,11,"Products of the milling industry; malt, starches, inulin, wheat gluten",132781.0,2025,Export
USA,USA,CZE,Czechia,agriculture,12,"Oil seeds and oleaginous fruits; miscellaneous grains, seeds and fruit, industrial or medicinal plants; straw and fodder",1481987.0,2025,Export
USA,USA,DEU,Germany,agriculture,10,Cereals,5851404.0,2025,Export
USA,USA,DEU,Germany,agriculture,11,"Products of the milling industry; malt, starches, inulin, wheat gluten",6282610.0,2025,Export
USA,USA,DEU,Germany,agriculture,12,"Oil seeds and oleaginous fruits; miscellaneous grains, seeds and fruit, industrial or medicinal plants; straw and fodder",1034730788.0,2025,Export
USA,USA,DJI,Djibouti,agriculture,10,Cereals,313117.0,2025,Export
USA,USA,DJI,Djibouti,agriculture,11,"Products of the milling industry; malt, starches, inulin, wheat gluten",2676.0,2025,Export
USA,USA,DJI,Djibouti,agriculture,12,"Oil seeds and oleaginous fruits; miscellaneous grains, seeds and fruit, industrial or medicinal plants; straw and fodder",5757.0,2025,Export
USA,USA,DMA,Dominica,agriculture,10,Cereals,49771.0,2025,Export
USA,USA,DMA,Dominica,agriculture,11,"Products of the milling industry; malt, starches, inulin, wheat gluten",68374.0,2025,Export
USA,USA,DMA,Dominica,agriculture,12,"Oil seeds and oleaginous fruits; miscellaneous grains, seeds and fruit, industrial or medicinal plants; straw and fodder",76591.0,2025,Export
USA,USA,DNK,Denmark,agriculture,10,Cereals,1400173.0,2025,Export
USA,USA,DNK,Denmark,agriculture,11,"Products of the milling industry; malt, starches, inulin, wheat gluten",6873.0,2025,Export
USA,USA,DNK,Denmark,agriculture,12,"Oil seeds and oleaginous fruits; miscellaneous grains, seeds and fruit, industrial or medicinal plants; straw and fodder",6863084.0,2025,Export
USA,USA,DOM,Dominican Rep.,agriculture,10,Cereals,342292014.0,2025,Export
USA,USA,DOM,Dominican Rep.,agriculture,11,"Products of the milling industry; malt, starches, inulin, wheat gluten",3998783.0,2025,Export
USA,USA,DOM,Dominican Rep.,agriculture,12,"Oil seeds and oleaginous fruits; miscellaneous grains, seeds and fruit, industrial or medicinal plants; straw and fodder",28160369.0,2025,Export
USA,USA,DZA,Algeria,agriculture,10,Cereals,73896114.0,2025,Export
USA,USA,DZA,Algeria,agriculture,12,"Oil seeds and oleaginous fruits; miscellaneous grains, seeds and fruit, industrial or medicinal plants; straw and fodder",241132524.0,2025,Export
USA,USA,ECU,Ecuador,agriculture,10,Cereals,126882400.0,2025,Export
USA,USA,ECU,Ecuador,agriculture,11,"Products of the milling industry; malt, starches, inulin, wheat gluten",476595.0,2025,Export
USA,USA,ECU,Ecuador,agriculture,12,"Oil seeds and oleaginous fruits; miscellaneous grains, seeds and fruit, industrial or medicinal plants; straw and fodder",17145934.0,2025,Export
USA,USA,EGY,Egypt,agriculture,10,Cereals,159700772.0,2025,Export
USA,USA,EGY,Egypt,agriculture,11,"Products of the milling industry; malt, starches, inulin, wheat gluten",16198.0,2025,Export
USA,USA,EGY,Egypt,agriculture,12,"Oil seeds and oleaginous fruits; miscellaneous grains, seeds and fruit, industrial or medicinal plants; straw and fodder",1704869900.0,2025,Export
USA,USA,ESP,Spain,agriculture,10,Cereals,903437115.0,2025,Export
USA,USA,ESP,Spain,agriculture,11,"Products of the milling industry; malt, starches, inulin, wheat gluten",478999.0,2025,Export
USA,USA,ESP,Spain,agriculture,12,"Oil seeds and oleaginous fruits; miscellaneous grains, seeds and fruit, industrial or medicinal plants; straw and fodder",292434050.0,2025,Export
USA,USA,EST,Estonia,agriculture,10,Cereals,37285.0,2025,Export
USA,USA,EST,Estonia,agriculture,12,"Oil seeds and oleaginous fruits; miscellaneous grains, seeds and fruit, industrial or medicinal plants; straw and fodder",833794.0,2025,Export
USA,USA,ETH,Ethiopia,agriculture,10,Cereals,21066191.0,2025,Export
USA,USA,ETH,Ethiopia,agriculture,12,"Oil seeds and oleaginous fruits; miscellaneous grains, seeds and fruit, industrial or medicinal plants; straw and fodder",45250.0,2025,Export
USA,USA,FIN,Finland,agriculture,10,Cereals,797556.0,2025,Export
USA,USA,FIN,Finland,agriculture,12,"Oil seeds and oleaginous fruits; miscellaneous grains, seeds and fruit, industrial or medicinal plants; straw and fodder",1066214.0,2025,Export
USA,USA,FJI,Fiji,agriculture,11,"Products of the milling industry; malt, starches, inulin, wheat gluten",19495.0,2025,Export
USA,USA,FJI,Fiji,agriculture,12,"Oil seeds and oleaginous fruits; miscellaneous grains, seeds and fruit, industrial or medicinal plants; straw and fodder",1235901.0,2025,Export
USA,USA,FRA,France,agriculture,10,Cereals,3610796.0,2025,Export
USA,USA,FRA,France,agriculture,11,"Products of the milling industry; malt, starches, inulin, wheat gluten",628440.0,2025,Export
USA,USA,FRA,France,agriculture,12,"Oil seeds and oleaginous fruits; miscellaneous grains, seeds and fruit, industrial or medicinal plants; straw and fodder",131293242.0,2025,Export
USA,USA,FSM,FS Micronesia,agriculture,10,Cereals,310676.0,2025,Export
USA,USA,FSM,FS Micronesia,agriculture,11,"Products of the milling industry; malt, starches, inulin, wheat gluten",155241.0,2025,Export
USA,USA,FSM,FS Micronesia,agriculture,12,"Oil seeds and oleaginous fruits; miscellaneous grains, seeds and fruit, industrial or medicinal plants; straw and fodder",25746.0,2025,Export
USA,USA,GBR,United Kingdom,agriculture,10,Cereals,98445044.0,2025,Export
USA,USA,GBR,United Kingdom,agriculture,11,"Products of the milling industry; malt, starches, inulin, wheat gluten",13003559.0,2025,Export
USA,USA,GBR,United Kingdom,agriculture,12,"Oil seeds and oleaginous fruits; miscellaneous grains, seeds and fruit, industrial or medicinal plants; straw and fodder",153293249.0,2025,Export
USA,USA,GEO,Georgia,agriculture,10,Cereals,334653.0,2025,Export
USA,USA,GEO,Georgia,agriculture,12,"Oil seeds and oleaginous fruits; miscellaneous grains, seeds and fruit, industrial or medicinal plants; straw and fodder",296325.0,2025,Export
USA,USA,GHA,Ghana,agriculture,10,Cereals,506813.0,2025,Export
USA,USA,GHA,Ghana,agriculture,11,"Products of the milling industry; malt, starches, inulin, wheat gluten",111327.0,2025,Export
USA,USA,GHA,Ghana,agriculture,12,"Oil seeds and oleaginous fruits; miscellaneous grains, seeds and fruit, industrial or medicinal plants; straw and fodder",2621443.0,2025,Export
USA,USA,GIN,Guinea,agriculture,10,Cereals,12667305.0,2025,Export
USA,USA,GMB,Gambia,agriculture,10,Cereals,825828.0,2025,Export
USA,USA,GMB,Gambia,agriculture,11,"Products of the milling industry; malt, starches, inulin, wheat gluten",3500.0,2025,Export
USA,USA,GMB,Gambia,agriculture,12,"Oil seeds and oleaginous fruits; miscellaneous grains, seeds and fruit, industrial or medicinal plants; straw and fodder",20684.0,2025,Export
USA,USA,GNB,Guinea-Bissau,agriculture,10,Cereals,1143387.0,2025,Export
USA,USA,GNQ,Equatorial Guinea,agriculture,12,"Oil seeds and oleaginous fruits; miscellaneous grains, seeds and fruit, industrial or medicinal plants; straw and fodder",16720.0,2025,Export
USA,USA,GRC,Greece,agriculture,10,Cereals,729832.0,2025,Export
USA,USA,GRC,Greece,agriculture,11,"Products of the milling industry; malt, starches, inulin, wheat gluten",118524.0,2025,Export
USA,USA,GRC,Greece,agriculture,12,"Oil seeds and oleaginous fruits; miscellaneous grains, seeds and fruit, industrial or medicinal plants; straw and fodder",31727083.0,2025,Export
USA,USA,GRD,Grenada,agriculture,10,Cereals,9413824.0,2025,Export
USA,USA,GRD,Grenada,agriculture,11,"Products of the milling industry; malt, starches, inulin, wheat gluten",97890.0,2025,Export
USA,USA,GRD,Grenada,agriculture,12,"Oil seeds and oleaginous fruits; miscellaneous grains, seeds and fruit, industrial or medicinal plants; straw and fodder",2856460.0,2025,Export
USA,USA,GRL,Greenland,agriculture,10,Cereals,58542.0,2025,Export
USA,USA,GTM,Guatemala,agriculture,10,Cereals,513298529.0,2025,Export
USA,USA,GTM,Guatemala,agriculture,11,"Products of the milling industry; malt, starches, inulin, wheat gluten",1513579.0,2025,Export
USA,USA,GTM,Guatemala,agriculture,12,"Oil seeds and oleaginous fruits; miscellaneous grains, seeds and fruit, industrial or medicinal plants; straw and fodder",34119727.0,2025,Export
USA,USA,GUY,Guyana,agriculture,10,Cereals,21924345.0,2025,Export
USA,USA,GUY,Guyana,agriculture,11,"Products of the milling industry; malt, starches, inulin, wheat gluten",419860.0,2025,Export
USA,USA,GUY,Guyana,agriculture,12,"Oil seeds and oleaginous fruits; miscellaneous grains, seeds and fruit, industrial or medicinal plants; straw and fodder",355377.0,2025,Export
USA,USA,HKG,"China, Hong Kong SAR",agriculture,10,Cereals,9446508.0,2025,Export
USA,USA,HKG,"China, Hong Kong SAR",agriculture,11,"Products of the milling industry; malt, starches, inulin, wheat gluten",1487751.0,2025,Export
USA,USA,HKG,"China, Hong Kong SAR",agriculture,12,"Oil seeds and oleaginous fruits; miscellaneous grains, seeds and fruit, industrial or medicinal plants; straw and fodder",19732529.0,2025,Export
USA,USA,HND,Honduras,agriculture,10,Cereals,429049149.0,2025,Export
USA,USA,HND,Honduras,agriculture,11,"Products of the milling industry; malt, starches, inulin, wheat gluten",1884645.0,2025,Export
USA,USA,HND,Honduras,agriculture,12,"Oil seeds and oleaginous fruits; miscellaneous grains, seeds and fruit, industrial or medicinal plants; straw and fodder",23469865.0,2025,Export
USA,USA,HRV,Croatia,agriculture,10,Cereals,122331.0,2025,Export
USA,USA,HRV,Croatia,agriculture,12,"Oil seeds and oleaginous fruits; miscellaneous grains, seeds and fruit, industrial or medicinal plants; straw and fodder",260431.0,2025,Export
USA,USA,HTI,Haiti,agriculture,10,Cereals,329327486.0,2025,Export
USA,USA,HTI,Haiti,agriculture,11,"Products of the milling industry; malt, starches, inulin, wheat gluten",7710226.0,2025,Export
USA,USA,HTI,Haiti,agriculture,12,"Oil seeds and oleaginous fruits; miscellaneous grains, seeds and fruit, industrial or medicinal plants; straw and fodder",2488314.0,2025,Export
USA,USA,HUN,Hungary,agriculture,10,Cereals,1253116.0,2025,Export
USA,USA,HUN,Hungary,agriculture,12,"Oil seeds and oleaginous fruits; miscellaneous grains, seeds and fruit, industrial or medicinal plants; straw and fodder",1102706.0,2025,Export
USA,USA,IDN,Indonesia,agriculture,10,Cereals,362707410.0,2025,Export
USA,USA,IDN,Indonesia,agriculture,11,"Products of the milling industry; malt, starches, inulin, wheat gluten",5672359.0,2025,Export
USA,USA,IDN,Indonesia,agriculture,12,"Oil seeds and oleaginous fruits; miscellaneous grains, seeds and fruit, industrial or medicinal plants; straw and fodder",1064954461.0,2025,Export
USA,USA,IND,India,agriculture,10,Cereals,2572001.0,2025,Export
USA,USA,IND,India,agriculture,11,"Products of the milling industry; malt, starches, inulin, wheat gluten",4511999.0,2025,Export
USA,USA,IND,India,agriculture,12,"Oil seeds and oleaginous fruits; miscellaneous grains, seeds and fruit, industrial or medicinal plants; straw and fodder",19983674.0,2025,Export
USA,USA,IOT,Br. Indian Ocean Terr.,agriculture,10,Cereals,49548.0,2025,Export
USA,USA,IOT,Br. Indian Ocean Terr.,agriculture,12,"Oil seeds and oleaginous fruits; miscellaneous grains, seeds and fruit, industrial or medicinal plants; straw and fodder",100728.0,2025,Export
USA,USA,IRL,Ireland,agriculture,10,Cereals,135454457.0,2025,Export
USA,USA,IRL,Ireland,agriculture,11,"Products of the milling industry; malt, starches, inulin, wheat gluten",4886.0,2025,Export
USA,USA,IRL,Ireland,agriculture,12,"Oil seeds and oleaginous fruits; miscellaneous grains, seeds and fruit, industrial or medicinal plants; straw and fodder",1578257.0,2025,Export
USA,USA,IRQ,Iraq,agriculture,10,Cereals,145431161.0,2025,Export
USA,USA,IRQ,Iraq,agriculture,11,"Products of the milling industry; malt, starches, inulin, wheat gluten",155991.0,2025,Export
USA,USA,IRQ,Iraq,agriculture,12,"Oil seeds and oleaginous fruits; miscellaneous grains, seeds and fruit, industrial or medicinal plants; straw and fodder",129480342.0,2025,Export
USA,USA,ISL,Iceland,agriculture,10,Cereals,902183.0,2025,Export
USA,USA,ISL,Iceland,agriculture,11,"Products of the milling industry; malt, starches, inulin, wheat gluten",122605.0,2025,Export
USA,USA,ISL,Iceland,agriculture,12,"Oil seeds and oleaginous fruits; miscellaneous grains, seeds and fruit, industrial or medicinal plants; straw and fodder",28949.0,2025,Export
USA,USA,ISR,Israel,agriculture,10,Cereals,222759463.0,2025,Export
USA,USA,ISR,Israel,agriculture,11,"Products of the milling industry; malt, starches, inulin, wheat gluten",6007831.0,2025,Export
USA,USA,ISR,Israel,agriculture,12,"Oil seeds and oleaginous fruits; miscellaneous grains, seeds and fruit, industrial or medicinal plants; straw and fodder",16849691.0,2025,Export
USA,USA,ITA,Italy,agriculture,10,Cereals,233099930.0,2025,Export
USA,USA,ITA,Italy,agriculture,11,"Products of the milling industry; malt, starches, inulin, wheat gluten",604791.0,2025,Export
USA,USA,ITA,Italy,agriculture,12,"Oil seeds and oleaginous fruits; miscellaneous grains, seeds and fruit, industrial or medicinal plants; straw and fodder",660058095.0,2025,Export
USA,USA,JAM,Jamaica,agriculture,10,Cereals,113799511.0,2025,Export
USA,USA,JAM,Jamaica,agriculture,11,"Products of the milling industry; malt, starches, inulin, wheat gluten",1160949.0,2025,Export
USA,USA,JAM,Jamaica,agriculture,12,"Oil seeds and oleaginous fruits; miscellaneous grains, seeds and fruit, industrial or medicinal plants; straw and fodder",4597821.0,2025,Export
USA,USA,JOR,Jordan,agriculture,10,Cereals,33212081.0,2025,Export
USA,USA,JOR,Jordan,agriculture,11,"Products of the milling industry; malt, starches, inulin, wheat gluten",255561.0,2025,Export
USA,USA,JOR,Jordan,agriculture,12,"Oil seeds and oleaginous fruits; miscellaneous grains, seeds and fruit, industrial or medicinal plants; straw and fodder",5118061.0,2025,Export
USA,USA,JPN,Japan,agriculture,10,Cereals,4366254827.0,2025,Export
USA,USA,JPN,Japan,agriculture,11,"Products of the milling industry; malt, starches, inulin, wheat gluten",39284186.0,2025,Export
USA,USA,JPN,Japan,agriculture,12,"Oil seeds and oleaginous fruits; miscellaneous grains, seeds and fruit, industrial or medicinal plants; straw and fodder",1624241733.0,2025,Export
USA,USA,KAZ,Kazakhstan,agriculture,10,Cereals,482234.0,2025,Export
USA,USA,KAZ,Kazakhstan,agriculture,12,"Oil seeds and oleaginous fruits; miscellaneous grains, seeds and fruit, industrial or medicinal plants; straw and fodder",810321.0,2025,Export
USA,USA,KEN,Kenya,agriculture,10,Cereals,20244443.0,2025,Export
USA,USA,KEN,Kenya,agriculture,11,"Products of the milling industry; malt, starches, inulin, wheat gluten",1059170.0,2025,Export
USA,USA,KEN,Kenya,agriculture,12,"Oil seeds and oleaginous fruits; miscellaneous grains, seeds and fruit, industrial or medicinal plants; straw and fodder",2213405.0,2025,Export
USA,USA,KGZ,Kyrgyzstan,agriculture,10,Cereals,20622.0,2025,Export
USA,USA,KGZ,Kyrgyzstan,agriculture,11,"Products of the milling industry; malt, starches, inulin, wheat gluten",288223.0,2025,Export
USA,USA,KGZ,Kyrgyzstan,agriculture,12,"Oil seeds and oleaginous fruits; miscellaneous grains, seeds and fruit, industrial or medicinal plants; straw and fodder",447031.0,2025,Export
USA,USA,KHM,Cambodia,agriculture,10,Cereals,169636.0,2025,Export
USA,USA,KHM,Cambodia,agriculture,11,"Products of the milling industry; malt, starches, inulin, wheat gluten",157852.0,2025,Export
USA,USA,KHM,Cambodia,agriculture,12,"Oil seeds and oleaginous fruits; miscellaneous grains, seeds and fruit, industrial or medicinal plants; straw and fodder",5410680.0,2025,Export
USA,USA,KNA,Saint Kitts and Nevis,agriculture,10,Cereals,921420.0,2025,Export
USA,USA,KNA,Saint Kitts and Nevis,agriculture,11,"Products of the milling industry; malt, starches, inulin, wheat gluten",176321.0,2025,Export
USA,USA,KNA,Saint Kitts and Nevis,agriculture,12,"Oil seeds and oleaginous fruits; miscellaneous grains, seeds and fruit, industrial or medicinal plants; straw and fodder",44568.0,2025,Export
USA,USA,KOR,Rep. of Korea,agriculture,10,Cereals,2558084069.0,2025,Export
USA,USA,KOR,Rep. of Korea,agriculture,11,"Products of the milling industry; malt, starches, inulin, wheat gluten",15161904.0,2025,Export
USA,USA,KOR,Rep. of Korea,agriculture,12,"Oil seeds and oleaginous fruits; miscellaneous grains, seeds and fruit, industrial or medicinal plants; straw and fodder",604542740.0,2025,Export
USA,USA,KWT,Kuwait,agriculture,10,Cereals,3039895.0,2025,Export
USA,USA,KWT,Kuwait,agriculture,11,"Products of the milling industry; malt, starches, inulin, wheat gluten",1904185.0,2025,Export
USA,USA,KWT,Kuwait,agriculture,12,"Oil seeds and oleaginous fruits; miscellaneous grains, seeds and fruit, industrial or medicinal plants; straw and fodder",7594114.0,2025,Export
USA,USA,LAO,Lao People's Dem. Rep.,agriculture,10,Cereals,997051.0,2025,Export
USA,USA,LAO,Lao People's Dem. Rep.,agriculture,12,"Oil seeds and oleaginous fruits; miscellaneous grains, seeds and fruit, industrial or medicinal plants; straw and fodder",601474.0,2025,Export
USA,USA,LBN,Lebanon,agriculture,10,Cereals,1325995.0,2025,Export
USA,USA,LBN,Lebanon,agriculture,11,"Products of the milling industry; malt, starches, inulin, wheat gluten",370204.0,2025,Export
USA,USA,LBN,Lebanon,agriculture,12,"Oil seeds and oleaginous fruits; miscellaneous grains, seeds and fruit, industrial or medicinal plants; straw and fodder",25195934.0,2025,Export
USA,USA,LBR,Liberia,agriculture,10,Cereals,1199761.0,2025,Export
USA,USA,LBR,Liberia,agriculture,11,"Products of the milling industry; malt, starches, inulin, wheat gluten",3800.0,2025,Export
USA,USA,LBR,Liberia,agriculture,12,"Oil seeds and oleaginous fruits; miscellaneous grains, seeds and fruit, industrial or medicinal plants; straw and fodder",237300.0,2025,Export
USA,USA,LBY,Libya,agriculture,10,Cereals,16321852.0,2025,Export
USA,USA,LBY,Libya,agriculture,12,"Oil seeds and oleaginous fruits; miscellaneous grains, seeds and fruit, industrial or medicinal plants; straw and fodder",7260107.0,2025,Export
USA,USA,LCA,Saint Lucia,agriculture,10,Cereals,1487662.0,2025,Export
USA,USA,LCA,Saint Lucia,agriculture,11,"Products of the milling industry; malt, starches, inulin, wheat gluten",320655.0,2025,Export
USA,USA,LCA,Saint Lucia,agriculture,12,"Oil seeds and oleaginous fruits; miscellaneous grains, seeds and fruit, industrial or medicinal plants; straw and fodder",123045.0,2025,Export
USA,USA,LKA,Sri Lanka,agriculture,10,Cereals,23342672.0,2025,Export
USA,USA,LKA,Sri Lanka,agriculture,11,"Products of the milling industry; malt, starches, inulin, wheat gluten",5924.0,2025,Export
USA,USA,LKA,Sri Lanka,agriculture,12,"Oil seeds and oleaginous fruits; miscellaneous grains, seeds and fruit, industrial or medicinal plants; straw and fodder",2162251.0,2025,Export
USA,USA,LSO,Lesotho,agriculture,11,"Products of the milling industry; malt, starches, inulin, wheat gluten",461745.0,2025,Export
USA,USA,LTU,Lithuania,agriculture,10,Cereals,743191.0,2025,Export
USA,USA,LTU,Lithuania,agriculture,12,"Oil seeds and oleaginous fruits; miscellaneous grains, seeds and fruit, industrial or medicinal plants; straw and fodder",3114517.0,2025,Export
USA,USA,LUX,Luxembourg,agriculture,12,"Oil seeds and oleaginous fruits; miscellaneous grains, seeds and fruit, industrial or medicinal plants; straw and fodder",69146.0,2025,Export
USA,USA,LVA,Latvia,agriculture,10,Cereals,126418.0,2025,Export
USA,USA,LVA,Latvia,agriculture,12,"Oil seeds and oleaginous fruits; miscellaneous grains, seeds and fruit, industrial or medicinal plants; straw and fodder",201258.0,2025,Export
USA,USA,MAC,"China, Macao SAR",agriculture,12,"Oil seeds and oleaginous fruits; miscellaneous grains, seeds and fruit, industrial or medicinal plants; straw and fodder",30500.0,2025,Export
USA,USA,MAR,Morocco,agriculture,10,Cereals,208744502.0,2025,Export
USA,USA,MAR,Morocco,agriculture,11,"Products of the milling industry; malt, starches, inulin, wheat gluten",160776.0,2025,Export
USA,USA,MAR,Morocco,agriculture,12,"Oil seeds and oleaginous fruits; miscellaneous grains, seeds and fruit, industrial or medicinal plants; straw and fodder",23456431.0,2025,Export
USA,USA,MDA,Rep. of Moldova,agriculture,10,Cereals,62641.0,2025,Export
USA,USA,MDA,Rep. of Moldova,agriculture,12,"Oil seeds and oleaginous fruits; miscellaneous grains, seeds and fruit, industrial or medicinal plants; straw and fodder",113197.0,2025,Export
USA,USA,MDG,Madagascar,agriculture,10,Cereals,3393777.0,2025,Export
USA,USA,MDG,Madagascar,agriculture,12,"Oil seeds and oleaginous fruits; miscellaneous grains, seeds and fruit, industrial or medicinal plants; straw and fodder",20000.0,2025,Export
USA,USA,MDV,Maldives,agriculture,10,Cereals,15878.0,2025,Export
USA,USA,MEX,Mexico,agriculture,10,Cereals,7574432652.0,2025,Export
USA,USA,MEX,Mexico,agriculture,11,"Products of the milling industry; malt, starches, inulin, wheat gluten",506831803.0,2025,Export
USA,USA,MEX,Mexico,agriculture,12,"Oil seeds and oleaginous fruits; miscellaneous grains, seeds and fruit, industrial or medicinal plants; straw and fodder",3022008092.0,2025,Export
USA,USA,MHL,Marshall Isds,agriculture,11,"Products of the milling industry; malt, starches, inulin, wheat gluten",53768.0,2025,Export
USA,USA,MHL,Marshall Isds,agriculture,12,"Oil seeds and oleaginous fruits; miscellaneous grains, seeds and fruit, industrial or medicinal plants; straw and fodder",10000.0,2025,Export
USA,USA,MKD,North Macedonia,agriculture,12,"Oil seeds and oleaginous fruits; miscellaneous grains, seeds and fruit, industrial or medicinal plants; straw and fodder",17655.0,2025,Export
USA,USA,MLI,Mali,agriculture,10,Cereals,456731.0,2025,Export
USA,USA,MLI,Mali,agriculture,12,"Oil seeds and oleaginous fruits; miscellaneous grains, seeds and fruit, industrial or medicinal plants; straw and fodder",237185.0,2025,Export
USA,USA,MLT,Malta,agriculture,10,Cereals,147660.0,2025,Export
USA,USA,MMR,Myanmar,agriculture,10,Cereals,19403583.0,2025,Export
USA,USA,MMR,Myanmar,agriculture,12,"Oil seeds and oleaginous fruits; miscellaneous grains, seeds and fruit, industrial or medicinal plants; straw and fodder",4087696.0,2025,Export
USA,USA,MNG,Mongolia,agriculture,10,Cereals,182254.0,2025,Export
USA,USA,MNG,Mongolia,agriculture,11,"Products of the milling industry; malt, starches, inulin, wheat gluten",5665.0,2025,Export
USA,USA,MNG,Mongolia,agriculture,12,"Oil seeds and oleaginous fruits; miscellaneous grains, seeds and fruit, industrial or medicinal plants; straw and fodder",9301.0,2025,Export
USA,USA,MOZ,Mozambique,agriculture,10,Cereals,10418917.0,2025,Export
USA,USA,MRT,Mauritania,agriculture,10,Cereals,27645983.0,2025,Export
USA,USA,MRT,Mauritania,agriculture,12,"Oil seeds and oleaginous fruits; miscellaneous grains, seeds and fruit, industrial or medicinal plants; straw and fodder",133480.0,2025,Export
USA,USA,MSR,Montserrat,agriculture,10,Cereals,83904.0,2025,Export
USA,USA,MSR,Montserrat,agriculture,11,"Products of the milling industry; malt, starches, inulin, wheat gluten",50222.0,2025,Export
USA,USA,MUS,Mauritius,agriculture,10,Cereals,124354.0,2025,Export
USA,USA,MUS,Mauritius,agriculture,11,"Products of the milling industry; malt, starches, inulin, wheat gluten",43586.0,2025,Export
USA,USA,MUS,Mauritius,agriculture,12,"Oil seeds and oleaginous fruits; miscellaneous grains, seeds and fruit, industrial or medicinal plants; straw and fodder",38466.0,2025,Export
USA,USA,MWI,Malawi,agriculture,10,Cereals,8500.0,2025,Export
USA,USA,MWI,Malawi,agriculture,12,"Oil seeds and oleaginous fruits; miscellaneous grains, seeds and fruit, industrial or medicinal plants; straw and fodder",15170.0,2025,Export
USA,USA,MYS,Malaysia,agriculture,10,Cereals,62400869.0,2025,Export
USA,USA,MYS,Malaysia,agriculture,11,"Products of the milling industry; malt, starches, inulin, wheat gluten",3443001.0,2025,Export
USA,USA,MYS,Malaysia,agriculture,12,"Oil seeds and oleaginous fruits; miscellaneous grains, seeds and fruit, industrial or medicinal plants; straw and fodder",290976301.0,2025,Export
USA,USA,NAM,Namibia,agriculture,10,Cereals,75677.0,2025,Export
USA,USA,NAM,Namibia,agriculture,11,"Products of the milling industry; malt, starches, inulin, wheat gluten",4542.0,2025,Export
USA,USA,NAM,Namibia,agriculture,12,"Oil seeds and oleaginous fruits; miscellaneous grains, seeds and fruit, industrial or medicinal plants; straw and fodder",13950.0,2025,Export
USA,USA,NGA,Nigeria,agriculture,10,Cereals,494522390.0,2025,Export
USA,USA,NGA,Nigeria,agriculture,11,"Products of the milling industry; malt, starches, inulin, wheat gluten",355313.0,2025,Export
USA,USA,NGA,Nigeria,agriculture,12,"Oil seeds and oleaginous fruits; miscellaneous grains, seeds and fruit, industrial or medicinal plants; straw and fodder",537544.0,2025,Export
USA,USA,NIC,Nicaragua,agriculture,10,Cereals,204248628.0,2025,Export
USA,USA,NIC,Nicaragua,agriculture,11,"Products of the milling industry; malt, starches, inulin, wheat gluten",131784.0,2025,Export
USA,USA,NIC,Nicaragua,agriculture,12,"Oil seeds and oleaginous fruits; miscellaneous grains, seeds and fruit, industrial or medicinal plants; straw and fodder",3367929.0,2025,Export
USA,USA,NLD,Netherlands,agriculture,10,Cereals,57736521.0,2025,Export
USA,USA,NLD,Netherlands,agriculture,11,"Products of the milling industry; malt, starches, inulin, wheat gluten",2054854.0,2025,Export
USA,USA,NLD,Netherlands,agriculture,12,"Oil seeds and oleaginous fruits; miscellaneous grains, seeds and fruit, industrial or medicinal plants; straw and fodder",360574664.0,2025,Export
USA,USA,NOR,Norway,agriculture,10,Cereals,1621429.0,2025,Export
USA,USA,NOR,Norway,agriculture,12,"Oil seeds and oleaginous fruits; miscellaneous grains, seeds and fruit, industrial or medicinal plants; straw and fodder",15784391.0,2025,Export
USA,USA,NPL,Nepal,agriculture,10,Cereals,150523.0,2025,Export
USA,USA,NPL,Nepal,agriculture,12,"Oil seeds and oleaginous fruits; miscellaneous grains, seeds and fruit, industrial or medicinal plants; straw and fodder",50071643.0,2025,Export
USA,USA,NZL,New Zealand,agriculture,10,Cereals,12311626.0,2025,Export
USA,USA,NZL,New Zealand,agriculture,11,"Products of the milling industry; malt, starches, inulin, wheat gluten",1069557.0,2025,Export
USA,USA,NZL,New Zealand,agriculture,12,"Oil seeds and oleaginous fruits; miscellaneous grains, seeds and fruit, industrial or medicinal plants; straw and fodder",37652919.0,2025,Export
USA,USA,OMN,Oman,agriculture,10,Cereals,360746.0,2025,Export
USA,USA,OMN,Oman,agriculture,11,"Products of the milling industry; malt, starches, inulin, wheat gluten",739942.0,2025,Export
USA,USA,OMN,Oman,agriculture,12,"Oil seeds and oleaginous fruits; miscellaneous grains, seeds and fruit, industrial or medicinal plants; straw and fodder",2340353.0,2025,Export
USA,USA,PAK,Pakistan,agriculture,10,Cereals,44043832.0,2025,Export
USA,USA,PAK,Pakistan,agriculture,11,"Products of the milling industry; malt, starches, inulin, wheat gluten",160325.0,2025,Export
USA,USA,PAK,Pakistan,agriculture,12,"Oil seeds and oleaginous fruits; miscellaneous grains, seeds and fruit, industrial or medicinal plants; straw and fodder",727512177.0,2025,Export
USA,USA,PAN,Panama,agriculture,10,Cereals,187826972.0,2025,Export
USA,USA,PAN,Panama,agriculture,11,"Products of the milling industry; malt, starches, inulin, wheat gluten",3451400.0,2025,Export
USA,USA,PAN,Panama,agriculture,12,"Oil seeds and oleaginous fruits; miscellaneous grains, seeds and fruit, industrial or medicinal plants; straw and fodder",38088491.0,2025,Export
USA,USA,PER,Peru,agriculture,10,Cereals,81869539.0,2025,Export
USA,USA,PER,Peru,agriculture,11,"Products of the milling industry; malt, starches, inulin, wheat gluten",188118.0,2025,Export
USA,USA,PER,Peru,agriculture,12,"Oil seeds and oleaginous fruits; miscellaneous grains, seeds and fruit, industrial or medicinal plants; straw and fodder",45824981.0,2025,Export
USA,USA,PHL,Philippines,agriculture,10,Cereals,658254716.0,2025,Export
USA,USA,PHL,Philippines,agriculture,11,"Products of the milling industry; malt, starches, inulin, wheat gluten",4686673.0,2025,Export
USA,USA,PHL,Philippines,agriculture,12,"Oil seeds and oleaginous fruits; miscellaneous grains, seeds and fruit, industrial or medicinal plants; straw and fodder",646225316.0,2025,Export
USA,USA,PLW,Palau,agriculture,10,Cereals,174817.0,2025,Export
USA,USA,PLW,Palau,agriculture,11,"Products of the milling industry; malt, starches, inulin, wheat gluten",183759.0,2025,Export
USA,USA,PLW,Palau,agriculture,12,"Oil seeds and oleaginous fruits; miscellaneous grains, seeds and fruit, industrial or medicinal plants; straw and fodder",2847.0,2025,Export
USA,USA,POL,Poland,agriculture,10,Cereals,2175067.0,2025,Export
USA,USA,POL,Poland,agriculture,11,"Products of the milling industry; malt, starches, inulin, wheat gluten",523699.0,2025,Export
USA,USA,POL,Poland,agriculture,12,"Oil seeds and oleaginous fruits; miscellaneous grains, seeds and fruit, industrial or medicinal plants; straw and fodder",5517677.0,2025,Export
USA,USA,PRT,Portugal,agriculture,10,Cereals,194506225.0,2025,Export
USA,USA,PRT,Portugal,agriculture,11,"Products of the milling industry; malt, starches, inulin, wheat gluten",7098.0,2025,Export
USA,USA,PRT,Portugal,agriculture,12,"Oil seeds and oleaginous fruits; miscellaneous grains, seeds and fruit, industrial or medicinal plants; straw and fodder",53288695.0,2025,Export
USA,USA,PRY,Paraguay,agriculture,10,Cereals,47235.0,2025,Export
USA,USA,PRY,Paraguay,agriculture,11,"Products of the milling industry; malt, starches, inulin, wheat gluten",31296.0,2025,Export
USA,USA,PRY,Paraguay,agriculture,12,"Oil seeds and oleaginous fruits; miscellaneous grains, seeds and fruit, industrial or medicinal plants; straw and fodder",1136485.0,2025,Export
USA,USA,PYF,French Polynesia,agriculture,10,Cereals,206144.0,2025,Export
USA,USA,PYF,French Polynesia,agriculture,11,"Products of the milling industry; malt, starches, inulin, wheat gluten",641844.0,2025,Export
USA,USA,PYF,French Polynesia,agriculture,12,"Oil seeds and oleaginous fruits; miscellaneous grains, seeds and fruit, industrial or medicinal plants; straw and fodder",715198.0,2025,Export
USA,USA,QAT,Qatar,agriculture,10,Cereals,460768.0,2025,Export
USA,USA,QAT,Qatar,agriculture,11,"Products of the milling industry; malt, starches, inulin, wheat gluten",323470.0,2025,Export
USA,USA,QAT,Qatar,agriculture,12,"Oil seeds and oleaginous fruits; miscellaneous grains, seeds and fruit, industrial or medicinal plants; straw and fodder",9032947.0,2025,Export
USA,USA,ROU,Romania,agriculture,10,Cereals,230580.0,2025,Export
USA,USA,ROU,Romania,agriculture,12,"Oil seeds and oleaginous fruits; miscellaneous grains, seeds and fruit, industrial or medicinal plants; straw and fodder",1664537.0,2025,Export
USA,USA,RUS,Russian Federation,agriculture,10,Cereals,656545.0,2025,Export
USA,USA,RUS,Russian Federation,agriculture,12,"Oil seeds and oleaginous fruits; miscellaneous grains, seeds and fruit, industrial or medicinal plants; straw and fodder",1155201.0,2025,Export
USA,USA,RWA,Rwanda,agriculture,10,Cereals,5482205.0,2025,Export
USA,USA,S19,"Other Asia, nes",agriculture,10,Cereals,1118471143.0,2025,Export
USA,USA,S19,"Other Asia, nes",agriculture,11,"Products of the milling industry; malt, starches, inulin, wheat gluten",21490874.0,2025,Export
USA,USA,S19,"Other Asia, nes",agriculture,12,"Oil seeds and oleaginous fruits; miscellaneous grains, seeds and fruit, industrial or medicinal plants; straw and fodder",747756862.0,2025,Export
USA,USA,SAU,Saudi Arabia,agriculture,10,Cereals,268602999.0,2025,Export
USA,USA,SAU,Saudi Arabia,agriculture,11,"Products of the milling industry; malt, starches, inulin, wheat gluten",1159087.0,2025,Export
USA,USA,SAU,Saudi Arabia,agriculture,12,"Oil seeds and oleaginous fruits; miscellaneous grains, seeds and fruit, industrial or medicinal plants; straw and fodder",175908266.0,2025,Export
USA,USA,SDN,Sudan,agriculture,10,Cereals,14634950.0,2025,Export
USA,USA,SEN,Senegal,agriculture,10,Cereals,21220464.0,2025,Export
USA,USA,SEN,Senegal,agriculture,11,"Products of the milling industry; malt, starches, inulin, wheat gluten",120668.0,2025,Export
USA,USA,SEN,Senegal,agriculture,12,"Oil seeds and oleaginous fruits; miscellaneous grains, seeds and fruit, industrial or medicinal plants; straw and fodder",1191294.0,2025,Export
USA,USA,SGP,Singapore,agriculture,10,Cereals,18367123.0,2025,Export
USA,USA,SGP,Singapore,agriculture,11,"Products of the milling industry; malt, starches, inulin, wheat gluten",1625765.0,2025,Export
USA,USA,SGP,Singapore,agriculture,12,"Oil seeds and oleaginous fruits; miscellaneous grains, seeds and fruit, industrial or medicinal plants; straw and fodder",6190958.0,2025,Export
USA,USA,SLE,Sierra Leone,agriculture,10,Cereals,95637.0,2025,Export
USA,USA,SLE,Sierra Leone,agriculture,12,"Oil seeds and oleaginous fruits; miscellaneous grains, seeds and fruit, industrial or medicinal plants; straw and fodder",9725.0,2025,Export
USA,USA,SLV,El Salvador,agriculture,10,Cereals,210140116.0,2025,Export
USA,USA,SLV,El Salvador,agriculture,11,"Products of the milling industry; malt, starches, inulin, wheat gluten",731669.0,2025,Export
USA,USA,SLV,El Salvador,agriculture,12,"Oil seeds and oleaginous fruits; miscellaneous grains, seeds and fruit, industrial or medicinal plants; straw and fodder",8573367.0,2025,Export
USA,USA,SMR,San Marino,agriculture,12,"Oil seeds and oleaginous fruits; miscellaneous grains, seeds and fruit, industrial or medicinal plants; straw and fodder",273820.0,2025,Export
USA,USA,SOM,Somalia,agriculture,10,Cereals,3240924.0,2025,Export
USA,USA,SOM,Somalia,agriculture,12,"Oil seeds and oleaginous fruits; miscellaneous grains, seeds and fruit, industrial or medicinal plants; straw and fodder",39750.0,2025,Export
USA,USA,SRB,Serbia,agriculture,10,Cereals,320390.0,2025,Export
USA,USA,SRB,Serbia,agriculture,12,"Oil seeds and oleaginous fruits; miscellaneous grains, seeds and fruit, industrial or medicinal plants; straw and fodder",139487.0,2025,Export
USA,USA,SSD,South Sudan,agriculture,10,Cereals,8738217.0,2025,Export
USA,USA,SSD,South Sudan,agriculture,11,"Products of the milling industry; malt, starches, inulin, wheat gluten",1914206.0,2025,Export
USA,USA,SSD,South Sudan,agriculture,12,"Oil seeds and oleaginous fruits; miscellaneous grains, seeds and fruit, industrial or medicinal plants; straw and fodder",889712.0,2025,Export
USA,USA,SUR,Suriname,agriculture,10,Cereals,6174172.0,2025,Export
USA,USA,SUR,Suriname,agriculture,11,"Products of the milling industry; malt, starches, inulin, wheat gluten",27976.0,2025,Export
USA,USA,SUR,Suriname,agriculture,12,"Oil seeds and oleaginous fruits; miscellaneous grains, seeds and fruit, industrial or medicinal plants; straw and fodder",70243.0,2025,Export
USA,USA,SVK,Slovakia,agriculture,12,"Oil seeds and oleaginous fruits; miscellaneous grains, seeds and fruit, industrial or medicinal plants; straw and fodder",2736552.0,2025,Export
USA,USA,SVN,Slovenia,agriculture,12,"Oil seeds and oleaginous fruits; miscellaneous grains, seeds and fruit, industrial or medicinal plants; straw and fodder",459664.0,2025,Export
USA,USA,SWE,Sweden,agriculture,10,Cereals,1680964.0,2025,Export
USA,USA,SWE,Sweden,agriculture,11,"Products of the milling industry; malt, starches, inulin, wheat gluten",1154083.0,2025,Export
USA,USA,SWE,Sweden,agriculture,12,"Oil seeds and oleaginous fruits; miscellaneous grains, seeds and fruit, industrial or medicinal plants; straw and fodder",2345105.0,2025,Export
USA,USA,SXM,Sint Maarten,agriculture,10,Cereals,2371928.0,2025,Export
USA,USA,SXM,Sint Maarten,agriculture,11,"Products of the milling industry; malt, starches, inulin, wheat gluten",1113923.0,2025,Export
USA,USA,SXM,Sint Maarten,agriculture,12,"Oil seeds and oleaginous fruits; miscellaneous grains, seeds and fruit, industrial or medicinal plants; straw and fodder",47872.0,2025,Export
USA,USA,SYR,Syria,agriculture,12,"Oil seeds and oleaginous fruits; miscellaneous grains, seeds and fruit, industrial or medicinal plants; straw and fodder",844795.0,2025,Export
USA,USA,TCA,Turks and Caicos Isds,agriculture,10,Cereals,2616936.0,2025,Export
USA,USA,TCA,Turks and Caicos Isds,agriculture,11,"Products of the milling industry; malt, starches, inulin, wheat gluten",688926.0,2025,Export
USA,USA,TCA,Turks and Caicos Isds,agriculture,12,"Oil seeds and oleaginous fruits; miscellaneous grains, seeds and fruit, industrial or medicinal plants; straw and fodder",275634.0,2025,Export
USA,USA,TCD,Chad,agriculture,10,Cereals,4891633.0,2025,Export
USA,USA,TCD,Chad,agriculture,11,"Products of the milling industry; malt, starches, inulin, wheat gluten",265917.0,2025,Export
USA,USA,TGO,Togo,agriculture,10,Cereals,15578487.0,2025,Export
USA,USA,TGO,Togo,agriculture,11,"Products of the milling industry; malt, starches, inulin, wheat gluten",11640.0,2025,Export
USA,USA,THA,Thailand,agriculture,10,Cereals,241959700.0,2025,Export
USA,USA,THA,Thailand,agriculture,11,"Products of the milling industry; malt, starches, inulin, wheat gluten",3066138.0,2025,Export
USA,USA,THA,Thailand,agriculture,12,"Oil seeds and oleaginous fruits; miscellaneous grains, seeds and fruit, industrial or medicinal plants; straw and fodder",243453269.0,2025,Export
USA,USA,TJK,Tajikistan,agriculture,12,"Oil seeds and oleaginous fruits; miscellaneous grains, seeds and fruit, industrial or medicinal plants; straw and fodder",69857.0,2025,Export
USA,USA,TLS,Timor-Leste,agriculture,10,Cereals,208314.0,2025,Export
USA,USA,TTO,Trinidad and Tobago,agriculture,10,Cereals,51720660.0,2025,Export
USA,USA,TTO,Trinidad and Tobago,agriculture,11,"Products of the milling industry; malt, starches, inulin, wheat gluten",10050481.0,2025,Export
USA,USA,TTO,Trinidad and Tobago,agriculture,12,"Oil seeds and oleaginous fruits; miscellaneous grains, seeds and fruit, industrial or medicinal plants; straw and fodder",10648776.0,2025,Export
USA,USA,TUN,Tunisia,agriculture,10,Cereals,61134255.0,2025,Export
USA,USA,TUN,Tunisia,agriculture,12,"Oil seeds and oleaginous fruits; miscellaneous grains, seeds and fruit, industrial or medicinal plants; straw and fodder",120136255.0,2025,Export
USA,USA,TUR,Türkiye,agriculture,10,Cereals,30226948.0,2025,Export
USA,USA,TUR,Türkiye,agriculture,11,"Products of the milling industry; malt, starches, inulin, wheat gluten",156923.0,2025,Export
USA,USA,TUR,Türkiye,agriculture,12,"Oil seeds and oleaginous fruits; miscellaneous grains, seeds and fruit, industrial or medicinal plants; straw and fodder",330446991.0,2025,Export
USA,USA,TZA,United Rep. of Tanzania,agriculture,10,Cereals,14575935.0,2025,Export
USA,USA,TZA,United Rep. of Tanzania,agriculture,12,"Oil seeds and oleaginous fruits; miscellaneous grains, seeds and fruit, industrial or medicinal plants; straw and fodder",217098.0,2025,Export
USA,USA,UGA,Uganda,agriculture,10,Cereals,18028950.0,2025,Export
USA,USA,UGA,Uganda,agriculture,12,"Oil seeds and oleaginous fruits; miscellaneous grains, seeds and fruit, industrial or medicinal plants; straw and fodder",437731.0,2025,Export
USA,USA,UKR,Ukraine,agriculture,10,Cereals,1671379.0,2025,Export
USA,USA,UKR,Ukraine,agriculture,11,"Products of the milling industry; malt, starches, inulin, wheat gluten",11521.0,2025,Export
USA,USA,UKR,Ukraine,agriculture,12,"Oil seeds and oleaginous fruits; miscellaneous grains, seeds and fruit, industrial or medicinal plants; straw and fodder",915908.0,2025,Export
USA,USA,URY,Uruguay,agriculture,10,Cereals,564725.0,2025,Export
USA,USA,URY,Uruguay,agriculture,11,"Products of the milling industry; malt, starches, inulin, wheat gluten",133475.0,2025,Export
USA,USA,URY,Uruguay,agriculture,12,"Oil seeds and oleaginous fruits; miscellaneous grains, seeds and fruit, industrial or medicinal plants; straw and fodder",1945006.0,2025,Export
USA,USA,UZB,Uzbekistan,agriculture,10,Cereals,98340.0,2025,Export
USA,USA,UZB,Uzbekistan,agriculture,11,"Products of the milling industry; malt, starches, inulin, wheat gluten",19401.0,2025,Export
USA,USA,UZB,Uzbekistan,agriculture,12,"Oil seeds and oleaginous fruits; miscellaneous grains, seeds and fruit, industrial or medicinal plants; straw and fodder",658506.0,2025,Export
USA,USA,VCT,Saint Vincent and the Grenadines,agriculture,10,Cereals,7872580.0,2025,Export
USA,USA,VCT,Saint Vincent and the Grenadines,agriculture,11,"Products of the milling industry; malt, starches, inulin, wheat gluten",63970.0,2025,Export
USA,USA,VCT,Saint Vincent and the Grenadines,agriculture,12,"Oil seeds and oleaginous fruits; miscellaneous grains, seeds and fruit, industrial or medicinal plants; straw and fodder",25733.0,2025,Export
USA,USA,VEN,Venezuela,agriculture,10,Cereals,232998058.0,2025,Export
USA,USA,VEN,Venezuela,agriculture,11,"Products of the milling industry; malt, starches, inulin, wheat gluten",134391.0,2025,Export
USA,USA,VEN,Venezuela,agriculture,12,"Oil seeds and oleaginous fruits; miscellaneous grains, seeds and fruit, industrial or medicinal plants; straw and fodder",45169181.0,2025,Export
USA,USA,VGB,Br. Virgin Isds,agriculture,10,Cereals,728237.0,2025,Export
USA,USA,VGB,Br. Virgin Isds,agriculture,11,"Products of the milling industry; malt, starches, inulin, wheat gluten",387658.0,2025,Export
USA,USA,VGB,Br. Virgin Isds,agriculture,12,"Oil seeds and oleaginous fruits; miscellaneous grains, seeds and fruit, industrial or medicinal plants; straw and fodder",84599.0,2025,Export
USA,USA,VNM,Viet Nam,agriculture,10,Cereals,628408530.0,2025,Export
USA,USA,VNM,Viet Nam,agriculture,11,"Products of the milling industry; malt, starches, inulin, wheat gluten",744555.0,2025,Export
USA,USA,VNM,Viet Nam,agriculture,12,"Oil seeds and oleaginous fruits; miscellaneous grains, seeds and fruit, industrial or medicinal plants; straw and fodder",665969394.0,2025,Export
USA,USA,VUT,Vanuatu,agriculture,12,"Oil seeds and oleaginous fruits; miscellaneous grains, seeds and fruit, industrial or medicinal plants; straw and fodder",14513.0,2025,Export
USA,USA,W00,World,agriculture,10,Cereals,27805921989.0,2025,Export
USA,USA,W00,World,agriculture,11,"Products of the milling industry; malt, starches, inulin, wheat gluten",1127308983.0,2025,Export
USA,USA,W00,World,agriculture,12,"Oil seeds and oleaginous fruits; miscellaneous grains, seeds and fruit, industrial or medicinal plants; straw and fodder",21361654520.0,2025,Export
USA,USA,WSM,Samoa,agriculture,11,"Products of the milling industry; malt, starches, inulin, wheat gluten",58119.0,2025,Export
USA,USA,WSM,Samoa,agriculture,12,"Oil seeds and oleaginous fruits; miscellaneous grains, seeds and fruit, industrial or medicinal plants; straw and fodder",18220.0,2025,Export
USA,USA,YEM,Yemen,agriculture,10,Cereals,14840370.0,2025,Export
USA,USA,YEM,Yemen,agriculture,12,"Oil seeds and oleaginous fruits; miscellaneous grains, seeds and fruit, industrial or medicinal plants; straw and fodder",149865.0,2025,Export
USA,USA,ZAF,South Africa,agriculture,10,Cereals,106489967.0,2025,Export
USA,USA,ZAF,South Africa,agriculture,11,"Products of the milling industry; malt, starches, inulin, wheat gluten",681030.0,2025,Export
USA,USA,ZAF,South Africa,agriculture,12,"Oil seeds and oleaginous fruits; miscellaneous grains, seeds and fruit, industrial or medicinal plants; straw and fodder",11776566.0,2025,Export
USA,USA,ZMB,Zambia,agriculture,10,Cereals,176852.0,2025,Export
USA,USA,ZMB,Zambia,agriculture,12,"Oil seeds and oleaginous fruits; miscellaneous grains, seeds and fruit, industrial or medicinal plants; straw and fodder",237331.0,2025,Export
USA,USA,ZWE,Zimbabwe,agriculture,11,"Products of the milling industry; malt, starches, inulin, wheat gluten",500000.0,2025,Export
USA,USA,ZWE,Zimbabwe,agriculture,12,"Oil seeds and oleaginous fruits; miscellaneous grains, seeds and fruit, industrial or medicinal plants; straw and fodder",807955.0,2025,Export
ZAF,South Africa,AGO,Angola,agriculture,10,Cereals,822662.618,2025,Export
ZAF,South Africa,AGO,Angola,agriculture,11,"Products of the milling industry; malt, starches, inulin, wheat gluten",3038182.624,2025,Export
ZAF,South Africa,AGO,Angola,agriculture,12,"Oil seeds and oleaginous fruits; miscellaneous grains, seeds and fruit, industrial or medicinal plants; straw and fodder",1852464.576,2025,Export
ZAF,South Africa,ARE,United Arab Emirates,agriculture,10,Cereals,10129065.897,2025,Export
ZAF,South Africa,ARE,United Arab Emirates,agriculture,11,"Products of the milling industry; malt, starches, inulin, wheat gluten",1149615.519,2025,Export
ZAF,South Africa,ARE,United Arab Emirates,agriculture,12,"Oil seeds and oleaginous fruits; miscellaneous grains, seeds and fruit, industrial or medicinal plants; straw and fodder",18304315.492,2025,Export
ZAF,South Africa,ARG,Argentina,agriculture,10,Cereals,18.898,2025,Export
ZAF,South Africa,ARG,Argentina,agriculture,11,"Products of the milling industry; malt, starches, inulin, wheat gluten",26715.996,2025,Export
ZAF,South Africa,ARG,Argentina,agriculture,12,"Oil seeds and oleaginous fruits; miscellaneous grains, seeds and fruit, industrial or medicinal plants; straw and fodder",694352.171,2025,Export
ZAF,South Africa,ATA,Antarctica,agriculture,10,Cereals,52.057,2025,Export
ZAF,South Africa,ATA,Antarctica,agriculture,11,"Products of the milling industry; malt, starches, inulin, wheat gluten",80.878,2025,Export
ZAF,South Africa,ATA,Antarctica,agriculture,12,"Oil seeds and oleaginous fruits; miscellaneous grains, seeds and fruit, industrial or medicinal plants; straw and fodder",22.014,2025,Export
ZAF,South Africa,AUS,Australia,agriculture,10,Cereals,39451.766,2025,Export
ZAF,South Africa,AUS,Australia,agriculture,11,"Products of the milling industry; malt, starches, inulin, wheat gluten",1996244.629,2025,Export
ZAF,South Africa,AUS,Australia,agriculture,12,"Oil seeds and oleaginous fruits; miscellaneous grains, seeds and fruit, industrial or medicinal plants; straw and fodder",2357665.971,2025,Export
ZAF,South Africa,AUT,Austria,agriculture,10,Cereals,50.104,2025,Export
ZAF,South Africa,AUT,Austria,agriculture,12,"Oil seeds and oleaginous fruits; miscellaneous grains, seeds and fruit, industrial or medicinal plants; straw and fodder",9667.828,2025,Export
ZAF,South Africa,BDI,Burundi,agriculture,10,Cereals,130.424,2025,Export
ZAF,South Africa,BEL,Belgium,agriculture,11,"Products of the milling industry; malt, starches, inulin, wheat gluten",31210.032,2025,Export
ZAF,South Africa,BEL,Belgium,agriculture,12,"Oil seeds and oleaginous fruits; miscellaneous grains, seeds and fruit, industrial or medicinal plants; straw and fodder",6950920.203,2025,Export
ZAF,South Africa,BEN,Benin,agriculture,10,Cereals,1298833.87,2025,Export
ZAF,South Africa,BEN,Benin,agriculture,11,"Products of the milling industry; malt, starches, inulin, wheat gluten",362323.232,2025,Export
ZAF,South Africa,BGD,Bangladesh,agriculture,11,"Products of the milling industry; malt, starches, inulin, wheat gluten",0.055,2025,Export
ZAF,South Africa,BGR,Bulgaria,agriculture,10,Cereals,2003.512,2025,Export
ZAF,South Africa,BGR,Bulgaria,agriculture,11,"Products of the milling industry; malt, starches, inulin, wheat gluten",0.286,2025,Export
ZAF,South Africa,BGR,Bulgaria,agriculture,12,"Oil seeds and oleaginous fruits; miscellaneous grains, seeds and fruit, industrial or medicinal plants; straw and fodder",17678.328,2025,Export
ZAF,South Africa,BHR,Bahrain,agriculture,10,Cereals,19186.929,2025,Export
ZAF,South Africa,BHR,Bahrain,agriculture,11,"Products of the milling industry; malt, starches, inulin, wheat gluten",10711.697,2025,Export
ZAF,South Africa,BHR,Bahrain,agriculture,12,"Oil seeds and oleaginous fruits; miscellaneous grains, seeds and fruit, industrial or medicinal plants; straw and fodder",58936.827,2025,Export
ZAF,South Africa,BHS,Bahamas,agriculture,10,Cereals,763.622,2025,Export
ZAF,South Africa,BHS,Bahamas,agriculture,11,"Products of the milling industry; malt, starches, inulin, wheat gluten",693.501,2025,Export
ZAF,South Africa,BHS,Bahamas,agriculture,12,"Oil seeds and oleaginous fruits; miscellaneous grains, seeds and fruit, industrial or medicinal plants; straw and fodder",1098.024,2025,Export
ZAF,South Africa,BRA,Brazil,agriculture,10,Cereals,160946.13,2025,Export
ZAF,South Africa,BRA,Brazil,agriculture,12,"Oil seeds and oleaginous fruits; miscellaneous grains, seeds and fruit, industrial or medicinal plants; straw and fodder",4896513.406,2025,Export
ZAF,South Africa,BRN,Brunei Darussalam,agriculture,11,"Products of the milling industry; malt, starches, inulin, wheat gluten",2.252,2025,Export
ZAF,South Africa,BWA,Botswana,agriculture,10,Cereals,128341303.823,2025,Export
ZAF,South Africa,BWA,Botswana,agriculture,11,"Products of the milling industry; malt, starches, inulin, wheat gluten",14271876.904,2025,Export
ZAF,South Africa,BWA,Botswana,agriculture,12,"Oil seeds and oleaginous fruits; miscellaneous grains, seeds and fruit, industrial or medicinal plants; straw and fodder",8805244.284,2025,Export
ZAF,South Africa,CAF,Central African Rep.,agriculture,11,"Products of the milling industry; malt, starches, inulin, wheat gluten",67914.445,2025,Export
ZAF,South Africa,CAN,Canada,agriculture,10,Cereals,687879.344,2025,Export
ZAF,South Africa,CAN,Canada,agriculture,11,"Products of the milling industry; malt, starches, inulin, wheat gluten",184916.81,2025,Export
ZAF,South Africa,CAN,Canada,agriculture,12,"Oil seeds and oleaginous fruits; miscellaneous grains, seeds and fruit, industrial or medicinal plants; straw and fodder",844502.277,2025,Export
ZAF,South Africa,CHE,Switzerland,agriculture,10,Cereals,8184.986,2025,Export
ZAF,South Africa,CHE,Switzerland,agriculture,11,"Products of the milling industry; malt, starches, inulin, wheat gluten",5097.73,2025,Export
ZAF,South Africa,CHE,Switzerland,agriculture,12,"Oil seeds and oleaginous fruits; miscellaneous grains, seeds and fruit, industrial or medicinal plants; straw and fodder",86462.845,2025,Export
ZAF,South Africa,CHL,Chile,agriculture,10,Cereals,442954.397,2025,Export
ZAF,South Africa,CHL,Chile,agriculture,12,"Oil seeds and oleaginous fruits; miscellaneous grains, seeds and fruit, industrial or medicinal plants; straw and fodder",266140.33,2025,Export
ZAF,South Africa,CHN,China,agriculture,10,Cereals,345.823,2025,Export
ZAF,South Africa,CHN,China,agriculture,11,"Products of the milling industry; malt, starches, inulin, wheat gluten",1259.857,2025,Export
ZAF,South Africa,CHN,China,agriculture,12,"Oil seeds and oleaginous fruits; miscellaneous grains, seeds and fruit, industrial or medicinal plants; straw and fodder",4077140.161,2025,Export
ZAF,South Africa,CIV,Côte d'Ivoire,agriculture,10,Cereals,2639600.209,2025,Export
ZAF,South Africa,CIV,Côte d'Ivoire,agriculture,11,"Products of the milling industry; malt, starches, inulin, wheat gluten",2352827.886,2025,Export
ZAF,South Africa,CIV,Côte d'Ivoire,agriculture,12,"Oil seeds and oleaginous fruits; miscellaneous grains, seeds and fruit, industrial or medicinal plants; straw and fodder",17415.543,2025,Export
ZAF,South Africa,CMR,Cameroon,agriculture,10,Cereals,207571.576,2025,Export
ZAF,South Africa,CMR,Cameroon,agriculture,11,"Products of the milling industry; malt, starches, inulin, wheat gluten",1502453.351,2025,Export
ZAF,South Africa,CMR,Cameroon,agriculture,12,"Oil seeds and oleaginous fruits; miscellaneous grains, seeds and fruit, industrial or medicinal plants; straw and fodder",1451.275,2025,Export
ZAF,South Africa,COD,Dem. Rep. of the Congo,agriculture,10,Cereals,1587256.038,2025,Export
ZAF,South Africa,COD,Dem. Rep. of the Congo,agriculture,11,"Products of the milling industry; malt, starches, inulin, wheat gluten",87231006.656,2025,Export
ZAF,South Africa,COD,Dem. Rep. of the Congo,agriculture,12,"Oil seeds and oleaginous fruits; miscellaneous grains, seeds and fruit, industrial or medicinal plants; straw and fodder",673932.712,2025,Export
ZAF,South Africa,COG,Congo,agriculture,10,Cereals,223824.572,2025,Export
ZAF,South Africa,COG,Congo,agriculture,11,"Products of the milling industry; malt, starches, inulin, wheat gluten",11536040.005,2025,Export
ZAF,South Africa,COG,Congo,agriculture,12,"Oil seeds and oleaginous fruits; miscellaneous grains, seeds and fruit, industrial or medicinal plants; straw and fodder",9624600.517,2025,Export
ZAF,South Africa,COL,Colombia,agriculture,11,"Products of the milling industry; malt, starches, inulin, wheat gluten",38.927,2025,Export
ZAF,South Africa,COL,Colombia,agriculture,12,"Oil seeds and oleaginous fruits; miscellaneous grains, seeds and fruit, industrial or medicinal plants; straw and fodder",68302.292,2025,Export
ZAF,South Africa,COM,Comoros,agriculture,11,"Products of the milling industry; malt, starches, inulin, wheat gluten",7.321,2025,Export
ZAF,South Africa,COM,Comoros,agriculture,12,"Oil seeds and oleaginous fruits; miscellaneous grains, seeds and fruit, industrial or medicinal plants; straw and fodder",6.588,2025,Export
ZAF,South Africa,CRI,Costa Rica,agriculture,12,"Oil seeds and oleaginous fruits; miscellaneous grains, seeds and fruit, industrial or medicinal plants; straw and fodder",16803.22,2025,Export
ZAF,South Africa,CUB,Cuba,agriculture,10,Cereals,19316.585,2025,Export
ZAF,South Africa,CUB,Cuba,agriculture,12,"Oil seeds and oleaginous fruits; miscellaneous grains, seeds and fruit, industrial or medicinal plants; straw and fodder",252.973,2025,Export
ZAF,South Africa,CYP,Cyprus,agriculture,10,Cereals,95.817,2025,Export
ZAF,South Africa,CYP,Cyprus,agriculture,11,"Products of the milling industry; malt, starches, inulin, wheat gluten",2376.752,2025,Export
ZAF,South Africa,CZE,Czechia,agriculture,10,Cereals,15552.727,2025,Export
ZAF,South Africa,CZE,Czechia,agriculture,12,"Oil seeds and oleaginous fruits; miscellaneous grains, seeds and fruit, industrial or medicinal plants; straw and fodder",134634.896,2025,Export
ZAF,South Africa,DEU,Germany,agriculture,10,Cereals,1050868.72,2025,Export
ZAF,South Africa,DEU,Germany,agriculture,11,"Products of the milling industry; malt, starches, inulin, wheat gluten",333658.772,2025,Export
ZAF,South Africa,DEU,Germany,agriculture,12,"Oil seeds and oleaginous fruits; miscellaneous grains, seeds and fruit, industrial or medicinal plants; straw and fodder",19878603.02,2025,Export
ZAF,South Africa,DJI,Djibouti,agriculture,12,"Oil seeds and oleaginous fruits; miscellaneous grains, seeds and fruit, industrial or medicinal plants; straw and fodder",282379.041,2025,Export
ZAF,South Africa,DNK,Denmark,agriculture,12,"Oil seeds and oleaginous fruits; miscellaneous grains, seeds and fruit, industrial or medicinal plants; straw and fodder",188684.734,2025,Export
ZAF,South Africa,DZA,Algeria,agriculture,10,Cereals,19853.899,2025,Export
ZAF,South Africa,DZA,Algeria,agriculture,11,"Products of the milling industry; malt, starches, inulin, wheat gluten",39.108,2025,Export
ZAF,South Africa,DZA,Algeria,agriculture,12,"Oil seeds and oleaginous fruits; miscellaneous grains, seeds and fruit, industrial or medicinal plants; straw and fodder",381047.31,2025,Export
ZAF,South Africa,EGY,Egypt,agriculture,10,Cereals,7757.938,2025,Export
ZAF,South Africa,EGY,Egypt,agriculture,12,"Oil seeds and oleaginous fruits; miscellaneous grains, seeds and fruit, industrial or medicinal plants; straw and fodder",475.932,2025,Export
ZAF,South Africa,ESP,Spain,agriculture,10,Cereals,10.272,2025,Export
ZAF,South Africa,ESP,Spain,agriculture,11,"Products of the milling industry; malt, starches, inulin, wheat gluten",4.972,2025,Export
ZAF,South Africa,ESP,Spain,agriculture,12,"Oil seeds and oleaginous fruits; miscellaneous grains, seeds and fruit, industrial or medicinal plants; straw and fodder",1136465.435,2025,Export
ZAF,South Africa,EST,Estonia,agriculture,10,Cereals,87308.533,2025,Export
ZAF,South Africa,ETH,Ethiopia,agriculture,10,Cereals,1584577.777,2025,Export
ZAF,South Africa,ETH,Ethiopia,agriculture,11,"Products of the milling industry; malt, starches, inulin, wheat gluten",4312.726,2025,Export
ZAF,South Africa,ETH,Ethiopia,agriculture,12,"Oil seeds and oleaginous fruits; miscellaneous grains, seeds and fruit, industrial or medicinal plants; straw and fodder",347389.809,2025,Export
ZAF,South Africa,FIN,Finland,agriculture,12,"Oil seeds and oleaginous fruits; miscellaneous grains, seeds and fruit, industrial or medicinal plants; straw and fodder",55559.912,2025,Export
ZAF,South Africa,FRA,France,agriculture,10,Cereals,4749265.448,2025,Export
ZAF,South Africa,FRA,France,agriculture,11,"Products of the milling industry; malt, starches, inulin, wheat gluten",66836.619,2025,Export
ZAF,South Africa,FRA,France,agriculture,12,"Oil seeds and oleaginous fruits; miscellaneous grains, seeds and fruit, industrial or medicinal plants; straw and fodder",8109272.238,2025,Export
ZAF,South Africa,GAB,Gabon,agriculture,11,"Products of the milling industry; malt, starches, inulin, wheat gluten",500941.42,2025,Export
ZAF,South Africa,GBR,United Kingdom,agriculture,10,Cereals,3390981.394,2025,Export
ZAF,South Africa,GBR,United Kingdom,agriculture,11,"Products of the milling industry; malt, starches, inulin, wheat gluten",4725108.801,2025,Export
ZAF,South Africa,GBR,United Kingdom,agriculture,12,"Oil seeds and oleaginous fruits; miscellaneous grains, seeds and fruit, industrial or medicinal plants; straw and fodder",6063795.104,2025,Export
ZAF,South Africa,GEO,Georgia,agriculture,10,Cereals,96120.833,2025,Export
ZAF,South Africa,GHA,Ghana,agriculture,10,Cereals,4249468.09,2025,Export
ZAF,South Africa,GHA,Ghana,agriculture,11,"Products of the milling industry; malt, starches, inulin, wheat gluten",119296.156,2025,Export
ZAF,South Africa,GHA,Ghana,agriculture,12,"Oil seeds and oleaginous fruits; miscellaneous grains, seeds and fruit, industrial or medicinal plants; straw and fodder",51333.944,2025,Export
ZAF,South Africa,GIN,Guinea,agriculture,11,"Products of the milling industry; malt, starches, inulin, wheat gluten",273130.614,2025,Export
ZAF,South Africa,GIN,Guinea,agriculture,12,"Oil seeds and oleaginous fruits; miscellaneous grains, seeds and fruit, industrial or medicinal plants; straw and fodder",8584.971,2025,Export
ZAF,South Africa,GMB,Gambia,agriculture,11,"Products of the milling industry; malt, starches, inulin, wheat gluten",9750.812,2025,Export
ZAF,South Africa,GNQ,Equatorial Guinea,agriculture,10,Cereals,56775.279,2025,Export
ZAF,South Africa,GNQ,Equatorial Guinea,agriculture,12,"Oil seeds and oleaginous fruits; miscellaneous grains, seeds and fruit, industrial or medicinal plants; straw and fodder",572.978,2025,Export
ZAF,South Africa,GRC,Greece,agriculture,10,Cereals,56361.137,2025,Export
ZAF,South Africa,GRC,Greece,agriculture,12,"Oil seeds and oleaginous fruits; miscellaneous grains, seeds and fruit, industrial or medicinal plants; straw and fodder",900784.782,2025,Export
ZAF,South Africa,GTM,Guatemala,agriculture,10,Cereals,13668.119,2025,Export
ZAF,South Africa,GTM,Guatemala,agriculture,12,"Oil seeds and oleaginous fruits; miscellaneous grains, seeds and fruit, industrial or medicinal plants; straw and fodder",13966.426,2025,Export
ZAF,South Africa,HKG,"China, Hong Kong SAR",agriculture,10,Cereals,6.041,2025,Export
ZAF,South Africa,HKG,"China, Hong Kong SAR",agriculture,11,"Products of the milling industry; malt, starches, inulin, wheat gluten",598395.205,2025,Export
ZAF,South Africa,HKG,"China, Hong Kong SAR",agriculture,12,"Oil seeds and oleaginous fruits; miscellaneous grains, seeds and fruit, industrial or medicinal plants; straw and fodder",129089.791,2025,Export
ZAF,South Africa,HRV,Croatia,agriculture,10,Cereals,27.622,2025,Export
ZAF,South Africa,HRV,Croatia,agriculture,11,"Products of the milling industry; malt, starches, inulin, wheat gluten",108.129,2025,Export
ZAF,South Africa,HRV,Croatia,agriculture,12,"Oil seeds and oleaginous fruits; miscellaneous grains, seeds and fruit, industrial or medicinal plants; straw and fodder",112.816,2025,Export
ZAF,South Africa,HTI,Haiti,agriculture,12,"Oil seeds and oleaginous fruits; miscellaneous grains, seeds and fruit, industrial or medicinal plants; straw and fodder",931745.738,2025,Export
ZAF,South Africa,IDN,Indonesia,agriculture,10,Cereals,438154.212,2025,Export
ZAF,South Africa,IDN,Indonesia,agriculture,12,"Oil seeds and oleaginous fruits; miscellaneous grains, seeds and fruit, industrial or medicinal plants; straw and fodder",2162348.965,2025,Export
ZAF,South Africa,IND,India,agriculture,10,Cereals,6773318.101,2025,Export
ZAF,South Africa,IND,India,agriculture,11,"Products of the milling industry; malt, starches, inulin, wheat gluten",7.418,2025,Export
ZAF,South Africa,IND,India,agriculture,12,"Oil seeds and oleaginous fruits; miscellaneous grains, seeds and fruit, industrial or medicinal plants; straw and fodder",5052879.181,2025,Export
ZAF,South Africa,IRL,Ireland,agriculture,10,Cereals,202.279,2025,Export
ZAF,South Africa,IRL,Ireland,agriculture,11,"Products of the milling industry; malt, starches, inulin, wheat gluten",273924.206,2025,Export
ZAF,South Africa,IRL,Ireland,agriculture,12,"Oil seeds and oleaginous fruits; miscellaneous grains, seeds and fruit, industrial or medicinal plants; straw and fodder",29774.632,2025,Export
ZAF,South Africa,IRN,Iran,agriculture,12,"Oil seeds and oleaginous fruits; miscellaneous grains, seeds and fruit, industrial or medicinal plants; straw and fodder",179837.368,2025,Export
ZAF,South Africa,IRQ,Iraq,agriculture,10,Cereals,5258100.904,2025,Export
ZAF,South Africa,IRQ,Iraq,agriculture,12,"Oil seeds and oleaginous fruits; miscellaneous grains, seeds and fruit, industrial or medicinal plants; straw and fodder",48141.273,2025,Export
ZAF,South Africa,ISR,Israel,agriculture,11,"Products of the milling industry; malt, starches, inulin, wheat gluten",325.735,2025,Export
ZAF,South Africa,ISR,Israel,agriculture,12,"Oil seeds and oleaginous fruits; miscellaneous grains, seeds and fruit, industrial or medicinal plants; straw and fodder",2289989.987,2025,Export
ZAF,South Africa,ITA,Italy,agriculture,10,Cereals,101053.541,2025,Export
ZAF,South Africa,ITA,Italy,agriculture,11,"Products of the milling industry; malt, starches, inulin, wheat gluten",19.976,2025,Export
ZAF,South Africa,ITA,Italy,agriculture,12,"Oil seeds and oleaginous fruits; miscellaneous grains, seeds and fruit, industrial or medicinal plants; straw and fodder",2380591.419,2025,Export
ZAF,South Africa,JOR,Jordan,agriculture,10,Cereals,329193.168,2025,Export
ZAF,South Africa,JOR,Jordan,agriculture,11,"Products of the milling industry; malt, starches, inulin, wheat gluten",11.854,2025,Export
ZAF,South Africa,JOR,Jordan,agriculture,12,"Oil seeds and oleaginous fruits; miscellaneous grains, seeds and fruit, industrial or medicinal plants; straw and fodder",14150.333,2025,Export
ZAF,South Africa,JPN,Japan,agriculture,10,Cereals,268153.285,2025,Export
ZAF,South Africa,JPN,Japan,agriculture,12,"Oil seeds and oleaginous fruits; miscellaneous grains, seeds and fruit, industrial or medicinal plants; straw and fodder",53323442.322,2025,Export
ZAF,South Africa,KAZ,Kazakhstan,agriculture,10,Cereals,43848.316,2025,Export
ZAF,South Africa,KEN,Kenya,agriculture,10,Cereals,2636410.194,2025,Export
ZAF,South Africa,KEN,Kenya,agriculture,11,"Products of the milling industry; malt, starches, inulin, wheat gluten",127203.155,2025,Export
ZAF,South Africa,KEN,Kenya,agriculture,12,"Oil seeds and oleaginous fruits; miscellaneous grains, seeds and fruit, industrial or medicinal plants; straw and fodder",41645324.21,2025,Export
ZAF,South Africa,KOR,Rep. of Korea,agriculture,10,Cereals,11679576.916,2025,Export
ZAF,South Africa,KOR,Rep. of Korea,agriculture,11,"Products of the milling industry; malt, starches, inulin, wheat gluten",7.941,2025,Export
ZAF,South Africa,KOR,Rep. of Korea,agriculture,12,"Oil seeds and oleaginous fruits; miscellaneous grains, seeds and fruit, industrial or medicinal plants; straw and fodder",3844089.856,2025,Export
ZAF,South Africa,KWT,Kuwait,agriculture,10,Cereals,22015.546,2025,Export
ZAF,South Africa,KWT,Kuwait,agriculture,11,"Products of the milling industry; malt, starches, inulin, wheat gluten",30834.221,2025,Export
ZAF,South Africa,KWT,Kuwait,agriculture,12,"Oil seeds and oleaginous fruits; miscellaneous grains, seeds and fruit, industrial or medicinal plants; straw and fodder",420201.126,2025,Export
ZAF,South Africa,LBN,Lebanon,agriculture,10,Cereals,164756.561,2025,Export
ZAF,South Africa,LBN,Lebanon,agriculture,11,"Products of the milling industry; malt, starches, inulin, wheat gluten",2.902,2025,Export
ZAF,South Africa,LBN,Lebanon,agriculture,12,"Oil seeds and oleaginous fruits; miscellaneous grains, seeds and fruit, industrial or medicinal plants; straw and fodder",92847.906,2025,Export
ZAF,South Africa,LBR,Liberia,agriculture,11,"Products of the milling industry; malt, starches, inulin, wheat gluten",100.865,2025,Export
ZAF,South Africa,LBR,Liberia,agriculture,12,"Oil seeds and oleaginous fruits; miscellaneous grains, seeds and fruit, industrial or medicinal plants; straw and fodder",5921.431,2025,Export
ZAF,South Africa,LBY,Libya,agriculture,10,Cereals,17991.651,2025,Export
ZAF,South Africa,LKA,Sri Lanka,agriculture,10,Cereals,1572202.319,2025,Export
ZAF,South Africa,LKA,Sri Lanka,agriculture,11,"Products of the milling industry; malt, starches, inulin, wheat gluten",179987.329,2025,Export
ZAF,South Africa,LKA,Sri Lanka,agriculture,12,"Oil seeds and oleaginous fruits; miscellaneous grains, seeds and fruit, industrial or medicinal plants; straw and fodder",1968653.198,2025,Export
ZAF,South Africa,LSO,Lesotho,agriculture,10,Cereals,57714927.196,2025,Export
ZAF,South Africa,LSO,Lesotho,agriculture,11,"Products of the milling industry; malt, starches, inulin, wheat gluten",49911767.316,2025,Export
ZAF,South Africa,LSO,Lesotho,agriculture,12,"Oil seeds and oleaginous fruits; miscellaneous grains, seeds and fruit, industrial or medicinal plants; straw and fodder",3671089.382,2025,Export
ZAF,South Africa,LTU,Lithuania,agriculture,10,Cereals,59621.105,2025,Export
ZAF,South Africa,LTU,Lithuania,agriculture,12,"Oil seeds and oleaginous fruits; miscellaneous grains, seeds and fruit, industrial or medicinal plants; straw and fodder",35309.152,2025,Export
ZAF,South Africa,LVA,Latvia,agriculture,10,Cereals,234338.009,2025,Export
ZAF,South Africa,LVA,Latvia,agriculture,12,"Oil seeds and oleaginous fruits; miscellaneous grains, seeds and fruit, industrial or medicinal plants; straw and fodder",0.985,2025,Export
ZAF,South Africa,MAR,Morocco,agriculture,10,Cereals,98909.085,2025,Export
ZAF,South Africa,MAR,Morocco,agriculture,12,"Oil seeds and oleaginous fruits; miscellaneous grains, seeds and fruit, industrial or medicinal plants; straw and fodder",867774.291,2025,Export
ZAF,South Africa,MDG,Madagascar,agriculture,10,Cereals,339954.556,2025,Export
ZAF,South Africa,MDG,Madagascar,agriculture,11,"Products of the milling industry; malt, starches, inulin, wheat gluten",303840.186,2025,Export
ZAF,South Africa,MDG,Madagascar,agriculture,12,"Oil seeds and oleaginous fruits; miscellaneous grains, seeds and fruit, industrial or medicinal plants; straw and fodder",112326.241,2025,Export
ZAF,South Africa,MDV,Maldives,agriculture,11,"Products of the milling industry; malt, starches, inulin, wheat gluten",396.063,2025,Export
ZAF,South Africa,MDV,Maldives,agriculture,12,"Oil seeds and oleaginous fruits; miscellaneous grains, seeds and fruit, industrial or medicinal plants; straw and fodder",1402.944,2025,Export
ZAF,South Africa,MEX,Mexico,agriculture,10,Cereals,114.007,2025,Export
ZAF,South Africa,MEX,Mexico,agriculture,12,"Oil seeds and oleaginous fruits; miscellaneous grains, seeds and fruit, industrial or medicinal plants; straw and fodder",80045.468,2025,Export
ZAF,South Africa,MLI,Mali,agriculture,11,"Products of the milling industry; malt, starches, inulin, wheat gluten",93591.859,2025,Export
ZAF,South Africa,MOZ,Mozambique,agriculture,10,Cereals,53645017.761,2025,Export
ZAF,South Africa,MOZ,Mozambique,agriculture,11,"Products of the milling industry; malt, starches, inulin, wheat gluten",72293278.011,2025,Export
ZAF,South Africa,MOZ,Mozambique,agriculture,12,"Oil seeds and oleaginous fruits; miscellaneous grains, seeds and fruit, industrial or medicinal plants; straw and fodder",11823620.695,2025,Export
ZAF,South Africa,MRT,Mauritania,agriculture,10,Cereals,463087.991,2025,Export
ZAF,South Africa,MRT,Mauritania,agriculture,12,"Oil seeds and oleaginous fruits; miscellaneous grains, seeds and fruit, industrial or medicinal plants; straw and fodder",9811.634,2025,Export
ZAF,South Africa,MUS,Mauritius,agriculture,10,Cereals,4739282.57,2025,Export
ZAF,South Africa,MUS,Mauritius,agriculture,11,"Products of the milling industry; malt, starches, inulin, wheat gluten",388555.494,2025,Export
ZAF,South Africa,MUS,Mauritius,agriculture,12,"Oil seeds and oleaginous fruits; miscellaneous grains, seeds and fruit, industrial or medicinal plants; straw and fodder",1139074.054,2025,Export
ZAF,South Africa,MWI,Malawi,agriculture,10,Cereals,421752.503,2025,Export
ZAF,South Africa,MWI,Malawi,agriculture,11,"Products of the milling industry; malt, starches, inulin, wheat gluten",1676794.173,2025,Export
ZAF,South Africa,MWI,Malawi,agriculture,12,"Oil seeds and oleaginous fruits; miscellaneous grains, seeds and fruit, industrial or medicinal plants; straw and fodder",2449398.802,2025,Export
ZAF,South Africa,MYS,Malaysia,agriculture,10,Cereals,976881.856,2025,Export
ZAF,South Africa,MYS,Malaysia,agriculture,11,"Products of the milling industry; malt, starches, inulin, wheat gluten",117209.866,2025,Export
ZAF,South Africa,MYS,Malaysia,agriculture,12,"Oil seeds and oleaginous fruits; miscellaneous grains, seeds and fruit, industrial or medicinal plants; straw and fodder",162237.35,2025,Export
ZAF,South Africa,NAM,Namibia,agriculture,10,Cereals,72203928.204,2025,Export
ZAF,South Africa,NAM,Namibia,agriculture,11,"Products of the milling industry; malt, starches, inulin, wheat gluten",7544877.47,2025,Export
ZAF,South Africa,NAM,Namibia,agriculture,12,"Oil seeds and oleaginous fruits; miscellaneous grains, seeds and fruit, industrial or medicinal plants; straw and fodder",6340566.849,2025,Export
ZAF,South Africa,NGA,Nigeria,agriculture,10,Cereals,798806.882,2025,Export
ZAF,South Africa,NGA,Nigeria,agriculture,11,"Products of the milling industry; malt, starches, inulin, wheat gluten",8881.032,2025,Export
ZAF,South Africa,NGA,Nigeria,agriculture,12,"Oil seeds and oleaginous fruits; miscellaneous grains, seeds and fruit, industrial or medicinal plants; straw and fodder",443579.269,2025,Export
ZAF,South Africa,NLD,Netherlands,agriculture,10,Cereals,2170328.084,2025,Export
ZAF,South Africa,NLD,Netherlands,agriculture,11,"Products of the milling industry; malt, starches, inulin, wheat gluten",1210343.617,2025,Export
ZAF,South Africa,NLD,Netherlands,agriculture,12,"Oil seeds and oleaginous fruits; miscellaneous grains, seeds and fruit, industrial or medicinal plants; straw and fodder",33419738.492,2025,Export
ZAF,South Africa,NOR,Norway,agriculture,10,Cereals,7976.981,2025,Export
ZAF,South Africa,NOR,Norway,agriculture,11,"Products of the milling industry; malt, starches, inulin, wheat gluten",233013.016,2025,Export
ZAF,South Africa,NOR,Norway,agriculture,12,"Oil seeds and oleaginous fruits; miscellaneous grains, seeds and fruit, industrial or medicinal plants; straw and fodder",48367.797,2025,Export
ZAF,South Africa,NZL,New Zealand,agriculture,10,Cereals,54705.402,2025,Export
ZAF,South Africa,NZL,New Zealand,agriculture,11,"Products of the milling industry; malt, starches, inulin, wheat gluten",84521.519,2025,Export
ZAF,South Africa,NZL,New Zealand,agriculture,12,"Oil seeds and oleaginous fruits; miscellaneous grains, seeds and fruit, industrial or medicinal plants; straw and fodder",269838.993,2025,Export
ZAF,South Africa,OMN,Oman,agriculture,10,Cereals,176724.595,2025,Export
ZAF,South Africa,OMN,Oman,agriculture,11,"Products of the milling industry; malt, starches, inulin, wheat gluten",3424.728,2025,Export
ZAF,South Africa,OMN,Oman,agriculture,12,"Oil seeds and oleaginous fruits; miscellaneous grains, seeds and fruit, industrial or medicinal plants; straw and fodder",23130.768,2025,Export
ZAF,South Africa,PAK,Pakistan,agriculture,12,"Oil seeds and oleaginous fruits; miscellaneous grains, seeds and fruit, industrial or medicinal plants; straw and fodder",683379.698,2025,Export
ZAF,South Africa,PAN,Panama,agriculture,11,"Products of the milling industry; malt, starches, inulin, wheat gluten",146.811,2025,Export
ZAF,South Africa,PAN,Panama,agriculture,12,"Oil seeds and oleaginous fruits; miscellaneous grains, seeds and fruit, industrial or medicinal plants; straw and fodder",1969.085,2025,Export
ZAF,South Africa,PHL,Philippines,agriculture,10,Cereals,2363853.725,2025,Export
ZAF,South Africa,PHL,Philippines,agriculture,11,"Products of the milling industry; malt, starches, inulin, wheat gluten",26425.184,2025,Export
ZAF,South Africa,PHL,Philippines,agriculture,12,"Oil seeds and oleaginous fruits; miscellaneous grains, seeds and fruit, industrial or medicinal plants; straw and fodder",2120980.857,2025,Export
ZAF,South Africa,PNG,Papua New Guinea,agriculture,11,"Products of the milling industry; malt, starches, inulin, wheat gluten",71573.521,2025,Export
ZAF,South Africa,PNG,Papua New Guinea,agriculture,12,"Oil seeds and oleaginous fruits; miscellaneous grains, seeds and fruit, industrial or medicinal plants; straw and fodder",3463.138,2025,Export
ZAF,South Africa,POL,Poland,agriculture,12,"Oil seeds and oleaginous fruits; miscellaneous grains, seeds and fruit, industrial or medicinal plants; straw and fodder",2292671.164,2025,Export
ZAF,South Africa,PRT,Portugal,agriculture,12,"Oil seeds and oleaginous fruits; miscellaneous grains, seeds and fruit, industrial or medicinal plants; straw and fodder",3248918.521,2025,Export
ZAF,South Africa,QAT,Qatar,agriculture,10,Cereals,1616.535,2025,Export
ZAF,South Africa,QAT,Qatar,agriculture,11,"Products of the milling industry; malt, starches, inulin, wheat gluten",14437.551,2025,Export
ZAF,South Africa,QAT,Qatar,agriculture,12,"Oil seeds and oleaginous fruits; miscellaneous grains, seeds and fruit, industrial or medicinal plants; straw and fodder",899436.994,2025,Export
ZAF,South Africa,RUS,Russian Federation,agriculture,10,Cereals,293.683,2025,Export
ZAF,South Africa,RUS,Russian Federation,agriculture,12,"Oil seeds and oleaginous fruits; miscellaneous grains, seeds and fruit, industrial or medicinal plants; straw and fodder",407724.224,2025,Export
ZAF,South Africa,RWA,Rwanda,agriculture,10,Cereals,432.264,2025,Export
ZAF,South Africa,RWA,Rwanda,agriculture,11,"Products of the milling industry; malt, starches, inulin, wheat gluten",1473.518,2025,Export
ZAF,South Africa,RWA,Rwanda,agriculture,12,"Oil seeds and oleaginous fruits; miscellaneous grains, seeds and fruit, industrial or medicinal plants; straw and fodder",528808.84,2025,Export
ZAF,South Africa,S19,"Other Asia, nes",agriculture,10,Cereals,12153850.876,2025,Export
ZAF,South Africa,S19,"Other Asia, nes",agriculture,11,"Products of the milling industry; malt, starches, inulin, wheat gluten",3247825.513,2025,Export
ZAF,South Africa,S19,"Other Asia, nes",agriculture,12,"Oil seeds and oleaginous fruits; miscellaneous grains, seeds and fruit, industrial or medicinal plants; straw and fodder",1055764.892,2025,Export
ZAF,South Africa,SAU,Saudi Arabia,agriculture,10,Cereals,456421.967,2025,Export
ZAF,South Africa,SAU,Saudi Arabia,agriculture,11,"Products of the milling industry; malt, starches, inulin, wheat gluten",5533.084,2025,Export
ZAF,South Africa,SAU,Saudi Arabia,agriculture,12,"Oil seeds and oleaginous fruits; miscellaneous grains, seeds and fruit, industrial or medicinal plants; straw and fodder",9172358.918,2025,Export
ZAF,South Africa,SEN,Senegal,agriculture,10,Cereals,482163.567,2025,Export
ZAF,South Africa,SEN,Senegal,agriculture,12,"Oil seeds and oleaginous fruits; miscellaneous grains, seeds and fruit, industrial or medicinal plants; straw and fodder",10769.558,2025,Export
ZAF,South Africa,SGP,Singapore,agriculture,10,Cereals,94645.262,2025,Export
ZAF,South Africa,SGP,Singapore,agriculture,11,"Products of the milling industry; malt, starches, inulin, wheat gluten",71.252,2025,Export
ZAF,South Africa,SGP,Singapore,agriculture,12,"Oil seeds and oleaginous fruits; miscellaneous grains, seeds and fruit, industrial or medicinal plants; straw and fodder",738840.797,2025,Export
ZAF,South Africa,SHN,Saint Helena,agriculture,10,Cereals,104165.96,2025,Export
ZAF,South Africa,SHN,Saint Helena,agriculture,11,"Products of the milling industry; malt, starches, inulin, wheat gluten",137453.162,2025,Export
ZAF,South Africa,SHN,Saint Helena,agriculture,12,"Oil seeds and oleaginous fruits; miscellaneous grains, seeds and fruit, industrial or medicinal plants; straw and fodder",9962.44,2025,Export
ZAF,South Africa,SLE,Sierra Leone,agriculture,10,Cereals,271978.338,2025,Export
ZAF,South Africa,SLE,Sierra Leone,agriculture,12,"Oil seeds and oleaginous fruits; miscellaneous grains, seeds and fruit, industrial or medicinal plants; straw and fodder",625.02,2025,Export
ZAF,South Africa,SOM,Somalia,agriculture,11,"Products of the milling industry; malt, starches, inulin, wheat gluten",306103.211,2025,Export
ZAF,South Africa,SOM,Somalia,agriculture,12,"Oil seeds and oleaginous fruits; miscellaneous grains, seeds and fruit, industrial or medicinal plants; straw and fodder",67843.247,2025,Export
ZAF,South Africa,SVK,Slovakia,agriculture,11,"Products of the milling industry; malt, starches, inulin, wheat gluten",147.002,2025,Export
ZAF,South Africa,SWE,Sweden,agriculture,11,"Products of the milling industry; malt, starches, inulin, wheat gluten",36993.556,2025,Export
ZAF,South Africa,SWE,Sweden,agriculture,12,"Oil seeds and oleaginous fruits; miscellaneous grains, seeds and fruit, industrial or medicinal plants; straw and fodder",140682.367,2025,Export
ZAF,South Africa,SWZ,Eswatini,agriculture,10,Cereals,68785903.504,2025,Export
ZAF,South Africa,SWZ,Eswatini,agriculture,11,"Products of the milling industry; malt, starches, inulin, wheat gluten",10073152.939,2025,Export
ZAF,South Africa,SWZ,Eswatini,agriculture,12,"Oil seeds and oleaginous fruits; miscellaneous grains, seeds and fruit, industrial or medicinal plants; straw and fodder",25895554.042,2025,Export
ZAF,South Africa,SYC,Seychelles,agriculture,10,Cereals,4291.817,2025,Export
ZAF,South Africa,SYC,Seychelles,agriculture,11,"Products of the milling industry; malt, starches, inulin, wheat gluten",54778.918,2025,Export
ZAF,South Africa,SYC,Seychelles,agriculture,12,"Oil seeds and oleaginous fruits; miscellaneous grains, seeds and fruit, industrial or medicinal plants; straw and fodder",20482.542,2025,Export
ZAF,South Africa,TGO,Togo,agriculture,10,Cereals,1447082.64,2025,Export
ZAF,South Africa,THA,Thailand,agriculture,10,Cereals,2456254.975,2025,Export
ZAF,South Africa,THA,Thailand,agriculture,11,"Products of the milling industry; malt, starches, inulin, wheat gluten",801819.98,2025,Export
ZAF,South Africa,THA,Thailand,agriculture,12,"Oil seeds and oleaginous fruits; miscellaneous grains, seeds and fruit, industrial or medicinal plants; straw and fodder",87559.16,2025,Export
ZAF,South Africa,TUN,Tunisia,agriculture,12,"Oil seeds and oleaginous fruits; miscellaneous grains, seeds and fruit, industrial or medicinal plants; straw and fodder",41365.226,2025,Export
ZAF,South Africa,TUR,Türkiye,agriculture,11,"Products of the milling industry; malt, starches, inulin, wheat gluten",57035.694,2025,Export
ZAF,South Africa,TUR,Türkiye,agriculture,12,"Oil seeds and oleaginous fruits; miscellaneous grains, seeds and fruit, industrial or medicinal plants; straw and fodder",566633.582,2025,Export
ZAF,South Africa,TZA,United Rep. of Tanzania,agriculture,10,Cereals,4126596.077,2025,Export
ZAF,South Africa,TZA,United Rep. of Tanzania,agriculture,11,"Products of the milling industry; malt, starches, inulin, wheat gluten",78786.2,2025,Export
ZAF,South Africa,TZA,United Rep. of Tanzania,agriculture,12,"Oil seeds and oleaginous fruits; miscellaneous grains, seeds and fruit, industrial or medicinal plants; straw and fodder",2605784.325,2025,Export
ZAF,South Africa,UGA,Uganda,agriculture,10,Cereals,2742424.802,2025,Export
ZAF,South Africa,UGA,Uganda,agriculture,11,"Products of the milling industry; malt, starches, inulin, wheat gluten",8293.208,2025,Export
ZAF,South Africa,UGA,Uganda,agriculture,12,"Oil seeds and oleaginous fruits; miscellaneous grains, seeds and fruit, industrial or medicinal plants; straw and fodder",2488732.518,2025,Export
ZAF,South Africa,UKR,Ukraine,agriculture,12,"Oil seeds and oleaginous fruits; miscellaneous grains, seeds and fruit, industrial or medicinal plants; straw and fodder",17946.402,2025,Export
ZAF,South Africa,URY,Uruguay,agriculture,12,"Oil seeds and oleaginous fruits; miscellaneous grains, seeds and fruit, industrial or medicinal plants; straw and fodder",35410.921,2025,Export
ZAF,South Africa,USA,USA,agriculture,10,Cereals,1521324.089,2025,Export
ZAF,South Africa,USA,USA,agriculture,11,"Products of the milling industry; malt, starches, inulin, wheat gluten",1707336.433,2025,Export
ZAF,South Africa,USA,USA,agriculture,12,"Oil seeds and oleaginous fruits; miscellaneous grains, seeds and fruit, industrial or medicinal plants; straw and fodder",19106378.069,2025,Export
ZAF,South Africa,VEN,Venezuela,agriculture,10,Cereals,20961042.757,2025,Export
ZAF,South Africa,VGB,Br. Virgin Isds,agriculture,10,Cereals,12.552,2025,Export
ZAF,South Africa,VGB,Br. Virgin Isds,agriculture,11,"Products of the milling industry; malt, starches, inulin, wheat gluten",88.478,2025,Export
ZAF,South Africa,VNM,Viet Nam,agriculture,10,Cereals,26726838.542,2025,Export
ZAF,South Africa,VNM,Viet Nam,agriculture,11,"Products of the milling industry; malt, starches, inulin, wheat gluten",1892707.203,2025,Export
ZAF,South Africa,VNM,Viet Nam,agriculture,12,"Oil seeds and oleaginous fruits; miscellaneous grains, seeds and fruit, industrial or medicinal plants; straw and fodder",813222.69,2025,Export
ZAF,South Africa,W00,World,agriculture,10,Cereals,978552231.955,2025,Export
ZAF,South Africa,W00,World,agriculture,11,"Products of the milling industry; malt, starches, inulin, wheat gluten",303358764.11,2025,Export
ZAF,South Africa,W00,World,agriculture,12,"Oil seeds and oleaginous fruits; miscellaneous grains, seeds and fruit, industrial or medicinal plants; straw and fodder",470726916.349,2025,Export
ZAF,South Africa,X1,Bunkers,agriculture,10,Cereals,10255.912,2025,Export
ZAF,South Africa,X1,Bunkers,agriculture,11,"Products of the milling industry; malt, starches, inulin, wheat gluten",8631.773,2025,Export
ZAF,South Africa,X1,Bunkers,agriculture,12,"Oil seeds and oleaginous fruits; miscellaneous grains, seeds and fruit, industrial or medicinal plants; straw and fodder",821.133,2025,Export
ZAF,South Africa,XX,Special Categories,agriculture,10,Cereals,1652377.701,2025,Export
ZAF,South Africa,XX,Special Categories,agriculture,11,"Products of the milling industry; malt, starches, inulin, wheat gluten",118275.367,2025,Export
ZAF,South Africa,XX,Special Categories,agriculture,12,"Oil seeds and oleaginous fruits; miscellaneous grains, seeds and fruit, industrial or medicinal plants; straw and fodder",305326.245,2025,Export
ZAF,South Africa,YEM,Yemen,agriculture,12,"Oil seeds and oleaginous fruits; miscellaneous grains, seeds and fruit, industrial or medicinal plants; straw and fodder",37635.719,2025,Export
ZAF,South Africa,ZMB,Zambia,agriculture,10,Cereals,55586706.73,2025,Export
ZAF,South Africa,ZMB,Zambia,agriculture,11,"Products of the milling industry; malt, starches, inulin, wheat gluten",9095903.488,2025,Export
ZAF,South Africa,ZMB,Zambia,agriculture,12,"Oil seeds and oleaginous fruits; miscellaneous grains, seeds and fruit, industrial or medicinal plants; straw and fodder",7108089.458,2025,Export
ZAF,South Africa,ZWE,Zimbabwe,agriculture,10,Cereals,391180261.069,2025,Export
ZAF,South Africa,ZWE,Zimbabwe,agriculture,11,"Products of the milling industry; malt, starches, inulin, wheat gluten",10727670.431,2025,Export
ZAF,South Africa,ZWE,Zimbabwe,agriculture,12,"Oil seeds and oleaginous fruits; miscellaneous grains, seeds and fruit, industrial or medicinal plants; straw and fodder",117615879.446,2025,Export
