reporterISO,reporter,partnerISO,partner,sector,commodity_code,commodity,trade_value_usd,year,flow
ARG,Argentina,AUS,Australia,automotive,87,"Vehicles; other than railway or tramway rolling stock, and parts and accessories thereof",1797142.72,2025,Export
ARG,Argentina,AUS,Australia,automotive,87,"Vehicles; other than railway or tramway rolling stock, and parts and accessories thereof",1797142.72,2025,Export
ARG,Argentina,BEL,Belgium,automotive,87,"Vehicles; other than railway or tramway rolling stock, and parts and accessories thereof",42094.04,2025,Export
ARG,Argentina,BEL,Belgium,automotive,87,"Vehicles; other than railway or tramway rolling stock, and parts and accessories thereof",42094.04,2025,Export
ARG,Argentina,BOL,Bolivia (Plurinational State of),automotive,87,"Vehicles; other than railway or tramway rolling stock, and parts and accessories thereof",20678918.03,2025,Export
ARG,Argentina,BOL,Bolivia (Plurinational State of),automotive,87,"Vehicles; other than railway or tramway rolling stock, and parts and accessories thereof",20678918.03,2025,Export
ARG,Argentina,BRA,Brazil,automotive,87,"Vehicles; other than railway or tramway rolling stock, and parts and accessories thereof",5599208260.57,2025,Export
ARG,Argentina,BRA,Brazil,automotive,87,"Vehicles; other than railway or tramway rolling stock, and parts and accessories thereof",5599208260.57,2025,Export
ARG,Argentina,CHL,Chile,automotive,87,"Vehicles; other than railway or tramway rolling stock, and parts and accessories thereof",435251133.28,2025,Export
ARG,Argentina,CHL,Chile,automotive,87,"Vehicles; other than railway or tramway rolling stock, and parts and accessories thereof",435251133.28,2025,Export
ARG,Argentina,CHN,China,automotive,87,"Vehicles; other than railway or tramway rolling stock, and parts and accessories thereof",93352.49,2025,Export
ARG,Argentina,CHN,China,automotive,87,"Vehicles; other than railway or tramway rolling stock, and parts and accessories thereof",93352.49,2025,Export
ARG,Argentina,COL,Colombia,automotive,87,"Vehicles; other than railway or tramway rolling stock, and parts and accessories thereof",389057808.58,2025,Export
ARG,Argentina,COL,Colombia,automotive,87,"Vehicles; other than railway or tramway rolling stock, and parts and accessories thereof",389057808.58,2025,Export
ARG,Argentina,CRI,Costa Rica,automotive,87,"Vehicles; other than railway or tramway rolling stock, and parts and accessories thereof",66695281.31,2025,Export
ARG,Argentina,CRI,Costa Rica,automotive,87,"Vehicles; other than railway or tramway rolling stock, and parts and accessories thereof",66695281.31,2025,Export
ARG,Argentina,DEU,Germany,automotive,87,"Vehicles; other than railway or tramway rolling stock, and parts and accessories thereof",11389413.96,2025,Export
ARG,Argentina,DEU,Germany,automotive,87,"Vehicles; other than railway or tramway rolling stock, and parts and accessories thereof",11389413.96,2025,Export
ARG,Argentina,ECU,Ecuador,automotive,87,"Vehicles; other than railway or tramway rolling stock, and parts and accessories thereof",33224191.77,2025,Export
ARG,Argentina,ECU,Ecuador,automotive,87,"Vehicles; other than railway or tramway rolling stock, and parts and accessories thereof",33224191.77,2025,Export
ARG,Argentina,ESP,Spain,automotive,87,"Vehicles; other than railway or tramway rolling stock, and parts and accessories thereof",391154.11,2025,Export
ARG,Argentina,ESP,Spain,automotive,87,"Vehicles; other than railway or tramway rolling stock, and parts and accessories thereof",391154.11,2025,Export
ARG,Argentina,FRA,France,automotive,87,"Vehicles; other than railway or tramway rolling stock, and parts and accessories thereof",682920.48,2025,Export
ARG,Argentina,FRA,France,automotive,87,"Vehicles; other than railway or tramway rolling stock, and parts and accessories thereof",682920.48,2025,Export
ARG,Argentina,GBR,United Kingdom,automotive,87,"Vehicles; other than railway or tramway rolling stock, and parts and accessories thereof",78319.11,2025,Export
ARG,Argentina,GBR,United Kingdom,automotive,87,"Vehicles; other than railway or tramway rolling stock, and parts and accessories thereof",78319.11,2025,Export
ARG,Argentina,GTM,Guatemala,automotive,87,"Vehicles; other than railway or tramway rolling stock, and parts and accessories thereof",128210462.23,2025,Export
ARG,Argentina,GTM,Guatemala,automotive,87,"Vehicles; other than railway or tramway rolling stock, and parts and accessories thereof",128210462.23,2025,Export
ARG,Argentina,HND,Honduras,automotive,87,"Vehicles; other than railway or tramway rolling stock, and parts and accessories thereof",34844744.06,2025,Export
ARG,Argentina,HND,Honduras,automotive,87,"Vehicles; other than railway or tramway rolling stock, and parts and accessories thereof",34844744.06,2025,Export
ARG,Argentina,ITA,Italy,automotive,87,"Vehicles; other than railway or tramway rolling stock, and parts and accessories thereof",434952.48,2025,Export
ARG,Argentina,ITA,Italy,automotive,87,"Vehicles; other than railway or tramway rolling stock, and parts and accessories thereof",434952.48,2025,Export
ARG,Argentina,JPN,Japan,automotive,87,"Vehicles; other than railway or tramway rolling stock, and parts and accessories thereof",52983.46,2025,Export
ARG,Argentina,JPN,Japan,automotive,87,"Vehicles; other than railway or tramway rolling stock, and parts and accessories thereof",52983.46,2025,Export
ARG,Argentina,MEX,Mexico,automotive,87,"Vehicles; other than railway or tramway rolling stock, and parts and accessories thereof",36609521.51,2025,Export
ARG,Argentina,MEX,Mexico,automotive,87,"Vehicles; other than railway or tramway rolling stock, and parts and accessories thereof",36609521.51,2025,Export
ARG,Argentina,NIC,Nicaragua,automotive,87,"Vehicles; other than railway or tramway rolling stock, and parts and accessories thereof",53027818.53,2025,Export
ARG,Argentina,NIC,Nicaragua,automotive,87,"Vehicles; other than railway or tramway rolling stock, and parts and accessories thereof",53027818.53,2025,Export
ARG,Argentina,NLD,Netherlands,automotive,87,"Vehicles; other than railway or tramway rolling stock, and parts and accessories thereof",14086.34,2025,Export
ARG,Argentina,NLD,Netherlands,automotive,87,"Vehicles; other than railway or tramway rolling stock, and parts and accessories thereof",14086.34,2025,Export
ARG,Argentina,PAN,Panama,automotive,87,"Vehicles; other than railway or tramway rolling stock, and parts and accessories thereof",12022560.9,2025,Export
ARG,Argentina,PAN,Panama,automotive,87,"Vehicles; other than railway or tramway rolling stock, and parts and accessories thereof",12022560.9,2025,Export
ARG,Argentina,PER,Peru,automotive,87,"Vehicles; other than railway or tramway rolling stock, and parts and accessories thereof",450889045.72,2025,Export
ARG,Argentina,PER,Peru,automotive,87,"Vehicles; other than railway or tramway rolling stock, and parts and accessories thereof",450889045.72,2025,Export
ARG,Argentina,POL,Poland,automotive,87,"Vehicles; other than railway or tramway rolling stock, and parts and accessories thereof",22508996.93,2025,Export
ARG,Argentina,POL,Poland,automotive,87,"Vehicles; other than railway or tramway rolling stock, and parts and accessories thereof",22508996.93,2025,Export
ARG,Argentina,PRY,Paraguay,automotive,87,"Vehicles; other than railway or tramway rolling stock, and parts and accessories thereof",128951345.18,2025,Export
ARG,Argentina,PRY,Paraguay,automotive,87,"Vehicles; other than railway or tramway rolling stock, and parts and accessories thereof",128951345.18,2025,Export
ARG,Argentina,SLV,El Salvador,automotive,87,"Vehicles; other than railway or tramway rolling stock, and parts and accessories thereof",1278745.81,2025,Export
ARG,Argentina,SLV,El Salvador,automotive,87,"Vehicles; other than railway or tramway rolling stock, and parts and accessories thereof",1278745.81,2025,Export
ARG,Argentina,TUR,Türkiye,automotive,87,"Vehicles; other than railway or tramway rolling stock, and parts and accessories thereof",37576.4,2025,Export
ARG,Argentina,TUR,Türkiye,automotive,87,"Vehicles; other than railway or tramway rolling stock, and parts and accessories thereof",37576.4,2025,Export
ARG,Argentina,URY,Uruguay,automotive,87,"Vehicles; other than railway or tramway rolling stock, and parts and accessories thereof",74875801.26,2025,Export
ARG,Argentina,URY,Uruguay,automotive,87,"Vehicles; other than railway or tramway rolling stock, and parts and accessories thereof",74875801.26,2025,Export
ARG,Argentina,USA,USA,automotive,87,"Vehicles; other than railway or tramway rolling stock, and parts and accessories thereof",7019276.18,2025,Export
ARG,Argentina,USA,USA,automotive,87,"Vehicles; other than railway or tramway rolling stock, and parts and accessories thereof",7019276.18,2025,Export
ARG,Argentina,VEN,Venezuela,automotive,87,"Vehicles; other than railway or tramway rolling stock, and parts and accessories thereof",91108481.61,2025,Export
ARG,Argentina,VEN,Venezuela,automotive,87,"Vehicles; other than railway or tramway rolling stock, and parts and accessories thereof",91108481.61,2025,Export
ARG,Argentina,W00,World,automotive,87,"Vehicles; other than railway or tramway rolling stock, and parts and accessories thereof",7653700932.26,2025,Export
ARG,Argentina,W00,World,automotive,87,"Vehicles; other than railway or tramway rolling stock, and parts and accessories thereof",7653700932.26,2025,Export
ARG,Argentina,ZAF,South Africa,automotive,87,"Vehicles; other than railway or tramway rolling stock, and parts and accessories thereof",42536771.35,2025,Export
ARG,Argentina,ZAF,South Africa,automotive,87,"Vehicles; other than railway or tramway rolling stock, and parts and accessories thereof",42536771.35,2025,Export
ARG,Argentina,_X,"Areas, nes",automotive,87,"Vehicles; other than railway or tramway rolling stock, and parts and accessories thereof",10687771.86,2025,Export
ARG,Argentina,_X,"Areas, nes",automotive,87,"Vehicles; other than railway or tramway rolling stock, and parts and accessories thereof",10687771.86,2025,Export
AUS,Australia,AGO,Angola,automotive,87,"Vehicles; other than railway or tramway rolling stock, and parts and accessories thereof",46523.903,2025,Export
AUS,Australia,ALB,Albania,automotive,87,"Vehicles; other than railway or tramway rolling stock, and parts and accessories thereof",25451.065,2025,Export
AUS,Australia,ARE,United Arab Emirates,automotive,87,"Vehicles; other than railway or tramway rolling stock, and parts and accessories thereof",283402853.094,2025,Export
AUS,Australia,ARG,Argentina,automotive,87,"Vehicles; other than railway or tramway rolling stock, and parts and accessories thereof",793384.451,2025,Export
AUS,Australia,ARM,Armenia,automotive,87,"Vehicles; other than railway or tramway rolling stock, and parts and accessories thereof",6646.916,2025,Export
AUS,Australia,ASM,American Samoa,automotive,87,"Vehicles; other than railway or tramway rolling stock, and parts and accessories thereof",113558.144,2025,Export
AUS,Australia,ATA,Antarctica,automotive,87,"Vehicles; other than railway or tramway rolling stock, and parts and accessories thereof",423206.759,2025,Export
AUS,Australia,AUT,Austria,automotive,87,"Vehicles; other than railway or tramway rolling stock, and parts and accessories thereof",976879.545,2025,Export
AUS,Australia,BEL,Belgium,automotive,87,"Vehicles; other than railway or tramway rolling stock, and parts and accessories thereof",11500568.419,2025,Export
AUS,Australia,BEN,Benin,automotive,87,"Vehicles; other than railway or tramway rolling stock, and parts and accessories thereof",32860.869,2025,Export
AUS,Australia,BFA,Burkina Faso,automotive,87,"Vehicles; other than railway or tramway rolling stock, and parts and accessories thereof",273180.783,2025,Export
AUS,Australia,BGD,Bangladesh,automotive,87,"Vehicles; other than railway or tramway rolling stock, and parts and accessories thereof",1344770.508,2025,Export
AUS,Australia,BGR,Bulgaria,automotive,87,"Vehicles; other than railway or tramway rolling stock, and parts and accessories thereof",104279.78,2025,Export
AUS,Australia,BHR,Bahrain,automotive,87,"Vehicles; other than railway or tramway rolling stock, and parts and accessories thereof",1278958.563,2025,Export
AUS,Australia,BHS,Bahamas,automotive,87,"Vehicles; other than railway or tramway rolling stock, and parts and accessories thereof",2113.405,2025,Export
AUS,Australia,BRA,Brazil,automotive,87,"Vehicles; other than railway or tramway rolling stock, and parts and accessories thereof",2140375.967,2025,Export
AUS,Australia,BRB,Barbados,automotive,87,"Vehicles; other than railway or tramway rolling stock, and parts and accessories thereof",365340.701,2025,Export
AUS,Australia,BRN,Brunei Darussalam,automotive,87,"Vehicles; other than railway or tramway rolling stock, and parts and accessories thereof",499150.161,2025,Export
AUS,Australia,BTN,Bhutan,automotive,87,"Vehicles; other than railway or tramway rolling stock, and parts and accessories thereof",1903.353,2025,Export
AUS,Australia,BWA,Botswana,automotive,87,"Vehicles; other than railway or tramway rolling stock, and parts and accessories thereof",646240.566,2025,Export
AUS,Australia,CAN,Canada,automotive,87,"Vehicles; other than railway or tramway rolling stock, and parts and accessories thereof",9742758.047,2025,Export
AUS,Australia,CCK,Cocos Isds,automotive,87,"Vehicles; other than railway or tramway rolling stock, and parts and accessories thereof",2435805.491,2025,Export
AUS,Australia,CHE,Switzerland,automotive,87,"Vehicles; other than railway or tramway rolling stock, and parts and accessories thereof",2456665.056,2025,Export
AUS,Australia,CHL,Chile,automotive,87,"Vehicles; other than railway or tramway rolling stock, and parts and accessories thereof",4641503.712,2025,Export
AUS,Australia,CHN,China,automotive,87,"Vehicles; other than railway or tramway rolling stock, and parts and accessories thereof",30901704.888,2025,Export
AUS,Australia,CIV,Côte d'Ivoire,automotive,87,"Vehicles; other than railway or tramway rolling stock, and parts and accessories thereof",956554.131,2025,Export
AUS,Australia,CMR,Cameroon,automotive,87,"Vehicles; other than railway or tramway rolling stock, and parts and accessories thereof",93331.312,2025,Export
AUS,Australia,COD,Dem. Rep. of the Congo,automotive,87,"Vehicles; other than railway or tramway rolling stock, and parts and accessories thereof",56712.061,2025,Export
AUS,Australia,COG,Congo,automotive,87,"Vehicles; other than railway or tramway rolling stock, and parts and accessories thereof",24046.424,2025,Export
AUS,Australia,COK,Cook Isds,automotive,87,"Vehicles; other than railway or tramway rolling stock, and parts and accessories thereof",74692.112,2025,Export
AUS,Australia,COL,Colombia,automotive,87,"Vehicles; other than railway or tramway rolling stock, and parts and accessories thereof",1008463.995,2025,Export
AUS,Australia,CRI,Costa Rica,automotive,87,"Vehicles; other than railway or tramway rolling stock, and parts and accessories thereof",685587.914,2025,Export
AUS,Australia,CXR,Christmas Isds,automotive,87,"Vehicles; other than railway or tramway rolling stock, and parts and accessories thereof",1490583.85,2025,Export
AUS,Australia,CYM,Cayman Isds,automotive,87,"Vehicles; other than railway or tramway rolling stock, and parts and accessories thereof",104489.188,2025,Export
AUS,Australia,CYP,Cyprus,automotive,87,"Vehicles; other than railway or tramway rolling stock, and parts and accessories thereof",1059912.519,2025,Export
AUS,Australia,CZE,Czechia,automotive,87,"Vehicles; other than railway or tramway rolling stock, and parts and accessories thereof",8204920.912,2025,Export
AUS,Australia,DEU,Germany,automotive,87,"Vehicles; other than railway or tramway rolling stock, and parts and accessories thereof",23660277.55,2025,Export
AUS,Australia,DJI,Djibouti,automotive,87,"Vehicles; other than railway or tramway rolling stock, and parts and accessories thereof",724.872,2025,Export
AUS,Australia,DMA,Dominica,automotive,87,"Vehicles; other than railway or tramway rolling stock, and parts and accessories thereof",4976.811,2025,Export
AUS,Australia,DNK,Denmark,automotive,87,"Vehicles; other than railway or tramway rolling stock, and parts and accessories thereof",114025.283,2025,Export
AUS,Australia,DOM,Dominican Rep.,automotive,87,"Vehicles; other than railway or tramway rolling stock, and parts and accessories thereof",328396.064,2025,Export
AUS,Australia,DZA,Algeria,automotive,87,"Vehicles; other than railway or tramway rolling stock, and parts and accessories thereof",398530.824,2025,Export
AUS,Australia,ECU,Ecuador,automotive,87,"Vehicles; other than railway or tramway rolling stock, and parts and accessories thereof",936936.837,2025,Export
AUS,Australia,EGY,Egypt,automotive,87,"Vehicles; other than railway or tramway rolling stock, and parts and accessories thereof",3137202.06,2025,Export
AUS,Australia,ERI,Eritrea,automotive,87,"Vehicles; other than railway or tramway rolling stock, and parts and accessories thereof",8525.785,2025,Export
AUS,Australia,ESP,Spain,automotive,87,"Vehicles; other than railway or tramway rolling stock, and parts and accessories thereof",2649669.183,2025,Export
AUS,Australia,EST,Estonia,automotive,87,"Vehicles; other than railway or tramway rolling stock, and parts and accessories thereof",48838.984,2025,Export
AUS,Australia,F19,"Other Africa, nes",automotive,87,"Vehicles; other than railway or tramway rolling stock, and parts and accessories thereof",654640.062,2025,Export
AUS,Australia,FIN,Finland,automotive,87,"Vehicles; other than railway or tramway rolling stock, and parts and accessories thereof",7932915.389,2025,Export
AUS,Australia,FJI,Fiji,automotive,87,"Vehicles; other than railway or tramway rolling stock, and parts and accessories thereof",12444666.348,2025,Export
AUS,Australia,FLK,Falkland Isds (Malvinas),automotive,87,"Vehicles; other than railway or tramway rolling stock, and parts and accessories thereof",1579.899,2025,Export
AUS,Australia,FRA,France,automotive,87,"Vehicles; other than railway or tramway rolling stock, and parts and accessories thereof",8130169.522,2025,Export
AUS,Australia,FSM,FS Micronesia,automotive,87,"Vehicles; other than railway or tramway rolling stock, and parts and accessories thereof",339979.198,2025,Export
AUS,Australia,GAB,Gabon,automotive,87,"Vehicles; other than railway or tramway rolling stock, and parts and accessories thereof",1909.152,2025,Export
AUS,Australia,GBR,United Kingdom,automotive,87,"Vehicles; other than railway or tramway rolling stock, and parts and accessories thereof",68797400.568,2025,Export
AUS,Australia,GEO,Georgia,automotive,87,"Vehicles; other than railway or tramway rolling stock, and parts and accessories thereof",17096.673,2025,Export
AUS,Australia,GHA,Ghana,automotive,87,"Vehicles; other than railway or tramway rolling stock, and parts and accessories thereof",2712697.619,2025,Export
AUS,Australia,GIB,Gibraltar,automotive,87,"Vehicles; other than railway or tramway rolling stock, and parts and accessories thereof",15700.408,2025,Export
AUS,Australia,GIN,Guinea,automotive,87,"Vehicles; other than railway or tramway rolling stock, and parts and accessories thereof",1577146.467,2025,Export
AUS,Australia,GMB,Gambia,automotive,87,"Vehicles; other than railway or tramway rolling stock, and parts and accessories thereof",2899.488,2025,Export
AUS,Australia,GRC,Greece,automotive,87,"Vehicles; other than railway or tramway rolling stock, and parts and accessories thereof",369360.681,2025,Export
AUS,Australia,GTM,Guatemala,automotive,87,"Vehicles; other than railway or tramway rolling stock, and parts and accessories thereof",11867.284,2025,Export
AUS,Australia,GUM,Guam,automotive,87,"Vehicles; other than railway or tramway rolling stock, and parts and accessories thereof",45465.912,2025,Export
AUS,Australia,GUY,Guyana,automotive,87,"Vehicles; other than railway or tramway rolling stock, and parts and accessories thereof",148632.289,2025,Export
AUS,Australia,HKG,"China, Hong Kong SAR",automotive,87,"Vehicles; other than railway or tramway rolling stock, and parts and accessories thereof",1963734.62,2025,Export
AUS,Australia,HND,Honduras,automotive,87,"Vehicles; other than railway or tramway rolling stock, and parts and accessories thereof",3990.34,2025,Export
AUS,Australia,HRV,Croatia,automotive,87,"Vehicles; other than railway or tramway rolling stock, and parts and accessories thereof",396128.758,2025,Export
AUS,Australia,HTI,Haiti,automotive,87,"Vehicles; other than railway or tramway rolling stock, and parts and accessories thereof",269839.283,2025,Export
AUS,Australia,HUN,Hungary,automotive,87,"Vehicles; other than railway or tramway rolling stock, and parts and accessories thereof",3315032.198,2025,Export
AUS,Australia,IDN,Indonesia,automotive,87,"Vehicles; other than railway or tramway rolling stock, and parts and accessories thereof",44279415.026,2025,Export
AUS,Australia,IND,India,automotive,87,"Vehicles; other than railway or tramway rolling stock, and parts and accessories thereof",3796518.031,2025,Export
AUS,Australia,IRL,Ireland,automotive,87,"Vehicles; other than railway or tramway rolling stock, and parts and accessories thereof",1802376.798,2025,Export
AUS,Australia,IRQ,Iraq,automotive,87,"Vehicles; other than railway or tramway rolling stock, and parts and accessories thereof",343259.486,2025,Export
AUS,Australia,ISL,Iceland,automotive,87,"Vehicles; other than railway or tramway rolling stock, and parts and accessories thereof",81772.662,2025,Export
AUS,Australia,ISR,Israel,automotive,87,"Vehicles; other than railway or tramway rolling stock, and parts and accessories thereof",1656406.884,2025,Export
AUS,Australia,ITA,Italy,automotive,87,"Vehicles; other than railway or tramway rolling stock, and parts and accessories thereof",25830721.213,2025,Export
AUS,Australia,JAM,Jamaica,automotive,87,"Vehicles; other than railway or tramway rolling stock, and parts and accessories thereof",607735.36,2025,Export
AUS,Australia,JOR,Jordan,automotive,87,"Vehicles; other than railway or tramway rolling stock, and parts and accessories thereof",105685.066,2025,Export
AUS,Australia,JPN,Japan,automotive,87,"Vehicles; other than railway or tramway rolling stock, and parts and accessories thereof",30622266.365,2025,Export
AUS,Australia,KAZ,Kazakhstan,automotive,87,"Vehicles; other than railway or tramway rolling stock, and parts and accessories thereof",319178.912,2025,Export
AUS,Australia,KEN,Kenya,automotive,87,"Vehicles; other than railway or tramway rolling stock, and parts and accessories thereof",17747843.637,2025,Export
AUS,Australia,KHM,Cambodia,automotive,87,"Vehicles; other than railway or tramway rolling stock, and parts and accessories thereof",516639.231,2025,Export
AUS,Australia,KIR,Kiribati,automotive,87,"Vehicles; other than railway or tramway rolling stock, and parts and accessories thereof",787811.635,2025,Export
AUS,Australia,KOR,Rep. of Korea,automotive,87,"Vehicles; other than railway or tramway rolling stock, and parts and accessories thereof",13827302.886,2025,Export
AUS,Australia,KWT,Kuwait,automotive,87,"Vehicles; other than railway or tramway rolling stock, and parts and accessories thereof",1543366.782,2025,Export
AUS,Australia,LAO,Lao People's Dem. Rep.,automotive,87,"Vehicles; other than railway or tramway rolling stock, and parts and accessories thereof",167801.774,2025,Export
AUS,Australia,LBN,Lebanon,automotive,87,"Vehicles; other than railway or tramway rolling stock, and parts and accessories thereof",881475.421,2025,Export
AUS,Australia,LBR,Liberia,automotive,87,"Vehicles; other than railway or tramway rolling stock, and parts and accessories thereof",89239.812,2025,Export
AUS,Australia,LBY,Libya,automotive,87,"Vehicles; other than railway or tramway rolling stock, and parts and accessories thereof",49962.697,2025,Export
AUS,Australia,LCA,Saint Lucia,automotive,87,"Vehicles; other than railway or tramway rolling stock, and parts and accessories thereof",122433.156,2025,Export
AUS,Australia,LKA,Sri Lanka,automotive,87,"Vehicles; other than railway or tramway rolling stock, and parts and accessories thereof",25909430.082,2025,Export
AUS,Australia,LTU,Lithuania,automotive,87,"Vehicles; other than railway or tramway rolling stock, and parts and accessories thereof",17530.952,2025,Export
AUS,Australia,LUX,Luxembourg,automotive,87,"Vehicles; other than railway or tramway rolling stock, and parts and accessories thereof",54334.481,2025,Export
AUS,Australia,LVA,Latvia,automotive,87,"Vehicles; other than railway or tramway rolling stock, and parts and accessories thereof",59524.565,2025,Export
AUS,Australia,MAC,"China, Macao SAR",automotive,87,"Vehicles; other than railway or tramway rolling stock, and parts and accessories thereof",76853.841,2025,Export
AUS,Australia,MDG,Madagascar,automotive,87,"Vehicles; other than railway or tramway rolling stock, and parts and accessories thereof",60772.634,2025,Export
AUS,Australia,MEX,Mexico,automotive,87,"Vehicles; other than railway or tramway rolling stock, and parts and accessories thereof",3508306.3,2025,Export
AUS,Australia,MHL,Marshall Isds,automotive,87,"Vehicles; other than railway or tramway rolling stock, and parts and accessories thereof",21090.235,2025,Export
AUS,Australia,MKD,North Macedonia,automotive,87,"Vehicles; other than railway or tramway rolling stock, and parts and accessories thereof",13048.342,2025,Export
AUS,Australia,MLI,Mali,automotive,87,"Vehicles; other than railway or tramway rolling stock, and parts and accessories thereof",2167450.746,2025,Export
AUS,Australia,MLT,Malta,automotive,87,"Vehicles; other than railway or tramway rolling stock, and parts and accessories thereof",57617.99,2025,Export
AUS,Australia,MNG,Mongolia,automotive,87,"Vehicles; other than railway or tramway rolling stock, and parts and accessories thereof",2004170.242,2025,Export
AUS,Australia,MNP,N. Mariana Isds,automotive,87,"Vehicles; other than railway or tramway rolling stock, and parts and accessories thereof",11593.444,2025,Export
AUS,Australia,MOZ,Mozambique,automotive,87,"Vehicles; other than railway or tramway rolling stock, and parts and accessories thereof",654677.434,2025,Export
AUS,Australia,MRT,Mauritania,automotive,87,"Vehicles; other than railway or tramway rolling stock, and parts and accessories thereof",569374.483,2025,Export
AUS,Australia,MUS,Mauritius,automotive,87,"Vehicles; other than railway or tramway rolling stock, and parts and accessories thereof",174693.536,2025,Export
AUS,Australia,MYS,Malaysia,automotive,87,"Vehicles; other than railway or tramway rolling stock, and parts and accessories thereof",21598463.545,2025,Export
AUS,Australia,NAM,Namibia,automotive,87,"Vehicles; other than railway or tramway rolling stock, and parts and accessories thereof",928179.093,2025,Export
AUS,Australia,NCL,New Caledonia,automotive,87,"Vehicles; other than railway or tramway rolling stock, and parts and accessories thereof",3923739.209,2025,Export
AUS,Australia,NFK,Norfolk Isds,automotive,87,"Vehicles; other than railway or tramway rolling stock, and parts and accessories thereof",1173954.555,2025,Export
AUS,Australia,NGA,Nigeria,automotive,87,"Vehicles; other than railway or tramway rolling stock, and parts and accessories thereof",8695437.685,2025,Export
AUS,Australia,NIC,Nicaragua,automotive,87,"Vehicles; other than railway or tramway rolling stock, and parts and accessories thereof",184598.833,2025,Export
AUS,Australia,NLD,Netherlands,automotive,87,"Vehicles; other than railway or tramway rolling stock, and parts and accessories thereof",11892903.358,2025,Export
AUS,Australia,NOR,Norway,automotive,87,"Vehicles; other than railway or tramway rolling stock, and parts and accessories thereof",1778204.729,2025,Export
AUS,Australia,NPL,Nepal,automotive,87,"Vehicles; other than railway or tramway rolling stock, and parts and accessories thereof",238723.906,2025,Export
AUS,Australia,NRU,Nauru,automotive,87,"Vehicles; other than railway or tramway rolling stock, and parts and accessories thereof",1978960.156,2025,Export
AUS,Australia,NZL,New Zealand,automotive,87,"Vehicles; other than railway or tramway rolling stock, and parts and accessories thereof",471883270.219,2025,Export
AUS,Australia,OMN,Oman,automotive,87,"Vehicles; other than railway or tramway rolling stock, and parts and accessories thereof",485250.658,2025,Export
AUS,Australia,PAK,Pakistan,automotive,87,"Vehicles; other than railway or tramway rolling stock, and parts and accessories thereof",6254813.244,2025,Export
AUS,Australia,PAN,Panama,automotive,87,"Vehicles; other than railway or tramway rolling stock, and parts and accessories thereof",526681.126,2025,Export
AUS,Australia,PER,Peru,automotive,87,"Vehicles; other than railway or tramway rolling stock, and parts and accessories thereof",2189870.235,2025,Export
AUS,Australia,PHL,Philippines,automotive,87,"Vehicles; other than railway or tramway rolling stock, and parts and accessories thereof",8193273.989,2025,Export
AUS,Australia,PLW,Palau,automotive,87,"Vehicles; other than railway or tramway rolling stock, and parts and accessories thereof",17589.586,2025,Export
AUS,Australia,PNG,Papua New Guinea,automotive,87,"Vehicles; other than railway or tramway rolling stock, and parts and accessories thereof",129993806.301,2025,Export
AUS,Australia,POL,Poland,automotive,87,"Vehicles; other than railway or tramway rolling stock, and parts and accessories thereof",1466478.791,2025,Export
AUS,Australia,PRT,Portugal,automotive,87,"Vehicles; other than railway or tramway rolling stock, and parts and accessories thereof",183149.088,2025,Export
AUS,Australia,PRY,Paraguay,automotive,87,"Vehicles; other than railway or tramway rolling stock, and parts and accessories thereof",121987.279,2025,Export
AUS,Australia,PYF,French Polynesia,automotive,87,"Vehicles; other than railway or tramway rolling stock, and parts and accessories thereof",1905748.716,2025,Export
AUS,Australia,QAT,Qatar,automotive,87,"Vehicles; other than railway or tramway rolling stock, and parts and accessories thereof",1129462.871,2025,Export
AUS,Australia,ROU,Romania,automotive,87,"Vehicles; other than railway or tramway rolling stock, and parts and accessories thereof",20658.533,2025,Export
AUS,Australia,RUS,Russian Federation,automotive,87,"Vehicles; other than railway or tramway rolling stock, and parts and accessories thereof",21306.086,2025,Export
AUS,Australia,RWA,Rwanda,automotive,87,"Vehicles; other than railway or tramway rolling stock, and parts and accessories thereof",125096.819,2025,Export
AUS,Australia,S19,"Other Asia, nes",automotive,87,"Vehicles; other than railway or tramway rolling stock, and parts and accessories thereof",2615721.328,2025,Export
AUS,Australia,SAU,Saudi Arabia,automotive,87,"Vehicles; other than railway or tramway rolling stock, and parts and accessories thereof",6244251.374,2025,Export
AUS,Australia,SDN,Sudan,automotive,87,"Vehicles; other than railway or tramway rolling stock, and parts and accessories thereof",40270.673,2025,Export
AUS,Australia,SEN,Senegal,automotive,87,"Vehicles; other than railway or tramway rolling stock, and parts and accessories thereof",183293.418,2025,Export
AUS,Australia,SGP,Singapore,automotive,87,"Vehicles; other than railway or tramway rolling stock, and parts and accessories thereof",16769289.476,2025,Export
AUS,Australia,SLB,Solomon Isds,automotive,87,"Vehicles; other than railway or tramway rolling stock, and parts and accessories thereof",3626606.074,2025,Export
AUS,Australia,SLE,Sierra Leone,automotive,87,"Vehicles; other than railway or tramway rolling stock, and parts and accessories thereof",58025.207,2025,Export
AUS,Australia,SLV,El Salvador,automotive,87,"Vehicles; other than railway or tramway rolling stock, and parts and accessories thereof",276332.849,2025,Export
AUS,Australia,SOM,Somalia,automotive,87,"Vehicles; other than railway or tramway rolling stock, and parts and accessories thereof",2899.488,2025,Export
AUS,Australia,SRB,Serbia,automotive,87,"Vehicles; other than railway or tramway rolling stock, and parts and accessories thereof",4105.676,2025,Export
AUS,Australia,SUR,Suriname,automotive,87,"Vehicles; other than railway or tramway rolling stock, and parts and accessories thereof",739951.389,2025,Export
AUS,Australia,SVK,Slovakia,automotive,87,"Vehicles; other than railway or tramway rolling stock, and parts and accessories thereof",8145.63,2025,Export
AUS,Australia,SVN,Slovenia,automotive,87,"Vehicles; other than railway or tramway rolling stock, and parts and accessories thereof",14796.412,2025,Export
AUS,Australia,SWE,Sweden,automotive,87,"Vehicles; other than railway or tramway rolling stock, and parts and accessories thereof",1701716.868,2025,Export
AUS,Australia,SYC,Seychelles,automotive,87,"Vehicles; other than railway or tramway rolling stock, and parts and accessories thereof",31074.784,2025,Export
AUS,Australia,TGO,Togo,automotive,87,"Vehicles; other than railway or tramway rolling stock, and parts and accessories thereof",60309.36,2025,Export
AUS,Australia,THA,Thailand,automotive,87,"Vehicles; other than railway or tramway rolling stock, and parts and accessories thereof",15529702.1,2025,Export
AUS,Australia,TLS,Timor-Leste,automotive,87,"Vehicles; other than railway or tramway rolling stock, and parts and accessories thereof",6832525.367,2025,Export
AUS,Australia,TON,Tonga,automotive,87,"Vehicles; other than railway or tramway rolling stock, and parts and accessories thereof",380000.515,2025,Export
AUS,Australia,TTO,Trinidad and Tobago,automotive,87,"Vehicles; other than railway or tramway rolling stock, and parts and accessories thereof",1773334.877,2025,Export
AUS,Australia,TUR,Türkiye,automotive,87,"Vehicles; other than railway or tramway rolling stock, and parts and accessories thereof",1036132.847,2025,Export
AUS,Australia,TUV,Tuvalu,automotive,87,"Vehicles; other than railway or tramway rolling stock, and parts and accessories thereof",270770.985,2025,Export
AUS,Australia,TZA,United Rep. of Tanzania,automotive,87,"Vehicles; other than railway or tramway rolling stock, and parts and accessories thereof",7715893.187,2025,Export
AUS,Australia,UGA,Uganda,automotive,87,"Vehicles; other than railway or tramway rolling stock, and parts and accessories thereof",90565.844,2025,Export
AUS,Australia,UKR,Ukraine,automotive,87,"Vehicles; other than railway or tramway rolling stock, and parts and accessories thereof",145373099.692,2025,Export
AUS,Australia,URY,Uruguay,automotive,87,"Vehicles; other than railway or tramway rolling stock, and parts and accessories thereof",51610.895,2025,Export
AUS,Australia,USA,USA,automotive,87,"Vehicles; other than railway or tramway rolling stock, and parts and accessories thereof",207572521.604,2025,Export
AUS,Australia,UZB,Uzbekistan,automotive,87,"Vehicles; other than railway or tramway rolling stock, and parts and accessories thereof",15032.237,2025,Export
AUS,Australia,VEN,Venezuela,automotive,87,"Vehicles; other than railway or tramway rolling stock, and parts and accessories thereof",6918162.081,2025,Export
AUS,Australia,VGB,Br. Virgin Isds,automotive,87,"Vehicles; other than railway or tramway rolling stock, and parts and accessories thereof",9342.796,2025,Export
AUS,Australia,VNM,Viet Nam,automotive,87,"Vehicles; other than railway or tramway rolling stock, and parts and accessories thereof",2058979.594,2025,Export
AUS,Australia,VUT,Vanuatu,automotive,87,"Vehicles; other than railway or tramway rolling stock, and parts and accessories thereof",2733468.266,2025,Export
AUS,Australia,W00,World,automotive,87,"Vehicles; other than railway or tramway rolling stock, and parts and accessories thereof",1829170994.705,2025,Export
AUS,Australia,WLF,Wallis and Futuna Isds,automotive,87,"Vehicles; other than railway or tramway rolling stock, and parts and accessories thereof",53025.845,2025,Export
AUS,Australia,WSM,Samoa,automotive,87,"Vehicles; other than railway or tramway rolling stock, and parts and accessories thereof",1294779.461,2025,Export
AUS,Australia,X1,Bunkers,automotive,87,"Vehicles; other than railway or tramway rolling stock, and parts and accessories thereof",185609.788,2025,Export
AUS,Australia,YEM,Yemen,automotive,87,"Vehicles; other than railway or tramway rolling stock, and parts and accessories thereof",16108.269,2025,Export
AUS,Australia,ZAF,South Africa,automotive,87,"Vehicles; other than railway or tramway rolling stock, and parts and accessories thereof",30635167.156,2025,Export
AUS,Australia,ZMB,Zambia,automotive,87,"Vehicles; other than railway or tramway rolling stock, and parts and accessories thereof",249418.508,2025,Export
AUS,Australia,ZWE,Zimbabwe,automotive,87,"Vehicles; other than railway or tramway rolling stock, and parts and accessories thereof",190727.063,2025,Export
BRA,Brazil,ABW,Aruba,automotive,87,"Vehicles; other than railway or tramway rolling stock, and parts and accessories thereof",2137670.0,2025,Export
BRA,Brazil,AFG,Afghanistan,automotive,87,"Vehicles; other than railway or tramway rolling stock, and parts and accessories thereof",183391.0,2025,Export
BRA,Brazil,AGO,Angola,automotive,87,"Vehicles; other than railway or tramway rolling stock, and parts and accessories thereof",27132902.0,2025,Export
BRA,Brazil,ALB,Albania,automotive,87,"Vehicles; other than railway or tramway rolling stock, and parts and accessories thereof",35459.0,2025,Export
BRA,Brazil,ARE,United Arab Emirates,automotive,87,"Vehicles; other than railway or tramway rolling stock, and parts and accessories thereof",36676952.0,2025,Export
BRA,Brazil,ARG,Argentina,automotive,87,"Vehicles; other than railway or tramway rolling stock, and parts and accessories thereof",7833446704.0,2025,Export
BRA,Brazil,ARM,Armenia,automotive,87,"Vehicles; other than railway or tramway rolling stock, and parts and accessories thereof",8656.0,2025,Export
BRA,Brazil,ATG,Antigua and Barbuda,automotive,87,"Vehicles; other than railway or tramway rolling stock, and parts and accessories thereof",1668377.0,2025,Export
BRA,Brazil,AUS,Australia,automotive,87,"Vehicles; other than railway or tramway rolling stock, and parts and accessories thereof",48404080.0,2025,Export
BRA,Brazil,AUT,Austria,automotive,87,"Vehicles; other than railway or tramway rolling stock, and parts and accessories thereof",73892.0,2025,Export
BRA,Brazil,BDI,Burundi,automotive,87,"Vehicles; other than railway or tramway rolling stock, and parts and accessories thereof",8771.0,2025,Export
BRA,Brazil,BEL,Belgium,automotive,87,"Vehicles; other than railway or tramway rolling stock, and parts and accessories thereof",7546905.0,2025,Export
BRA,Brazil,BEN,Benin,automotive,87,"Vehicles; other than railway or tramway rolling stock, and parts and accessories thereof",30798.0,2025,Export
BRA,Brazil,BFA,Burkina Faso,automotive,87,"Vehicles; other than railway or tramway rolling stock, and parts and accessories thereof",2869570.0,2025,Export
BRA,Brazil,BGR,Bulgaria,automotive,87,"Vehicles; other than railway or tramway rolling stock, and parts and accessories thereof",24523.0,2025,Export
BRA,Brazil,BHR,Bahrain,automotive,87,"Vehicles; other than railway or tramway rolling stock, and parts and accessories thereof",1102.0,2025,Export
BRA,Brazil,BHS,Bahamas,automotive,87,"Vehicles; other than railway or tramway rolling stock, and parts and accessories thereof",285955.0,2025,Export
BRA,Brazil,BIH,Bosnia Herzegovina,automotive,87,"Vehicles; other than railway or tramway rolling stock, and parts and accessories thereof",5993.0,2025,Export
BRA,Brazil,BLM,Saint Barthélemy,automotive,87,"Vehicles; other than railway or tramway rolling stock, and parts and accessories thereof",1428.0,2025,Export
BRA,Brazil,BLR,Belarus,automotive,87,"Vehicles; other than railway or tramway rolling stock, and parts and accessories thereof",2386.0,2025,Export
BRA,Brazil,BLZ,Belize,automotive,87,"Vehicles; other than railway or tramway rolling stock, and parts and accessories thereof",288569.0,2025,Export
BRA,Brazil,BOL,Bolivia (Plurinational State of),automotive,87,"Vehicles; other than railway or tramway rolling stock, and parts and accessories thereof",68789694.0,2025,Export
BRA,Brazil,BRB,Barbados,automotive,87,"Vehicles; other than railway or tramway rolling stock, and parts and accessories thereof",1448254.0,2025,Export
BRA,Brazil,BWA,Botswana,automotive,87,"Vehicles; other than railway or tramway rolling stock, and parts and accessories thereof",1025.0,2025,Export
BRA,Brazil,CAN,Canada,automotive,87,"Vehicles; other than railway or tramway rolling stock, and parts and accessories thereof",25705383.0,2025,Export
BRA,Brazil,CHE,Switzerland,automotive,87,"Vehicles; other than railway or tramway rolling stock, and parts and accessories thereof",489296.0,2025,Export
BRA,Brazil,CHL,Chile,automotive,87,"Vehicles; other than railway or tramway rolling stock, and parts and accessories thereof",1162218676.0,2025,Export
BRA,Brazil,CHN,China,automotive,87,"Vehicles; other than railway or tramway rolling stock, and parts and accessories thereof",10374022.0,2025,Export
BRA,Brazil,CIV,Côte d'Ivoire,automotive,87,"Vehicles; other than railway or tramway rolling stock, and parts and accessories thereof",5357647.0,2025,Export
BRA,Brazil,CMR,Cameroon,automotive,87,"Vehicles; other than railway or tramway rolling stock, and parts and accessories thereof",2371198.0,2025,Export
BRA,Brazil,COD,Dem. Rep. of the Congo,automotive,87,"Vehicles; other than railway or tramway rolling stock, and parts and accessories thereof",2704815.0,2025,Export
BRA,Brazil,COG,Congo,automotive,87,"Vehicles; other than railway or tramway rolling stock, and parts and accessories thereof",208524.0,2025,Export
BRA,Brazil,COL,Colombia,automotive,87,"Vehicles; other than railway or tramway rolling stock, and parts and accessories thereof",916530918.0,2025,Export
BRA,Brazil,COM,Comoros,automotive,87,"Vehicles; other than railway or tramway rolling stock, and parts and accessories thereof",24.0,2025,Export
BRA,Brazil,CPV,Cabo Verde,automotive,87,"Vehicles; other than railway or tramway rolling stock, and parts and accessories thereof",82556.0,2025,Export
BRA,Brazil,CRI,Costa Rica,automotive,87,"Vehicles; other than railway or tramway rolling stock, and parts and accessories thereof",55977024.0,2025,Export
BRA,Brazil,CUB,Cuba,automotive,87,"Vehicles; other than railway or tramway rolling stock, and parts and accessories thereof",253543.0,2025,Export
BRA,Brazil,CUW,Curaçao,automotive,87,"Vehicles; other than railway or tramway rolling stock, and parts and accessories thereof",7712485.0,2025,Export
BRA,Brazil,CYM,Cayman Isds,automotive,87,"Vehicles; other than railway or tramway rolling stock, and parts and accessories thereof",2679994.0,2025,Export
BRA,Brazil,CYP,Cyprus,automotive,87,"Vehicles; other than railway or tramway rolling stock, and parts and accessories thereof",4771.0,2025,Export
BRA,Brazil,CZE,Czechia,automotive,87,"Vehicles; other than railway or tramway rolling stock, and parts and accessories thereof",469732.0,2025,Export
BRA,Brazil,DEU,Germany,automotive,87,"Vehicles; other than railway or tramway rolling stock, and parts and accessories thereof",79304092.0,2025,Export
BRA,Brazil,DMA,Dominica,automotive,87,"Vehicles; other than railway or tramway rolling stock, and parts and accessories thereof",2730.0,2025,Export
BRA,Brazil,DNK,Denmark,automotive,87,"Vehicles; other than railway or tramway rolling stock, and parts and accessories thereof",567005.0,2025,Export
BRA,Brazil,DOM,Dominican Rep.,automotive,87,"Vehicles; other than railway or tramway rolling stock, and parts and accessories thereof",42907923.0,2025,Export
BRA,Brazil,DZA,Algeria,automotive,87,"Vehicles; other than railway or tramway rolling stock, and parts and accessories thereof",6485565.0,2025,Export
BRA,Brazil,ECU,Ecuador,automotive,87,"Vehicles; other than railway or tramway rolling stock, and parts and accessories thereof",124069645.0,2025,Export
BRA,Brazil,EGY,Egypt,automotive,87,"Vehicles; other than railway or tramway rolling stock, and parts and accessories thereof",26541585.0,2025,Export
BRA,Brazil,ESP,Spain,automotive,87,"Vehicles; other than railway or tramway rolling stock, and parts and accessories thereof",7029613.0,2025,Export
BRA,Brazil,EST,Estonia,automotive,87,"Vehicles; other than railway or tramway rolling stock, and parts and accessories thereof",2115.0,2025,Export
BRA,Brazil,ETH,Ethiopia,automotive,87,"Vehicles; other than railway or tramway rolling stock, and parts and accessories thereof",335961.0,2025,Export
BRA,Brazil,FIN,Finland,automotive,87,"Vehicles; other than railway or tramway rolling stock, and parts and accessories thereof",312869.0,2025,Export
BRA,Brazil,FRA,France,automotive,87,"Vehicles; other than railway or tramway rolling stock, and parts and accessories thereof",39369994.0,2025,Export
BRA,Brazil,GAB,Gabon,automotive,87,"Vehicles; other than railway or tramway rolling stock, and parts and accessories thereof",145554.0,2025,Export
BRA,Brazil,GBR,United Kingdom,automotive,87,"Vehicles; other than railway or tramway rolling stock, and parts and accessories thereof",10604966.0,2025,Export
BRA,Brazil,GHA,Ghana,automotive,87,"Vehicles; other than railway or tramway rolling stock, and parts and accessories thereof",5627879.0,2025,Export
BRA,Brazil,GMB,Gambia,automotive,87,"Vehicles; other than railway or tramway rolling stock, and parts and accessories thereof",2365.0,2025,Export
BRA,Brazil,GRC,Greece,automotive,87,"Vehicles; other than railway or tramway rolling stock, and parts and accessories thereof",46067.0,2025,Export
BRA,Brazil,GTM,Guatemala,automotive,87,"Vehicles; other than railway or tramway rolling stock, and parts and accessories thereof",66007063.0,2025,Export
BRA,Brazil,GUM,Guam,automotive,87,"Vehicles; other than railway or tramway rolling stock, and parts and accessories thereof",8082.0,2025,Export
BRA,Brazil,GUY,Guyana,automotive,87,"Vehicles; other than railway or tramway rolling stock, and parts and accessories thereof",3228397.0,2025,Export
BRA,Brazil,HKG,"China, Hong Kong SAR",automotive,87,"Vehicles; other than railway or tramway rolling stock, and parts and accessories thereof",103206.0,2025,Export
BRA,Brazil,HND,Honduras,automotive,87,"Vehicles; other than railway or tramway rolling stock, and parts and accessories thereof",12081095.0,2025,Export
BRA,Brazil,HRV,Croatia,automotive,87,"Vehicles; other than railway or tramway rolling stock, and parts and accessories thereof",18913.0,2025,Export
BRA,Brazil,HTI,Haiti,automotive,87,"Vehicles; other than railway or tramway rolling stock, and parts and accessories thereof",1601429.0,2025,Export
BRA,Brazil,HUN,Hungary,automotive,87,"Vehicles; other than railway or tramway rolling stock, and parts and accessories thereof",8036956.0,2025,Export
BRA,Brazil,IDN,Indonesia,automotive,87,"Vehicles; other than railway or tramway rolling stock, and parts and accessories thereof",20787865.0,2025,Export
BRA,Brazil,IND,India,automotive,87,"Vehicles; other than railway or tramway rolling stock, and parts and accessories thereof",11208604.0,2025,Export
BRA,Brazil,IRL,Ireland,automotive,87,"Vehicles; other than railway or tramway rolling stock, and parts and accessories thereof",30156.0,2025,Export
BRA,Brazil,IRN,Iran,automotive,87,"Vehicles; other than railway or tramway rolling stock, and parts and accessories thereof",13191.0,2025,Export
BRA,Brazil,IRQ,Iraq,automotive,87,"Vehicles; other than railway or tramway rolling stock, and parts and accessories thereof",202.0,2025,Export
BRA,Brazil,ISR,Israel,automotive,87,"Vehicles; other than railway or tramway rolling stock, and parts and accessories thereof",788277.0,2025,Export
BRA,Brazil,ITA,Italy,automotive,87,"Vehicles; other than railway or tramway rolling stock, and parts and accessories thereof",20039862.0,2025,Export
BRA,Brazil,JAM,Jamaica,automotive,87,"Vehicles; other than railway or tramway rolling stock, and parts and accessories thereof",752708.0,2025,Export
BRA,Brazil,JOR,Jordan,automotive,87,"Vehicles; other than railway or tramway rolling stock, and parts and accessories thereof",1701251.0,2025,Export
BRA,Brazil,JPN,Japan,automotive,87,"Vehicles; other than railway or tramway rolling stock, and parts and accessories thereof",14514517.0,2025,Export
BRA,Brazil,KAZ,Kazakhstan,automotive,87,"Vehicles; other than railway or tramway rolling stock, and parts and accessories thereof",6829829.0,2025,Export
BRA,Brazil,KEN,Kenya,automotive,87,"Vehicles; other than railway or tramway rolling stock, and parts and accessories thereof",36105307.0,2025,Export
BRA,Brazil,KGZ,Kyrgyzstan,automotive,87,"Vehicles; other than railway or tramway rolling stock, and parts and accessories thereof",30318.0,2025,Export
BRA,Brazil,KHM,Cambodia,automotive,87,"Vehicles; other than railway or tramway rolling stock, and parts and accessories thereof",5126033.0,2025,Export
BRA,Brazil,KOR,Rep. of Korea,automotive,87,"Vehicles; other than railway or tramway rolling stock, and parts and accessories thereof",4600560.0,2025,Export
BRA,Brazil,KWT,Kuwait,automotive,87,"Vehicles; other than railway or tramway rolling stock, and parts and accessories thereof",1403174.0,2025,Export
BRA,Brazil,LBN,Lebanon,automotive,87,"Vehicles; other than railway or tramway rolling stock, and parts and accessories thereof",38809.0,2025,Export
BRA,Brazil,LBR,Liberia,automotive,87,"Vehicles; other than railway or tramway rolling stock, and parts and accessories thereof",93028.0,2025,Export
BRA,Brazil,LBY,Libya,automotive,87,"Vehicles; other than railway or tramway rolling stock, and parts and accessories thereof",709446.0,2025,Export
BRA,Brazil,LTU,Lithuania,automotive,87,"Vehicles; other than railway or tramway rolling stock, and parts and accessories thereof",2507.0,2025,Export
BRA,Brazil,LUX,Luxembourg,automotive,87,"Vehicles; other than railway or tramway rolling stock, and parts and accessories thereof",285.0,2025,Export
BRA,Brazil,LVA,Latvia,automotive,87,"Vehicles; other than railway or tramway rolling stock, and parts and accessories thereof",162985.0,2025,Export
BRA,Brazil,MAR,Morocco,automotive,87,"Vehicles; other than railway or tramway rolling stock, and parts and accessories thereof",8673507.0,2025,Export
BRA,Brazil,MDG,Madagascar,automotive,87,"Vehicles; other than railway or tramway rolling stock, and parts and accessories thereof",629432.0,2025,Export
BRA,Brazil,MEX,Mexico,automotive,87,"Vehicles; other than railway or tramway rolling stock, and parts and accessories thereof",1348484444.0,2025,Export
BRA,Brazil,MHL,Marshall Isds,automotive,87,"Vehicles; other than railway or tramway rolling stock, and parts and accessories thereof",10488.0,2025,Export
BRA,Brazil,MLI,Mali,automotive,87,"Vehicles; other than railway or tramway rolling stock, and parts and accessories thereof",7440.0,2025,Export
BRA,Brazil,MLT,Malta,automotive,87,"Vehicles; other than railway or tramway rolling stock, and parts and accessories thereof",1283.0,2025,Export
BRA,Brazil,MMR,Myanmar,automotive,87,"Vehicles; other than railway or tramway rolling stock, and parts and accessories thereof",939.0,2025,Export
BRA,Brazil,MNE,Montenegro,automotive,87,"Vehicles; other than railway or tramway rolling stock, and parts and accessories thereof",103105.0,2025,Export
BRA,Brazil,MOZ,Mozambique,automotive,87,"Vehicles; other than railway or tramway rolling stock, and parts and accessories thereof",98891.0,2025,Export
BRA,Brazil,MRT,Mauritania,automotive,87,"Vehicles; other than railway or tramway rolling stock, and parts and accessories thereof",621.0,2025,Export
BRA,Brazil,MUS,Mauritius,automotive,87,"Vehicles; other than railway or tramway rolling stock, and parts and accessories thereof",487760.0,2025,Export
BRA,Brazil,MWI,Malawi,automotive,87,"Vehicles; other than railway or tramway rolling stock, and parts and accessories thereof",890.0,2025,Export
BRA,Brazil,MYS,Malaysia,automotive,87,"Vehicles; other than railway or tramway rolling stock, and parts and accessories thereof",10655614.0,2025,Export
BRA,Brazil,NAM,Namibia,automotive,87,"Vehicles; other than railway or tramway rolling stock, and parts and accessories thereof",14653.0,2025,Export
BRA,Brazil,NGA,Nigeria,automotive,87,"Vehicles; other than railway or tramway rolling stock, and parts and accessories thereof",331256.0,2025,Export
BRA,Brazil,NIC,Nicaragua,automotive,87,"Vehicles; other than railway or tramway rolling stock, and parts and accessories thereof",20184193.0,2025,Export
BRA,Brazil,NLD,Netherlands,automotive,87,"Vehicles; other than railway or tramway rolling stock, and parts and accessories thereof",35911313.0,2025,Export
BRA,Brazil,NOR,Norway,automotive,87,"Vehicles; other than railway or tramway rolling stock, and parts and accessories thereof",243404.0,2025,Export
BRA,Brazil,NPL,Nepal,automotive,87,"Vehicles; other than railway or tramway rolling stock, and parts and accessories thereof",1171.0,2025,Export
BRA,Brazil,NZL,New Zealand,automotive,87,"Vehicles; other than railway or tramway rolling stock, and parts and accessories thereof",1407385.0,2025,Export
BRA,Brazil,OMN,Oman,automotive,87,"Vehicles; other than railway or tramway rolling stock, and parts and accessories thereof",1534511.0,2025,Export
BRA,Brazil,PAK,Pakistan,automotive,87,"Vehicles; other than railway or tramway rolling stock, and parts and accessories thereof",315467.0,2025,Export
BRA,Brazil,PAN,Panama,automotive,87,"Vehicles; other than railway or tramway rolling stock, and parts and accessories thereof",31794556.0,2025,Export
BRA,Brazil,PER,Peru,automotive,87,"Vehicles; other than railway or tramway rolling stock, and parts and accessories thereof",826572516.0,2025,Export
BRA,Brazil,PHL,Philippines,automotive,87,"Vehicles; other than railway or tramway rolling stock, and parts and accessories thereof",12253312.0,2025,Export
BRA,Brazil,PNG,Papua New Guinea,automotive,87,"Vehicles; other than railway or tramway rolling stock, and parts and accessories thereof",3106.0,2025,Export
BRA,Brazil,POL,Poland,automotive,87,"Vehicles; other than railway or tramway rolling stock, and parts and accessories thereof",12158549.0,2025,Export
BRA,Brazil,PRT,Portugal,automotive,87,"Vehicles; other than railway or tramway rolling stock, and parts and accessories thereof",1187770.0,2025,Export
BRA,Brazil,PRY,Paraguay,automotive,87,"Vehicles; other than railway or tramway rolling stock, and parts and accessories thereof",396040165.0,2025,Export
BRA,Brazil,PYF,French Polynesia,automotive,87,"Vehicles; other than railway or tramway rolling stock, and parts and accessories thereof",3188876.0,2025,Export
BRA,Brazil,QAT,Qatar,automotive,87,"Vehicles; other than railway or tramway rolling stock, and parts and accessories thereof",3656964.0,2025,Export
BRA,Brazil,ROU,Romania,automotive,87,"Vehicles; other than railway or tramway rolling stock, and parts and accessories thereof",852837.0,2025,Export
BRA,Brazil,RUS,Russian Federation,automotive,87,"Vehicles; other than railway or tramway rolling stock, and parts and accessories thereof",277423.0,2025,Export
BRA,Brazil,RWA,Rwanda,automotive,87,"Vehicles; other than railway or tramway rolling stock, and parts and accessories thereof",223500.0,2025,Export
BRA,Brazil,S19,"Other Asia, nes",automotive,87,"Vehicles; other than railway or tramway rolling stock, and parts and accessories thereof",2091061.0,2025,Export
BRA,Brazil,SAU,Saudi Arabia,automotive,87,"Vehicles; other than railway or tramway rolling stock, and parts and accessories thereof",25573256.0,2025,Export
BRA,Brazil,SDN,Sudan,automotive,87,"Vehicles; other than railway or tramway rolling stock, and parts and accessories thereof",85.0,2025,Export
BRA,Brazil,SEN,Senegal,automotive,87,"Vehicles; other than railway or tramway rolling stock, and parts and accessories thereof",980486.0,2025,Export
BRA,Brazil,SGP,Singapore,automotive,87,"Vehicles; other than railway or tramway rolling stock, and parts and accessories thereof",770055.0,2025,Export
BRA,Brazil,SLE,Sierra Leone,automotive,87,"Vehicles; other than railway or tramway rolling stock, and parts and accessories thereof",160000.0,2025,Export
BRA,Brazil,SLV,El Salvador,automotive,87,"Vehicles; other than railway or tramway rolling stock, and parts and accessories thereof",18201938.0,2025,Export
BRA,Brazil,SMR,San Marino,automotive,87,"Vehicles; other than railway or tramway rolling stock, and parts and accessories thereof",155.0,2025,Export
BRA,Brazil,SOM,Somalia,automotive,87,"Vehicles; other than railway or tramway rolling stock, and parts and accessories thereof",56649.0,2025,Export
BRA,Brazil,SRB,Serbia,automotive,87,"Vehicles; other than railway or tramway rolling stock, and parts and accessories thereof",64299.0,2025,Export
BRA,Brazil,STP,Sao Tome and Principe,automotive,87,"Vehicles; other than railway or tramway rolling stock, and parts and accessories thereof",2262.0,2025,Export
BRA,Brazil,SUR,Suriname,automotive,87,"Vehicles; other than railway or tramway rolling stock, and parts and accessories thereof",422987.0,2025,Export
BRA,Brazil,SVK,Slovakia,automotive,87,"Vehicles; other than railway or tramway rolling stock, and parts and accessories thereof",516415.0,2025,Export
BRA,Brazil,SVN,Slovenia,automotive,87,"Vehicles; other than railway or tramway rolling stock, and parts and accessories thereof",687248.0,2025,Export
BRA,Brazil,SWE,Sweden,automotive,87,"Vehicles; other than railway or tramway rolling stock, and parts and accessories thereof",12268172.0,2025,Export
BRA,Brazil,SXM,Sint Maarten,automotive,87,"Vehicles; other than railway or tramway rolling stock, and parts and accessories thereof",599395.0,2025,Export
BRA,Brazil,TCA,Turks and Caicos Isds,automotive,87,"Vehicles; other than railway or tramway rolling stock, and parts and accessories thereof",163945.0,2025,Export
BRA,Brazil,TGO,Togo,automotive,87,"Vehicles; other than railway or tramway rolling stock, and parts and accessories thereof",42352.0,2025,Export
BRA,Brazil,THA,Thailand,automotive,87,"Vehicles; other than railway or tramway rolling stock, and parts and accessories thereof",1471790.0,2025,Export
BRA,Brazil,TON,Tonga,automotive,87,"Vehicles; other than railway or tramway rolling stock, and parts and accessories thereof",385.0,2025,Export
BRA,Brazil,TTO,Trinidad and Tobago,automotive,87,"Vehicles; other than railway or tramway rolling stock, and parts and accessories thereof",176554.0,2025,Export
BRA,Brazil,TUN,Tunisia,automotive,87,"Vehicles; other than railway or tramway rolling stock, and parts and accessories thereof",13987056.0,2025,Export
BRA,Brazil,TUR,Türkiye,automotive,87,"Vehicles; other than railway or tramway rolling stock, and parts and accessories thereof",13958495.0,2025,Export
BRA,Brazil,TZA,United Rep. of Tanzania,automotive,87,"Vehicles; other than railway or tramway rolling stock, and parts and accessories thereof",3486683.0,2025,Export
BRA,Brazil,UGA,Uganda,automotive,87,"Vehicles; other than railway or tramway rolling stock, and parts and accessories thereof",10317.0,2025,Export
BRA,Brazil,UKR,Ukraine,automotive,87,"Vehicles; other than railway or tramway rolling stock, and parts and accessories thereof",29034.0,2025,Export
BRA,Brazil,URY,Uruguay,automotive,87,"Vehicles; other than railway or tramway rolling stock, and parts and accessories thereof",605635380.0,2025,Export
BRA,Brazil,USA,USA,automotive,87,"Vehicles; other than railway or tramway rolling stock, and parts and accessories thereof",548063169.0,2025,Export
BRA,Brazil,UZB,Uzbekistan,automotive,87,"Vehicles; other than railway or tramway rolling stock, and parts and accessories thereof",73959130.0,2025,Export
BRA,Brazil,VEN,Venezuela,automotive,87,"Vehicles; other than railway or tramway rolling stock, and parts and accessories thereof",65520090.0,2025,Export
BRA,Brazil,VNM,Viet Nam,automotive,87,"Vehicles; other than railway or tramway rolling stock, and parts and accessories thereof",66657.0,2025,Export
BRA,Brazil,W00,World,automotive,87,"Vehicles; other than railway or tramway rolling stock, and parts and accessories thereof",15079880069.0,2025,Export
BRA,Brazil,YEM,Yemen,automotive,87,"Vehicles; other than railway or tramway rolling stock, and parts and accessories thereof",108641.0,2025,Export
BRA,Brazil,ZAF,South Africa,automotive,87,"Vehicles; other than railway or tramway rolling stock, and parts and accessories thereof",189743257.0,2025,Export
BRA,Brazil,ZMB,Zambia,automotive,87,"Vehicles; other than railway or tramway rolling stock, and parts and accessories thereof",160393.0,2025,Export
BRA,Brazil,ZWE,Zimbabwe,automotive,87,"Vehicles; other than railway or tramway rolling stock, and parts and accessories thereof",1290.0,2025,Export
CAN,Canada,ABW,Aruba,automotive,87,"Vehicles; other than railway or tramway rolling stock, and parts and accessories thereof",1495956.937,2025,Export
CAN,Canada,ABW,Aruba,automotive,87,"Vehicles; other than railway or tramway rolling stock, and parts and accessories thereof",1495956.937,2025,Export
CAN,Canada,AGO,Angola,automotive,87,"Vehicles; other than railway or tramway rolling stock, and parts and accessories thereof",3382953.129,2025,Export
CAN,Canada,AGO,Angola,automotive,87,"Vehicles; other than railway or tramway rolling stock, and parts and accessories thereof",3382953.129,2025,Export
CAN,Canada,ALB,Albania,automotive,87,"Vehicles; other than railway or tramway rolling stock, and parts and accessories thereof",53122841.88,2025,Export
CAN,Canada,ALB,Albania,automotive,87,"Vehicles; other than railway or tramway rolling stock, and parts and accessories thereof",53122841.88,2025,Export
CAN,Canada,ARE,United Arab Emirates,automotive,87,"Vehicles; other than railway or tramway rolling stock, and parts and accessories thereof",298241144.881,2025,Export
CAN,Canada,ARE,United Arab Emirates,automotive,87,"Vehicles; other than railway or tramway rolling stock, and parts and accessories thereof",298241144.881,2025,Export
CAN,Canada,ARG,Argentina,automotive,87,"Vehicles; other than railway or tramway rolling stock, and parts and accessories thereof",1977600.949,2025,Export
CAN,Canada,ARG,Argentina,automotive,87,"Vehicles; other than railway or tramway rolling stock, and parts and accessories thereof",1977600.949,2025,Export
CAN,Canada,ARM,Armenia,automotive,87,"Vehicles; other than railway or tramway rolling stock, and parts and accessories thereof",373984.344,2025,Export
CAN,Canada,ARM,Armenia,automotive,87,"Vehicles; other than railway or tramway rolling stock, and parts and accessories thereof",373984.344,2025,Export
CAN,Canada,ATG,Antigua and Barbuda,automotive,87,"Vehicles; other than railway or tramway rolling stock, and parts and accessories thereof",128639.961,2025,Export
CAN,Canada,ATG,Antigua and Barbuda,automotive,87,"Vehicles; other than railway or tramway rolling stock, and parts and accessories thereof",128639.961,2025,Export
CAN,Canada,AUS,Australia,automotive,87,"Vehicles; other than railway or tramway rolling stock, and parts and accessories thereof",136505919.269,2025,Export
CAN,Canada,AUS,Australia,automotive,87,"Vehicles; other than railway or tramway rolling stock, and parts and accessories thereof",136505919.269,2025,Export
CAN,Canada,AUT,Austria,automotive,87,"Vehicles; other than railway or tramway rolling stock, and parts and accessories thereof",9807183.738,2025,Export
CAN,Canada,AUT,Austria,automotive,87,"Vehicles; other than railway or tramway rolling stock, and parts and accessories thereof",9807183.738,2025,Export
CAN,Canada,AZE,Azerbaijan,automotive,87,"Vehicles; other than railway or tramway rolling stock, and parts and accessories thereof",915126.375,2025,Export
CAN,Canada,AZE,Azerbaijan,automotive,87,"Vehicles; other than railway or tramway rolling stock, and parts and accessories thereof",915126.375,2025,Export
CAN,Canada,BDI,Burundi,automotive,87,"Vehicles; other than railway or tramway rolling stock, and parts and accessories thereof",213226.957,2025,Export
CAN,Canada,BDI,Burundi,automotive,87,"Vehicles; other than railway or tramway rolling stock, and parts and accessories thereof",213226.957,2025,Export
CAN,Canada,BEL,Belgium,automotive,87,"Vehicles; other than railway or tramway rolling stock, and parts and accessories thereof",143137367.769,2025,Export
CAN,Canada,BEL,Belgium,automotive,87,"Vehicles; other than railway or tramway rolling stock, and parts and accessories thereof",143137367.769,2025,Export
CAN,Canada,BEN,Benin,automotive,87,"Vehicles; other than railway or tramway rolling stock, and parts and accessories thereof",38608562.174,2025,Export
CAN,Canada,BEN,Benin,automotive,87,"Vehicles; other than railway or tramway rolling stock, and parts and accessories thereof",38608562.174,2025,Export
CAN,Canada,BES,Bonaire,automotive,87,"Vehicles; other than railway or tramway rolling stock, and parts and accessories thereof",91078.585,2025,Export
CAN,Canada,BES,Bonaire,automotive,87,"Vehicles; other than railway or tramway rolling stock, and parts and accessories thereof",91078.585,2025,Export
CAN,Canada,BFA,Burkina Faso,automotive,87,"Vehicles; other than railway or tramway rolling stock, and parts and accessories thereof",11436986.949,2025,Export
CAN,Canada,BFA,Burkina Faso,automotive,87,"Vehicles; other than railway or tramway rolling stock, and parts and accessories thereof",11436986.949,2025,Export
CAN,Canada,BGD,Bangladesh,automotive,87,"Vehicles; other than railway or tramway rolling stock, and parts and accessories thereof",86711.253,2025,Export
CAN,Canada,BGD,Bangladesh,automotive,87,"Vehicles; other than railway or tramway rolling stock, and parts and accessories thereof",86711.253,2025,Export
CAN,Canada,BGR,Bulgaria,automotive,87,"Vehicles; other than railway or tramway rolling stock, and parts and accessories thereof",5754324.002,2025,Export
CAN,Canada,BGR,Bulgaria,automotive,87,"Vehicles; other than railway or tramway rolling stock, and parts and accessories thereof",5754324.002,2025,Export
CAN,Canada,BHR,Bahrain,automotive,87,"Vehicles; other than railway or tramway rolling stock, and parts and accessories thereof",1130313.126,2025,Export
CAN,Canada,BHR,Bahrain,automotive,87,"Vehicles; other than railway or tramway rolling stock, and parts and accessories thereof",1130313.126,2025,Export
CAN,Canada,BHS,Bahamas,automotive,87,"Vehicles; other than railway or tramway rolling stock, and parts and accessories thereof",1179991.168,2025,Export
CAN,Canada,BHS,Bahamas,automotive,87,"Vehicles; other than railway or tramway rolling stock, and parts and accessories thereof",1179991.168,2025,Export
CAN,Canada,BIH,Bosnia Herzegovina,automotive,87,"Vehicles; other than railway or tramway rolling stock, and parts and accessories thereof",2242856.251,2025,Export
CAN,Canada,BIH,Bosnia Herzegovina,automotive,87,"Vehicles; other than railway or tramway rolling stock, and parts and accessories thereof",2242856.251,2025,Export
CAN,Canada,BLZ,Belize,automotive,87,"Vehicles; other than railway or tramway rolling stock, and parts and accessories thereof",217947.849,2025,Export
CAN,Canada,BLZ,Belize,automotive,87,"Vehicles; other than railway or tramway rolling stock, and parts and accessories thereof",217947.849,2025,Export
CAN,Canada,BMU,Bermuda,automotive,87,"Vehicles; other than railway or tramway rolling stock, and parts and accessories thereof",99558.223,2025,Export
CAN,Canada,BMU,Bermuda,automotive,87,"Vehicles; other than railway or tramway rolling stock, and parts and accessories thereof",99558.223,2025,Export
CAN,Canada,BOL,Bolivia (Plurinational State of),automotive,87,"Vehicles; other than railway or tramway rolling stock, and parts and accessories thereof",543061.977,2025,Export
CAN,Canada,BOL,Bolivia (Plurinational State of),automotive,87,"Vehicles; other than railway or tramway rolling stock, and parts and accessories thereof",543061.977,2025,Export
CAN,Canada,BRA,Brazil,automotive,87,"Vehicles; other than railway or tramway rolling stock, and parts and accessories thereof",26847749.998,2025,Export
CAN,Canada,BRA,Brazil,automotive,87,"Vehicles; other than railway or tramway rolling stock, and parts and accessories thereof",26847749.998,2025,Export
CAN,Canada,BRB,Barbados,automotive,87,"Vehicles; other than railway or tramway rolling stock, and parts and accessories thereof",517645.523,2025,Export
CAN,Canada,BRB,Barbados,automotive,87,"Vehicles; other than railway or tramway rolling stock, and parts and accessories thereof",517645.523,2025,Export
CAN,Canada,BWA,Botswana,automotive,87,"Vehicles; other than railway or tramway rolling stock, and parts and accessories thereof",49567.193,2025,Export
CAN,Canada,BWA,Botswana,automotive,87,"Vehicles; other than railway or tramway rolling stock, and parts and accessories thereof",49567.193,2025,Export
CAN,Canada,CAF,Central African Rep.,automotive,87,"Vehicles; other than railway or tramway rolling stock, and parts and accessories thereof",252154.755,2025,Export
CAN,Canada,CAF,Central African Rep.,automotive,87,"Vehicles; other than railway or tramway rolling stock, and parts and accessories thereof",252154.755,2025,Export
CAN,Canada,CHE,Switzerland,automotive,87,"Vehicles; other than railway or tramway rolling stock, and parts and accessories thereof",7513674.257,2025,Export
CAN,Canada,CHE,Switzerland,automotive,87,"Vehicles; other than railway or tramway rolling stock, and parts and accessories thereof",7513674.257,2025,Export
CAN,Canada,CHL,Chile,automotive,87,"Vehicles; other than railway or tramway rolling stock, and parts and accessories thereof",14966268.169,2025,Export
CAN,Canada,CHL,Chile,automotive,87,"Vehicles; other than railway or tramway rolling stock, and parts and accessories thereof",14966268.169,2025,Export
CAN,Canada,CHN,China,automotive,87,"Vehicles; other than railway or tramway rolling stock, and parts and accessories thereof",326841428.966,2025,Export
CAN,Canada,CHN,China,automotive,87,"Vehicles; other than railway or tramway rolling stock, and parts and accessories thereof",326841428.966,2025,Export
CAN,Canada,CIV,Côte d'Ivoire,automotive,87,"Vehicles; other than railway or tramway rolling stock, and parts and accessories thereof",42001951.836,2025,Export
CAN,Canada,CIV,Côte d'Ivoire,automotive,87,"Vehicles; other than railway or tramway rolling stock, and parts and accessories thereof",42001951.836,2025,Export
CAN,Canada,CMR,Cameroon,automotive,87,"Vehicles; other than railway or tramway rolling stock, and parts and accessories thereof",11043531.461,2025,Export
CAN,Canada,CMR,Cameroon,automotive,87,"Vehicles; other than railway or tramway rolling stock, and parts and accessories thereof",11043531.461,2025,Export
CAN,Canada,COD,Dem. Rep. of the Congo,automotive,87,"Vehicles; other than railway or tramway rolling stock, and parts and accessories thereof",8335360.876,2025,Export
CAN,Canada,COD,Dem. Rep. of the Congo,automotive,87,"Vehicles; other than railway or tramway rolling stock, and parts and accessories thereof",8335360.876,2025,Export
CAN,Canada,COG,Congo,automotive,87,"Vehicles; other than railway or tramway rolling stock, and parts and accessories thereof",1615611.554,2025,Export
CAN,Canada,COG,Congo,automotive,87,"Vehicles; other than railway or tramway rolling stock, and parts and accessories thereof",1615611.554,2025,Export
CAN,Canada,COL,Colombia,automotive,87,"Vehicles; other than railway or tramway rolling stock, and parts and accessories thereof",5363416.607,2025,Export
CAN,Canada,COL,Colombia,automotive,87,"Vehicles; other than railway or tramway rolling stock, and parts and accessories thereof",5363416.607,2025,Export
CAN,Canada,COM,Comoros,automotive,87,"Vehicles; other than railway or tramway rolling stock, and parts and accessories thereof",28907.856,2025,Export
CAN,Canada,COM,Comoros,automotive,87,"Vehicles; other than railway or tramway rolling stock, and parts and accessories thereof",28907.856,2025,Export
CAN,Canada,CRI,Costa Rica,automotive,87,"Vehicles; other than railway or tramway rolling stock, and parts and accessories thereof",3070759.871,2025,Export
CAN,Canada,CRI,Costa Rica,automotive,87,"Vehicles; other than railway or tramway rolling stock, and parts and accessories thereof",3070759.871,2025,Export
CAN,Canada,CUB,Cuba,automotive,87,"Vehicles; other than railway or tramway rolling stock, and parts and accessories thereof",2505885.867,2025,Export
CAN,Canada,CUB,Cuba,automotive,87,"Vehicles; other than railway or tramway rolling stock, and parts and accessories thereof",2505885.867,2025,Export
CAN,Canada,CUW,Curaçao,automotive,87,"Vehicles; other than railway or tramway rolling stock, and parts and accessories thereof",414555.325,2025,Export
CAN,Canada,CUW,Curaçao,automotive,87,"Vehicles; other than railway or tramway rolling stock, and parts and accessories thereof",414555.325,2025,Export
CAN,Canada,CYM,Cayman Isds,automotive,87,"Vehicles; other than railway or tramway rolling stock, and parts and accessories thereof",463204.567,2025,Export
CAN,Canada,CYM,Cayman Isds,automotive,87,"Vehicles; other than railway or tramway rolling stock, and parts and accessories thereof",463204.567,2025,Export
CAN,Canada,CYP,Cyprus,automotive,87,"Vehicles; other than railway or tramway rolling stock, and parts and accessories thereof",93452.797,2025,Export
CAN,Canada,CYP,Cyprus,automotive,87,"Vehicles; other than railway or tramway rolling stock, and parts and accessories thereof",93452.797,2025,Export
CAN,Canada,CZE,Czechia,automotive,87,"Vehicles; other than railway or tramway rolling stock, and parts and accessories thereof",10042154.62,2025,Export
CAN,Canada,CZE,Czechia,automotive,87,"Vehicles; other than railway or tramway rolling stock, and parts and accessories thereof",10042154.62,2025,Export
CAN,Canada,DEU,Germany,automotive,87,"Vehicles; other than railway or tramway rolling stock, and parts and accessories thereof",349188780.69,2025,Export
CAN,Canada,DEU,Germany,automotive,87,"Vehicles; other than railway or tramway rolling stock, and parts and accessories thereof",349188780.69,2025,Export
CAN,Canada,DJI,Djibouti,automotive,87,"Vehicles; other than railway or tramway rolling stock, and parts and accessories thereof",734192.174,2025,Export
CAN,Canada,DJI,Djibouti,automotive,87,"Vehicles; other than railway or tramway rolling stock, and parts and accessories thereof",734192.174,2025,Export
CAN,Canada,DMA,Dominica,automotive,87,"Vehicles; other than railway or tramway rolling stock, and parts and accessories thereof",38897.368,2025,Export
CAN,Canada,DMA,Dominica,automotive,87,"Vehicles; other than railway or tramway rolling stock, and parts and accessories thereof",38897.368,2025,Export
CAN,Canada,DNK,Denmark,automotive,87,"Vehicles; other than railway or tramway rolling stock, and parts and accessories thereof",1974347.185,2025,Export
CAN,Canada,DNK,Denmark,automotive,87,"Vehicles; other than railway or tramway rolling stock, and parts and accessories thereof",1974347.185,2025,Export
CAN,Canada,DOM,Dominican Rep.,automotive,87,"Vehicles; other than railway or tramway rolling stock, and parts and accessories thereof",7023982.414,2025,Export
CAN,Canada,DOM,Dominican Rep.,automotive,87,"Vehicles; other than railway or tramway rolling stock, and parts and accessories thereof",7023982.414,2025,Export
CAN,Canada,DZA,Algeria,automotive,87,"Vehicles; other than railway or tramway rolling stock, and parts and accessories thereof",20126212.59,2025,Export
CAN,Canada,DZA,Algeria,automotive,87,"Vehicles; other than railway or tramway rolling stock, and parts and accessories thereof",20126212.59,2025,Export
CAN,Canada,ECU,Ecuador,automotive,87,"Vehicles; other than railway or tramway rolling stock, and parts and accessories thereof",1458657.833,2025,Export
CAN,Canada,ECU,Ecuador,automotive,87,"Vehicles; other than railway or tramway rolling stock, and parts and accessories thereof",1458657.833,2025,Export
CAN,Canada,EGY,Egypt,automotive,87,"Vehicles; other than railway or tramway rolling stock, and parts and accessories thereof",5275433.119,2025,Export
CAN,Canada,EGY,Egypt,automotive,87,"Vehicles; other than railway or tramway rolling stock, and parts and accessories thereof",5275433.119,2025,Export
CAN,Canada,ESP,Spain,automotive,87,"Vehicles; other than railway or tramway rolling stock, and parts and accessories thereof",6700221.667,2025,Export
CAN,Canada,ESP,Spain,automotive,87,"Vehicles; other than railway or tramway rolling stock, and parts and accessories thereof",6700221.667,2025,Export
CAN,Canada,EST,Estonia,automotive,87,"Vehicles; other than railway or tramway rolling stock, and parts and accessories thereof",1868513.276,2025,Export
CAN,Canada,EST,Estonia,automotive,87,"Vehicles; other than railway or tramway rolling stock, and parts and accessories thereof",1868513.276,2025,Export
CAN,Canada,FIN,Finland,automotive,87,"Vehicles; other than railway or tramway rolling stock, and parts and accessories thereof",34100404.424,2025,Export
CAN,Canada,FIN,Finland,automotive,87,"Vehicles; other than railway or tramway rolling stock, and parts and accessories thereof",34100404.424,2025,Export
CAN,Canada,FJI,Fiji,automotive,87,"Vehicles; other than railway or tramway rolling stock, and parts and accessories thereof",434785.028,2025,Export
CAN,Canada,FJI,Fiji,automotive,87,"Vehicles; other than railway or tramway rolling stock, and parts and accessories thereof",434785.028,2025,Export
CAN,Canada,FRA,France,automotive,87,"Vehicles; other than railway or tramway rolling stock, and parts and accessories thereof",37751603.623,2025,Export
CAN,Canada,FRA,France,automotive,87,"Vehicles; other than railway or tramway rolling stock, and parts and accessories thereof",37751603.623,2025,Export
CAN,Canada,GAB,Gabon,automotive,87,"Vehicles; other than railway or tramway rolling stock, and parts and accessories thereof",3441827.347,2025,Export
CAN,Canada,GAB,Gabon,automotive,87,"Vehicles; other than railway or tramway rolling stock, and parts and accessories thereof",3441827.347,2025,Export
CAN,Canada,GBR,United Kingdom,automotive,87,"Vehicles; other than railway or tramway rolling stock, and parts and accessories thereof",44060836.751,2025,Export
CAN,Canada,GBR,United Kingdom,automotive,87,"Vehicles; other than railway or tramway rolling stock, and parts and accessories thereof",44060836.751,2025,Export
CAN,Canada,GEO,Georgia,automotive,87,"Vehicles; other than railway or tramway rolling stock, and parts and accessories thereof",80797374.685,2025,Export
CAN,Canada,GEO,Georgia,automotive,87,"Vehicles; other than railway or tramway rolling stock, and parts and accessories thereof",80797374.685,2025,Export
CAN,Canada,GHA,Ghana,automotive,87,"Vehicles; other than railway or tramway rolling stock, and parts and accessories thereof",120531916.704,2025,Export
CAN,Canada,GHA,Ghana,automotive,87,"Vehicles; other than railway or tramway rolling stock, and parts and accessories thereof",120531916.704,2025,Export
CAN,Canada,GIB,Gibraltar,automotive,87,"Vehicles; other than railway or tramway rolling stock, and parts and accessories thereof",58842.34,2025,Export
CAN,Canada,GIB,Gibraltar,automotive,87,"Vehicles; other than railway or tramway rolling stock, and parts and accessories thereof",58842.34,2025,Export
CAN,Canada,GIN,Guinea,automotive,87,"Vehicles; other than railway or tramway rolling stock, and parts and accessories thereof",50129228.311,2025,Export
CAN,Canada,GIN,Guinea,automotive,87,"Vehicles; other than railway or tramway rolling stock, and parts and accessories thereof",50129228.311,2025,Export
CAN,Canada,GMB,Gambia,automotive,87,"Vehicles; other than railway or tramway rolling stock, and parts and accessories thereof",7087362.346,2025,Export
CAN,Canada,GMB,Gambia,automotive,87,"Vehicles; other than railway or tramway rolling stock, and parts and accessories thereof",7087362.346,2025,Export
CAN,Canada,GNB,Guinea-Bissau,automotive,87,"Vehicles; other than railway or tramway rolling stock, and parts and accessories thereof",72374.695,2025,Export
CAN,Canada,GNB,Guinea-Bissau,automotive,87,"Vehicles; other than railway or tramway rolling stock, and parts and accessories thereof",72374.695,2025,Export
CAN,Canada,GNQ,Equatorial Guinea,automotive,87,"Vehicles; other than railway or tramway rolling stock, and parts and accessories thereof",300222.217,2025,Export
CAN,Canada,GNQ,Equatorial Guinea,automotive,87,"Vehicles; other than railway or tramway rolling stock, and parts and accessories thereof",300222.217,2025,Export
CAN,Canada,GRC,Greece,automotive,87,"Vehicles; other than railway or tramway rolling stock, and parts and accessories thereof",1522274.679,2025,Export
CAN,Canada,GRC,Greece,automotive,87,"Vehicles; other than railway or tramway rolling stock, and parts and accessories thereof",1522274.679,2025,Export
CAN,Canada,GRD,Grenada,automotive,87,"Vehicles; other than railway or tramway rolling stock, and parts and accessories thereof",130673.654,2025,Export
CAN,Canada,GRD,Grenada,automotive,87,"Vehicles; other than railway or tramway rolling stock, and parts and accessories thereof",130673.654,2025,Export
CAN,Canada,GRL,Greenland,automotive,87,"Vehicles; other than railway or tramway rolling stock, and parts and accessories thereof",1039651.133,2025,Export
CAN,Canada,GRL,Greenland,automotive,87,"Vehicles; other than railway or tramway rolling stock, and parts and accessories thereof",1039651.133,2025,Export
CAN,Canada,GTM,Guatemala,automotive,87,"Vehicles; other than railway or tramway rolling stock, and parts and accessories thereof",8283015.196,2025,Export
CAN,Canada,GTM,Guatemala,automotive,87,"Vehicles; other than railway or tramway rolling stock, and parts and accessories thereof",8283015.196,2025,Export
CAN,Canada,GUM,Guam,automotive,87,"Vehicles; other than railway or tramway rolling stock, and parts and accessories thereof",2900.929,2025,Export
CAN,Canada,GUM,Guam,automotive,87,"Vehicles; other than railway or tramway rolling stock, and parts and accessories thereof",2900.929,2025,Export
CAN,Canada,GUY,Guyana,automotive,87,"Vehicles; other than railway or tramway rolling stock, and parts and accessories thereof",2045688.007,2025,Export
CAN,Canada,GUY,Guyana,automotive,87,"Vehicles; other than railway or tramway rolling stock, and parts and accessories thereof",2045688.007,2025,Export
CAN,Canada,HKG,"China, Hong Kong SAR",automotive,87,"Vehicles; other than railway or tramway rolling stock, and parts and accessories thereof",2912448.423,2025,Export
CAN,Canada,HKG,"China, Hong Kong SAR",automotive,87,"Vehicles; other than railway or tramway rolling stock, and parts and accessories thereof",2912448.423,2025,Export
CAN,Canada,HND,Honduras,automotive,87,"Vehicles; other than railway or tramway rolling stock, and parts and accessories thereof",528962.333,2025,Export
CAN,Canada,HND,Honduras,automotive,87,"Vehicles; other than railway or tramway rolling stock, and parts and accessories thereof",528962.333,2025,Export
CAN,Canada,HRV,Croatia,automotive,87,"Vehicles; other than railway or tramway rolling stock, and parts and accessories thereof",6440247.301,2025,Export
CAN,Canada,HRV,Croatia,automotive,87,"Vehicles; other than railway or tramway rolling stock, and parts and accessories thereof",6440247.301,2025,Export
CAN,Canada,HTI,Haiti,automotive,87,"Vehicles; other than railway or tramway rolling stock, and parts and accessories thereof",25981180.852,2025,Export
CAN,Canada,HTI,Haiti,automotive,87,"Vehicles; other than railway or tramway rolling stock, and parts and accessories thereof",25981180.852,2025,Export
CAN,Canada,HUN,Hungary,automotive,87,"Vehicles; other than railway or tramway rolling stock, and parts and accessories thereof",2255425.735,2025,Export
CAN,Canada,HUN,Hungary,automotive,87,"Vehicles; other than railway or tramway rolling stock, and parts and accessories thereof",2255425.735,2025,Export
CAN,Canada,IDN,Indonesia,automotive,87,"Vehicles; other than railway or tramway rolling stock, and parts and accessories thereof",2874758.084,2025,Export
CAN,Canada,IDN,Indonesia,automotive,87,"Vehicles; other than railway or tramway rolling stock, and parts and accessories thereof",2874758.084,2025,Export
CAN,Canada,IND,India,automotive,87,"Vehicles; other than railway or tramway rolling stock, and parts and accessories thereof",1590232.774,2025,Export
CAN,Canada,IND,India,automotive,87,"Vehicles; other than railway or tramway rolling stock, and parts and accessories thereof",1590232.774,2025,Export
CAN,Canada,IRL,Ireland,automotive,87,"Vehicles; other than railway or tramway rolling stock, and parts and accessories thereof",976875.44,2025,Export
CAN,Canada,IRL,Ireland,automotive,87,"Vehicles; other than railway or tramway rolling stock, and parts and accessories thereof",976875.44,2025,Export
CAN,Canada,IRQ,Iraq,automotive,87,"Vehicles; other than railway or tramway rolling stock, and parts and accessories thereof",7123282.712,2025,Export
CAN,Canada,IRQ,Iraq,automotive,87,"Vehicles; other than railway or tramway rolling stock, and parts and accessories thereof",7123282.712,2025,Export
CAN,Canada,ISL,Iceland,automotive,87,"Vehicles; other than railway or tramway rolling stock, and parts and accessories thereof",28878337.816,2025,Export
CAN,Canada,ISL,Iceland,automotive,87,"Vehicles; other than railway or tramway rolling stock, and parts and accessories thereof",28878337.816,2025,Export
CAN,Canada,ISR,Israel,automotive,87,"Vehicles; other than railway or tramway rolling stock, and parts and accessories thereof",202059599.477,2025,Export
CAN,Canada,ISR,Israel,automotive,87,"Vehicles; other than railway or tramway rolling stock, and parts and accessories thereof",202059599.477,2025,Export
CAN,Canada,ITA,Italy,automotive,87,"Vehicles; other than railway or tramway rolling stock, and parts and accessories thereof",6907433.037,2025,Export
CAN,Canada,ITA,Italy,automotive,87,"Vehicles; other than railway or tramway rolling stock, and parts and accessories thereof",6907433.037,2025,Export
CAN,Canada,JAM,Jamaica,automotive,87,"Vehicles; other than railway or tramway rolling stock, and parts and accessories thereof",3969639.886,2025,Export
CAN,Canada,JAM,Jamaica,automotive,87,"Vehicles; other than railway or tramway rolling stock, and parts and accessories thereof",3969639.886,2025,Export
CAN,Canada,JOR,Jordan,automotive,87,"Vehicles; other than railway or tramway rolling stock, and parts and accessories thereof",38895338.253,2025,Export
CAN,Canada,JOR,Jordan,automotive,87,"Vehicles; other than railway or tramway rolling stock, and parts and accessories thereof",38895338.253,2025,Export
CAN,Canada,JPN,Japan,automotive,87,"Vehicles; other than railway or tramway rolling stock, and parts and accessories thereof",40341843.194,2025,Export
CAN,Canada,JPN,Japan,automotive,87,"Vehicles; other than railway or tramway rolling stock, and parts and accessories thereof",40341843.194,2025,Export
CAN,Canada,KAZ,Kazakhstan,automotive,87,"Vehicles; other than railway or tramway rolling stock, and parts and accessories thereof",33522161.079,2025,Export
CAN,Canada,KAZ,Kazakhstan,automotive,87,"Vehicles; other than railway or tramway rolling stock, and parts and accessories thereof",33522161.079,2025,Export
CAN,Canada,KEN,Kenya,automotive,87,"Vehicles; other than railway or tramway rolling stock, and parts and accessories thereof",1730604.688,2025,Export
CAN,Canada,KEN,Kenya,automotive,87,"Vehicles; other than railway or tramway rolling stock, and parts and accessories thereof",1730604.688,2025,Export
CAN,Canada,KGZ,Kyrgyzstan,automotive,87,"Vehicles; other than railway or tramway rolling stock, and parts and accessories thereof",11415819.732,2025,Export
CAN,Canada,KGZ,Kyrgyzstan,automotive,87,"Vehicles; other than railway or tramway rolling stock, and parts and accessories thereof",11415819.732,2025,Export
CAN,Canada,KHM,Cambodia,automotive,87,"Vehicles; other than railway or tramway rolling stock, and parts and accessories thereof",30113817.578,2025,Export
CAN,Canada,KHM,Cambodia,automotive,87,"Vehicles; other than railway or tramway rolling stock, and parts and accessories thereof",30113817.578,2025,Export
CAN,Canada,KIR,Kiribati,automotive,87,"Vehicles; other than railway or tramway rolling stock, and parts and accessories thereof",67001.021,2025,Export
CAN,Canada,KIR,Kiribati,automotive,87,"Vehicles; other than railway or tramway rolling stock, and parts and accessories thereof",67001.021,2025,Export
CAN,Canada,KNA,Saint Kitts and Nevis,automotive,87,"Vehicles; other than railway or tramway rolling stock, and parts and accessories thereof",128066.876,2025,Export
CAN,Canada,KNA,Saint Kitts and Nevis,automotive,87,"Vehicles; other than railway or tramway rolling stock, and parts and accessories thereof",128066.876,2025,Export
CAN,Canada,KOR,Rep. of Korea,automotive,87,"Vehicles; other than railway or tramway rolling stock, and parts and accessories thereof",8521640.495,2025,Export
CAN,Canada,KOR,Rep. of Korea,automotive,87,"Vehicles; other than railway or tramway rolling stock, and parts and accessories thereof",8521640.495,2025,Export
CAN,Canada,KWT,Kuwait,automotive,87,"Vehicles; other than railway or tramway rolling stock, and parts and accessories thereof",6191951.998,2025,Export
CAN,Canada,KWT,Kuwait,automotive,87,"Vehicles; other than railway or tramway rolling stock, and parts and accessories thereof",6191951.998,2025,Export
CAN,Canada,LBN,Lebanon,automotive,87,"Vehicles; other than railway or tramway rolling stock, and parts and accessories thereof",67647910.954,2025,Export
CAN,Canada,LBN,Lebanon,automotive,87,"Vehicles; other than railway or tramway rolling stock, and parts and accessories thereof",67647910.954,2025,Export
CAN,Canada,LBR,Liberia,automotive,87,"Vehicles; other than railway or tramway rolling stock, and parts and accessories thereof",5366074.102,2025,Export
CAN,Canada,LBR,Liberia,automotive,87,"Vehicles; other than railway or tramway rolling stock, and parts and accessories thereof",5366074.102,2025,Export
CAN,Canada,LBY,Libya,automotive,87,"Vehicles; other than railway or tramway rolling stock, and parts and accessories thereof",53262921.818,2025,Export
CAN,Canada,LBY,Libya,automotive,87,"Vehicles; other than railway or tramway rolling stock, and parts and accessories thereof",53262921.818,2025,Export
CAN,Canada,LCA,Saint Lucia,automotive,87,"Vehicles; other than railway or tramway rolling stock, and parts and accessories thereof",323126.803,2025,Export
CAN,Canada,LCA,Saint Lucia,automotive,87,"Vehicles; other than railway or tramway rolling stock, and parts and accessories thereof",323126.803,2025,Export
CAN,Canada,LKA,Sri Lanka,automotive,87,"Vehicles; other than railway or tramway rolling stock, and parts and accessories thereof",1183753.537,2025,Export
CAN,Canada,LKA,Sri Lanka,automotive,87,"Vehicles; other than railway or tramway rolling stock, and parts and accessories thereof",1183753.537,2025,Export
CAN,Canada,LSO,Lesotho,automotive,87,"Vehicles; other than railway or tramway rolling stock, and parts and accessories thereof",35169.776,2025,Export
CAN,Canada,LSO,Lesotho,automotive,87,"Vehicles; other than railway or tramway rolling stock, and parts and accessories thereof",35169.776,2025,Export
CAN,Canada,LTU,Lithuania,automotive,87,"Vehicles; other than railway or tramway rolling stock, and parts and accessories thereof",76442610.424,2025,Export
CAN,Canada,LTU,Lithuania,automotive,87,"Vehicles; other than railway or tramway rolling stock, and parts and accessories thereof",76442610.424,2025,Export
CAN,Canada,LUX,Luxembourg,automotive,87,"Vehicles; other than railway or tramway rolling stock, and parts and accessories thereof",551379.325,2025,Export
CAN,Canada,LUX,Luxembourg,automotive,87,"Vehicles; other than railway or tramway rolling stock, and parts and accessories thereof",551379.325,2025,Export
CAN,Canada,LVA,Latvia,automotive,87,"Vehicles; other than railway or tramway rolling stock, and parts and accessories thereof",1712884.68,2025,Export
CAN,Canada,LVA,Latvia,automotive,87,"Vehicles; other than railway or tramway rolling stock, and parts and accessories thereof",1712884.68,2025,Export
CAN,Canada,MAC,"China, Macao SAR",automotive,87,"Vehicles; other than railway or tramway rolling stock, and parts and accessories thereof",362035.763,2025,Export
CAN,Canada,MAC,"China, Macao SAR",automotive,87,"Vehicles; other than railway or tramway rolling stock, and parts and accessories thereof",362035.763,2025,Export
CAN,Canada,MAR,Morocco,automotive,87,"Vehicles; other than railway or tramway rolling stock, and parts and accessories thereof",6608461.32,2025,Export
CAN,Canada,MAR,Morocco,automotive,87,"Vehicles; other than railway or tramway rolling stock, and parts and accessories thereof",6608461.32,2025,Export
CAN,Canada,MDA,Rep. of Moldova,automotive,87,"Vehicles; other than railway or tramway rolling stock, and parts and accessories thereof",2195799.478,2025,Export
CAN,Canada,MDA,Rep. of Moldova,automotive,87,"Vehicles; other than railway or tramway rolling stock, and parts and accessories thereof",2195799.478,2025,Export
CAN,Canada,MDG,Madagascar,automotive,87,"Vehicles; other than railway or tramway rolling stock, and parts and accessories thereof",418897.299,2025,Export
CAN,Canada,MDG,Madagascar,automotive,87,"Vehicles; other than railway or tramway rolling stock, and parts and accessories thereof",418897.299,2025,Export
CAN,Canada,MDV,Maldives,automotive,87,"Vehicles; other than railway or tramway rolling stock, and parts and accessories thereof",4136.214,2025,Export
CAN,Canada,MDV,Maldives,automotive,87,"Vehicles; other than railway or tramway rolling stock, and parts and accessories thereof",4136.214,2025,Export
CAN,Canada,MEX,Mexico,automotive,87,"Vehicles; other than railway or tramway rolling stock, and parts and accessories thereof",1108062851.445,2025,Export
CAN,Canada,MEX,Mexico,automotive,87,"Vehicles; other than railway or tramway rolling stock, and parts and accessories thereof",1108062851.445,2025,Export
CAN,Canada,MKD,North Macedonia,automotive,87,"Vehicles; other than railway or tramway rolling stock, and parts and accessories thereof",37600170.65,2025,Export
CAN,Canada,MKD,North Macedonia,automotive,87,"Vehicles; other than railway or tramway rolling stock, and parts and accessories thereof",37600170.65,2025,Export
CAN,Canada,MLI,Mali,automotive,87,"Vehicles; other than railway or tramway rolling stock, and parts and accessories thereof",8647947.541,2025,Export
CAN,Canada,MLI,Mali,automotive,87,"Vehicles; other than railway or tramway rolling stock, and parts and accessories thereof",8647947.541,2025,Export
CAN,Canada,MLT,Malta,automotive,87,"Vehicles; other than railway or tramway rolling stock, and parts and accessories thereof",92802.189,2025,Export
CAN,Canada,MLT,Malta,automotive,87,"Vehicles; other than railway or tramway rolling stock, and parts and accessories thereof",92802.189,2025,Export
CAN,Canada,MMR,Myanmar,automotive,87,"Vehicles; other than railway or tramway rolling stock, and parts and accessories thereof",131580.738,2025,Export
CAN,Canada,MMR,Myanmar,automotive,87,"Vehicles; other than railway or tramway rolling stock, and parts and accessories thereof",131580.738,2025,Export
CAN,Canada,MNE,Montenegro,automotive,87,"Vehicles; other than railway or tramway rolling stock, and parts and accessories thereof",1245487.387,2025,Export
CAN,Canada,MNE,Montenegro,automotive,87,"Vehicles; other than railway or tramway rolling stock, and parts and accessories thereof",1245487.387,2025,Export
CAN,Canada,MNG,Mongolia,automotive,87,"Vehicles; other than railway or tramway rolling stock, and parts and accessories thereof",1671947.822,2025,Export
CAN,Canada,MNG,Mongolia,automotive,87,"Vehicles; other than railway or tramway rolling stock, and parts and accessories thereof",1671947.822,2025,Export
CAN,Canada,MOZ,Mozambique,automotive,87,"Vehicles; other than railway or tramway rolling stock, and parts and accessories thereof",6955.274,2025,Export
CAN,Canada,MOZ,Mozambique,automotive,87,"Vehicles; other than railway or tramway rolling stock, and parts and accessories thereof",6955.274,2025,Export
CAN,Canada,MRT,Mauritania,automotive,87,"Vehicles; other than railway or tramway rolling stock, and parts and accessories thereof",18376993.126,2025,Export
CAN,Canada,MRT,Mauritania,automotive,87,"Vehicles; other than railway or tramway rolling stock, and parts and accessories thereof",18376993.126,2025,Export
CAN,Canada,MUS,Mauritius,automotive,87,"Vehicles; other than railway or tramway rolling stock, and parts and accessories thereof",571988.67,2025,Export
CAN,Canada,MUS,Mauritius,automotive,87,"Vehicles; other than railway or tramway rolling stock, and parts and accessories thereof",571988.67,2025,Export
CAN,Canada,MWI,Malawi,automotive,87,"Vehicles; other than railway or tramway rolling stock, and parts and accessories thereof",9967.777,2025,Export
CAN,Canada,MWI,Malawi,automotive,87,"Vehicles; other than railway or tramway rolling stock, and parts and accessories thereof",9967.777,2025,Export
CAN,Canada,MYS,Malaysia,automotive,87,"Vehicles; other than railway or tramway rolling stock, and parts and accessories thereof",564131.384,2025,Export
CAN,Canada,MYS,Malaysia,automotive,87,"Vehicles; other than railway or tramway rolling stock, and parts and accessories thereof",564131.384,2025,Export
CAN,Canada,NAM,Namibia,automotive,87,"Vehicles; other than railway or tramway rolling stock, and parts and accessories thereof",24006.562,2025,Export
CAN,Canada,NAM,Namibia,automotive,87,"Vehicles; other than railway or tramway rolling stock, and parts and accessories thereof",24006.562,2025,Export
CAN,Canada,NER,Niger,automotive,87,"Vehicles; other than railway or tramway rolling stock, and parts and accessories thereof",2877701.759,2025,Export
CAN,Canada,NER,Niger,automotive,87,"Vehicles; other than railway or tramway rolling stock, and parts and accessories thereof",2877701.759,2025,Export
CAN,Canada,NGA,Nigeria,automotive,87,"Vehicles; other than railway or tramway rolling stock, and parts and accessories thereof",213420715.981,2025,Export
CAN,Canada,NGA,Nigeria,automotive,87,"Vehicles; other than railway or tramway rolling stock, and parts and accessories thereof",213420715.981,2025,Export
CAN,Canada,NIC,Nicaragua,automotive,87,"Vehicles; other than railway or tramway rolling stock, and parts and accessories thereof",228730.697,2025,Export
CAN,Canada,NIC,Nicaragua,automotive,87,"Vehicles; other than railway or tramway rolling stock, and parts and accessories thereof",228730.697,2025,Export
CAN,Canada,NLD,Netherlands,automotive,87,"Vehicles; other than railway or tramway rolling stock, and parts and accessories thereof",220611451.807,2025,Export
CAN,Canada,NLD,Netherlands,automotive,87,"Vehicles; other than railway or tramway rolling stock, and parts and accessories thereof",220611451.807,2025,Export
CAN,Canada,NOR,Norway,automotive,87,"Vehicles; other than railway or tramway rolling stock, and parts and accessories thereof",27191340.52,2025,Export
CAN,Canada,NOR,Norway,automotive,87,"Vehicles; other than railway or tramway rolling stock, and parts and accessories thereof",27191340.52,2025,Export
CAN,Canada,NPL,Nepal,automotive,87,"Vehicles; other than railway or tramway rolling stock, and parts and accessories thereof",72197.19,2025,Export
CAN,Canada,NPL,Nepal,automotive,87,"Vehicles; other than railway or tramway rolling stock, and parts and accessories thereof",72197.19,2025,Export
CAN,Canada,NZL,New Zealand,automotive,87,"Vehicles; other than railway or tramway rolling stock, and parts and accessories thereof",7233332.531,2025,Export
CAN,Canada,NZL,New Zealand,automotive,87,"Vehicles; other than railway or tramway rolling stock, and parts and accessories thereof",7233332.531,2025,Export
CAN,Canada,OMN,Oman,automotive,87,"Vehicles; other than railway or tramway rolling stock, and parts and accessories thereof",5712314.148,2025,Export
CAN,Canada,OMN,Oman,automotive,87,"Vehicles; other than railway or tramway rolling stock, and parts and accessories thereof",5712314.148,2025,Export
CAN,Canada,PAK,Pakistan,automotive,87,"Vehicles; other than railway or tramway rolling stock, and parts and accessories thereof",717511.109,2025,Export
CAN,Canada,PAK,Pakistan,automotive,87,"Vehicles; other than railway or tramway rolling stock, and parts and accessories thereof",717511.109,2025,Export
CAN,Canada,PAN,Panama,automotive,87,"Vehicles; other than railway or tramway rolling stock, and parts and accessories thereof",2868846.102,2025,Export
CAN,Canada,PAN,Panama,automotive,87,"Vehicles; other than railway or tramway rolling stock, and parts and accessories thereof",2868846.102,2025,Export
CAN,Canada,PER,Peru,automotive,87,"Vehicles; other than railway or tramway rolling stock, and parts and accessories thereof",10562162.038,2025,Export
CAN,Canada,PER,Peru,automotive,87,"Vehicles; other than railway or tramway rolling stock, and parts and accessories thereof",10562162.038,2025,Export
CAN,Canada,PHL,Philippines,automotive,87,"Vehicles; other than railway or tramway rolling stock, and parts and accessories thereof",9601965.489,2025,Export
CAN,Canada,PHL,Philippines,automotive,87,"Vehicles; other than railway or tramway rolling stock, and parts and accessories thereof",9601965.489,2025,Export
CAN,Canada,PNG,Papua New Guinea,automotive,87,"Vehicles; other than railway or tramway rolling stock, and parts and accessories thereof",20628.907,2025,Export
CAN,Canada,PNG,Papua New Guinea,automotive,87,"Vehicles; other than railway or tramway rolling stock, and parts and accessories thereof",20628.907,2025,Export
CAN,Canada,POL,Poland,automotive,87,"Vehicles; other than railway or tramway rolling stock, and parts and accessories thereof",29401570.017,2025,Export
CAN,Canada,POL,Poland,automotive,87,"Vehicles; other than railway or tramway rolling stock, and parts and accessories thereof",29401570.017,2025,Export
CAN,Canada,PRT,Portugal,automotive,87,"Vehicles; other than railway or tramway rolling stock, and parts and accessories thereof",2599747.286,2025,Export
CAN,Canada,PRT,Portugal,automotive,87,"Vehicles; other than railway or tramway rolling stock, and parts and accessories thereof",2599747.286,2025,Export
CAN,Canada,PRY,Paraguay,automotive,87,"Vehicles; other than railway or tramway rolling stock, and parts and accessories thereof",2477309.11,2025,Export
CAN,Canada,PRY,Paraguay,automotive,87,"Vehicles; other than railway or tramway rolling stock, and parts and accessories thereof",2477309.11,2025,Export
CAN,Canada,QAT,Qatar,automotive,87,"Vehicles; other than railway or tramway rolling stock, and parts and accessories thereof",3480365.36,2025,Export
CAN,Canada,QAT,Qatar,automotive,87,"Vehicles; other than railway or tramway rolling stock, and parts and accessories thereof",3480365.36,2025,Export
CAN,Canada,ROU,Romania,automotive,87,"Vehicles; other than railway or tramway rolling stock, and parts and accessories thereof",4418498.476,2025,Export
CAN,Canada,ROU,Romania,automotive,87,"Vehicles; other than railway or tramway rolling stock, and parts and accessories thereof",4418498.476,2025,Export
CAN,Canada,RUS,Russian Federation,automotive,87,"Vehicles; other than railway or tramway rolling stock, and parts and accessories thereof",88.39,2025,Export
CAN,Canada,RUS,Russian Federation,automotive,87,"Vehicles; other than railway or tramway rolling stock, and parts and accessories thereof",88.39,2025,Export
CAN,Canada,RWA,Rwanda,automotive,87,"Vehicles; other than railway or tramway rolling stock, and parts and accessories thereof",1599211.598,2025,Export
CAN,Canada,RWA,Rwanda,automotive,87,"Vehicles; other than railway or tramway rolling stock, and parts and accessories thereof",1599211.598,2025,Export
CAN,Canada,S19,"Other Asia, nes",automotive,87,"Vehicles; other than railway or tramway rolling stock, and parts and accessories thereof",57011931.003,2025,Export
CAN,Canada,S19,"Other Asia, nes",automotive,87,"Vehicles; other than railway or tramway rolling stock, and parts and accessories thereof",57011931.003,2025,Export
CAN,Canada,SAU,Saudi Arabia,automotive,87,"Vehicles; other than railway or tramway rolling stock, and parts and accessories thereof",344889841.92,2025,Export
CAN,Canada,SAU,Saudi Arabia,automotive,87,"Vehicles; other than railway or tramway rolling stock, and parts and accessories thereof",344889841.92,2025,Export
CAN,Canada,SEN,Senegal,automotive,87,"Vehicles; other than railway or tramway rolling stock, and parts and accessories thereof",52657159.497,2025,Export
CAN,Canada,SEN,Senegal,automotive,87,"Vehicles; other than railway or tramway rolling stock, and parts and accessories thereof",52657159.497,2025,Export
CAN,Canada,SGP,Singapore,automotive,87,"Vehicles; other than railway or tramway rolling stock, and parts and accessories thereof",20378078.267,2025,Export
CAN,Canada,SGP,Singapore,automotive,87,"Vehicles; other than railway or tramway rolling stock, and parts and accessories thereof",20378078.267,2025,Export
CAN,Canada,SLE,Sierra Leone,automotive,87,"Vehicles; other than railway or tramway rolling stock, and parts and accessories thereof",4880883.625,2025,Export
CAN,Canada,SLE,Sierra Leone,automotive,87,"Vehicles; other than railway or tramway rolling stock, and parts and accessories thereof",4880883.625,2025,Export
CAN,Canada,SLV,El Salvador,automotive,87,"Vehicles; other than railway or tramway rolling stock, and parts and accessories thereof",679336.075,2025,Export
CAN,Canada,SLV,El Salvador,automotive,87,"Vehicles; other than railway or tramway rolling stock, and parts and accessories thereof",679336.075,2025,Export
CAN,Canada,SOM,Somalia,automotive,87,"Vehicles; other than railway or tramway rolling stock, and parts and accessories thereof",178338.29,2025,Export
CAN,Canada,SOM,Somalia,automotive,87,"Vehicles; other than railway or tramway rolling stock, and parts and accessories thereof",178338.29,2025,Export
CAN,Canada,SPM,Saint Pierre and Miquelon,automotive,87,"Vehicles; other than railway or tramway rolling stock, and parts and accessories thereof",3601047.329,2025,Export
CAN,Canada,SPM,Saint Pierre and Miquelon,automotive,87,"Vehicles; other than railway or tramway rolling stock, and parts and accessories thereof",3601047.329,2025,Export
CAN,Canada,SRB,Serbia,automotive,87,"Vehicles; other than railway or tramway rolling stock, and parts and accessories thereof",2235546.693,2025,Export
CAN,Canada,SRB,Serbia,automotive,87,"Vehicles; other than railway or tramway rolling stock, and parts and accessories thereof",2235546.693,2025,Export
CAN,Canada,SUR,Suriname,automotive,87,"Vehicles; other than railway or tramway rolling stock, and parts and accessories thereof",267718.629,2025,Export
CAN,Canada,SUR,Suriname,automotive,87,"Vehicles; other than railway or tramway rolling stock, and parts and accessories thereof",267718.629,2025,Export
CAN,Canada,SVK,Slovakia,automotive,87,"Vehicles; other than railway or tramway rolling stock, and parts and accessories thereof",4840759.665,2025,Export
CAN,Canada,SVK,Slovakia,automotive,87,"Vehicles; other than railway or tramway rolling stock, and parts and accessories thereof",4840759.665,2025,Export
CAN,Canada,SVN,Slovenia,automotive,87,"Vehicles; other than railway or tramway rolling stock, and parts and accessories thereof",590870.065,2025,Export
CAN,Canada,SVN,Slovenia,automotive,87,"Vehicles; other than railway or tramway rolling stock, and parts and accessories thereof",590870.065,2025,Export
CAN,Canada,SWE,Sweden,automotive,87,"Vehicles; other than railway or tramway rolling stock, and parts and accessories thereof",28161361.393,2025,Export
CAN,Canada,SWE,Sweden,automotive,87,"Vehicles; other than railway or tramway rolling stock, and parts and accessories thereof",28161361.393,2025,Export
CAN,Canada,SXM,Sint Maarten,automotive,87,"Vehicles; other than railway or tramway rolling stock, and parts and accessories thereof",664435.85,2025,Export
CAN,Canada,SXM,Sint Maarten,automotive,87,"Vehicles; other than railway or tramway rolling stock, and parts and accessories thereof",664435.85,2025,Export
CAN,Canada,SYC,Seychelles,automotive,87,"Vehicles; other than railway or tramway rolling stock, and parts and accessories thereof",7245.077,2025,Export
CAN,Canada,SYC,Seychelles,automotive,87,"Vehicles; other than railway or tramway rolling stock, and parts and accessories thereof",7245.077,2025,Export
CAN,Canada,SYR,Syria,automotive,87,"Vehicles; other than railway or tramway rolling stock, and parts and accessories thereof",2181688.242,2025,Export
CAN,Canada,SYR,Syria,automotive,87,"Vehicles; other than railway or tramway rolling stock, and parts and accessories thereof",2181688.242,2025,Export
CAN,Canada,TCA,Turks and Caicos Isds,automotive,87,"Vehicles; other than railway or tramway rolling stock, and parts and accessories thereof",224115.583,2025,Export
CAN,Canada,TCA,Turks and Caicos Isds,automotive,87,"Vehicles; other than railway or tramway rolling stock, and parts and accessories thereof",224115.583,2025,Export
CAN,Canada,TCD,Chad,automotive,87,"Vehicles; other than railway or tramway rolling stock, and parts and accessories thereof",921501.318,2025,Export
CAN,Canada,TCD,Chad,automotive,87,"Vehicles; other than railway or tramway rolling stock, and parts and accessories thereof",921501.318,2025,Export
CAN,Canada,TGO,Togo,automotive,87,"Vehicles; other than railway or tramway rolling stock, and parts and accessories thereof",27297163.561,2025,Export
CAN,Canada,TGO,Togo,automotive,87,"Vehicles; other than railway or tramway rolling stock, and parts and accessories thereof",27297163.561,2025,Export
CAN,Canada,THA,Thailand,automotive,87,"Vehicles; other than railway or tramway rolling stock, and parts and accessories thereof",12003117.974,2025,Export
CAN,Canada,THA,Thailand,automotive,87,"Vehicles; other than railway or tramway rolling stock, and parts and accessories thereof",12003117.974,2025,Export
CAN,Canada,TJK,Tajikistan,automotive,87,"Vehicles; other than railway or tramway rolling stock, and parts and accessories thereof",24649.2,2025,Export
CAN,Canada,TJK,Tajikistan,automotive,87,"Vehicles; other than railway or tramway rolling stock, and parts and accessories thereof",24649.2,2025,Export
CAN,Canada,TKM,Turkmenistan,automotive,87,"Vehicles; other than railway or tramway rolling stock, and parts and accessories thereof",251733.816,2025,Export
CAN,Canada,TKM,Turkmenistan,automotive,87,"Vehicles; other than railway or tramway rolling stock, and parts and accessories thereof",251733.816,2025,Export
CAN,Canada,TTO,Trinidad and Tobago,automotive,87,"Vehicles; other than railway or tramway rolling stock, and parts and accessories thereof",249068.352,2025,Export
CAN,Canada,TTO,Trinidad and Tobago,automotive,87,"Vehicles; other than railway or tramway rolling stock, and parts and accessories thereof",249068.352,2025,Export
CAN,Canada,TUN,Tunisia,automotive,87,"Vehicles; other than railway or tramway rolling stock, and parts and accessories thereof",16711528.199,2025,Export
CAN,Canada,TUN,Tunisia,automotive,87,"Vehicles; other than railway or tramway rolling stock, and parts and accessories thereof",16711528.199,2025,Export
CAN,Canada,TUR,Türkiye,automotive,87,"Vehicles; other than railway or tramway rolling stock, and parts and accessories thereof",60375125.358,2025,Export
CAN,Canada,TUR,Türkiye,automotive,87,"Vehicles; other than railway or tramway rolling stock, and parts and accessories thereof",60375125.358,2025,Export
CAN,Canada,TZA,United Rep. of Tanzania,automotive,87,"Vehicles; other than railway or tramway rolling stock, and parts and accessories thereof",1842554.891,2025,Export
CAN,Canada,TZA,United Rep. of Tanzania,automotive,87,"Vehicles; other than railway or tramway rolling stock, and parts and accessories thereof",1842554.891,2025,Export
CAN,Canada,UGA,Uganda,automotive,87,"Vehicles; other than railway or tramway rolling stock, and parts and accessories thereof",130342.554,2025,Export
CAN,Canada,UGA,Uganda,automotive,87,"Vehicles; other than railway or tramway rolling stock, and parts and accessories thereof",130342.554,2025,Export
CAN,Canada,UKR,Ukraine,automotive,87,"Vehicles; other than railway or tramway rolling stock, and parts and accessories thereof",112435536.86,2025,Export
CAN,Canada,UKR,Ukraine,automotive,87,"Vehicles; other than railway or tramway rolling stock, and parts and accessories thereof",112435536.86,2025,Export
CAN,Canada,UMI,United States Minor Outlying Islands,automotive,87,"Vehicles; other than railway or tramway rolling stock, and parts and accessories thereof",1577137.298,2025,Export
CAN,Canada,UMI,United States Minor Outlying Islands,automotive,87,"Vehicles; other than railway or tramway rolling stock, and parts and accessories thereof",1577137.298,2025,Export
CAN,Canada,URY,Uruguay,automotive,87,"Vehicles; other than railway or tramway rolling stock, and parts and accessories thereof",1327793.633,2025,Export
CAN,Canada,URY,Uruguay,automotive,87,"Vehicles; other than railway or tramway rolling stock, and parts and accessories thereof",1327793.633,2025,Export
CAN,Canada,USA,USA,automotive,87,"Vehicles; other than railway or tramway rolling stock, and parts and accessories thereof",48182609044.422,2025,Export
CAN,Canada,USA,USA,automotive,87,"Vehicles; other than railway or tramway rolling stock, and parts and accessories thereof",48182609044.422,2025,Export
CAN,Canada,UZB,Uzbekistan,automotive,87,"Vehicles; other than railway or tramway rolling stock, and parts and accessories thereof",2426240.737,2025,Export
CAN,Canada,UZB,Uzbekistan,automotive,87,"Vehicles; other than railway or tramway rolling stock, and parts and accessories thereof",2426240.737,2025,Export
CAN,Canada,VCT,Saint Vincent and the Grenadines,automotive,87,"Vehicles; other than railway or tramway rolling stock, and parts and accessories thereof",263122.352,2025,Export
CAN,Canada,VCT,Saint Vincent and the Grenadines,automotive,87,"Vehicles; other than railway or tramway rolling stock, and parts and accessories thereof",263122.352,2025,Export
CAN,Canada,VEN,Venezuela,automotive,87,"Vehicles; other than railway or tramway rolling stock, and parts and accessories thereof",13198901.961,2025,Export
CAN,Canada,VEN,Venezuela,automotive,87,"Vehicles; other than railway or tramway rolling stock, and parts and accessories thereof",13198901.961,2025,Export
CAN,Canada,VGB,Br. Virgin Isds,automotive,87,"Vehicles; other than railway or tramway rolling stock, and parts and accessories thereof",72110.974,2025,Export
CAN,Canada,VGB,Br. Virgin Isds,automotive,87,"Vehicles; other than railway or tramway rolling stock, and parts and accessories thereof",72110.974,2025,Export
CAN,Canada,VNM,Viet Nam,automotive,87,"Vehicles; other than railway or tramway rolling stock, and parts and accessories thereof",1711035.736,2025,Export
CAN,Canada,VNM,Viet Nam,automotive,87,"Vehicles; other than railway or tramway rolling stock, and parts and accessories thereof",1711035.736,2025,Export
CAN,Canada,VUT,Vanuatu,automotive,87,"Vehicles; other than railway or tramway rolling stock, and parts and accessories thereof",10972.669,2025,Export
CAN,Canada,VUT,Vanuatu,automotive,87,"Vehicles; other than railway or tramway rolling stock, and parts and accessories thereof",10972.669,2025,Export
CAN,Canada,W00,World,automotive,87,"Vehicles; other than railway or tramway rolling stock, and parts and accessories thereof",53324554159.341,2025,Export
CAN,Canada,W00,World,automotive,87,"Vehicles; other than railway or tramway rolling stock, and parts and accessories thereof",53324554159.341,2025,Export
CAN,Canada,YEM,Yemen,automotive,87,"Vehicles; other than railway or tramway rolling stock, and parts and accessories thereof",14490.154,2025,Export
CAN,Canada,YEM,Yemen,automotive,87,"Vehicles; other than railway or tramway rolling stock, and parts and accessories thereof",14490.154,2025,Export
CAN,Canada,ZAF,South Africa,automotive,87,"Vehicles; other than railway or tramway rolling stock, and parts and accessories thereof",4971586.915,2025,Export
CAN,Canada,ZAF,South Africa,automotive,87,"Vehicles; other than railway or tramway rolling stock, and parts and accessories thereof",4971586.915,2025,Export
CAN,Canada,ZMB,Zambia,automotive,87,"Vehicles; other than railway or tramway rolling stock, and parts and accessories thereof",157628.238,2025,Export
CAN,Canada,ZMB,Zambia,automotive,87,"Vehicles; other than railway or tramway rolling stock, and parts and accessories thereof",157628.238,2025,Export
CAN,Canada,ZWE,Zimbabwe,automotive,87,"Vehicles; other than railway or tramway rolling stock, and parts and accessories thereof",36225.384,2025,Export
CAN,Canada,ZWE,Zimbabwe,automotive,87,"Vehicles; other than railway or tramway rolling stock, and parts and accessories thereof",36225.384,2025,Export
DEU,Germany,ABW,Aruba,automotive,87,"Vehicles; other than railway or tramway rolling stock, and parts and accessories thereof",1451264.206,2025,Export
DEU,Germany,ABW,Aruba,automotive,87,"Vehicles; other than railway or tramway rolling stock, and parts and accessories thereof",1451264.206,2025,Export
DEU,Germany,AFG,Afghanistan,automotive,87,"Vehicles; other than railway or tramway rolling stock, and parts and accessories thereof",30813760.156,2025,Export
DEU,Germany,AFG,Afghanistan,automotive,87,"Vehicles; other than railway or tramway rolling stock, and parts and accessories thereof",30813760.156,2025,Export
DEU,Germany,AGO,Angola,automotive,87,"Vehicles; other than railway or tramway rolling stock, and parts and accessories thereof",7897239.045,2025,Export
DEU,Germany,AGO,Angola,automotive,87,"Vehicles; other than railway or tramway rolling stock, and parts and accessories thereof",7897239.045,2025,Export
DEU,Germany,ALB,Albania,automotive,87,"Vehicles; other than railway or tramway rolling stock, and parts and accessories thereof",137791670.973,2025,Export
DEU,Germany,ALB,Albania,automotive,87,"Vehicles; other than railway or tramway rolling stock, and parts and accessories thereof",137791670.973,2025,Export
DEU,Germany,AND,Andorra,automotive,87,"Vehicles; other than railway or tramway rolling stock, and parts and accessories thereof",55607543.914,2025,Export
DEU,Germany,AND,Andorra,automotive,87,"Vehicles; other than railway or tramway rolling stock, and parts and accessories thereof",55607543.914,2025,Export
DEU,Germany,ARE,United Arab Emirates,automotive,87,"Vehicles; other than railway or tramway rolling stock, and parts and accessories thereof",2655455168.156,2025,Export
DEU,Germany,ARE,United Arab Emirates,automotive,87,"Vehicles; other than railway or tramway rolling stock, and parts and accessories thereof",2655455168.156,2025,Export
DEU,Germany,ARG,Argentina,automotive,87,"Vehicles; other than railway or tramway rolling stock, and parts and accessories thereof",485099348.907,2025,Export
DEU,Germany,ARG,Argentina,automotive,87,"Vehicles; other than railway or tramway rolling stock, and parts and accessories thereof",485099348.907,2025,Export
DEU,Germany,ARM,Armenia,automotive,87,"Vehicles; other than railway or tramway rolling stock, and parts and accessories thereof",62315026.666,2025,Export
DEU,Germany,ARM,Armenia,automotive,87,"Vehicles; other than railway or tramway rolling stock, and parts and accessories thereof",62315026.666,2025,Export
DEU,Germany,ATF,Fr. South Antarctic Terr.,automotive,87,"Vehicles; other than railway or tramway rolling stock, and parts and accessories thereof",445594.003,2025,Export
DEU,Germany,ATF,Fr. South Antarctic Terr.,automotive,87,"Vehicles; other than railway or tramway rolling stock, and parts and accessories thereof",445594.003,2025,Export
DEU,Germany,ATG,Antigua and Barbuda,automotive,87,"Vehicles; other than railway or tramway rolling stock, and parts and accessories thereof",911260.838,2025,Export
DEU,Germany,ATG,Antigua and Barbuda,automotive,87,"Vehicles; other than railway or tramway rolling stock, and parts and accessories thereof",911260.838,2025,Export
DEU,Germany,AUS,Australia,automotive,87,"Vehicles; other than railway or tramway rolling stock, and parts and accessories thereof",2398117204.415,2025,Export
DEU,Germany,AUS,Australia,automotive,87,"Vehicles; other than railway or tramway rolling stock, and parts and accessories thereof",2398117204.415,2025,Export
DEU,Germany,AUT,Austria,automotive,87,"Vehicles; other than railway or tramway rolling stock, and parts and accessories thereof",10439215857.418,2025,Export
DEU,Germany,AUT,Austria,automotive,87,"Vehicles; other than railway or tramway rolling stock, and parts and accessories thereof",10439215857.418,2025,Export
DEU,Germany,AZE,Azerbaijan,automotive,87,"Vehicles; other than railway or tramway rolling stock, and parts and accessories thereof",200705188.382,2025,Export
DEU,Germany,AZE,Azerbaijan,automotive,87,"Vehicles; other than railway or tramway rolling stock, and parts and accessories thereof",200705188.382,2025,Export
DEU,Germany,BDI,Burundi,automotive,87,"Vehicles; other than railway or tramway rolling stock, and parts and accessories thereof",30586.675,2025,Export
DEU,Germany,BDI,Burundi,automotive,87,"Vehicles; other than railway or tramway rolling stock, and parts and accessories thereof",30586.675,2025,Export
DEU,Germany,BEL,Belgium,automotive,87,"Vehicles; other than railway or tramway rolling stock, and parts and accessories thereof",10655640983.824,2025,Export
DEU,Germany,BEL,Belgium,automotive,87,"Vehicles; other than railway or tramway rolling stock, and parts and accessories thereof",10655640983.824,2025,Export
DEU,Germany,BEN,Benin,automotive,87,"Vehicles; other than railway or tramway rolling stock, and parts and accessories thereof",13470252.992,2025,Export
DEU,Germany,BEN,Benin,automotive,87,"Vehicles; other than railway or tramway rolling stock, and parts and accessories thereof",13470252.992,2025,Export
DEU,Germany,BES,Bonaire,automotive,87,"Vehicles; other than railway or tramway rolling stock, and parts and accessories thereof",199125.817,2025,Export
DEU,Germany,BES,Bonaire,automotive,87,"Vehicles; other than railway or tramway rolling stock, and parts and accessories thereof",199125.817,2025,Export
DEU,Germany,BFA,Burkina Faso,automotive,87,"Vehicles; other than railway or tramway rolling stock, and parts and accessories thereof",11602359.768,2025,Export
DEU,Germany,BFA,Burkina Faso,automotive,87,"Vehicles; other than railway or tramway rolling stock, and parts and accessories thereof",11602359.768,2025,Export
DEU,Germany,BGD,Bangladesh,automotive,87,"Vehicles; other than railway or tramway rolling stock, and parts and accessories thereof",6373371.172,2025,Export
DEU,Germany,BGD,Bangladesh,automotive,87,"Vehicles; other than railway or tramway rolling stock, and parts and accessories thereof",6373371.172,2025,Export
DEU,Germany,BGR,Bulgaria,automotive,87,"Vehicles; other than railway or tramway rolling stock, and parts and accessories thereof",1332886428.147,2025,Export
DEU,Germany,BGR,Bulgaria,automotive,87,"Vehicles; other than railway or tramway rolling stock, and parts and accessories thereof",1332886428.147,2025,Export
DEU,Germany,BHR,Bahrain,automotive,87,"Vehicles; other than railway or tramway rolling stock, and parts and accessories thereof",100875196.722,2025,Export
DEU,Germany,BHR,Bahrain,automotive,87,"Vehicles; other than railway or tramway rolling stock, and parts and accessories thereof",100875196.722,2025,Export
DEU,Germany,BHS,Bahamas,automotive,87,"Vehicles; other than railway or tramway rolling stock, and parts and accessories thereof",2554323.228,2025,Export
DEU,Germany,BHS,Bahamas,automotive,87,"Vehicles; other than railway or tramway rolling stock, and parts and accessories thereof",2554323.228,2025,Export
DEU,Germany,BIH,Bosnia Herzegovina,automotive,87,"Vehicles; other than railway or tramway rolling stock, and parts and accessories thereof",244622516.285,2025,Export
DEU,Germany,BIH,Bosnia Herzegovina,automotive,87,"Vehicles; other than railway or tramway rolling stock, and parts and accessories thereof",244622516.285,2025,Export
DEU,Germany,BLM,Saint Barthélemy,automotive,87,"Vehicles; other than railway or tramway rolling stock, and parts and accessories thereof",128299.767,2025,Export
DEU,Germany,BLM,Saint Barthélemy,automotive,87,"Vehicles; other than railway or tramway rolling stock, and parts and accessories thereof",128299.767,2025,Export
DEU,Germany,BLR,Belarus,automotive,87,"Vehicles; other than railway or tramway rolling stock, and parts and accessories thereof",81197205.681,2025,Export
DEU,Germany,BLR,Belarus,automotive,87,"Vehicles; other than railway or tramway rolling stock, and parts and accessories thereof",81197205.681,2025,Export
DEU,Germany,BLZ,Belize,automotive,87,"Vehicles; other than railway or tramway rolling stock, and parts and accessories thereof",487684.736,2025,Export
DEU,Germany,BLZ,Belize,automotive,87,"Vehicles; other than railway or tramway rolling stock, and parts and accessories thereof",487684.736,2025,Export
DEU,Germany,BMU,Bermuda,automotive,87,"Vehicles; other than railway or tramway rolling stock, and parts and accessories thereof",3710652.434,2025,Export
DEU,Germany,BMU,Bermuda,automotive,87,"Vehicles; other than railway or tramway rolling stock, and parts and accessories thereof",3710652.434,2025,Export
DEU,Germany,BOL,Bolivia (Plurinational State of),automotive,87,"Vehicles; other than railway or tramway rolling stock, and parts and accessories thereof",8957688.898,2025,Export
DEU,Germany,BOL,Bolivia (Plurinational State of),automotive,87,"Vehicles; other than railway or tramway rolling stock, and parts and accessories thereof",8957688.898,2025,Export
DEU,Germany,BRA,Brazil,automotive,87,"Vehicles; other than railway or tramway rolling stock, and parts and accessories thereof",1712404417.688,2025,Export
DEU,Germany,BRA,Brazil,automotive,87,"Vehicles; other than railway or tramway rolling stock, and parts and accessories thereof",1712404417.688,2025,Export
DEU,Germany,BRB,Barbados,automotive,87,"Vehicles; other than railway or tramway rolling stock, and parts and accessories thereof",4115632.086,2025,Export
DEU,Germany,BRB,Barbados,automotive,87,"Vehicles; other than railway or tramway rolling stock, and parts and accessories thereof",4115632.086,2025,Export
DEU,Germany,BRN,Brunei Darussalam,automotive,87,"Vehicles; other than railway or tramway rolling stock, and parts and accessories thereof",15637992.95,2025,Export
DEU,Germany,BRN,Brunei Darussalam,automotive,87,"Vehicles; other than railway or tramway rolling stock, and parts and accessories thereof",15637992.95,2025,Export
DEU,Germany,BWA,Botswana,automotive,87,"Vehicles; other than railway or tramway rolling stock, and parts and accessories thereof",130292.967,2025,Export
DEU,Germany,BWA,Botswana,automotive,87,"Vehicles; other than railway or tramway rolling stock, and parts and accessories thereof",130292.967,2025,Export
DEU,Germany,CAF,Central African Rep.,automotive,87,"Vehicles; other than railway or tramway rolling stock, and parts and accessories thereof",1026286.88,2025,Export
DEU,Germany,CAF,Central African Rep.,automotive,87,"Vehicles; other than railway or tramway rolling stock, and parts and accessories thereof",1026286.88,2025,Export
DEU,Germany,CAN,Canada,automotive,87,"Vehicles; other than railway or tramway rolling stock, and parts and accessories thereof",3478123912.703,2025,Export
DEU,Germany,CAN,Canada,automotive,87,"Vehicles; other than railway or tramway rolling stock, and parts and accessories thereof",3478123912.703,2025,Export
DEU,Germany,CHE,Switzerland,automotive,87,"Vehicles; other than railway or tramway rolling stock, and parts and accessories thereof",8725466209.545,2025,Export
DEU,Germany,CHE,Switzerland,automotive,87,"Vehicles; other than railway or tramway rolling stock, and parts and accessories thereof",8725466209.545,2025,Export
DEU,Germany,CHL,Chile,automotive,87,"Vehicles; other than railway or tramway rolling stock, and parts and accessories thereof",440503508.431,2025,Export
DEU,Germany,CHL,Chile,automotive,87,"Vehicles; other than railway or tramway rolling stock, and parts and accessories thereof",440503508.431,2025,Export
DEU,Germany,CHN,China,automotive,87,"Vehicles; other than railway or tramway rolling stock, and parts and accessories thereof",14597646699.791,2025,Export
DEU,Germany,CHN,China,automotive,87,"Vehicles; other than railway or tramway rolling stock, and parts and accessories thereof",14597646699.791,2025,Export
DEU,Germany,CIV,Côte d'Ivoire,automotive,87,"Vehicles; other than railway or tramway rolling stock, and parts and accessories thereof",16333268.063,2025,Export
DEU,Germany,CIV,Côte d'Ivoire,automotive,87,"Vehicles; other than railway or tramway rolling stock, and parts and accessories thereof",16333268.063,2025,Export
DEU,Germany,CMR,Cameroon,automotive,87,"Vehicles; other than railway or tramway rolling stock, and parts and accessories thereof",21795844.154,2025,Export
DEU,Germany,CMR,Cameroon,automotive,87,"Vehicles; other than railway or tramway rolling stock, and parts and accessories thereof",21795844.154,2025,Export
DEU,Germany,COD,Dem. Rep. of the Congo,automotive,87,"Vehicles; other than railway or tramway rolling stock, and parts and accessories thereof",4800300.753,2025,Export
DEU,Germany,COD,Dem. Rep. of the Congo,automotive,87,"Vehicles; other than railway or tramway rolling stock, and parts and accessories thereof",4800300.753,2025,Export
DEU,Germany,COG,Congo,automotive,87,"Vehicles; other than railway or tramway rolling stock, and parts and accessories thereof",8027667.34,2025,Export
DEU,Germany,COG,Congo,automotive,87,"Vehicles; other than railway or tramway rolling stock, and parts and accessories thereof",8027667.34,2025,Export
DEU,Germany,COL,Colombia,automotive,87,"Vehicles; other than railway or tramway rolling stock, and parts and accessories thereof",266524506.481,2025,Export
DEU,Germany,COL,Colombia,automotive,87,"Vehicles; other than railway or tramway rolling stock, and parts and accessories thereof",266524506.481,2025,Export
DEU,Germany,CPV,Cabo Verde,automotive,87,"Vehicles; other than railway or tramway rolling stock, and parts and accessories thereof",523093.366,2025,Export
DEU,Germany,CPV,Cabo Verde,automotive,87,"Vehicles; other than railway or tramway rolling stock, and parts and accessories thereof",523093.366,2025,Export
DEU,Germany,CRI,Costa Rica,automotive,87,"Vehicles; other than railway or tramway rolling stock, and parts and accessories thereof",56161432.522,2025,Export
DEU,Germany,CRI,Costa Rica,automotive,87,"Vehicles; other than railway or tramway rolling stock, and parts and accessories thereof",56161432.522,2025,Export
DEU,Germany,CUB,Cuba,automotive,87,"Vehicles; other than railway or tramway rolling stock, and parts and accessories thereof",9933723.426,2025,Export
DEU,Germany,CUB,Cuba,automotive,87,"Vehicles; other than railway or tramway rolling stock, and parts and accessories thereof",9933723.426,2025,Export
DEU,Germany,CUW,Curaçao,automotive,87,"Vehicles; other than railway or tramway rolling stock, and parts and accessories thereof",4020885.258,2025,Export
DEU,Germany,CUW,Curaçao,automotive,87,"Vehicles; other than railway or tramway rolling stock, and parts and accessories thereof",4020885.258,2025,Export
DEU,Germany,CYM,Cayman Isds,automotive,87,"Vehicles; other than railway or tramway rolling stock, and parts and accessories thereof",4090208.551,2025,Export
DEU,Germany,CYM,Cayman Isds,automotive,87,"Vehicles; other than railway or tramway rolling stock, and parts and accessories thereof",4090208.551,2025,Export
DEU,Germany,CYP,Cyprus,automotive,87,"Vehicles; other than railway or tramway rolling stock, and parts and accessories thereof",194647948.136,2025,Export
DEU,Germany,CYP,Cyprus,automotive,87,"Vehicles; other than railway or tramway rolling stock, and parts and accessories thereof",194647948.136,2025,Export
DEU,Germany,CZE,Czechia,automotive,87,"Vehicles; other than railway or tramway rolling stock, and parts and accessories thereof",7460255329.902,2025,Export
DEU,Germany,CZE,Czechia,automotive,87,"Vehicles; other than railway or tramway rolling stock, and parts and accessories thereof",7460255329.902,2025,Export
DEU,Germany,DJI,Djibouti,automotive,87,"Vehicles; other than railway or tramway rolling stock, and parts and accessories thereof",2235608.473,2025,Export
DEU,Germany,DJI,Djibouti,automotive,87,"Vehicles; other than railway or tramway rolling stock, and parts and accessories thereof",2235608.473,2025,Export
DEU,Germany,DMA,Dominica,automotive,87,"Vehicles; other than railway or tramway rolling stock, and parts and accessories thereof",29268.409,2025,Export
DEU,Germany,DMA,Dominica,automotive,87,"Vehicles; other than railway or tramway rolling stock, and parts and accessories thereof",29268.409,2025,Export
DEU,Germany,DNK,Denmark,automotive,87,"Vehicles; other than railway or tramway rolling stock, and parts and accessories thereof",5593233547.18,2025,Export
DEU,Germany,DNK,Denmark,automotive,87,"Vehicles; other than railway or tramway rolling stock, and parts and accessories thereof",5593233547.18,2025,Export
DEU,Germany,DOM,Dominican Rep.,automotive,87,"Vehicles; other than railway or tramway rolling stock, and parts and accessories thereof",53359946.502,2025,Export
DEU,Germany,DOM,Dominican Rep.,automotive,87,"Vehicles; other than railway or tramway rolling stock, and parts and accessories thereof",53359946.502,2025,Export
DEU,Germany,DZA,Algeria,automotive,87,"Vehicles; other than railway or tramway rolling stock, and parts and accessories thereof",456041344.346,2025,Export
DEU,Germany,DZA,Algeria,automotive,87,"Vehicles; other than railway or tramway rolling stock, and parts and accessories thereof",456041344.346,2025,Export
DEU,Germany,ECU,Ecuador,automotive,87,"Vehicles; other than railway or tramway rolling stock, and parts and accessories thereof",38385968.757,2025,Export
DEU,Germany,ECU,Ecuador,automotive,87,"Vehicles; other than railway or tramway rolling stock, and parts and accessories thereof",38385968.757,2025,Export
DEU,Germany,EGY,Egypt,automotive,87,"Vehicles; other than railway or tramway rolling stock, and parts and accessories thereof",978831233.561,2025,Export
DEU,Germany,EGY,Egypt,automotive,87,"Vehicles; other than railway or tramway rolling stock, and parts and accessories thereof",978831233.561,2025,Export
DEU,Germany,ERI,Eritrea,automotive,87,"Vehicles; other than railway or tramway rolling stock, and parts and accessories thereof",14690.441,2025,Export
DEU,Germany,ERI,Eritrea,automotive,87,"Vehicles; other than railway or tramway rolling stock, and parts and accessories thereof",14690.441,2025,Export
DEU,Germany,ESH,Western Sahara,automotive,87,"Vehicles; other than railway or tramway rolling stock, and parts and accessories thereof",75886.241,2025,Export
DEU,Germany,ESH,Western Sahara,automotive,87,"Vehicles; other than railway or tramway rolling stock, and parts and accessories thereof",75886.241,2025,Export
DEU,Germany,ESP,Spain,automotive,87,"Vehicles; other than railway or tramway rolling stock, and parts and accessories thereof",12477671977.452,2025,Export
DEU,Germany,ESP,Spain,automotive,87,"Vehicles; other than railway or tramway rolling stock, and parts and accessories thereof",12477671977.452,2025,Export
DEU,Germany,EST,Estonia,automotive,87,"Vehicles; other than railway or tramway rolling stock, and parts and accessories thereof",540947352.78,2025,Export
DEU,Germany,EST,Estonia,automotive,87,"Vehicles; other than railway or tramway rolling stock, and parts and accessories thereof",540947352.78,2025,Export
DEU,Germany,ETH,Ethiopia,automotive,87,"Vehicles; other than railway or tramway rolling stock, and parts and accessories thereof",4788516.544,2025,Export
DEU,Germany,ETH,Ethiopia,automotive,87,"Vehicles; other than railway or tramway rolling stock, and parts and accessories thereof",4788516.544,2025,Export
DEU,Germany,F19,"Other Africa, nes",automotive,87,"Vehicles; other than railway or tramway rolling stock, and parts and accessories thereof",5007139.639,2025,Export
DEU,Germany,F19,"Other Africa, nes",automotive,87,"Vehicles; other than railway or tramway rolling stock, and parts and accessories thereof",5007139.639,2025,Export
DEU,Germany,FIN,Finland,automotive,87,"Vehicles; other than railway or tramway rolling stock, and parts and accessories thereof",1957209544.041,2025,Export
DEU,Germany,FIN,Finland,automotive,87,"Vehicles; other than railway or tramway rolling stock, and parts and accessories thereof",1957209544.041,2025,Export
DEU,Germany,FJI,Fiji,automotive,87,"Vehicles; other than railway or tramway rolling stock, and parts and accessories thereof",18682.991,2025,Export
DEU,Germany,FJI,Fiji,automotive,87,"Vehicles; other than railway or tramway rolling stock, and parts and accessories thereof",18682.991,2025,Export
DEU,Germany,FRA,France,automotive,87,"Vehicles; other than railway or tramway rolling stock, and parts and accessories thereof",19694488766.003,2025,Export
DEU,Germany,FRA,France,automotive,87,"Vehicles; other than railway or tramway rolling stock, and parts and accessories thereof",19694488766.003,2025,Export
DEU,Germany,FRO,Faroe Isds,automotive,87,"Vehicles; other than railway or tramway rolling stock, and parts and accessories thereof",1626200.018,2025,Export
DEU,Germany,FRO,Faroe Isds,automotive,87,"Vehicles; other than railway or tramway rolling stock, and parts and accessories thereof",1626200.018,2025,Export
DEU,Germany,GAB,Gabon,automotive,87,"Vehicles; other than railway or tramway rolling stock, and parts and accessories thereof",3380018.54,2025,Export
DEU,Germany,GAB,Gabon,automotive,87,"Vehicles; other than railway or tramway rolling stock, and parts and accessories thereof",3380018.54,2025,Export
DEU,Germany,GBR,United Kingdom,automotive,87,"Vehicles; other than railway or tramway rolling stock, and parts and accessories thereof",24545000888.695,2025,Export
DEU,Germany,GBR,United Kingdom,automotive,87,"Vehicles; other than railway or tramway rolling stock, and parts and accessories thereof",24545000888.695,2025,Export
DEU,Germany,GEO,Georgia,automotive,87,"Vehicles; other than railway or tramway rolling stock, and parts and accessories thereof",379586378.2,2025,Export
DEU,Germany,GEO,Georgia,automotive,87,"Vehicles; other than railway or tramway rolling stock, and parts and accessories thereof",379586378.2,2025,Export
DEU,Germany,GHA,Ghana,automotive,87,"Vehicles; other than railway or tramway rolling stock, and parts and accessories thereof",45732613.065,2025,Export
DEU,Germany,GHA,Ghana,automotive,87,"Vehicles; other than railway or tramway rolling stock, and parts and accessories thereof",45732613.065,2025,Export
DEU,Germany,GIB,Gibraltar,automotive,87,"Vehicles; other than railway or tramway rolling stock, and parts and accessories thereof",2701350.131,2025,Export
DEU,Germany,GIB,Gibraltar,automotive,87,"Vehicles; other than railway or tramway rolling stock, and parts and accessories thereof",2701350.131,2025,Export
DEU,Germany,GIN,Guinea,automotive,87,"Vehicles; other than railway or tramway rolling stock, and parts and accessories thereof",21217161.023,2025,Export
DEU,Germany,GIN,Guinea,automotive,87,"Vehicles; other than railway or tramway rolling stock, and parts and accessories thereof",21217161.023,2025,Export
DEU,Germany,GMB,Gambia,automotive,87,"Vehicles; other than railway or tramway rolling stock, and parts and accessories thereof",5068677.357,2025,Export
DEU,Germany,GMB,Gambia,automotive,87,"Vehicles; other than railway or tramway rolling stock, and parts and accessories thereof",5068677.357,2025,Export
DEU,Germany,GNB,Guinea-Bissau,automotive,87,"Vehicles; other than railway or tramway rolling stock, and parts and accessories thereof",2116015.051,2025,Export
DEU,Germany,GNB,Guinea-Bissau,automotive,87,"Vehicles; other than railway or tramway rolling stock, and parts and accessories thereof",2116015.051,2025,Export
DEU,Germany,GNQ,Equatorial Guinea,automotive,87,"Vehicles; other than railway or tramway rolling stock, and parts and accessories thereof",1098327.377,2025,Export
DEU,Germany,GNQ,Equatorial Guinea,automotive,87,"Vehicles; other than railway or tramway rolling stock, and parts and accessories thereof",1098327.377,2025,Export
DEU,Germany,GRC,Greece,automotive,87,"Vehicles; other than railway or tramway rolling stock, and parts and accessories thereof",1050233409.246,2025,Export
DEU,Germany,GRC,Greece,automotive,87,"Vehicles; other than railway or tramway rolling stock, and parts and accessories thereof",1050233409.246,2025,Export
DEU,Germany,GRL,Greenland,automotive,87,"Vehicles; other than railway or tramway rolling stock, and parts and accessories thereof",3250418.918,2025,Export
DEU,Germany,GRL,Greenland,automotive,87,"Vehicles; other than railway or tramway rolling stock, and parts and accessories thereof",3250418.918,2025,Export
DEU,Germany,GTM,Guatemala,automotive,87,"Vehicles; other than railway or tramway rolling stock, and parts and accessories thereof",48902267.044,2025,Export
DEU,Germany,GTM,Guatemala,automotive,87,"Vehicles; other than railway or tramway rolling stock, and parts and accessories thereof",48902267.044,2025,Export
DEU,Germany,GUM,Guam,automotive,87,"Vehicles; other than railway or tramway rolling stock, and parts and accessories thereof",2522670.405,2025,Export
DEU,Germany,GUM,Guam,automotive,87,"Vehicles; other than railway or tramway rolling stock, and parts and accessories thereof",2522670.405,2025,Export
DEU,Germany,GUY,Guyana,automotive,87,"Vehicles; other than railway or tramway rolling stock, and parts and accessories thereof",321279.043,2025,Export
DEU,Germany,GUY,Guyana,automotive,87,"Vehicles; other than railway or tramway rolling stock, and parts and accessories thereof",321279.043,2025,Export
DEU,Germany,HKG,"China, Hong Kong SAR",automotive,87,"Vehicles; other than railway or tramway rolling stock, and parts and accessories thereof",360639132.443,2025,Export
DEU,Germany,HKG,"China, Hong Kong SAR",automotive,87,"Vehicles; other than railway or tramway rolling stock, and parts and accessories thereof",360639132.443,2025,Export
DEU,Germany,HND,Honduras,automotive,87,"Vehicles; other than railway or tramway rolling stock, and parts and accessories thereof",4561512.035,2025,Export
DEU,Germany,HND,Honduras,automotive,87,"Vehicles; other than railway or tramway rolling stock, and parts and accessories thereof",4561512.035,2025,Export
DEU,Germany,HRV,Croatia,automotive,87,"Vehicles; other than railway or tramway rolling stock, and parts and accessories thereof",1037861574.02,2025,Export
DEU,Germany,HRV,Croatia,automotive,87,"Vehicles; other than railway or tramway rolling stock, and parts and accessories thereof",1037861574.02,2025,Export
DEU,Germany,HTI,Haiti,automotive,87,"Vehicles; other than railway or tramway rolling stock, and parts and accessories thereof",136800.556,2025,Export
DEU,Germany,HTI,Haiti,automotive,87,"Vehicles; other than railway or tramway rolling stock, and parts and accessories thereof",136800.556,2025,Export
DEU,Germany,HUN,Hungary,automotive,87,"Vehicles; other than railway or tramway rolling stock, and parts and accessories thereof",4868044645.696,2025,Export
DEU,Germany,HUN,Hungary,automotive,87,"Vehicles; other than railway or tramway rolling stock, and parts and accessories thereof",4868044645.696,2025,Export
DEU,Germany,IDN,Indonesia,automotive,87,"Vehicles; other than railway or tramway rolling stock, and parts and accessories thereof",108726500.405,2025,Export
DEU,Germany,IDN,Indonesia,automotive,87,"Vehicles; other than railway or tramway rolling stock, and parts and accessories thereof",108726500.405,2025,Export
DEU,Germany,IND,India,automotive,87,"Vehicles; other than railway or tramway rolling stock, and parts and accessories thereof",676150475.511,2025,Export
DEU,Germany,IND,India,automotive,87,"Vehicles; other than railway or tramway rolling stock, and parts and accessories thereof",676150475.511,2025,Export
DEU,Germany,IRL,Ireland,automotive,87,"Vehicles; other than railway or tramway rolling stock, and parts and accessories thereof",1295517808.472,2025,Export
DEU,Germany,IRL,Ireland,automotive,87,"Vehicles; other than railway or tramway rolling stock, and parts and accessories thereof",1295517808.472,2025,Export
DEU,Germany,IRN,Iran,automotive,87,"Vehicles; other than railway or tramway rolling stock, and parts and accessories thereof",4153484.997,2025,Export
DEU,Germany,IRN,Iran,automotive,87,"Vehicles; other than railway or tramway rolling stock, and parts and accessories thereof",4153484.997,2025,Export
DEU,Germany,IRQ,Iraq,automotive,87,"Vehicles; other than railway or tramway rolling stock, and parts and accessories thereof",187797328.123,2025,Export
DEU,Germany,IRQ,Iraq,automotive,87,"Vehicles; other than railway or tramway rolling stock, and parts and accessories thereof",187797328.123,2025,Export
DEU,Germany,ISL,Iceland,automotive,87,"Vehicles; other than railway or tramway rolling stock, and parts and accessories thereof",136729916.253,2025,Export
DEU,Germany,ISL,Iceland,automotive,87,"Vehicles; other than railway or tramway rolling stock, and parts and accessories thereof",136729916.253,2025,Export
DEU,Germany,ISR,Israel,automotive,87,"Vehicles; other than railway or tramway rolling stock, and parts and accessories thereof",749394265.548,2025,Export
DEU,Germany,ISR,Israel,automotive,87,"Vehicles; other than railway or tramway rolling stock, and parts and accessories thereof",749394265.548,2025,Export
DEU,Germany,ITA,Italy,automotive,87,"Vehicles; other than railway or tramway rolling stock, and parts and accessories thereof",16630834884.31,2025,Export
DEU,Germany,ITA,Italy,automotive,87,"Vehicles; other than railway or tramway rolling stock, and parts and accessories thereof",16630834884.31,2025,Export
DEU,Germany,JAM,Jamaica,automotive,87,"Vehicles; other than railway or tramway rolling stock, and parts and accessories thereof",16571844.088,2025,Export
DEU,Germany,JAM,Jamaica,automotive,87,"Vehicles; other than railway or tramway rolling stock, and parts and accessories thereof",16571844.088,2025,Export
DEU,Germany,JOR,Jordan,automotive,87,"Vehicles; other than railway or tramway rolling stock, and parts and accessories thereof",177620241.641,2025,Export
DEU,Germany,JOR,Jordan,automotive,87,"Vehicles; other than railway or tramway rolling stock, and parts and accessories thereof",177620241.641,2025,Export
DEU,Germany,JPN,Japan,automotive,87,"Vehicles; other than railway or tramway rolling stock, and parts and accessories thereof",5091534836.098,2025,Export
DEU,Germany,JPN,Japan,automotive,87,"Vehicles; other than railway or tramway rolling stock, and parts and accessories thereof",5091534836.098,2025,Export
DEU,Germany,KAZ,Kazakhstan,automotive,87,"Vehicles; other than railway or tramway rolling stock, and parts and accessories thereof",307188198.565,2025,Export
DEU,Germany,KAZ,Kazakhstan,automotive,87,"Vehicles; other than railway or tramway rolling stock, and parts and accessories thereof",307188198.565,2025,Export
DEU,Germany,KEN,Kenya,automotive,87,"Vehicles; other than railway or tramway rolling stock, and parts and accessories thereof",15757212.244,2025,Export
DEU,Germany,KEN,Kenya,automotive,87,"Vehicles; other than railway or tramway rolling stock, and parts and accessories thereof",15757212.244,2025,Export
DEU,Germany,KGZ,Kyrgyzstan,automotive,87,"Vehicles; other than railway or tramway rolling stock, and parts and accessories thereof",121215290.797,2025,Export
DEU,Germany,KGZ,Kyrgyzstan,automotive,87,"Vehicles; other than railway or tramway rolling stock, and parts and accessories thereof",121215290.797,2025,Export
DEU,Germany,KHM,Cambodia,automotive,87,"Vehicles; other than railway or tramway rolling stock, and parts and accessories thereof",38926403.103,2025,Export
DEU,Germany,KHM,Cambodia,automotive,87,"Vehicles; other than railway or tramway rolling stock, and parts and accessories thereof",38926403.103,2025,Export
DEU,Germany,KOR,Rep. of Korea,automotive,87,"Vehicles; other than railway or tramway rolling stock, and parts and accessories thereof",6679956260.537,2025,Export
DEU,Germany,KOR,Rep. of Korea,automotive,87,"Vehicles; other than railway or tramway rolling stock, and parts and accessories thereof",6679956260.537,2025,Export
DEU,Germany,KWT,Kuwait,automotive,87,"Vehicles; other than railway or tramway rolling stock, and parts and accessories thereof",328628418.526,2025,Export
DEU,Germany,KWT,Kuwait,automotive,87,"Vehicles; other than railway or tramway rolling stock, and parts and accessories thereof",328628418.526,2025,Export
DEU,Germany,LAO,Lao People's Dem. Rep.,automotive,87,"Vehicles; other than railway or tramway rolling stock, and parts and accessories thereof",211205.242,2025,Export
DEU,Germany,LAO,Lao People's Dem. Rep.,automotive,87,"Vehicles; other than railway or tramway rolling stock, and parts and accessories thereof",211205.242,2025,Export
DEU,Germany,LBN,Lebanon,automotive,87,"Vehicles; other than railway or tramway rolling stock, and parts and accessories thereof",104334896.321,2025,Export
DEU,Germany,LBN,Lebanon,automotive,87,"Vehicles; other than railway or tramway rolling stock, and parts and accessories thereof",104334896.321,2025,Export
DEU,Germany,LBR,Liberia,automotive,87,"Vehicles; other than railway or tramway rolling stock, and parts and accessories thereof",592879.391,2025,Export
DEU,Germany,LBR,Liberia,automotive,87,"Vehicles; other than railway or tramway rolling stock, and parts and accessories thereof",592879.391,2025,Export
DEU,Germany,LBY,Libya,automotive,87,"Vehicles; other than railway or tramway rolling stock, and parts and accessories thereof",61564163.286,2025,Export
DEU,Germany,LBY,Libya,automotive,87,"Vehicles; other than railway or tramway rolling stock, and parts and accessories thereof",61564163.286,2025,Export
DEU,Germany,LCA,Saint Lucia,automotive,87,"Vehicles; other than railway or tramway rolling stock, and parts and accessories thereof",2295229.128,2025,Export
DEU,Germany,LCA,Saint Lucia,automotive,87,"Vehicles; other than railway or tramway rolling stock, and parts and accessories thereof",2295229.128,2025,Export
DEU,Germany,LKA,Sri Lanka,automotive,87,"Vehicles; other than railway or tramway rolling stock, and parts and accessories thereof",11487446.527,2025,Export
DEU,Germany,LKA,Sri Lanka,automotive,87,"Vehicles; other than railway or tramway rolling stock, and parts and accessories thereof",11487446.527,2025,Export
DEU,Germany,LTU,Lithuania,automotive,87,"Vehicles; other than railway or tramway rolling stock, and parts and accessories thereof",1249957431.086,2025,Export
DEU,Germany,LTU,Lithuania,automotive,87,"Vehicles; other than railway or tramway rolling stock, and parts and accessories thereof",1249957431.086,2025,Export
DEU,Germany,LUX,Luxembourg,automotive,87,"Vehicles; other than railway or tramway rolling stock, and parts and accessories thereof",1200447377.218,2025,Export
DEU,Germany,LUX,Luxembourg,automotive,87,"Vehicles; other than railway or tramway rolling stock, and parts and accessories thereof",1200447377.218,2025,Export
DEU,Germany,LVA,Latvia,automotive,87,"Vehicles; other than railway or tramway rolling stock, and parts and accessories thereof",770227703.034,2025,Export
DEU,Germany,LVA,Latvia,automotive,87,"Vehicles; other than railway or tramway rolling stock, and parts and accessories thereof",770227703.034,2025,Export
DEU,Germany,MAC,"China, Macao SAR",automotive,87,"Vehicles; other than railway or tramway rolling stock, and parts and accessories thereof",484456.589,2025,Export
DEU,Germany,MAC,"China, Macao SAR",automotive,87,"Vehicles; other than railway or tramway rolling stock, and parts and accessories thereof",484456.589,2025,Export
DEU,Germany,MAR,Morocco,automotive,87,"Vehicles; other than railway or tramway rolling stock, and parts and accessories thereof",1054959564.859,2025,Export
DEU,Germany,MAR,Morocco,automotive,87,"Vehicles; other than railway or tramway rolling stock, and parts and accessories thereof",1054959564.859,2025,Export
DEU,Germany,MDA,Rep. of Moldova,automotive,87,"Vehicles; other than railway or tramway rolling stock, and parts and accessories thereof",215677951.686,2025,Export
DEU,Germany,MDA,Rep. of Moldova,automotive,87,"Vehicles; other than railway or tramway rolling stock, and parts and accessories thereof",215677951.686,2025,Export
DEU,Germany,MDG,Madagascar,automotive,87,"Vehicles; other than railway or tramway rolling stock, and parts and accessories thereof",3250335.192,2025,Export
DEU,Germany,MDG,Madagascar,automotive,87,"Vehicles; other than railway or tramway rolling stock, and parts and accessories thereof",3250335.192,2025,Export
DEU,Germany,MDV,Maldives,automotive,87,"Vehicles; other than railway or tramway rolling stock, and parts and accessories thereof",680677.409,2025,Export
DEU,Germany,MDV,Maldives,automotive,87,"Vehicles; other than railway or tramway rolling stock, and parts and accessories thereof",680677.409,2025,Export
DEU,Germany,MEX,Mexico,automotive,87,"Vehicles; other than railway or tramway rolling stock, and parts and accessories thereof",3355434605.449,2025,Export
DEU,Germany,MEX,Mexico,automotive,87,"Vehicles; other than railway or tramway rolling stock, and parts and accessories thereof",3355434605.449,2025,Export
DEU,Germany,MHL,Marshall Isds,automotive,87,"Vehicles; other than railway or tramway rolling stock, and parts and accessories thereof",1431601.8,2025,Export
DEU,Germany,MHL,Marshall Isds,automotive,87,"Vehicles; other than railway or tramway rolling stock, and parts and accessories thereof",1431601.8,2025,Export
DEU,Germany,MKD,North Macedonia,automotive,87,"Vehicles; other than railway or tramway rolling stock, and parts and accessories thereof",143553193.609,2025,Export
DEU,Germany,MKD,North Macedonia,automotive,87,"Vehicles; other than railway or tramway rolling stock, and parts and accessories thereof",143553193.609,2025,Export
DEU,Germany,MLI,Mali,automotive,87,"Vehicles; other than railway or tramway rolling stock, and parts and accessories thereof",19263984.483,2025,Export
DEU,Germany,MLI,Mali,automotive,87,"Vehicles; other than railway or tramway rolling stock, and parts and accessories thereof",19263984.483,2025,Export
DEU,Germany,MLT,Malta,automotive,87,"Vehicles; other than railway or tramway rolling stock, and parts and accessories thereof",66831484.797,2025,Export
DEU,Germany,MLT,Malta,automotive,87,"Vehicles; other than railway or tramway rolling stock, and parts and accessories thereof",66831484.797,2025,Export
DEU,Germany,MMR,Myanmar,automotive,87,"Vehicles; other than railway or tramway rolling stock, and parts and accessories thereof",144671.252,2025,Export
DEU,Germany,MMR,Myanmar,automotive,87,"Vehicles; other than railway or tramway rolling stock, and parts and accessories thereof",144671.252,2025,Export
DEU,Germany,MNE,Montenegro,automotive,87,"Vehicles; other than railway or tramway rolling stock, and parts and accessories thereof",75581741.565,2025,Export
DEU,Germany,MNE,Montenegro,automotive,87,"Vehicles; other than railway or tramway rolling stock, and parts and accessories thereof",75581741.565,2025,Export
DEU,Germany,MNG,Mongolia,automotive,87,"Vehicles; other than railway or tramway rolling stock, and parts and accessories thereof",21911030.194,2025,Export
DEU,Germany,MNG,Mongolia,automotive,87,"Vehicles; other than railway or tramway rolling stock, and parts and accessories thereof",21911030.194,2025,Export
DEU,Germany,MOZ,Mozambique,automotive,87,"Vehicles; other than railway or tramway rolling stock, and parts and accessories thereof",190143.313,2025,Export
DEU,Germany,MOZ,Mozambique,automotive,87,"Vehicles; other than railway or tramway rolling stock, and parts and accessories thereof",190143.313,2025,Export
DEU,Germany,MRT,Mauritania,automotive,87,"Vehicles; other than railway or tramway rolling stock, and parts and accessories thereof",11235261.699,2025,Export
DEU,Germany,MRT,Mauritania,automotive,87,"Vehicles; other than railway or tramway rolling stock, and parts and accessories thereof",11235261.699,2025,Export
DEU,Germany,MUS,Mauritius,automotive,87,"Vehicles; other than railway or tramway rolling stock, and parts and accessories thereof",38484771.07,2025,Export
DEU,Germany,MUS,Mauritius,automotive,87,"Vehicles; other than railway or tramway rolling stock, and parts and accessories thereof",38484771.07,2025,Export
DEU,Germany,MWI,Malawi,automotive,87,"Vehicles; other than railway or tramway rolling stock, and parts and accessories thereof",35518.263,2025,Export
DEU,Germany,MWI,Malawi,automotive,87,"Vehicles; other than railway or tramway rolling stock, and parts and accessories thereof",35518.263,2025,Export
DEU,Germany,MYS,Malaysia,automotive,87,"Vehicles; other than railway or tramway rolling stock, and parts and accessories thereof",559359198.599,2025,Export
DEU,Germany,MYS,Malaysia,automotive,87,"Vehicles; other than railway or tramway rolling stock, and parts and accessories thereof",559359198.599,2025,Export
DEU,Germany,NAM,Namibia,automotive,87,"Vehicles; other than railway or tramway rolling stock, and parts and accessories thereof",10415696.018,2025,Export
DEU,Germany,NAM,Namibia,automotive,87,"Vehicles; other than railway or tramway rolling stock, and parts and accessories thereof",10415696.018,2025,Export
DEU,Germany,NCL,New Caledonia,automotive,87,"Vehicles; other than railway or tramway rolling stock, and parts and accessories thereof",6163995.046,2025,Export
DEU,Germany,NCL,New Caledonia,automotive,87,"Vehicles; other than railway or tramway rolling stock, and parts and accessories thereof",6163995.046,2025,Export
DEU,Germany,NER,Niger,automotive,87,"Vehicles; other than railway or tramway rolling stock, and parts and accessories thereof",813200.39,2025,Export
DEU,Germany,NER,Niger,automotive,87,"Vehicles; other than railway or tramway rolling stock, and parts and accessories thereof",813200.39,2025,Export
DEU,Germany,NGA,Nigeria,automotive,87,"Vehicles; other than railway or tramway rolling stock, and parts and accessories thereof",62100751.092,2025,Export
DEU,Germany,NGA,Nigeria,automotive,87,"Vehicles; other than railway or tramway rolling stock, and parts and accessories thereof",62100751.092,2025,Export
DEU,Germany,NIC,Nicaragua,automotive,87,"Vehicles; other than railway or tramway rolling stock, and parts and accessories thereof",300223.89,2025,Export
DEU,Germany,NIC,Nicaragua,automotive,87,"Vehicles; other than railway or tramway rolling stock, and parts and accessories thereof",300223.89,2025,Export
DEU,Germany,NLD,Netherlands,automotive,87,"Vehicles; other than railway or tramway rolling stock, and parts and accessories thereof",15427815209.258,2025,Export
DEU,Germany,NLD,Netherlands,automotive,87,"Vehicles; other than railway or tramway rolling stock, and parts and accessories thereof",15427815209.258,2025,Export
DEU,Germany,NOR,Norway,automotive,87,"Vehicles; other than railway or tramway rolling stock, and parts and accessories thereof",3885473365.651,2025,Export
DEU,Germany,NOR,Norway,automotive,87,"Vehicles; other than railway or tramway rolling stock, and parts and accessories thereof",3885473365.651,2025,Export
DEU,Germany,NPL,Nepal,automotive,87,"Vehicles; other than railway or tramway rolling stock, and parts and accessories thereof",5253.481,2025,Export
DEU,Germany,NPL,Nepal,automotive,87,"Vehicles; other than railway or tramway rolling stock, and parts and accessories thereof",5253.481,2025,Export
DEU,Germany,NZL,New Zealand,automotive,87,"Vehicles; other than railway or tramway rolling stock, and parts and accessories thereof",301171209.593,2025,Export
DEU,Germany,NZL,New Zealand,automotive,87,"Vehicles; other than railway or tramway rolling stock, and parts and accessories thereof",301171209.593,2025,Export
DEU,Germany,OMN,Oman,automotive,87,"Vehicles; other than railway or tramway rolling stock, and parts and accessories thereof",126150164.291,2025,Export
DEU,Germany,OMN,Oman,automotive,87,"Vehicles; other than railway or tramway rolling stock, and parts and accessories thereof",126150164.291,2025,Export
DEU,Germany,PAK,Pakistan,automotive,87,"Vehicles; other than railway or tramway rolling stock, and parts and accessories thereof",18911086.407,2025,Export
DEU,Germany,PAK,Pakistan,automotive,87,"Vehicles; other than railway or tramway rolling stock, and parts and accessories thereof",18911086.407,2025,Export
DEU,Germany,PAN,Panama,automotive,87,"Vehicles; other than railway or tramway rolling stock, and parts and accessories thereof",33828486.452,2025,Export
DEU,Germany,PAN,Panama,automotive,87,"Vehicles; other than railway or tramway rolling stock, and parts and accessories thereof",33828486.452,2025,Export
DEU,Germany,PER,Peru,automotive,87,"Vehicles; other than railway or tramway rolling stock, and parts and accessories thereof",176926283.936,2025,Export
DEU,Germany,PER,Peru,automotive,87,"Vehicles; other than railway or tramway rolling stock, and parts and accessories thereof",176926283.936,2025,Export
DEU,Germany,PHL,Philippines,automotive,87,"Vehicles; other than railway or tramway rolling stock, and parts and accessories thereof",47516837.252,2025,Export
DEU,Germany,PHL,Philippines,automotive,87,"Vehicles; other than railway or tramway rolling stock, and parts and accessories thereof",47516837.252,2025,Export
DEU,Germany,PNG,Papua New Guinea,automotive,87,"Vehicles; other than railway or tramway rolling stock, and parts and accessories thereof",4441939.621,2025,Export
DEU,Germany,PNG,Papua New Guinea,automotive,87,"Vehicles; other than railway or tramway rolling stock, and parts and accessories thereof",4441939.621,2025,Export
DEU,Germany,POL,Poland,automotive,87,"Vehicles; other than railway or tramway rolling stock, and parts and accessories thereof",15510412204.007,2025,Export
DEU,Germany,POL,Poland,automotive,87,"Vehicles; other than railway or tramway rolling stock, and parts and accessories thereof",15510412204.007,2025,Export
DEU,Germany,PRT,Portugal,automotive,87,"Vehicles; other than railway or tramway rolling stock, and parts and accessories thereof",3458159405.808,2025,Export
DEU,Germany,PRT,Portugal,automotive,87,"Vehicles; other than railway or tramway rolling stock, and parts and accessories thereof",3458159405.808,2025,Export
DEU,Germany,PRY,Paraguay,automotive,87,"Vehicles; other than railway or tramway rolling stock, and parts and accessories thereof",50691084.323,2025,Export
DEU,Germany,PRY,Paraguay,automotive,87,"Vehicles; other than railway or tramway rolling stock, and parts and accessories thereof",50691084.323,2025,Export
DEU,Germany,PSE,State of Palestine,automotive,87,"Vehicles; other than railway or tramway rolling stock, and parts and accessories thereof",36552613.285,2025,Export
DEU,Germany,PSE,State of Palestine,automotive,87,"Vehicles; other than railway or tramway rolling stock, and parts and accessories thereof",36552613.285,2025,Export
DEU,Germany,PYF,French Polynesia,automotive,87,"Vehicles; other than railway or tramway rolling stock, and parts and accessories thereof",7747490.05,2025,Export
DEU,Germany,PYF,French Polynesia,automotive,87,"Vehicles; other than railway or tramway rolling stock, and parts and accessories thereof",7747490.05,2025,Export
DEU,Germany,QAT,Qatar,automotive,87,"Vehicles; other than railway or tramway rolling stock, and parts and accessories thereof",231548991.144,2025,Export
DEU,Germany,QAT,Qatar,automotive,87,"Vehicles; other than railway or tramway rolling stock, and parts and accessories thereof",231548991.144,2025,Export
DEU,Germany,ROU,Romania,automotive,87,"Vehicles; other than railway or tramway rolling stock, and parts and accessories thereof",4081757417.282,2025,Export
DEU,Germany,ROU,Romania,automotive,87,"Vehicles; other than railway or tramway rolling stock, and parts and accessories thereof",4081757417.282,2025,Export
DEU,Germany,RUS,Russian Federation,automotive,87,"Vehicles; other than railway or tramway rolling stock, and parts and accessories thereof",53278202.175,2025,Export
DEU,Germany,RUS,Russian Federation,automotive,87,"Vehicles; other than railway or tramway rolling stock, and parts and accessories thereof",53278202.175,2025,Export
DEU,Germany,RWA,Rwanda,automotive,87,"Vehicles; other than railway or tramway rolling stock, and parts and accessories thereof",10079480.035,2025,Export
DEU,Germany,RWA,Rwanda,automotive,87,"Vehicles; other than railway or tramway rolling stock, and parts and accessories thereof",10079480.035,2025,Export
DEU,Germany,S19,"Other Asia, nes",automotive,87,"Vehicles; other than railway or tramway rolling stock, and parts and accessories thereof",1818532843.956,2025,Export
DEU,Germany,S19,"Other Asia, nes",automotive,87,"Vehicles; other than railway or tramway rolling stock, and parts and accessories thereof",1818532843.956,2025,Export
DEU,Germany,SAU,Saudi Arabia,automotive,87,"Vehicles; other than railway or tramway rolling stock, and parts and accessories thereof",1353208179.899,2025,Export
DEU,Germany,SAU,Saudi Arabia,automotive,87,"Vehicles; other than railway or tramway rolling stock, and parts and accessories thereof",1353208179.899,2025,Export
DEU,Germany,SDN,Sudan,automotive,87,"Vehicles; other than railway or tramway rolling stock, and parts and accessories thereof",3672020.422,2025,Export
DEU,Germany,SDN,Sudan,automotive,87,"Vehicles; other than railway or tramway rolling stock, and parts and accessories thereof",3672020.422,2025,Export
DEU,Germany,SEN,Senegal,automotive,87,"Vehicles; other than railway or tramway rolling stock, and parts and accessories thereof",15794599.772,2025,Export
DEU,Germany,SEN,Senegal,automotive,87,"Vehicles; other than railway or tramway rolling stock, and parts and accessories thereof",15794599.772,2025,Export
DEU,Germany,SGP,Singapore,automotive,87,"Vehicles; other than railway or tramway rolling stock, and parts and accessories thereof",433190829.036,2025,Export
DEU,Germany,SGP,Singapore,automotive,87,"Vehicles; other than railway or tramway rolling stock, and parts and accessories thereof",433190829.036,2025,Export
DEU,Germany,SLE,Sierra Leone,automotive,87,"Vehicles; other than railway or tramway rolling stock, and parts and accessories thereof",5271987.322,2025,Export
DEU,Germany,SLE,Sierra Leone,automotive,87,"Vehicles; other than railway or tramway rolling stock, and parts and accessories thereof",5271987.322,2025,Export
DEU,Germany,SLV,El Salvador,automotive,87,"Vehicles; other than railway or tramway rolling stock, and parts and accessories thereof",10644373.504,2025,Export
DEU,Germany,SLV,El Salvador,automotive,87,"Vehicles; other than railway or tramway rolling stock, and parts and accessories thereof",10644373.504,2025,Export
DEU,Germany,SMR,San Marino,automotive,87,"Vehicles; other than railway or tramway rolling stock, and parts and accessories thereof",39424852.614,2025,Export
DEU,Germany,SMR,San Marino,automotive,87,"Vehicles; other than railway or tramway rolling stock, and parts and accessories thereof",39424852.614,2025,Export
DEU,Germany,SOM,Somalia,automotive,87,"Vehicles; other than railway or tramway rolling stock, and parts and accessories thereof",1121572.819,2025,Export
DEU,Germany,SOM,Somalia,automotive,87,"Vehicles; other than railway or tramway rolling stock, and parts and accessories thereof",1121572.819,2025,Export
DEU,Germany,SPM,Saint Pierre and Miquelon,automotive,87,"Vehicles; other than railway or tramway rolling stock, and parts and accessories thereof",272064.34,2025,Export
DEU,Germany,SPM,Saint Pierre and Miquelon,automotive,87,"Vehicles; other than railway or tramway rolling stock, and parts and accessories thereof",272064.34,2025,Export
DEU,Germany,SRB,Serbia,automotive,87,"Vehicles; other than railway or tramway rolling stock, and parts and accessories thereof",717304113.665,2025,Export
DEU,Germany,SRB,Serbia,automotive,87,"Vehicles; other than railway or tramway rolling stock, and parts and accessories thereof",717304113.665,2025,Export
DEU,Germany,SSD,South Sudan,automotive,87,"Vehicles; other than railway or tramway rolling stock, and parts and accessories thereof",383870.973,2025,Export
DEU,Germany,SSD,South Sudan,automotive,87,"Vehicles; other than railway or tramway rolling stock, and parts and accessories thereof",383870.973,2025,Export
DEU,Germany,STP,Sao Tome and Principe,automotive,87,"Vehicles; other than railway or tramway rolling stock, and parts and accessories thereof",10062.79,2025,Export
DEU,Germany,STP,Sao Tome and Principe,automotive,87,"Vehicles; other than railway or tramway rolling stock, and parts and accessories thereof",10062.79,2025,Export
DEU,Germany,SUR,Suriname,automotive,87,"Vehicles; other than railway or tramway rolling stock, and parts and accessories thereof",1484706.87,2025,Export
DEU,Germany,SUR,Suriname,automotive,87,"Vehicles; other than railway or tramway rolling stock, and parts and accessories thereof",1484706.87,2025,Export
DEU,Germany,SVK,Slovakia,automotive,87,"Vehicles; other than railway or tramway rolling stock, and parts and accessories thereof",4852086007.59,2025,Export
DEU,Germany,SVK,Slovakia,automotive,87,"Vehicles; other than railway or tramway rolling stock, and parts and accessories thereof",4852086007.59,2025,Export
DEU,Germany,SVN,Slovenia,automotive,87,"Vehicles; other than railway or tramway rolling stock, and parts and accessories thereof",2490700056.735,2025,Export
DEU,Germany,SVN,Slovenia,automotive,87,"Vehicles; other than railway or tramway rolling stock, and parts and accessories thereof",2490700056.735,2025,Export
DEU,Germany,SWE,Sweden,automotive,87,"Vehicles; other than railway or tramway rolling stock, and parts and accessories thereof",6369622024.049,2025,Export
DEU,Germany,SWE,Sweden,automotive,87,"Vehicles; other than railway or tramway rolling stock, and parts and accessories thereof",6369622024.049,2025,Export
DEU,Germany,SWZ,Eswatini,automotive,87,"Vehicles; other than railway or tramway rolling stock, and parts and accessories thereof",18661.439,2025,Export
DEU,Germany,SWZ,Eswatini,automotive,87,"Vehicles; other than railway or tramway rolling stock, and parts and accessories thereof",18661.439,2025,Export
DEU,Germany,SXM,Sint Maarten,automotive,87,"Vehicles; other than railway or tramway rolling stock, and parts and accessories thereof",267756.28,2025,Export
DEU,Germany,SXM,Sint Maarten,automotive,87,"Vehicles; other than railway or tramway rolling stock, and parts and accessories thereof",267756.28,2025,Export
DEU,Germany,SYC,Seychelles,automotive,87,"Vehicles; other than railway or tramway rolling stock, and parts and accessories thereof",838459.847,2025,Export
DEU,Germany,SYC,Seychelles,automotive,87,"Vehicles; other than railway or tramway rolling stock, and parts and accessories thereof",838459.847,2025,Export
DEU,Germany,SYR,Syria,automotive,87,"Vehicles; other than railway or tramway rolling stock, and parts and accessories thereof",6604404.19,2025,Export
DEU,Germany,SYR,Syria,automotive,87,"Vehicles; other than railway or tramway rolling stock, and parts and accessories thereof",6604404.19,2025,Export
DEU,Germany,TCD,Chad,automotive,87,"Vehicles; other than railway or tramway rolling stock, and parts and accessories thereof",1202020.469,2025,Export
DEU,Germany,TCD,Chad,automotive,87,"Vehicles; other than railway or tramway rolling stock, and parts and accessories thereof",1202020.469,2025,Export
DEU,Germany,TGO,Togo,automotive,87,"Vehicles; other than railway or tramway rolling stock, and parts and accessories thereof",9911367.923,2025,Export
DEU,Germany,TGO,Togo,automotive,87,"Vehicles; other than railway or tramway rolling stock, and parts and accessories thereof",9911367.923,2025,Export
DEU,Germany,THA,Thailand,automotive,87,"Vehicles; other than railway or tramway rolling stock, and parts and accessories thereof",311828612.685,2025,Export
DEU,Germany,THA,Thailand,automotive,87,"Vehicles; other than railway or tramway rolling stock, and parts and accessories thereof",311828612.685,2025,Export
DEU,Germany,TJK,Tajikistan,automotive,87,"Vehicles; other than railway or tramway rolling stock, and parts and accessories thereof",19986901.603,2025,Export
DEU,Germany,TJK,Tajikistan,automotive,87,"Vehicles; other than railway or tramway rolling stock, and parts and accessories thereof",19986901.603,2025,Export
DEU,Germany,TKM,Turkmenistan,automotive,87,"Vehicles; other than railway or tramway rolling stock, and parts and accessories thereof",82024447.992,2025,Export
DEU,Germany,TKM,Turkmenistan,automotive,87,"Vehicles; other than railway or tramway rolling stock, and parts and accessories thereof",82024447.992,2025,Export
DEU,Germany,TTO,Trinidad and Tobago,automotive,87,"Vehicles; other than railway or tramway rolling stock, and parts and accessories thereof",27541873.176,2025,Export
DEU,Germany,TTO,Trinidad and Tobago,automotive,87,"Vehicles; other than railway or tramway rolling stock, and parts and accessories thereof",27541873.176,2025,Export
DEU,Germany,TUN,Tunisia,automotive,87,"Vehicles; other than railway or tramway rolling stock, and parts and accessories thereof",314722511.378,2025,Export
DEU,Germany,TUN,Tunisia,automotive,87,"Vehicles; other than railway or tramway rolling stock, and parts and accessories thereof",314722511.378,2025,Export
DEU,Germany,TUR,Türkiye,automotive,87,"Vehicles; other than railway or tramway rolling stock, and parts and accessories thereof",8795981366.183,2025,Export
DEU,Germany,TUR,Türkiye,automotive,87,"Vehicles; other than railway or tramway rolling stock, and parts and accessories thereof",8795981366.183,2025,Export
DEU,Germany,TZA,United Rep. of Tanzania,automotive,87,"Vehicles; other than railway or tramway rolling stock, and parts and accessories thereof",12003520.641,2025,Export
DEU,Germany,TZA,United Rep. of Tanzania,automotive,87,"Vehicles; other than railway or tramway rolling stock, and parts and accessories thereof",12003520.641,2025,Export
DEU,Germany,UGA,Uganda,automotive,87,"Vehicles; other than railway or tramway rolling stock, and parts and accessories thereof",1320042.483,2025,Export
DEU,Germany,UGA,Uganda,automotive,87,"Vehicles; other than railway or tramway rolling stock, and parts and accessories thereof",1320042.483,2025,Export
DEU,Germany,UKR,Ukraine,automotive,87,"Vehicles; other than railway or tramway rolling stock, and parts and accessories thereof",1062849421.735,2025,Export
DEU,Germany,UKR,Ukraine,automotive,87,"Vehicles; other than railway or tramway rolling stock, and parts and accessories thereof",1062849421.735,2025,Export
DEU,Germany,UMI,United States Minor Outlying Islands,automotive,87,"Vehicles; other than railway or tramway rolling stock, and parts and accessories thereof",3084.854,2025,Export
DEU,Germany,UMI,United States Minor Outlying Islands,automotive,87,"Vehicles; other than railway or tramway rolling stock, and parts and accessories thereof",3084.854,2025,Export
DEU,Germany,URY,Uruguay,automotive,87,"Vehicles; other than railway or tramway rolling stock, and parts and accessories thereof",38143202.947,2025,Export
DEU,Germany,URY,Uruguay,automotive,87,"Vehicles; other than railway or tramway rolling stock, and parts and accessories thereof",38143202.947,2025,Export
DEU,Germany,USA,USA,automotive,87,"Vehicles; other than railway or tramway rolling stock, and parts and accessories thereof",30960985555.87,2025,Export
DEU,Germany,USA,USA,automotive,87,"Vehicles; other than railway or tramway rolling stock, and parts and accessories thereof",30960985555.87,2025,Export
DEU,Germany,UZB,Uzbekistan,automotive,87,"Vehicles; other than railway or tramway rolling stock, and parts and accessories thereof",163942289.202,2025,Export
DEU,Germany,UZB,Uzbekistan,automotive,87,"Vehicles; other than railway or tramway rolling stock, and parts and accessories thereof",163942289.202,2025,Export
DEU,Germany,VCT,Saint Vincent and the Grenadines,automotive,87,"Vehicles; other than railway or tramway rolling stock, and parts and accessories thereof",25638.094,2025,Export
DEU,Germany,VCT,Saint Vincent and the Grenadines,automotive,87,"Vehicles; other than railway or tramway rolling stock, and parts and accessories thereof",25638.094,2025,Export
DEU,Germany,VEN,Venezuela,automotive,87,"Vehicles; other than railway or tramway rolling stock, and parts and accessories thereof",842437.558,2025,Export
DEU,Germany,VEN,Venezuela,automotive,87,"Vehicles; other than railway or tramway rolling stock, and parts and accessories thereof",842437.558,2025,Export
DEU,Germany,VNM,Viet Nam,automotive,87,"Vehicles; other than railway or tramway rolling stock, and parts and accessories thereof",125557652.685,2025,Export
DEU,Germany,VNM,Viet Nam,automotive,87,"Vehicles; other than railway or tramway rolling stock, and parts and accessories thereof",125557652.685,2025,Export
DEU,Germany,W00,World,automotive,87,"Vehicles; other than railway or tramway rolling stock, and parts and accessories thereof",287592518637.984,2025,Export
DEU,Germany,W00,World,automotive,87,"Vehicles; other than railway or tramway rolling stock, and parts and accessories thereof",287592518637.984,2025,Export
DEU,Germany,X1,Bunkers,automotive,87,"Vehicles; other than railway or tramway rolling stock, and parts and accessories thereof",1699074.038,2025,Export
DEU,Germany,X1,Bunkers,automotive,87,"Vehicles; other than railway or tramway rolling stock, and parts and accessories thereof",1699074.038,2025,Export
DEU,Germany,YEM,Yemen,automotive,87,"Vehicles; other than railway or tramway rolling stock, and parts and accessories thereof",2268330.286,2025,Export
DEU,Germany,YEM,Yemen,automotive,87,"Vehicles; other than railway or tramway rolling stock, and parts and accessories thereof",2268330.286,2025,Export
DEU,Germany,ZAF,South Africa,automotive,87,"Vehicles; other than railway or tramway rolling stock, and parts and accessories thereof",2310820444.503,2025,Export
DEU,Germany,ZAF,South Africa,automotive,87,"Vehicles; other than railway or tramway rolling stock, and parts and accessories thereof",2310820444.503,2025,Export
DEU,Germany,ZMB,Zambia,automotive,87,"Vehicles; other than railway or tramway rolling stock, and parts and accessories thereof",1189229.382,2025,Export
DEU,Germany,ZMB,Zambia,automotive,87,"Vehicles; other than railway or tramway rolling stock, and parts and accessories thereof",1189229.382,2025,Export
DEU,Germany,ZWE,Zimbabwe,automotive,87,"Vehicles; other than railway or tramway rolling stock, and parts and accessories thereof",1458554.675,2025,Export
DEU,Germany,ZWE,Zimbabwe,automotive,87,"Vehicles; other than railway or tramway rolling stock, and parts and accessories thereof",1458554.675,2025,Export
DEU,Germany,_X,"Areas, nes",automotive,87,"Vehicles; other than railway or tramway rolling stock, and parts and accessories thereof",92350.295,2025,Export
DEU,Germany,_X,"Areas, nes",automotive,87,"Vehicles; other than railway or tramway rolling stock, and parts and accessories thereof",92350.295,2025,Export
EUR,European Union,ABW,Aruba,automotive,87,"Vehicles; other than railway or tramway rolling stock, and parts and accessories thereof",5907104.372,2025,Export
EUR,European Union,AFG,Afghanistan,automotive,87,"Vehicles; other than railway or tramway rolling stock, and parts and accessories thereof",84810441.593,2025,Export
EUR,European Union,AGO,Angola,automotive,87,"Vehicles; other than railway or tramway rolling stock, and parts and accessories thereof",80542830.297,2025,Export
EUR,European Union,AIA,Anguilla,automotive,87,"Vehicles; other than railway or tramway rolling stock, and parts and accessories thereof",9478.299,2025,Export
EUR,European Union,ALB,Albania,automotive,87,"Vehicles; other than railway or tramway rolling stock, and parts and accessories thereof",327639631.22,2025,Export
EUR,European Union,AND,Andorra,automotive,87,"Vehicles; other than railway or tramway rolling stock, and parts and accessories thereof",365292157.0,2025,Export
EUR,European Union,ARE,United Arab Emirates,automotive,87,"Vehicles; other than railway or tramway rolling stock, and parts and accessories thereof",5365698051.399,2025,Export
EUR,European Union,ARG,Argentina,automotive,87,"Vehicles; other than railway or tramway rolling stock, and parts and accessories thereof",1071773607.614,2025,Export
EUR,European Union,ARM,Armenia,automotive,87,"Vehicles; other than railway or tramway rolling stock, and parts and accessories thereof",138694168.973,2025,Export
EUR,European Union,ASM,American Samoa,automotive,87,"Vehicles; other than railway or tramway rolling stock, and parts and accessories thereof",20339.697,2025,Export
EUR,European Union,ATA,Antarctica,automotive,87,"Vehicles; other than railway or tramway rolling stock, and parts and accessories thereof",389286.746,2025,Export
EUR,European Union,ATF,Fr. South Antarctic Terr.,automotive,87,"Vehicles; other than railway or tramway rolling stock, and parts and accessories thereof",1917705.796,2025,Export
EUR,European Union,ATG,Antigua and Barbuda,automotive,87,"Vehicles; other than railway or tramway rolling stock, and parts and accessories thereof",1151578.311,2025,Export
EUR,European Union,AUS,Australia,automotive,87,"Vehicles; other than railway or tramway rolling stock, and parts and accessories thereof",4802942617.88,2025,Export
EUR,European Union,AZE,Azerbaijan,automotive,87,"Vehicles; other than railway or tramway rolling stock, and parts and accessories thereof",449436316.19,2025,Export
EUR,European Union,BDI,Burundi,automotive,87,"Vehicles; other than railway or tramway rolling stock, and parts and accessories thereof",1106145.16,2025,Export
EUR,European Union,BEN,Benin,automotive,87,"Vehicles; other than railway or tramway rolling stock, and parts and accessories thereof",57525199.922,2025,Export
EUR,European Union,BES,Bonaire,automotive,87,"Vehicles; other than railway or tramway rolling stock, and parts and accessories thereof",4806839.799,2025,Export
EUR,European Union,BFA,Burkina Faso,automotive,87,"Vehicles; other than railway or tramway rolling stock, and parts and accessories thereof",62487986.227,2025,Export
EUR,European Union,BGD,Bangladesh,automotive,87,"Vehicles; other than railway or tramway rolling stock, and parts and accessories thereof",15407436.168,2025,Export
EUR,European Union,BHR,Bahrain,automotive,87,"Vehicles; other than railway or tramway rolling stock, and parts and accessories thereof",200628846.493,2025,Export
EUR,European Union,BHS,Bahamas,automotive,87,"Vehicles; other than railway or tramway rolling stock, and parts and accessories thereof",3005779.08,2025,Export
EUR,European Union,BIH,Bosnia Herzegovina,automotive,87,"Vehicles; other than railway or tramway rolling stock, and parts and accessories thereof",972422918.323,2025,Export
EUR,European Union,BLM,Saint Barthélemy,automotive,87,"Vehicles; other than railway or tramway rolling stock, and parts and accessories thereof",1576624.409,2025,Export
EUR,European Union,BLR,Belarus,automotive,87,"Vehicles; other than railway or tramway rolling stock, and parts and accessories thereof",487501867.419,2025,Export
EUR,European Union,BLZ,Belize,automotive,87,"Vehicles; other than railway or tramway rolling stock, and parts and accessories thereof",1209899.028,2025,Export
EUR,European Union,BMU,Bermuda,automotive,87,"Vehicles; other than railway or tramway rolling stock, and parts and accessories thereof",7459000.573,2025,Export
EUR,European Union,BOL,Bolivia (Plurinational State of),automotive,87,"Vehicles; other than railway or tramway rolling stock, and parts and accessories thereof",48061538.202,2025,Export
EUR,European Union,BRA,Brazil,automotive,87,"Vehicles; other than railway or tramway rolling stock, and parts and accessories thereof",4018646375.7,2025,Export
EUR,European Union,BRB,Barbados,automotive,87,"Vehicles; other than railway or tramway rolling stock, and parts and accessories thereof",12027570.826,2025,Export
EUR,European Union,BRN,Brunei Darussalam,automotive,87,"Vehicles; other than railway or tramway rolling stock, and parts and accessories thereof",21081539.804,2025,Export
EUR,European Union,BTN,Bhutan,automotive,87,"Vehicles; other than railway or tramway rolling stock, and parts and accessories thereof",1152582.803,2025,Export
EUR,European Union,BWA,Botswana,automotive,87,"Vehicles; other than railway or tramway rolling stock, and parts and accessories thereof",2196410.112,2025,Export
EUR,European Union,CAF,Central African Rep.,automotive,87,"Vehicles; other than railway or tramway rolling stock, and parts and accessories thereof",3905604.796,2025,Export
EUR,European Union,CAN,Canada,automotive,87,"Vehicles; other than railway or tramway rolling stock, and parts and accessories thereof",6103939119.243,2025,Export
EUR,European Union,CCK,Cocos Isds,automotive,87,"Vehicles; other than railway or tramway rolling stock, and parts and accessories thereof",1857.692,2025,Export
EUR,European Union,CHE,Switzerland,automotive,87,"Vehicles; other than railway or tramway rolling stock, and parts and accessories thereof",15614441533.854,2025,Export
EUR,European Union,CHL,Chile,automotive,87,"Vehicles; other than railway or tramway rolling stock, and parts and accessories thereof",1264490889.382,2025,Export
EUR,European Union,CHN,China,automotive,87,"Vehicles; other than railway or tramway rolling stock, and parts and accessories thereof",18577510062.978,2025,Export
EUR,European Union,CIV,Côte d'Ivoire,automotive,87,"Vehicles; other than railway or tramway rolling stock, and parts and accessories thereof",247019187.809,2025,Export
EUR,European Union,CMR,Cameroon,automotive,87,"Vehicles; other than railway or tramway rolling stock, and parts and accessories thereof",139707593.807,2025,Export
EUR,European Union,COD,Dem. Rep. of the Congo,automotive,87,"Vehicles; other than railway or tramway rolling stock, and parts and accessories thereof",74728957.512,2025,Export
EUR,European Union,COG,Congo,automotive,87,"Vehicles; other than railway or tramway rolling stock, and parts and accessories thereof",46843632.318,2025,Export
EUR,European Union,COK,Cook Isds,automotive,87,"Vehicles; other than railway or tramway rolling stock, and parts and accessories thereof",10282.847,2025,Export
EUR,European Union,COL,Colombia,automotive,87,"Vehicles; other than railway or tramway rolling stock, and parts and accessories thereof",748453031.854,2025,Export
EUR,European Union,COM,Comoros,automotive,87,"Vehicles; other than railway or tramway rolling stock, and parts and accessories thereof",9547357.628,2025,Export
EUR,European Union,CPV,Cabo Verde,automotive,87,"Vehicles; other than railway or tramway rolling stock, and parts and accessories thereof",19618306.136,2025,Export
EUR,European Union,CRI,Costa Rica,automotive,87,"Vehicles; other than railway or tramway rolling stock, and parts and accessories thereof",93790636.669,2025,Export
EUR,European Union,CUB,Cuba,automotive,87,"Vehicles; other than railway or tramway rolling stock, and parts and accessories thereof",59995849.629,2025,Export
EUR,European Union,CUW,Curaçao,automotive,87,"Vehicles; other than railway or tramway rolling stock, and parts and accessories thereof",23382112.106,2025,Export
EUR,European Union,CYM,Cayman Isds,automotive,87,"Vehicles; other than railway or tramway rolling stock, and parts and accessories thereof",5611139.527,2025,Export
EUR,European Union,DJI,Djibouti,automotive,87,"Vehicles; other than railway or tramway rolling stock, and parts and accessories thereof",9992984.563,2025,Export
EUR,European Union,DMA,Dominica,automotive,87,"Vehicles; other than railway or tramway rolling stock, and parts and accessories thereof",336971.278,2025,Export
EUR,European Union,DOM,Dominican Rep.,automotive,87,"Vehicles; other than railway or tramway rolling stock, and parts and accessories thereof",105841160.504,2025,Export
EUR,European Union,DZA,Algeria,automotive,87,"Vehicles; other than railway or tramway rolling stock, and parts and accessories thereof",2563922396.295,2025,Export
EUR,European Union,ECU,Ecuador,automotive,87,"Vehicles; other than railway or tramway rolling stock, and parts and accessories thereof",231261311.552,2025,Export
EUR,European Union,EGY,Egypt,automotive,87,"Vehicles; other than railway or tramway rolling stock, and parts and accessories thereof",2696607443.081,2025,Export
EUR,European Union,ERI,Eritrea,automotive,87,"Vehicles; other than railway or tramway rolling stock, and parts and accessories thereof",1624759.524,2025,Export
EUR,European Union,ESH,Western Sahara,automotive,87,"Vehicles; other than railway or tramway rolling stock, and parts and accessories thereof",113400.588,2025,Export
EUR,European Union,ETH,Ethiopia,automotive,87,"Vehicles; other than railway or tramway rolling stock, and parts and accessories thereof",41103182.484,2025,Export
EUR,European Union,F19,"Other Africa, nes",automotive,87,"Vehicles; other than railway or tramway rolling stock, and parts and accessories thereof",88832314.568,2025,Export
EUR,European Union,FJI,Fiji,automotive,87,"Vehicles; other than railway or tramway rolling stock, and parts and accessories thereof",716111.642,2025,Export
EUR,European Union,FLK,Falkland Isds (Malvinas),automotive,87,"Vehicles; other than railway or tramway rolling stock, and parts and accessories thereof",19001.035,2025,Export
EUR,European Union,FRO,Faroe Isds,automotive,87,"Vehicles; other than railway or tramway rolling stock, and parts and accessories thereof",93456970.685,2025,Export
EUR,European Union,GAB,Gabon,automotive,87,"Vehicles; other than railway or tramway rolling stock, and parts and accessories thereof",29241664.466,2025,Export
EUR,European Union,GBR,United Kingdom,automotive,87,"Vehicles; other than railway or tramway rolling stock, and parts and accessories thereof",63184515271.958,2025,Export
EUR,European Union,GEO,Georgia,automotive,87,"Vehicles; other than railway or tramway rolling stock, and parts and accessories thereof",1022474486.246,2025,Export
EUR,European Union,GHA,Ghana,automotive,87,"Vehicles; other than railway or tramway rolling stock, and parts and accessories thereof",198281990.243,2025,Export
EUR,European Union,GIB,Gibraltar,automotive,87,"Vehicles; other than railway or tramway rolling stock, and parts and accessories thereof",78818984.904,2025,Export
EUR,European Union,GIN,Guinea,automotive,87,"Vehicles; other than railway or tramway rolling stock, and parts and accessories thereof",244802953.297,2025,Export
EUR,European Union,GMB,Gambia,automotive,87,"Vehicles; other than railway or tramway rolling stock, and parts and accessories thereof",16801054.101,2025,Export
EUR,European Union,GNB,Guinea-Bissau,automotive,87,"Vehicles; other than railway or tramway rolling stock, and parts and accessories thereof",7727479.821,2025,Export
EUR,European Union,GNQ,Equatorial Guinea,automotive,87,"Vehicles; other than railway or tramway rolling stock, and parts and accessories thereof",18839624.692,2025,Export
EUR,European Union,GRD,Grenada,automotive,87,"Vehicles; other than railway or tramway rolling stock, and parts and accessories thereof",259241.012,2025,Export
EUR,European Union,GRL,Greenland,automotive,87,"Vehicles; other than railway or tramway rolling stock, and parts and accessories thereof",51672520.762,2025,Export
EUR,European Union,GTM,Guatemala,automotive,87,"Vehicles; other than railway or tramway rolling stock, and parts and accessories thereof",76812873.28,2025,Export
EUR,European Union,GUM,Guam,automotive,87,"Vehicles; other than railway or tramway rolling stock, and parts and accessories thereof",2749903.925,2025,Export
EUR,European Union,GUY,Guyana,automotive,87,"Vehicles; other than railway or tramway rolling stock, and parts and accessories thereof",6920437.734,2025,Export
EUR,European Union,HKG,"China, Hong Kong SAR",automotive,87,"Vehicles; other than railway or tramway rolling stock, and parts and accessories thereof",701514481.558,2025,Export
EUR,European Union,HMD,Heard Island and McDonald Islands,automotive,87,"Vehicles; other than railway or tramway rolling stock, and parts and accessories thereof",5202.315,2025,Export
EUR,European Union,HND,Honduras,automotive,87,"Vehicles; other than railway or tramway rolling stock, and parts and accessories thereof",7147185.753,2025,Export
EUR,European Union,HTI,Haiti,automotive,87,"Vehicles; other than railway or tramway rolling stock, and parts and accessories thereof",1292277.574,2025,Export
EUR,European Union,IDN,Indonesia,automotive,87,"Vehicles; other than railway or tramway rolling stock, and parts and accessories thereof",407026291.415,2025,Export
EUR,European Union,IND,India,automotive,87,"Vehicles; other than railway or tramway rolling stock, and parts and accessories thereof",1569981391.61,2025,Export
EUR,European Union,IRN,Iran,automotive,87,"Vehicles; other than railway or tramway rolling stock, and parts and accessories thereof",18523887.877,2025,Export
EUR,European Union,IRQ,Iraq,automotive,87,"Vehicles; other than railway or tramway rolling stock, and parts and accessories thereof",452420341.25,2025,Export
EUR,European Union,ISL,Iceland,automotive,87,"Vehicles; other than railway or tramway rolling stock, and parts and accessories thereof",688043616.492,2025,Export
EUR,European Union,ISR,Israel,automotive,87,"Vehicles; other than railway or tramway rolling stock, and parts and accessories thereof",3425688635.306,2025,Export
EUR,European Union,JAM,Jamaica,automotive,87,"Vehicles; other than railway or tramway rolling stock, and parts and accessories thereof",22810890.599,2025,Export
EUR,European Union,JOR,Jordan,automotive,87,"Vehicles; other than railway or tramway rolling stock, and parts and accessories thereof",518456942.312,2025,Export
EUR,European Union,JPN,Japan,automotive,87,"Vehicles; other than railway or tramway rolling stock, and parts and accessories thereof",9166197882.897,2025,Export
EUR,European Union,KAZ,Kazakhstan,automotive,87,"Vehicles; other than railway or tramway rolling stock, and parts and accessories thereof",977505863.912,2025,Export
EUR,European Union,KEN,Kenya,automotive,87,"Vehicles; other than railway or tramway rolling stock, and parts and accessories thereof",51107226.561,2025,Export
EUR,European Union,KGZ,Kyrgyzstan,automotive,87,"Vehicles; other than railway or tramway rolling stock, and parts and accessories thereof",454140048.375,2025,Export
EUR,European Union,KHM,Cambodia,automotive,87,"Vehicles; other than railway or tramway rolling stock, and parts and accessories thereof",58965399.068,2025,Export
EUR,European Union,KIR,Kiribati,automotive,87,"Vehicles; other than railway or tramway rolling stock, and parts and accessories thereof",157428.121,2025,Export
EUR,European Union,KNA,Saint Kitts and Nevis,automotive,87,"Vehicles; other than railway or tramway rolling stock, and parts and accessories thereof",19501.542,2025,Export
EUR,European Union,KOR,Rep. of Korea,automotive,87,"Vehicles; other than railway or tramway rolling stock, and parts and accessories thereof",8664662201.285,2025,Export
EUR,European Union,KWT,Kuwait,automotive,87,"Vehicles; other than railway or tramway rolling stock, and parts and accessories thereof",800863449.348,2025,Export
EUR,European Union,LAO,Lao People's Dem. Rep.,automotive,87,"Vehicles; other than railway or tramway rolling stock, and parts and accessories thereof",1624097.907,2025,Export
EUR,European Union,LBN,Lebanon,automotive,87,"Vehicles; other than railway or tramway rolling stock, and parts and accessories thereof",192511723.472,2025,Export
EUR,European Union,LBR,Liberia,automotive,87,"Vehicles; other than railway or tramway rolling stock, and parts and accessories thereof",24666013.649,2025,Export
EUR,European Union,LBY,Libya,automotive,87,"Vehicles; other than railway or tramway rolling stock, and parts and accessories thereof",337473781.725,2025,Export
EUR,European Union,LCA,Saint Lucia,automotive,87,"Vehicles; other than railway or tramway rolling stock, and parts and accessories thereof",4932446.003,2025,Export
EUR,European Union,LKA,Sri Lanka,automotive,87,"Vehicles; other than railway or tramway rolling stock, and parts and accessories thereof",21058228.254,2025,Export
EUR,European Union,LSO,Lesotho,automotive,87,"Vehicles; other than railway or tramway rolling stock, and parts and accessories thereof",233457.907,2025,Export
EUR,European Union,MAC,"China, Macao SAR",automotive,87,"Vehicles; other than railway or tramway rolling stock, and parts and accessories thereof",9796063.295,2025,Export
EUR,European Union,MAR,Morocco,automotive,87,"Vehicles; other than railway or tramway rolling stock, and parts and accessories thereof",5760796397.021,2025,Export
EUR,European Union,MDA,Rep. of Moldova,automotive,87,"Vehicles; other than railway or tramway rolling stock, and parts and accessories thereof",699303618.49,2025,Export
EUR,European Union,MDG,Madagascar,automotive,87,"Vehicles; other than railway or tramway rolling stock, and parts and accessories thereof",33168627.754,2025,Export
EUR,European Union,MDV,Maldives,automotive,87,"Vehicles; other than railway or tramway rolling stock, and parts and accessories thereof",6274757.152,2025,Export
EUR,European Union,MEX,Mexico,automotive,87,"Vehicles; other than railway or tramway rolling stock, and parts and accessories thereof",6254727177.614,2025,Export
EUR,European Union,MHL,Marshall Isds,automotive,87,"Vehicles; other than railway or tramway rolling stock, and parts and accessories thereof",1803499.232,2025,Export
EUR,European Union,MKD,North Macedonia,automotive,87,"Vehicles; other than railway or tramway rolling stock, and parts and accessories thereof",617502074.163,2025,Export
EUR,European Union,MLI,Mali,automotive,87,"Vehicles; other than railway or tramway rolling stock, and parts and accessories thereof",56490456.557,2025,Export
EUR,European Union,MMR,Myanmar,automotive,87,"Vehicles; other than railway or tramway rolling stock, and parts and accessories thereof",1037736.579,2025,Export
EUR,European Union,MNE,Montenegro,automotive,87,"Vehicles; other than railway or tramway rolling stock, and parts and accessories thereof",252233252.033,2025,Export
EUR,European Union,MNG,Mongolia,automotive,87,"Vehicles; other than railway or tramway rolling stock, and parts and accessories thereof",59013245.092,2025,Export
EUR,European Union,MNP,N. Mariana Isds,automotive,87,"Vehicles; other than railway or tramway rolling stock, and parts and accessories thereof",3614.816,2025,Export
EUR,European Union,MOZ,Mozambique,automotive,87,"Vehicles; other than railway or tramway rolling stock, and parts and accessories thereof",8091952.764,2025,Export
EUR,European Union,MRT,Mauritania,automotive,87,"Vehicles; other than railway or tramway rolling stock, and parts and accessories thereof",66342776.283,2025,Export
EUR,European Union,MSR,Montserrat,automotive,87,"Vehicles; other than railway or tramway rolling stock, and parts and accessories thereof",274.586,2025,Export
EUR,European Union,MUS,Mauritius,automotive,87,"Vehicles; other than railway or tramway rolling stock, and parts and accessories thereof",75474900.402,2025,Export
EUR,European Union,MWI,Malawi,automotive,87,"Vehicles; other than railway or tramway rolling stock, and parts and accessories thereof",1689176.457,2025,Export
EUR,European Union,MYS,Malaysia,automotive,87,"Vehicles; other than railway or tramway rolling stock, and parts and accessories thereof",829243034.645,2025,Export
EUR,European Union,NAM,Namibia,automotive,87,"Vehicles; other than railway or tramway rolling stock, and parts and accessories thereof",13081143.461,2025,Export
EUR,European Union,NCL,New Caledonia,automotive,87,"Vehicles; other than railway or tramway rolling stock, and parts and accessories thereof",56810768.595,2025,Export
EUR,European Union,NER,Niger,automotive,87,"Vehicles; other than railway or tramway rolling stock, and parts and accessories thereof",7054039.471,2025,Export
EUR,European Union,NFK,Norfolk Isds,automotive,87,"Vehicles; other than railway or tramway rolling stock, and parts and accessories thereof",7683.885,2025,Export
EUR,European Union,NGA,Nigeria,automotive,87,"Vehicles; other than railway or tramway rolling stock, and parts and accessories thereof",181789688.603,2025,Export
EUR,European Union,NIC,Nicaragua,automotive,87,"Vehicles; other than railway or tramway rolling stock, and parts and accessories thereof",4033890.582,2025,Export
EUR,European Union,NOR,Norway,automotive,87,"Vehicles; other than railway or tramway rolling stock, and parts and accessories thereof",8688709136.688,2025,Export
EUR,European Union,NPL,Nepal,automotive,87,"Vehicles; other than railway or tramway rolling stock, and parts and accessories thereof",1355298.129,2025,Export
EUR,European Union,NZL,New Zealand,automotive,87,"Vehicles; other than railway or tramway rolling stock, and parts and accessories thereof",686020219.079,2025,Export
EUR,European Union,OMN,Oman,automotive,87,"Vehicles; other than railway or tramway rolling stock, and parts and accessories thereof",323658407.062,2025,Export
EUR,European Union,PAK,Pakistan,automotive,87,"Vehicles; other than railway or tramway rolling stock, and parts and accessories thereof",29305950.918,2025,Export
EUR,European Union,PAN,Panama,automotive,87,"Vehicles; other than railway or tramway rolling stock, and parts and accessories thereof",62111371.031,2025,Export
EUR,European Union,PCN,Pitcairn,automotive,87,"Vehicles; other than railway or tramway rolling stock, and parts and accessories thereof",11628.523,2025,Export
EUR,European Union,PER,Peru,automotive,87,"Vehicles; other than railway or tramway rolling stock, and parts and accessories thereof",352557145.971,2025,Export
EUR,European Union,PHL,Philippines,automotive,87,"Vehicles; other than railway or tramway rolling stock, and parts and accessories thereof",115930238.178,2025,Export
EUR,European Union,PLW,Palau,automotive,87,"Vehicles; other than railway or tramway rolling stock, and parts and accessories thereof",612.805,2025,Export
EUR,European Union,PNG,Papua New Guinea,automotive,87,"Vehicles; other than railway or tramway rolling stock, and parts and accessories thereof",11872087.931,2025,Export
EUR,European Union,PRY,Paraguay,automotive,87,"Vehicles; other than railway or tramway rolling stock, and parts and accessories thereof",123129868.617,2025,Export
EUR,European Union,PSE,State of Palestine,automotive,87,"Vehicles; other than railway or tramway rolling stock, and parts and accessories thereof",66819016.49,2025,Export
EUR,European Union,PYF,French Polynesia,automotive,87,"Vehicles; other than railway or tramway rolling stock, and parts and accessories thereof",57233275.048,2025,Export
EUR,European Union,QAT,Qatar,automotive,87,"Vehicles; other than railway or tramway rolling stock, and parts and accessories thereof",516636374.586,2025,Export
EUR,European Union,RUS,Russian Federation,automotive,87,"Vehicles; other than railway or tramway rolling stock, and parts and accessories thereof",172454977.035,2025,Export
EUR,European Union,RWA,Rwanda,automotive,87,"Vehicles; other than railway or tramway rolling stock, and parts and accessories thereof",16880814.461,2025,Export
EUR,European Union,S19,"Other Asia, nes",automotive,87,"Vehicles; other than railway or tramway rolling stock, and parts and accessories thereof",3744170247.874,2025,Export
EUR,European Union,SAU,Saudi Arabia,automotive,87,"Vehicles; other than railway or tramway rolling stock, and parts and accessories thereof",2453202710.583,2025,Export
EUR,European Union,SDN,Sudan,automotive,87,"Vehicles; other than railway or tramway rolling stock, and parts and accessories thereof",8447027.658,2025,Export
EUR,European Union,SEN,Senegal,automotive,87,"Vehicles; other than railway or tramway rolling stock, and parts and accessories thereof",148293285.09,2025,Export
EUR,European Union,SGP,Singapore,automotive,87,"Vehicles; other than railway or tramway rolling stock, and parts and accessories thereof",691843868.715,2025,Export
EUR,European Union,SGS,South Georgia and the South Sandwich Islands,automotive,87,"Vehicles; other than railway or tramway rolling stock, and parts and accessories thereof",4384.335,2025,Export
EUR,European Union,SHN,Saint Helena,automotive,87,"Vehicles; other than railway or tramway rolling stock, and parts and accessories thereof",177794.937,2025,Export
EUR,European Union,SLB,Solomon Isds,automotive,87,"Vehicles; other than railway or tramway rolling stock, and parts and accessories thereof",8.217,2025,Export
EUR,European Union,SLE,Sierra Leone,automotive,87,"Vehicles; other than railway or tramway rolling stock, and parts and accessories thereof",17896064.674,2025,Export
EUR,European Union,SLV,El Salvador,automotive,87,"Vehicles; other than railway or tramway rolling stock, and parts and accessories thereof",13414462.431,2025,Export
EUR,European Union,SMR,San Marino,automotive,87,"Vehicles; other than railway or tramway rolling stock, and parts and accessories thereof",40949937.27,2025,Export
EUR,European Union,SOM,Somalia,automotive,87,"Vehicles; other than railway or tramway rolling stock, and parts and accessories thereof",3092087.332,2025,Export
EUR,European Union,SPM,Saint Pierre and Miquelon,automotive,87,"Vehicles; other than railway or tramway rolling stock, and parts and accessories thereof",1794902.509,2025,Export
EUR,European Union,SRB,Serbia,automotive,87,"Vehicles; other than railway or tramway rolling stock, and parts and accessories thereof",2999434706.135,2025,Export
EUR,European Union,SSD,South Sudan,automotive,87,"Vehicles; other than railway or tramway rolling stock, and parts and accessories thereof",2152799.285,2025,Export
EUR,European Union,STP,Sao Tome and Principe,automotive,87,"Vehicles; other than railway or tramway rolling stock, and parts and accessories thereof",3367251.449,2025,Export
EUR,European Union,SUR,Suriname,automotive,87,"Vehicles; other than railway or tramway rolling stock, and parts and accessories thereof",19822899.347,2025,Export
EUR,European Union,SWZ,Eswatini,automotive,87,"Vehicles; other than railway or tramway rolling stock, and parts and accessories thereof",2134863.995,2025,Export
EUR,European Union,SXM,Sint Maarten,automotive,87,"Vehicles; other than railway or tramway rolling stock, and parts and accessories thereof",3587355.497,2025,Export
EUR,European Union,SYC,Seychelles,automotive,87,"Vehicles; other than railway or tramway rolling stock, and parts and accessories thereof",2138542.421,2025,Export
EUR,European Union,SYR,Syria,automotive,87,"Vehicles; other than railway or tramway rolling stock, and parts and accessories thereof",21941735.388,2025,Export
EUR,European Union,TCA,Turks and Caicos Isds,automotive,87,"Vehicles; other than railway or tramway rolling stock, and parts and accessories thereof",286049.353,2025,Export
EUR,European Union,TCD,Chad,automotive,87,"Vehicles; other than railway or tramway rolling stock, and parts and accessories thereof",16674929.738,2025,Export
EUR,European Union,TGO,Togo,automotive,87,"Vehicles; other than railway or tramway rolling stock, and parts and accessories thereof",54040970.47,2025,Export
EUR,European Union,THA,Thailand,automotive,87,"Vehicles; other than railway or tramway rolling stock, and parts and accessories thereof",627551051.678,2025,Export
EUR,European Union,TJK,Tajikistan,automotive,87,"Vehicles; other than railway or tramway rolling stock, and parts and accessories thereof",72158903.957,2025,Export
EUR,European Union,TKM,Turkmenistan,automotive,87,"Vehicles; other than railway or tramway rolling stock, and parts and accessories thereof",137805009.857,2025,Export
EUR,European Union,TLS,Timor-Leste,automotive,87,"Vehicles; other than railway or tramway rolling stock, and parts and accessories thereof",12409.475,2025,Export
EUR,European Union,TTO,Trinidad and Tobago,automotive,87,"Vehicles; other than railway or tramway rolling stock, and parts and accessories thereof",46194860.017,2025,Export
EUR,European Union,TUN,Tunisia,automotive,87,"Vehicles; other than railway or tramway rolling stock, and parts and accessories thereof",1003855847.008,2025,Export
EUR,European Union,TUR,Türkiye,automotive,87,"Vehicles; other than railway or tramway rolling stock, and parts and accessories thereof",28950158068.14,2025,Export
EUR,European Union,TZA,United Rep. of Tanzania,automotive,87,"Vehicles; other than railway or tramway rolling stock, and parts and accessories thereof",70631779.093,2025,Export
EUR,European Union,UGA,Uganda,automotive,87,"Vehicles; other than railway or tramway rolling stock, and parts and accessories thereof",22239602.467,2025,Export
EUR,European Union,UKR,Ukraine,automotive,87,"Vehicles; other than railway or tramway rolling stock, and parts and accessories thereof",4629024599.598,2025,Export
EUR,European Union,UMI,United States Minor Outlying Islands,automotive,87,"Vehicles; other than railway or tramway rolling stock, and parts and accessories thereof",47159.846,2025,Export
EUR,European Union,URY,Uruguay,automotive,87,"Vehicles; other than railway or tramway rolling stock, and parts and accessories thereof",161161249.995,2025,Export
EUR,European Union,USA,USA,automotive,87,"Vehicles; other than railway or tramway rolling stock, and parts and accessories thereof",47997822512.101,2025,Export
EUR,European Union,UZB,Uzbekistan,automotive,87,"Vehicles; other than railway or tramway rolling stock, and parts and accessories thereof",360834763.683,2025,Export
EUR,European Union,VAT,Holy See (Vatican City State),automotive,87,"Vehicles; other than railway or tramway rolling stock, and parts and accessories thereof",36771.911,2025,Export
EUR,European Union,VCT,Saint Vincent and the Grenadines,automotive,87,"Vehicles; other than railway or tramway rolling stock, and parts and accessories thereof",642540.147,2025,Export
EUR,European Union,VEN,Venezuela,automotive,87,"Vehicles; other than railway or tramway rolling stock, and parts and accessories thereof",10936517.241,2025,Export
EUR,European Union,VGB,Br. Virgin Isds,automotive,87,"Vehicles; other than railway or tramway rolling stock, and parts and accessories thereof",116488.222,2025,Export
EUR,European Union,VNM,Viet Nam,automotive,87,"Vehicles; other than railway or tramway rolling stock, and parts and accessories thereof",258830026.074,2025,Export
EUR,European Union,VUT,Vanuatu,automotive,87,"Vehicles; other than railway or tramway rolling stock, and parts and accessories thereof",888999.072,2025,Export
EUR,European Union,W00,World,automotive,87,"Vehicles; other than railway or tramway rolling stock, and parts and accessories thereof",286854002869.183,2025,Export
EUR,European Union,WLF,Wallis and Futuna Isds,automotive,87,"Vehicles; other than railway or tramway rolling stock, and parts and accessories thereof",778241.988,2025,Export
EUR,European Union,WSM,Samoa,automotive,87,"Vehicles; other than railway or tramway rolling stock, and parts and accessories thereof",222.607,2025,Export
EUR,European Union,X1,Bunkers,automotive,87,"Vehicles; other than railway or tramway rolling stock, and parts and accessories thereof",875516.136,2025,Export
EUR,European Union,XX,Special Categories,automotive,87,"Vehicles; other than railway or tramway rolling stock, and parts and accessories thereof",1067341914.49,2025,Export
EUR,European Union,YEM,Yemen,automotive,87,"Vehicles; other than railway or tramway rolling stock, and parts and accessories thereof",2827998.223,2025,Export
EUR,European Union,ZAF,South Africa,automotive,87,"Vehicles; other than railway or tramway rolling stock, and parts and accessories thereof",3907391020.621,2025,Export
EUR,European Union,ZMB,Zambia,automotive,87,"Vehicles; other than railway or tramway rolling stock, and parts and accessories thereof",11763408.26,2025,Export
EUR,European Union,ZWE,Zimbabwe,automotive,87,"Vehicles; other than railway or tramway rolling stock, and parts and accessories thereof",10004442.148,2025,Export
EUR,European Union,_X,"Areas, nes",automotive,87,"Vehicles; other than railway or tramway rolling stock, and parts and accessories thereof",42442368.793,2025,Export
GBR,United Kingdom,ABW,Aruba,automotive,87,"Vehicles; other than railway or tramway rolling stock, and parts and accessories thereof",133842.01,2025,Export
GBR,United Kingdom,ABW,Aruba,automotive,87,"Vehicles; other than railway or tramway rolling stock, and parts and accessories thereof",133842.01,2025,Export
GBR,United Kingdom,AFG,Afghanistan,automotive,87,"Vehicles; other than railway or tramway rolling stock, and parts and accessories thereof",17.628,2025,Export
GBR,United Kingdom,AFG,Afghanistan,automotive,87,"Vehicles; other than railway or tramway rolling stock, and parts and accessories thereof",290627.481,2025,Export
GBR,United Kingdom,AFG,Afghanistan,automotive,87,"Vehicles; other than railway or tramway rolling stock, and parts and accessories thereof",290645.109,2025,Export
GBR,United Kingdom,AGO,Angola,automotive,87,"Vehicles; other than railway or tramway rolling stock, and parts and accessories thereof",1838431.415,2025,Export
GBR,United Kingdom,AGO,Angola,automotive,87,"Vehicles; other than railway or tramway rolling stock, and parts and accessories thereof",1838431.415,2025,Export
GBR,United Kingdom,AIA,Anguilla,automotive,87,"Vehicles; other than railway or tramway rolling stock, and parts and accessories thereof",557372.079,2025,Export
GBR,United Kingdom,AIA,Anguilla,automotive,87,"Vehicles; other than railway or tramway rolling stock, and parts and accessories thereof",557372.079,2025,Export
GBR,United Kingdom,ALB,Albania,automotive,87,"Vehicles; other than railway or tramway rolling stock, and parts and accessories thereof",10180915.186,2025,Export
GBR,United Kingdom,ALB,Albania,automotive,87,"Vehicles; other than railway or tramway rolling stock, and parts and accessories thereof",10180915.186,2025,Export
GBR,United Kingdom,AND,Andorra,automotive,87,"Vehicles; other than railway or tramway rolling stock, and parts and accessories thereof",910808.151,2025,Export
GBR,United Kingdom,AND,Andorra,automotive,87,"Vehicles; other than railway or tramway rolling stock, and parts and accessories thereof",910808.151,2025,Export
GBR,United Kingdom,ARE,United Arab Emirates,automotive,87,"Vehicles; other than railway or tramway rolling stock, and parts and accessories thereof",1054900140.93,2025,Export
GBR,United Kingdom,ARE,United Arab Emirates,automotive,87,"Vehicles; other than railway or tramway rolling stock, and parts and accessories thereof",1054900140.93,2025,Export
GBR,United Kingdom,ARG,Argentina,automotive,87,"Vehicles; other than railway or tramway rolling stock, and parts and accessories thereof",586.54,2025,Export
GBR,United Kingdom,ARG,Argentina,automotive,87,"Vehicles; other than railway or tramway rolling stock, and parts and accessories thereof",14602523.724,2025,Export
GBR,United Kingdom,ARG,Argentina,automotive,87,"Vehicles; other than railway or tramway rolling stock, and parts and accessories thereof",14603110.264,2025,Export
GBR,United Kingdom,ARM,Armenia,automotive,87,"Vehicles; other than railway or tramway rolling stock, and parts and accessories thereof",16695696.827,2025,Export
GBR,United Kingdom,ARM,Armenia,automotive,87,"Vehicles; other than railway or tramway rolling stock, and parts and accessories thereof",16695696.827,2025,Export
GBR,United Kingdom,ATA,Antarctica,automotive,87,"Vehicles; other than railway or tramway rolling stock, and parts and accessories thereof",44480.193,2025,Export
GBR,United Kingdom,ATA,Antarctica,automotive,87,"Vehicles; other than railway or tramway rolling stock, and parts and accessories thereof",44480.193,2025,Export
GBR,United Kingdom,ATG,Antigua and Barbuda,automotive,87,"Vehicles; other than railway or tramway rolling stock, and parts and accessories thereof",1882842.608,2025,Export
GBR,United Kingdom,ATG,Antigua and Barbuda,automotive,87,"Vehicles; other than railway or tramway rolling stock, and parts and accessories thereof",1882842.608,2025,Export
GBR,United Kingdom,AUS,Australia,automotive,87,"Vehicles; other than railway or tramway rolling stock, and parts and accessories thereof",235821.924,2025,Export
GBR,United Kingdom,AUS,Australia,automotive,87,"Vehicles; other than railway or tramway rolling stock, and parts and accessories thereof",642783041.692,2025,Export
GBR,United Kingdom,AUS,Australia,automotive,87,"Vehicles; other than railway or tramway rolling stock, and parts and accessories thereof",643018863.616,2025,Export
GBR,United Kingdom,AUT,Austria,automotive,87,"Vehicles; other than railway or tramway rolling stock, and parts and accessories thereof",581472.71,2025,Export
GBR,United Kingdom,AUT,Austria,automotive,87,"Vehicles; other than railway or tramway rolling stock, and parts and accessories thereof",490660.121,2025,Export
GBR,United Kingdom,AUT,Austria,automotive,87,"Vehicles; other than railway or tramway rolling stock, and parts and accessories thereof",422.498,2025,Export
GBR,United Kingdom,AUT,Austria,automotive,87,"Vehicles; other than railway or tramway rolling stock, and parts and accessories thereof",363311841.339,2025,Export
GBR,United Kingdom,AUT,Austria,automotive,87,"Vehicles; other than railway or tramway rolling stock, and parts and accessories thereof",23647.913,2025,Export
GBR,United Kingdom,AUT,Austria,automotive,87,"Vehicles; other than railway or tramway rolling stock, and parts and accessories thereof",82.681,2025,Export
GBR,United Kingdom,AUT,Austria,automotive,87,"Vehicles; other than railway or tramway rolling stock, and parts and accessories thereof",1935517.393,2025,Export
GBR,United Kingdom,AUT,Austria,automotive,87,"Vehicles; other than railway or tramway rolling stock, and parts and accessories thereof",360279344.787,2025,Export
GBR,United Kingdom,AUT,Austria,automotive,87,"Vehicles; other than railway or tramway rolling stock, and parts and accessories thereof",693.236,2025,Export
GBR,United Kingdom,AZE,Azerbaijan,automotive,87,"Vehicles; other than railway or tramway rolling stock, and parts and accessories thereof",80035291.227,2025,Export
GBR,United Kingdom,AZE,Azerbaijan,automotive,87,"Vehicles; other than railway or tramway rolling stock, and parts and accessories thereof",80035291.227,2025,Export
GBR,United Kingdom,BDI,Burundi,automotive,87,"Vehicles; other than railway or tramway rolling stock, and parts and accessories thereof",60711.427,2025,Export
GBR,United Kingdom,BDI,Burundi,automotive,87,"Vehicles; other than railway or tramway rolling stock, and parts and accessories thereof",60711.427,2025,Export
GBR,United Kingdom,BEL,Belgium,automotive,87,"Vehicles; other than railway or tramway rolling stock, and parts and accessories thereof",1021516.408,2025,Export
GBR,United Kingdom,BEL,Belgium,automotive,87,"Vehicles; other than railway or tramway rolling stock, and parts and accessories thereof",154678.826,2025,Export
GBR,United Kingdom,BEL,Belgium,automotive,87,"Vehicles; other than railway or tramway rolling stock, and parts and accessories thereof",2321345923.46,2025,Export
GBR,United Kingdom,BEL,Belgium,automotive,87,"Vehicles; other than railway or tramway rolling stock, and parts and accessories thereof",2322522118.693,2025,Export
GBR,United Kingdom,BEN,Benin,automotive,87,"Vehicles; other than railway or tramway rolling stock, and parts and accessories thereof",1514233.233,2025,Export
GBR,United Kingdom,BEN,Benin,automotive,87,"Vehicles; other than railway or tramway rolling stock, and parts and accessories thereof",1514233.233,2025,Export
GBR,United Kingdom,BES,Bonaire,automotive,87,"Vehicles; other than railway or tramway rolling stock, and parts and accessories thereof",789731.923,2025,Export
GBR,United Kingdom,BES,Bonaire,automotive,87,"Vehicles; other than railway or tramway rolling stock, and parts and accessories thereof",789731.923,2025,Export
GBR,United Kingdom,BFA,Burkina Faso,automotive,87,"Vehicles; other than railway or tramway rolling stock, and parts and accessories thereof",1848946.945,2025,Export
GBR,United Kingdom,BFA,Burkina Faso,automotive,87,"Vehicles; other than railway or tramway rolling stock, and parts and accessories thereof",1848946.945,2025,Export
GBR,United Kingdom,BGD,Bangladesh,automotive,87,"Vehicles; other than railway or tramway rolling stock, and parts and accessories thereof",221124.668,2025,Export
GBR,United Kingdom,BGD,Bangladesh,automotive,87,"Vehicles; other than railway or tramway rolling stock, and parts and accessories thereof",4883916.87,2025,Export
GBR,United Kingdom,BGD,Bangladesh,automotive,87,"Vehicles; other than railway or tramway rolling stock, and parts and accessories thereof",4662792.202,2025,Export
GBR,United Kingdom,BGR,Bulgaria,automotive,87,"Vehicles; other than railway or tramway rolling stock, and parts and accessories thereof",49468255.052,2025,Export
GBR,United Kingdom,BGR,Bulgaria,automotive,87,"Vehicles; other than railway or tramway rolling stock, and parts and accessories thereof",7805.477,2025,Export
GBR,United Kingdom,BGR,Bulgaria,automotive,87,"Vehicles; other than railway or tramway rolling stock, and parts and accessories thereof",49460449.575,2025,Export
GBR,United Kingdom,BHR,Bahrain,automotive,87,"Vehicles; other than railway or tramway rolling stock, and parts and accessories thereof",66477736.091,2025,Export
GBR,United Kingdom,BHR,Bahrain,automotive,87,"Vehicles; other than railway or tramway rolling stock, and parts and accessories thereof",12828.866,2025,Export
GBR,United Kingdom,BHR,Bahrain,automotive,87,"Vehicles; other than railway or tramway rolling stock, and parts and accessories thereof",66464907.225,2025,Export
GBR,United Kingdom,BHS,Bahamas,automotive,87,"Vehicles; other than railway or tramway rolling stock, and parts and accessories thereof",1007367.114,2025,Export
GBR,United Kingdom,BHS,Bahamas,automotive,87,"Vehicles; other than railway or tramway rolling stock, and parts and accessories thereof",1007367.114,2025,Export
GBR,United Kingdom,BIH,Bosnia Herzegovina,automotive,87,"Vehicles; other than railway or tramway rolling stock, and parts and accessories thereof",5368316.289,2025,Export
GBR,United Kingdom,BIH,Bosnia Herzegovina,automotive,87,"Vehicles; other than railway or tramway rolling stock, and parts and accessories thereof",26.921,2025,Export
GBR,United Kingdom,BIH,Bosnia Herzegovina,automotive,87,"Vehicles; other than railway or tramway rolling stock, and parts and accessories thereof",5368289.368,2025,Export
GBR,United Kingdom,BLR,Belarus,automotive,87,"Vehicles; other than railway or tramway rolling stock, and parts and accessories thereof",1572.354,2025,Export
GBR,United Kingdom,BLR,Belarus,automotive,87,"Vehicles; other than railway or tramway rolling stock, and parts and accessories thereof",1572.354,2025,Export
GBR,United Kingdom,BLZ,Belize,automotive,87,"Vehicles; other than railway or tramway rolling stock, and parts and accessories thereof",527651.265,2025,Export
GBR,United Kingdom,BLZ,Belize,automotive,87,"Vehicles; other than railway or tramway rolling stock, and parts and accessories thereof",527651.265,2025,Export
GBR,United Kingdom,BMU,Bermuda,automotive,87,"Vehicles; other than railway or tramway rolling stock, and parts and accessories thereof",2860092.779,2025,Export
GBR,United Kingdom,BMU,Bermuda,automotive,87,"Vehicles; other than railway or tramway rolling stock, and parts and accessories thereof",2860092.779,2025,Export
GBR,United Kingdom,BOL,Bolivia (Plurinational State of),automotive,87,"Vehicles; other than railway or tramway rolling stock, and parts and accessories thereof",539997.172,2025,Export
GBR,United Kingdom,BOL,Bolivia (Plurinational State of),automotive,87,"Vehicles; other than railway or tramway rolling stock, and parts and accessories thereof",539997.172,2025,Export
GBR,United Kingdom,BRA,Brazil,automotive,87,"Vehicles; other than railway or tramway rolling stock, and parts and accessories thereof",14.447,2025,Export
GBR,United Kingdom,BRA,Brazil,automotive,87,"Vehicles; other than railway or tramway rolling stock, and parts and accessories thereof",120055903.656,2025,Export
GBR,United Kingdom,BRA,Brazil,automotive,87,"Vehicles; other than railway or tramway rolling stock, and parts and accessories thereof",120050713.205,2025,Export
GBR,United Kingdom,BRA,Brazil,automotive,87,"Vehicles; other than railway or tramway rolling stock, and parts and accessories thereof",5176.004,2025,Export
GBR,United Kingdom,BRB,Barbados,automotive,87,"Vehicles; other than railway or tramway rolling stock, and parts and accessories thereof",13290157.869,2025,Export
GBR,United Kingdom,BRB,Barbados,automotive,87,"Vehicles; other than railway or tramway rolling stock, and parts and accessories thereof",13290157.869,2025,Export
GBR,United Kingdom,BRN,Brunei Darussalam,automotive,87,"Vehicles; other than railway or tramway rolling stock, and parts and accessories thereof",8778897.578,2025,Export
GBR,United Kingdom,BRN,Brunei Darussalam,automotive,87,"Vehicles; other than railway or tramway rolling stock, and parts and accessories thereof",8778897.578,2025,Export
GBR,United Kingdom,BTN,Bhutan,automotive,87,"Vehicles; other than railway or tramway rolling stock, and parts and accessories thereof",5623.34,2025,Export
GBR,United Kingdom,BTN,Bhutan,automotive,87,"Vehicles; other than railway or tramway rolling stock, and parts and accessories thereof",5623.34,2025,Export
GBR,United Kingdom,BWA,Botswana,automotive,87,"Vehicles; other than railway or tramway rolling stock, and parts and accessories thereof",1073849.066,2025,Export
GBR,United Kingdom,BWA,Botswana,automotive,87,"Vehicles; other than railway or tramway rolling stock, and parts and accessories thereof",1073849.066,2025,Export
GBR,United Kingdom,CAN,Canada,automotive,87,"Vehicles; other than railway or tramway rolling stock, and parts and accessories thereof",1497136.747,2025,Export
GBR,United Kingdom,CAN,Canada,automotive,87,"Vehicles; other than railway or tramway rolling stock, and parts and accessories thereof",2131.104,2025,Export
GBR,United Kingdom,CAN,Canada,automotive,87,"Vehicles; other than railway or tramway rolling stock, and parts and accessories thereof",594901.597,2025,Export
GBR,United Kingdom,CAN,Canada,automotive,87,"Vehicles; other than railway or tramway rolling stock, and parts and accessories thereof",700900734.273,2025,Export
GBR,United Kingdom,CAN,Canada,automotive,87,"Vehicles; other than railway or tramway rolling stock, and parts and accessories thereof",698806564.825,2025,Export
GBR,United Kingdom,CCK,Cocos Isds,automotive,87,"Vehicles; other than railway or tramway rolling stock, and parts and accessories thereof",4861.096,2025,Export
GBR,United Kingdom,CCK,Cocos Isds,automotive,87,"Vehicles; other than railway or tramway rolling stock, and parts and accessories thereof",4861.096,2025,Export
GBR,United Kingdom,CHE,Switzerland,automotive,87,"Vehicles; other than railway or tramway rolling stock, and parts and accessories thereof",522005977.26,2025,Export
GBR,United Kingdom,CHE,Switzerland,automotive,87,"Vehicles; other than railway or tramway rolling stock, and parts and accessories thereof",521027671.249,2025,Export
GBR,United Kingdom,CHE,Switzerland,automotive,87,"Vehicles; other than railway or tramway rolling stock, and parts and accessories thereof",665.857,2025,Export
GBR,United Kingdom,CHE,Switzerland,automotive,87,"Vehicles; other than railway or tramway rolling stock, and parts and accessories thereof",46039.332,2025,Export
GBR,United Kingdom,CHE,Switzerland,automotive,87,"Vehicles; other than railway or tramway rolling stock, and parts and accessories thereof",223.59,2025,Export
GBR,United Kingdom,CHE,Switzerland,automotive,87,"Vehicles; other than railway or tramway rolling stock, and parts and accessories thereof",931306.313,2025,Export
GBR,United Kingdom,CHE,Switzerland,automotive,87,"Vehicles; other than railway or tramway rolling stock, and parts and accessories thereof",70.92,2025,Export
GBR,United Kingdom,CHL,Chile,automotive,87,"Vehicles; other than railway or tramway rolling stock, and parts and accessories thereof",41620758.942,2025,Export
GBR,United Kingdom,CHL,Chile,automotive,87,"Vehicles; other than railway or tramway rolling stock, and parts and accessories thereof",59.413,2025,Export
GBR,United Kingdom,CHL,Chile,automotive,87,"Vehicles; other than railway or tramway rolling stock, and parts and accessories thereof",41620818.355,2025,Export
GBR,United Kingdom,CHN,China,automotive,87,"Vehicles; other than railway or tramway rolling stock, and parts and accessories thereof",121203.771,2025,Export
GBR,United Kingdom,CHN,China,automotive,87,"Vehicles; other than railway or tramway rolling stock, and parts and accessories thereof",746.787,2025,Export
GBR,United Kingdom,CHN,China,automotive,87,"Vehicles; other than railway or tramway rolling stock, and parts and accessories thereof",781.271,2025,Export
GBR,United Kingdom,CHN,China,automotive,87,"Vehicles; other than railway or tramway rolling stock, and parts and accessories thereof",2248.257,2025,Export
GBR,United Kingdom,CHN,China,automotive,87,"Vehicles; other than railway or tramway rolling stock, and parts and accessories thereof",39075.9,2025,Export
GBR,United Kingdom,CHN,China,automotive,87,"Vehicles; other than railway or tramway rolling stock, and parts and accessories thereof",2383.893,2025,Export
GBR,United Kingdom,CHN,China,automotive,87,"Vehicles; other than railway or tramway rolling stock, and parts and accessories thereof",183.018,2025,Export
GBR,United Kingdom,CHN,China,automotive,87,"Vehicles; other than railway or tramway rolling stock, and parts and accessories thereof",11450.832,2025,Export
GBR,United Kingdom,CHN,China,automotive,87,"Vehicles; other than railway or tramway rolling stock, and parts and accessories thereof",10630.584,2025,Export
GBR,United Kingdom,CHN,China,automotive,87,"Vehicles; other than railway or tramway rolling stock, and parts and accessories thereof",29592.236,2025,Export
GBR,United Kingdom,CHN,China,automotive,87,"Vehicles; other than railway or tramway rolling stock, and parts and accessories thereof",3923.518,2025,Export
GBR,United Kingdom,CHN,China,automotive,87,"Vehicles; other than railway or tramway rolling stock, and parts and accessories thereof",3268736990.778,2025,Export
GBR,United Kingdom,CHN,China,automotive,87,"Vehicles; other than railway or tramway rolling stock, and parts and accessories thereof",3255885629.611,2025,Export
GBR,United Kingdom,CHN,China,automotive,87,"Vehicles; other than railway or tramway rolling stock, and parts and accessories thereof",8420.178,2025,Export
GBR,United Kingdom,CHN,China,automotive,87,"Vehicles; other than railway or tramway rolling stock, and parts and accessories thereof",69839.11,2025,Export
GBR,United Kingdom,CHN,China,automotive,87,"Vehicles; other than railway or tramway rolling stock, and parts and accessories thereof",2094.031,2025,Export
GBR,United Kingdom,CHN,China,automotive,87,"Vehicles; other than railway or tramway rolling stock, and parts and accessories thereof",25168.669,2025,Export
GBR,United Kingdom,CHN,China,automotive,87,"Vehicles; other than railway or tramway rolling stock, and parts and accessories thereof",40360.334,2025,Export
GBR,United Kingdom,CHN,China,automotive,87,"Vehicles; other than railway or tramway rolling stock, and parts and accessories thereof",17003.251,2025,Export
GBR,United Kingdom,CHN,China,automotive,87,"Vehicles; other than railway or tramway rolling stock, and parts and accessories thereof",33484.11,2025,Export
GBR,United Kingdom,CHN,China,automotive,87,"Vehicles; other than railway or tramway rolling stock, and parts and accessories thereof",74019.155,2025,Export
GBR,United Kingdom,CHN,China,automotive,87,"Vehicles; other than railway or tramway rolling stock, and parts and accessories thereof",12121594.426,2025,Export
GBR,United Kingdom,CHN,China,automotive,87,"Vehicles; other than railway or tramway rolling stock, and parts and accessories thereof",21385.393,2025,Export
GBR,United Kingdom,CHN,China,automotive,87,"Vehicles; other than railway or tramway rolling stock, and parts and accessories thereof",205131.44,2025,Export
GBR,United Kingdom,CHN,China,automotive,87,"Vehicles; other than railway or tramway rolling stock, and parts and accessories thereof",6858.892,2025,Export
GBR,United Kingdom,CHN,China,automotive,87,"Vehicles; other than railway or tramway rolling stock, and parts and accessories thereof",3782.109,2025,Export
GBR,United Kingdom,CIV,Côte d'Ivoire,automotive,87,"Vehicles; other than railway or tramway rolling stock, and parts and accessories thereof",6999306.341,2025,Export
GBR,United Kingdom,CIV,Côte d'Ivoire,automotive,87,"Vehicles; other than railway or tramway rolling stock, and parts and accessories thereof",6999306.341,2025,Export
GBR,United Kingdom,CMR,Cameroon,automotive,87,"Vehicles; other than railway or tramway rolling stock, and parts and accessories thereof",5599134.972,2025,Export
GBR,United Kingdom,CMR,Cameroon,automotive,87,"Vehicles; other than railway or tramway rolling stock, and parts and accessories thereof",5599134.972,2025,Export
GBR,United Kingdom,COD,Dem. Rep. of the Congo,automotive,87,"Vehicles; other than railway or tramway rolling stock, and parts and accessories thereof",12069400.449,2025,Export
GBR,United Kingdom,COD,Dem. Rep. of the Congo,automotive,87,"Vehicles; other than railway or tramway rolling stock, and parts and accessories thereof",12069400.449,2025,Export
GBR,United Kingdom,COG,Congo,automotive,87,"Vehicles; other than railway or tramway rolling stock, and parts and accessories thereof",11274200.997,2025,Export
GBR,United Kingdom,COG,Congo,automotive,87,"Vehicles; other than railway or tramway rolling stock, and parts and accessories thereof",11274200.997,2025,Export
GBR,United Kingdom,COL,Colombia,automotive,87,"Vehicles; other than railway or tramway rolling stock, and parts and accessories thereof",51715839.025,2025,Export
GBR,United Kingdom,COL,Colombia,automotive,87,"Vehicles; other than railway or tramway rolling stock, and parts and accessories thereof",51715839.025,2025,Export
GBR,United Kingdom,CPV,Cabo Verde,automotive,87,"Vehicles; other than railway or tramway rolling stock, and parts and accessories thereof",126634.46,2025,Export
GBR,United Kingdom,CPV,Cabo Verde,automotive,87,"Vehicles; other than railway or tramway rolling stock, and parts and accessories thereof",126634.46,2025,Export
GBR,United Kingdom,CRI,Costa Rica,automotive,87,"Vehicles; other than railway or tramway rolling stock, and parts and accessories thereof",78332.377,2025,Export
GBR,United Kingdom,CRI,Costa Rica,automotive,87,"Vehicles; other than railway or tramway rolling stock, and parts and accessories thereof",24098548.953,2025,Export
GBR,United Kingdom,CRI,Costa Rica,automotive,87,"Vehicles; other than railway or tramway rolling stock, and parts and accessories thereof",24020216.576,2025,Export
GBR,United Kingdom,CUB,Cuba,automotive,87,"Vehicles; other than railway or tramway rolling stock, and parts and accessories thereof",37476.302,2025,Export
GBR,United Kingdom,CUB,Cuba,automotive,87,"Vehicles; other than railway or tramway rolling stock, and parts and accessories thereof",37476.302,2025,Export
GBR,United Kingdom,CUW,Curaçao,automotive,87,"Vehicles; other than railway or tramway rolling stock, and parts and accessories thereof",459053.051,2025,Export
GBR,United Kingdom,CUW,Curaçao,automotive,87,"Vehicles; other than railway or tramway rolling stock, and parts and accessories thereof",459053.051,2025,Export
GBR,United Kingdom,CYM,Cayman Isds,automotive,87,"Vehicles; other than railway or tramway rolling stock, and parts and accessories thereof",6839493.035,2025,Export
GBR,United Kingdom,CYM,Cayman Isds,automotive,87,"Vehicles; other than railway or tramway rolling stock, and parts and accessories thereof",6839493.035,2025,Export
GBR,United Kingdom,CYP,Cyprus,automotive,87,"Vehicles; other than railway or tramway rolling stock, and parts and accessories thereof",193523572.152,2025,Export
GBR,United Kingdom,CYP,Cyprus,automotive,87,"Vehicles; other than railway or tramway rolling stock, and parts and accessories thereof",74379.463,2025,Export
GBR,United Kingdom,CYP,Cyprus,automotive,87,"Vehicles; other than railway or tramway rolling stock, and parts and accessories thereof",193449192.688,2025,Export
GBR,United Kingdom,CZE,Czechia,automotive,87,"Vehicles; other than railway or tramway rolling stock, and parts and accessories thereof",189002441.817,2025,Export
GBR,United Kingdom,CZE,Czechia,automotive,87,"Vehicles; other than railway or tramway rolling stock, and parts and accessories thereof",185832905.265,2025,Export
GBR,United Kingdom,CZE,Czechia,automotive,87,"Vehicles; other than railway or tramway rolling stock, and parts and accessories thereof",602167.598,2025,Export
GBR,United Kingdom,CZE,Czechia,automotive,87,"Vehicles; other than railway or tramway rolling stock, and parts and accessories thereof",2042969.475,2025,Export
GBR,United Kingdom,CZE,Czechia,automotive,87,"Vehicles; other than railway or tramway rolling stock, and parts and accessories thereof",9148.831,2025,Export
GBR,United Kingdom,CZE,Czechia,automotive,87,"Vehicles; other than railway or tramway rolling stock, and parts and accessories thereof",24712.827,2025,Export
GBR,United Kingdom,CZE,Czechia,automotive,87,"Vehicles; other than railway or tramway rolling stock, and parts and accessories thereof",136504.369,2025,Export
GBR,United Kingdom,CZE,Czechia,automotive,87,"Vehicles; other than railway or tramway rolling stock, and parts and accessories thereof",354033.453,2025,Export
GBR,United Kingdom,DEU,Germany,automotive,87,"Vehicles; other than railway or tramway rolling stock, and parts and accessories thereof",25062.604,2025,Export
GBR,United Kingdom,DEU,Germany,automotive,87,"Vehicles; other than railway or tramway rolling stock, and parts and accessories thereof",34530.545,2025,Export
GBR,United Kingdom,DEU,Germany,automotive,87,"Vehicles; other than railway or tramway rolling stock, and parts and accessories thereof",9655.946,2025,Export
GBR,United Kingdom,DEU,Germany,automotive,87,"Vehicles; other than railway or tramway rolling stock, and parts and accessories thereof",47661795.179,2025,Export
GBR,United Kingdom,DEU,Germany,automotive,87,"Vehicles; other than railway or tramway rolling stock, and parts and accessories thereof",1476.702,2025,Export
GBR,United Kingdom,DEU,Germany,automotive,87,"Vehicles; other than railway or tramway rolling stock, and parts and accessories thereof",388537.852,2025,Export
GBR,United Kingdom,DEU,Germany,automotive,87,"Vehicles; other than railway or tramway rolling stock, and parts and accessories thereof",87081.824,2025,Export
GBR,United Kingdom,DEU,Germany,automotive,87,"Vehicles; other than railway or tramway rolling stock, and parts and accessories thereof",325.084,2025,Export
GBR,United Kingdom,DEU,Germany,automotive,87,"Vehicles; other than railway or tramway rolling stock, and parts and accessories thereof",36260.631,2025,Export
GBR,United Kingdom,DEU,Germany,automotive,87,"Vehicles; other than railway or tramway rolling stock, and parts and accessories thereof",22221.638,2025,Export
GBR,United Kingdom,DEU,Germany,automotive,87,"Vehicles; other than railway or tramway rolling stock, and parts and accessories thereof",1908104.538,2025,Export
GBR,United Kingdom,DEU,Germany,automotive,87,"Vehicles; other than railway or tramway rolling stock, and parts and accessories thereof",144.065,2025,Export
GBR,United Kingdom,DEU,Germany,automotive,87,"Vehicles; other than railway or tramway rolling stock, and parts and accessories thereof",1096332.896,2025,Export
GBR,United Kingdom,DEU,Germany,automotive,87,"Vehicles; other than railway or tramway rolling stock, and parts and accessories thereof",3111311779.738,2025,Export
GBR,United Kingdom,DEU,Germany,automotive,87,"Vehicles; other than railway or tramway rolling stock, and parts and accessories thereof",1393.344,2025,Export
GBR,United Kingdom,DEU,Germany,automotive,87,"Vehicles; other than railway or tramway rolling stock, and parts and accessories thereof",3162584702.583,2025,Export
GBR,United Kingdom,DJI,Djibouti,automotive,87,"Vehicles; other than railway or tramway rolling stock, and parts and accessories thereof",722591.595,2025,Export
GBR,United Kingdom,DJI,Djibouti,automotive,87,"Vehicles; other than railway or tramway rolling stock, and parts and accessories thereof",722591.595,2025,Export
GBR,United Kingdom,DMA,Dominica,automotive,87,"Vehicles; other than railway or tramway rolling stock, and parts and accessories thereof",951736.524,2025,Export
GBR,United Kingdom,DMA,Dominica,automotive,87,"Vehicles; other than railway or tramway rolling stock, and parts and accessories thereof",951736.524,2025,Export
GBR,United Kingdom,DNK,Denmark,automotive,87,"Vehicles; other than railway or tramway rolling stock, and parts and accessories thereof",23903.304,2025,Export
GBR,United Kingdom,DNK,Denmark,automotive,87,"Vehicles; other than railway or tramway rolling stock, and parts and accessories thereof",169687460.833,2025,Export
GBR,United Kingdom,DNK,Denmark,automotive,87,"Vehicles; other than railway or tramway rolling stock, and parts and accessories thereof",724.096,2025,Export
GBR,United Kingdom,DNK,Denmark,automotive,87,"Vehicles; other than railway or tramway rolling stock, and parts and accessories thereof",41768.594,2025,Export
GBR,United Kingdom,DNK,Denmark,automotive,87,"Vehicles; other than railway or tramway rolling stock, and parts and accessories thereof",169753856.826,2025,Export
GBR,United Kingdom,DOM,Dominican Rep.,automotive,87,"Vehicles; other than railway or tramway rolling stock, and parts and accessories thereof",23549055.353,2025,Export
GBR,United Kingdom,DOM,Dominican Rep.,automotive,87,"Vehicles; other than railway or tramway rolling stock, and parts and accessories thereof",23549055.353,2025,Export
GBR,United Kingdom,DZA,Algeria,automotive,87,"Vehicles; other than railway or tramway rolling stock, and parts and accessories thereof",135411434.009,2025,Export
GBR,United Kingdom,DZA,Algeria,automotive,87,"Vehicles; other than railway or tramway rolling stock, and parts and accessories thereof",135411434.009,2025,Export
GBR,United Kingdom,ECU,Ecuador,automotive,87,"Vehicles; other than railway or tramway rolling stock, and parts and accessories thereof",20894534.564,2025,Export
GBR,United Kingdom,ECU,Ecuador,automotive,87,"Vehicles; other than railway or tramway rolling stock, and parts and accessories thereof",20894534.564,2025,Export
GBR,United Kingdom,EGY,Egypt,automotive,87,"Vehicles; other than railway or tramway rolling stock, and parts and accessories thereof",202070617.688,2025,Export
GBR,United Kingdom,EGY,Egypt,automotive,87,"Vehicles; other than railway or tramway rolling stock, and parts and accessories thereof",202070617.688,2025,Export
GBR,United Kingdom,ERI,Eritrea,automotive,87,"Vehicles; other than railway or tramway rolling stock, and parts and accessories thereof",14600.412,2025,Export
GBR,United Kingdom,ERI,Eritrea,automotive,87,"Vehicles; other than railway or tramway rolling stock, and parts and accessories thereof",14600.412,2025,Export
GBR,United Kingdom,ESP,Spain,automotive,87,"Vehicles; other than railway or tramway rolling stock, and parts and accessories thereof",1752790640.189,2025,Export
GBR,United Kingdom,ESP,Spain,automotive,87,"Vehicles; other than railway or tramway rolling stock, and parts and accessories thereof",1751762417.373,2025,Export
GBR,United Kingdom,ESP,Spain,automotive,87,"Vehicles; other than railway or tramway rolling stock, and parts and accessories thereof",1981.487,2025,Export
GBR,United Kingdom,ESP,Spain,automotive,87,"Vehicles; other than railway or tramway rolling stock, and parts and accessories thereof",954153.045,2025,Export
GBR,United Kingdom,ESP,Spain,automotive,87,"Vehicles; other than railway or tramway rolling stock, and parts and accessories thereof",7390.69,2025,Export
GBR,United Kingdom,ESP,Spain,automotive,87,"Vehicles; other than railway or tramway rolling stock, and parts and accessories thereof",63424.136,2025,Export
GBR,United Kingdom,ESP,Spain,automotive,87,"Vehicles; other than railway or tramway rolling stock, and parts and accessories thereof",1273.458,2025,Export
GBR,United Kingdom,EST,Estonia,automotive,87,"Vehicles; other than railway or tramway rolling stock, and parts and accessories thereof",37353339.262,2025,Export
GBR,United Kingdom,EST,Estonia,automotive,87,"Vehicles; other than railway or tramway rolling stock, and parts and accessories thereof",7034.401,2025,Export
GBR,United Kingdom,EST,Estonia,automotive,87,"Vehicles; other than railway or tramway rolling stock, and parts and accessories thereof",37360373.663,2025,Export
GBR,United Kingdom,ETH,Ethiopia,automotive,87,"Vehicles; other than railway or tramway rolling stock, and parts and accessories thereof",8665390.284,2025,Export
GBR,United Kingdom,ETH,Ethiopia,automotive,87,"Vehicles; other than railway or tramway rolling stock, and parts and accessories thereof",8665390.284,2025,Export
GBR,United Kingdom,FIN,Finland,automotive,87,"Vehicles; other than railway or tramway rolling stock, and parts and accessories thereof",194783149.045,2025,Export
GBR,United Kingdom,FIN,Finland,automotive,87,"Vehicles; other than railway or tramway rolling stock, and parts and accessories thereof",847718.964,2025,Export
GBR,United Kingdom,FIN,Finland,automotive,87,"Vehicles; other than railway or tramway rolling stock, and parts and accessories thereof",195630868.009,2025,Export
GBR,United Kingdom,FJI,Fiji,automotive,87,"Vehicles; other than railway or tramway rolling stock, and parts and accessories thereof",79860.769,2025,Export
GBR,United Kingdom,FJI,Fiji,automotive,87,"Vehicles; other than railway or tramway rolling stock, and parts and accessories thereof",79860.769,2025,Export
GBR,United Kingdom,FLK,Falkland Isds (Malvinas),automotive,87,"Vehicles; other than railway or tramway rolling stock, and parts and accessories thereof",9383424.045,2025,Export
GBR,United Kingdom,FLK,Falkland Isds (Malvinas),automotive,87,"Vehicles; other than railway or tramway rolling stock, and parts and accessories thereof",9383424.045,2025,Export
GBR,United Kingdom,FRA,France,automotive,87,"Vehicles; other than railway or tramway rolling stock, and parts and accessories thereof",2262556868.497,2025,Export
GBR,United Kingdom,FRA,France,automotive,87,"Vehicles; other than railway or tramway rolling stock, and parts and accessories thereof",3717.501,2025,Export
GBR,United Kingdom,FRA,France,automotive,87,"Vehicles; other than railway or tramway rolling stock, and parts and accessories thereof",81323.005,2025,Export
GBR,United Kingdom,FRA,France,automotive,87,"Vehicles; other than railway or tramway rolling stock, and parts and accessories thereof",2252452627.005,2025,Export
GBR,United Kingdom,FRA,France,automotive,87,"Vehicles; other than railway or tramway rolling stock, and parts and accessories thereof",456400.161,2025,Export
GBR,United Kingdom,FRA,France,automotive,87,"Vehicles; other than railway or tramway rolling stock, and parts and accessories thereof",1747.938,2025,Export
GBR,United Kingdom,FRA,France,automotive,87,"Vehicles; other than railway or tramway rolling stock, and parts and accessories thereof",4390.069,2025,Export
GBR,United Kingdom,FRA,France,automotive,87,"Vehicles; other than railway or tramway rolling stock, and parts and accessories thereof",11850.534,2025,Export
GBR,United Kingdom,FRA,France,automotive,87,"Vehicles; other than railway or tramway rolling stock, and parts and accessories thereof",71.647,2025,Export
GBR,United Kingdom,FRA,France,automotive,87,"Vehicles; other than railway or tramway rolling stock, and parts and accessories thereof",8338.315,2025,Export
GBR,United Kingdom,FRA,France,automotive,87,"Vehicles; other than railway or tramway rolling stock, and parts and accessories thereof",990.875,2025,Export
GBR,United Kingdom,FRA,France,automotive,87,"Vehicles; other than railway or tramway rolling stock, and parts and accessories thereof",118872.219,2025,Export
GBR,United Kingdom,FRA,France,automotive,87,"Vehicles; other than railway or tramway rolling stock, and parts and accessories thereof",26.704,2025,Export
GBR,United Kingdom,FRA,France,automotive,87,"Vehicles; other than railway or tramway rolling stock, and parts and accessories thereof",180887.721,2025,Export
GBR,United Kingdom,FRA,France,automotive,87,"Vehicles; other than railway or tramway rolling stock, and parts and accessories thereof",33899.798,2025,Export
GBR,United Kingdom,FRA,France,automotive,87,"Vehicles; other than railway or tramway rolling stock, and parts and accessories thereof",9201725.004,2025,Export
GBR,United Kingdom,FRO,Faroe Isds,automotive,87,"Vehicles; other than railway or tramway rolling stock, and parts and accessories thereof",321993.198,2025,Export
GBR,United Kingdom,FRO,Faroe Isds,automotive,87,"Vehicles; other than railway or tramway rolling stock, and parts and accessories thereof",321993.198,2025,Export
GBR,United Kingdom,GAB,Gabon,automotive,87,"Vehicles; other than railway or tramway rolling stock, and parts and accessories thereof",186.493,2025,Export
GBR,United Kingdom,GAB,Gabon,automotive,87,"Vehicles; other than railway or tramway rolling stock, and parts and accessories thereof",107309.72,2025,Export
GBR,United Kingdom,GAB,Gabon,automotive,87,"Vehicles; other than railway or tramway rolling stock, and parts and accessories thereof",3635.233,2025,Export
GBR,United Kingdom,GAB,Gabon,automotive,87,"Vehicles; other than railway or tramway rolling stock, and parts and accessories thereof",111131.446,2025,Export
GBR,United Kingdom,GEO,Georgia,automotive,87,"Vehicles; other than railway or tramway rolling stock, and parts and accessories thereof",125499.417,2025,Export
GBR,United Kingdom,GEO,Georgia,automotive,87,"Vehicles; other than railway or tramway rolling stock, and parts and accessories thereof",59961645.716,2025,Export
GBR,United Kingdom,GEO,Georgia,automotive,87,"Vehicles; other than railway or tramway rolling stock, and parts and accessories thereof",60555287.894,2025,Export
GBR,United Kingdom,GEO,Georgia,automotive,87,"Vehicles; other than railway or tramway rolling stock, and parts and accessories thereof",468142.761,2025,Export
GBR,United Kingdom,GHA,Ghana,automotive,87,"Vehicles; other than railway or tramway rolling stock, and parts and accessories thereof",30414870.947,2025,Export
GBR,United Kingdom,GHA,Ghana,automotive,87,"Vehicles; other than railway or tramway rolling stock, and parts and accessories thereof",90.479,2025,Export
GBR,United Kingdom,GHA,Ghana,automotive,87,"Vehicles; other than railway or tramway rolling stock, and parts and accessories thereof",30414780.468,2025,Export
GBR,United Kingdom,GIB,Gibraltar,automotive,87,"Vehicles; other than railway or tramway rolling stock, and parts and accessories thereof",2278947.892,2025,Export
GBR,United Kingdom,GIB,Gibraltar,automotive,87,"Vehicles; other than railway or tramway rolling stock, and parts and accessories thereof",2278947.892,2025,Export
GBR,United Kingdom,GIN,Guinea,automotive,87,"Vehicles; other than railway or tramway rolling stock, and parts and accessories thereof",3341269.56,2025,Export
GBR,United Kingdom,GIN,Guinea,automotive,87,"Vehicles; other than railway or tramway rolling stock, and parts and accessories thereof",3341269.56,2025,Export
GBR,United Kingdom,GMB,Gambia,automotive,87,"Vehicles; other than railway or tramway rolling stock, and parts and accessories thereof",4004578.188,2025,Export
GBR,United Kingdom,GMB,Gambia,automotive,87,"Vehicles; other than railway or tramway rolling stock, and parts and accessories thereof",4004578.188,2025,Export
GBR,United Kingdom,GNB,Guinea-Bissau,automotive,87,"Vehicles; other than railway or tramway rolling stock, and parts and accessories thereof",101841.185,2025,Export
GBR,United Kingdom,GNB,Guinea-Bissau,automotive,87,"Vehicles; other than railway or tramway rolling stock, and parts and accessories thereof",101841.185,2025,Export
GBR,United Kingdom,GNQ,Equatorial Guinea,automotive,87,"Vehicles; other than railway or tramway rolling stock, and parts and accessories thereof",173016.558,2025,Export
GBR,United Kingdom,GNQ,Equatorial Guinea,automotive,87,"Vehicles; other than railway or tramway rolling stock, and parts and accessories thereof",173016.558,2025,Export
GBR,United Kingdom,GRC,Greece,automotive,87,"Vehicles; other than railway or tramway rolling stock, and parts and accessories thereof",329849.991,2025,Export
GBR,United Kingdom,GRC,Greece,automotive,87,"Vehicles; other than railway or tramway rolling stock, and parts and accessories thereof",175823021.105,2025,Export
GBR,United Kingdom,GRC,Greece,automotive,87,"Vehicles; other than railway or tramway rolling stock, and parts and accessories thereof",716.473,2025,Export
GBR,United Kingdom,GRC,Greece,automotive,87,"Vehicles; other than railway or tramway rolling stock, and parts and accessories thereof",176153587.569,2025,Export
GBR,United Kingdom,GRD,Grenada,automotive,87,"Vehicles; other than railway or tramway rolling stock, and parts and accessories thereof",1994231.698,2025,Export
GBR,United Kingdom,GRD,Grenada,automotive,87,"Vehicles; other than railway or tramway rolling stock, and parts and accessories thereof",1994231.698,2025,Export
GBR,United Kingdom,GRL,Greenland,automotive,87,"Vehicles; other than railway or tramway rolling stock, and parts and accessories thereof",2025.643,2025,Export
GBR,United Kingdom,GRL,Greenland,automotive,87,"Vehicles; other than railway or tramway rolling stock, and parts and accessories thereof",2025.643,2025,Export
GBR,United Kingdom,GTM,Guatemala,automotive,87,"Vehicles; other than railway or tramway rolling stock, and parts and accessories thereof",14206583.933,2025,Export
GBR,United Kingdom,GTM,Guatemala,automotive,87,"Vehicles; other than railway or tramway rolling stock, and parts and accessories thereof",14206583.933,2025,Export
GBR,United Kingdom,GUM,Guam,automotive,87,"Vehicles; other than railway or tramway rolling stock, and parts and accessories thereof",45533.717,2025,Export
GBR,United Kingdom,GUM,Guam,automotive,87,"Vehicles; other than railway or tramway rolling stock, and parts and accessories thereof",45533.717,2025,Export
GBR,United Kingdom,GUY,Guyana,automotive,87,"Vehicles; other than railway or tramway rolling stock, and parts and accessories thereof",38356426.474,2025,Export
GBR,United Kingdom,GUY,Guyana,automotive,87,"Vehicles; other than railway or tramway rolling stock, and parts and accessories thereof",38356426.474,2025,Export
GBR,United Kingdom,HKG,"China, Hong Kong SAR",automotive,87,"Vehicles; other than railway or tramway rolling stock, and parts and accessories thereof",136257930.279,2025,Export
GBR,United Kingdom,HKG,"China, Hong Kong SAR",automotive,87,"Vehicles; other than railway or tramway rolling stock, and parts and accessories thereof",136260458.022,2025,Export
GBR,United Kingdom,HKG,"China, Hong Kong SAR",automotive,87,"Vehicles; other than railway or tramway rolling stock, and parts and accessories thereof",2527.743,2025,Export
GBR,United Kingdom,HND,Honduras,automotive,87,"Vehicles; other than railway or tramway rolling stock, and parts and accessories thereof",367281.666,2025,Export
GBR,United Kingdom,HND,Honduras,automotive,87,"Vehicles; other than railway or tramway rolling stock, and parts and accessories thereof",367281.666,2025,Export
GBR,United Kingdom,HRV,Croatia,automotive,87,"Vehicles; other than railway or tramway rolling stock, and parts and accessories thereof",14258394.762,2025,Export
GBR,United Kingdom,HRV,Croatia,automotive,87,"Vehicles; other than railway or tramway rolling stock, and parts and accessories thereof",269.632,2025,Export
GBR,United Kingdom,HRV,Croatia,automotive,87,"Vehicles; other than railway or tramway rolling stock, and parts and accessories thereof",14258664.394,2025,Export
GBR,United Kingdom,HTI,Haiti,automotive,87,"Vehicles; other than railway or tramway rolling stock, and parts and accessories thereof",616779.908,2025,Export
GBR,United Kingdom,HTI,Haiti,automotive,87,"Vehicles; other than railway or tramway rolling stock, and parts and accessories thereof",616779.908,2025,Export
GBR,United Kingdom,HUN,Hungary,automotive,87,"Vehicles; other than railway or tramway rolling stock, and parts and accessories thereof",347705774.401,2025,Export
GBR,United Kingdom,HUN,Hungary,automotive,87,"Vehicles; other than railway or tramway rolling stock, and parts and accessories thereof",132.254,2025,Export
GBR,United Kingdom,HUN,Hungary,automotive,87,"Vehicles; other than railway or tramway rolling stock, and parts and accessories thereof",617786.16,2025,Export
GBR,United Kingdom,HUN,Hungary,automotive,87,"Vehicles; other than railway or tramway rolling stock, and parts and accessories thereof",348323692.816,2025,Export
GBR,United Kingdom,IDN,Indonesia,automotive,87,"Vehicles; other than railway or tramway rolling stock, and parts and accessories thereof",106818.778,2025,Export
GBR,United Kingdom,IDN,Indonesia,automotive,87,"Vehicles; other than railway or tramway rolling stock, and parts and accessories thereof",128322026.696,2025,Export
GBR,United Kingdom,IDN,Indonesia,automotive,87,"Vehicles; other than railway or tramway rolling stock, and parts and accessories thereof",128215207.919,2025,Export
GBR,United Kingdom,IND,India,automotive,87,"Vehicles; other than railway or tramway rolling stock, and parts and accessories thereof",198296029.733,2025,Export
GBR,United Kingdom,IND,India,automotive,87,"Vehicles; other than railway or tramway rolling stock, and parts and accessories thereof",502.347,2025,Export
GBR,United Kingdom,IND,India,automotive,87,"Vehicles; other than railway or tramway rolling stock, and parts and accessories thereof",667.837,2025,Export
GBR,United Kingdom,IND,India,automotive,87,"Vehicles; other than railway or tramway rolling stock, and parts and accessories thereof",146481.68,2025,Export
GBR,United Kingdom,IND,India,automotive,87,"Vehicles; other than railway or tramway rolling stock, and parts and accessories thereof",198444155.913,2025,Export
GBR,United Kingdom,IND,India,automotive,87,"Vehicles; other than railway or tramway rolling stock, and parts and accessories thereof",474.316,2025,Export
GBR,United Kingdom,IRL,Ireland,automotive,87,"Vehicles; other than railway or tramway rolling stock, and parts and accessories thereof",31184.689,2025,Export
GBR,United Kingdom,IRL,Ireland,automotive,87,"Vehicles; other than railway or tramway rolling stock, and parts and accessories thereof",1106297522.297,2025,Export
GBR,United Kingdom,IRL,Ireland,automotive,87,"Vehicles; other than railway or tramway rolling stock, and parts and accessories thereof",1105983334.9,2025,Export
GBR,United Kingdom,IRL,Ireland,automotive,87,"Vehicles; other than railway or tramway rolling stock, and parts and accessories thereof",223.165,2025,Export
GBR,United Kingdom,IRL,Ireland,automotive,87,"Vehicles; other than railway or tramway rolling stock, and parts and accessories thereof",309.03,2025,Export
GBR,United Kingdom,IRL,Ireland,automotive,87,"Vehicles; other than railway or tramway rolling stock, and parts and accessories thereof",2014.028,2025,Export
GBR,United Kingdom,IRL,Ireland,automotive,87,"Vehicles; other than railway or tramway rolling stock, and parts and accessories thereof",551.587,2025,Export
GBR,United Kingdom,IRL,Ireland,automotive,87,"Vehicles; other than railway or tramway rolling stock, and parts and accessories thereof",140.196,2025,Export
GBR,United Kingdom,IRL,Ireland,automotive,87,"Vehicles; other than railway or tramway rolling stock, and parts and accessories thereof",225.493,2025,Export
GBR,United Kingdom,IRL,Ireland,automotive,87,"Vehicles; other than railway or tramway rolling stock, and parts and accessories thereof",126.107,2025,Export
GBR,United Kingdom,IRL,Ireland,automotive,87,"Vehicles; other than railway or tramway rolling stock, and parts and accessories thereof",191.472,2025,Export
GBR,United Kingdom,IRL,Ireland,automotive,87,"Vehicles; other than railway or tramway rolling stock, and parts and accessories thereof",1140.403,2025,Export
GBR,United Kingdom,IRL,Ireland,automotive,87,"Vehicles; other than railway or tramway rolling stock, and parts and accessories thereof",946.704,2025,Export
GBR,United Kingdom,IRL,Ireland,automotive,87,"Vehicles; other than railway or tramway rolling stock, and parts and accessories thereof",89.128,2025,Export
GBR,United Kingdom,IRL,Ireland,automotive,87,"Vehicles; other than railway or tramway rolling stock, and parts and accessories thereof",38453.451,2025,Export
GBR,United Kingdom,IRL,Ireland,automotive,87,"Vehicles; other than railway or tramway rolling stock, and parts and accessories thereof",2588.128,2025,Export
GBR,United Kingdom,IRL,Ireland,automotive,87,"Vehicles; other than railway or tramway rolling stock, and parts and accessories thereof",271.418,2025,Export
GBR,United Kingdom,IRL,Ireland,automotive,87,"Vehicles; other than railway or tramway rolling stock, and parts and accessories thereof",2604.847,2025,Export
GBR,United Kingdom,IRL,Ireland,automotive,87,"Vehicles; other than railway or tramway rolling stock, and parts and accessories thereof",233127.551,2025,Export
GBR,United Kingdom,IRN,Iran,automotive,87,"Vehicles; other than railway or tramway rolling stock, and parts and accessories thereof",490.206,2025,Export
GBR,United Kingdom,IRN,Iran,automotive,87,"Vehicles; other than railway or tramway rolling stock, and parts and accessories thereof",2907887.365,2025,Export
GBR,United Kingdom,IRN,Iran,automotive,87,"Vehicles; other than railway or tramway rolling stock, and parts and accessories thereof",2907397.16,2025,Export
GBR,United Kingdom,IRQ,Iraq,automotive,87,"Vehicles; other than railway or tramway rolling stock, and parts and accessories thereof",62938981.954,2025,Export
GBR,United Kingdom,IRQ,Iraq,automotive,87,"Vehicles; other than railway or tramway rolling stock, and parts and accessories thereof",62938981.954,2025,Export
GBR,United Kingdom,ISL,Iceland,automotive,87,"Vehicles; other than railway or tramway rolling stock, and parts and accessories thereof",31185265.769,2025,Export
GBR,United Kingdom,ISL,Iceland,automotive,87,"Vehicles; other than railway or tramway rolling stock, and parts and accessories thereof",31185265.769,2025,Export
GBR,United Kingdom,ISR,Israel,automotive,87,"Vehicles; other than railway or tramway rolling stock, and parts and accessories thereof",241883740.364,2025,Export
GBR,United Kingdom,ISR,Israel,automotive,87,"Vehicles; other than railway or tramway rolling stock, and parts and accessories thereof",241888620.189,2025,Export
GBR,United Kingdom,ISR,Israel,automotive,87,"Vehicles; other than railway or tramway rolling stock, and parts and accessories thereof",4879.825,2025,Export
GBR,United Kingdom,ITA,Italy,automotive,87,"Vehicles; other than railway or tramway rolling stock, and parts and accessories thereof",633.153,2025,Export
GBR,United Kingdom,ITA,Italy,automotive,87,"Vehicles; other than railway or tramway rolling stock, and parts and accessories thereof",3585.224,2025,Export
GBR,United Kingdom,ITA,Italy,automotive,87,"Vehicles; other than railway or tramway rolling stock, and parts and accessories thereof",1341.29,2025,Export
GBR,United Kingdom,ITA,Italy,automotive,87,"Vehicles; other than railway or tramway rolling stock, and parts and accessories thereof",55384.513,2025,Export
GBR,United Kingdom,ITA,Italy,automotive,87,"Vehicles; other than railway or tramway rolling stock, and parts and accessories thereof",9723.782,2025,Export
GBR,United Kingdom,ITA,Italy,automotive,87,"Vehicles; other than railway or tramway rolling stock, and parts and accessories thereof",25.941,2025,Export
GBR,United Kingdom,ITA,Italy,automotive,87,"Vehicles; other than railway or tramway rolling stock, and parts and accessories thereof",8327.507,2025,Export
GBR,United Kingdom,ITA,Italy,automotive,87,"Vehicles; other than railway or tramway rolling stock, and parts and accessories thereof",3361268.23,2025,Export
GBR,United Kingdom,ITA,Italy,automotive,87,"Vehicles; other than railway or tramway rolling stock, and parts and accessories thereof",1651230281.989,2025,Export
GBR,United Kingdom,ITA,Italy,automotive,87,"Vehicles; other than railway or tramway rolling stock, and parts and accessories thereof",1942.692,2025,Export
GBR,United Kingdom,ITA,Italy,automotive,87,"Vehicles; other than railway or tramway rolling stock, and parts and accessories thereof",7652.75,2025,Export
GBR,United Kingdom,ITA,Italy,automotive,87,"Vehicles; other than railway or tramway rolling stock, and parts and accessories thereof",142990.005,2025,Export
GBR,United Kingdom,ITA,Italy,automotive,87,"Vehicles; other than railway or tramway rolling stock, and parts and accessories thereof",45.91,2025,Export
GBR,United Kingdom,ITA,Italy,automotive,87,"Vehicles; other than railway or tramway rolling stock, and parts and accessories thereof",1647636409.44,2025,Export
GBR,United Kingdom,ITA,Italy,automotive,87,"Vehicles; other than railway or tramway rolling stock, and parts and accessories thereof",951.552,2025,Export
GBR,United Kingdom,JAM,Jamaica,automotive,87,"Vehicles; other than railway or tramway rolling stock, and parts and accessories thereof",16783367.417,2025,Export
GBR,United Kingdom,JAM,Jamaica,automotive,87,"Vehicles; other than railway or tramway rolling stock, and parts and accessories thereof",16783367.417,2025,Export
GBR,United Kingdom,JOR,Jordan,automotive,87,"Vehicles; other than railway or tramway rolling stock, and parts and accessories thereof",70844067.185,2025,Export
GBR,United Kingdom,JOR,Jordan,automotive,87,"Vehicles; other than railway or tramway rolling stock, and parts and accessories thereof",70844067.185,2025,Export
GBR,United Kingdom,JPN,Japan,automotive,87,"Vehicles; other than railway or tramway rolling stock, and parts and accessories thereof",1003938172.445,2025,Export
GBR,United Kingdom,JPN,Japan,automotive,87,"Vehicles; other than railway or tramway rolling stock, and parts and accessories thereof",35372.225,2025,Export
GBR,United Kingdom,JPN,Japan,automotive,87,"Vehicles; other than railway or tramway rolling stock, and parts and accessories thereof",3864.841,2025,Export
GBR,United Kingdom,JPN,Japan,automotive,87,"Vehicles; other than railway or tramway rolling stock, and parts and accessories thereof",9772.394,2025,Export
GBR,United Kingdom,JPN,Japan,automotive,87,"Vehicles; other than railway or tramway rolling stock, and parts and accessories thereof",1682.175,2025,Export
GBR,United Kingdom,JPN,Japan,automotive,87,"Vehicles; other than railway or tramway rolling stock, and parts and accessories thereof",9786.801,2025,Export
GBR,United Kingdom,JPN,Japan,automotive,87,"Vehicles; other than railway or tramway rolling stock, and parts and accessories thereof",1010137539.633,2025,Export
GBR,United Kingdom,JPN,Japan,automotive,87,"Vehicles; other than railway or tramway rolling stock, and parts and accessories thereof",407844.805,2025,Export
GBR,United Kingdom,JPN,Japan,automotive,87,"Vehicles; other than railway or tramway rolling stock, and parts and accessories thereof",31944.249,2025,Export
GBR,United Kingdom,JPN,Japan,automotive,87,"Vehicles; other than railway or tramway rolling stock, and parts and accessories thereof",5294934.248,2025,Export
GBR,United Kingdom,JPN,Japan,automotive,87,"Vehicles; other than railway or tramway rolling stock, and parts and accessories thereof",806.763,2025,Export
GBR,United Kingdom,JPN,Japan,automotive,87,"Vehicles; other than railway or tramway rolling stock, and parts and accessories thereof",315031.247,2025,Export
GBR,United Kingdom,JPN,Japan,automotive,87,"Vehicles; other than railway or tramway rolling stock, and parts and accessories thereof",88327.44,2025,Export
GBR,United Kingdom,KAZ,Kazakhstan,automotive,87,"Vehicles; other than railway or tramway rolling stock, and parts and accessories thereof",31841958.733,2025,Export
GBR,United Kingdom,KAZ,Kazakhstan,automotive,87,"Vehicles; other than railway or tramway rolling stock, and parts and accessories thereof",31841958.733,2025,Export
GBR,United Kingdom,KEN,Kenya,automotive,87,"Vehicles; other than railway or tramway rolling stock, and parts and accessories thereof",64194748.401,2025,Export
GBR,United Kingdom,KEN,Kenya,automotive,87,"Vehicles; other than railway or tramway rolling stock, and parts and accessories thereof",64194748.401,2025,Export
GBR,United Kingdom,KGZ,Kyrgyzstan,automotive,87,"Vehicles; other than railway or tramway rolling stock, and parts and accessories thereof",18431318.0,2025,Export
GBR,United Kingdom,KGZ,Kyrgyzstan,automotive,87,"Vehicles; other than railway or tramway rolling stock, and parts and accessories thereof",18431318.0,2025,Export
GBR,United Kingdom,KHM,Cambodia,automotive,87,"Vehicles; other than railway or tramway rolling stock, and parts and accessories thereof",5337993.19,2025,Export
GBR,United Kingdom,KHM,Cambodia,automotive,87,"Vehicles; other than railway or tramway rolling stock, and parts and accessories thereof",296518.507,2025,Export
GBR,United Kingdom,KHM,Cambodia,automotive,87,"Vehicles; other than railway or tramway rolling stock, and parts and accessories thereof",5634511.697,2025,Export
GBR,United Kingdom,KNA,Saint Kitts and Nevis,automotive,87,"Vehicles; other than railway or tramway rolling stock, and parts and accessories thereof",1030568.001,2025,Export
GBR,United Kingdom,KNA,Saint Kitts and Nevis,automotive,87,"Vehicles; other than railway or tramway rolling stock, and parts and accessories thereof",1030568.001,2025,Export
GBR,United Kingdom,KOR,Rep. of Korea,automotive,87,"Vehicles; other than railway or tramway rolling stock, and parts and accessories thereof",607238235.663,2025,Export
GBR,United Kingdom,KOR,Rep. of Korea,automotive,87,"Vehicles; other than railway or tramway rolling stock, and parts and accessories thereof",607047364.562,2025,Export
GBR,United Kingdom,KOR,Rep. of Korea,automotive,87,"Vehicles; other than railway or tramway rolling stock, and parts and accessories thereof",190871.101,2025,Export
GBR,United Kingdom,KWT,Kuwait,automotive,87,"Vehicles; other than railway or tramway rolling stock, and parts and accessories thereof",128262861.454,2025,Export
GBR,United Kingdom,KWT,Kuwait,automotive,87,"Vehicles; other than railway or tramway rolling stock, and parts and accessories thereof",128262861.454,2025,Export
GBR,United Kingdom,LAO,Lao People's Dem. Rep.,automotive,87,"Vehicles; other than railway or tramway rolling stock, and parts and accessories thereof",1267046.32,2025,Export
GBR,United Kingdom,LAO,Lao People's Dem. Rep.,automotive,87,"Vehicles; other than railway or tramway rolling stock, and parts and accessories thereof",1267046.32,2025,Export
GBR,United Kingdom,LBN,Lebanon,automotive,87,"Vehicles; other than railway or tramway rolling stock, and parts and accessories thereof",67106723.835,2025,Export
GBR,United Kingdom,LBN,Lebanon,automotive,87,"Vehicles; other than railway or tramway rolling stock, and parts and accessories thereof",67106723.835,2025,Export
GBR,United Kingdom,LBR,Liberia,automotive,87,"Vehicles; other than railway or tramway rolling stock, and parts and accessories thereof",138960.341,2025,Export
GBR,United Kingdom,LBR,Liberia,automotive,87,"Vehicles; other than railway or tramway rolling stock, and parts and accessories thereof",138960.341,2025,Export
GBR,United Kingdom,LBY,Libya,automotive,87,"Vehicles; other than railway or tramway rolling stock, and parts and accessories thereof",2473213.567,2025,Export
GBR,United Kingdom,LBY,Libya,automotive,87,"Vehicles; other than railway or tramway rolling stock, and parts and accessories thereof",2473213.567,2025,Export
GBR,United Kingdom,LCA,Saint Lucia,automotive,87,"Vehicles; other than railway or tramway rolling stock, and parts and accessories thereof",3835005.451,2025,Export
GBR,United Kingdom,LCA,Saint Lucia,automotive,87,"Vehicles; other than railway or tramway rolling stock, and parts and accessories thereof",3835005.451,2025,Export
GBR,United Kingdom,LKA,Sri Lanka,automotive,87,"Vehicles; other than railway or tramway rolling stock, and parts and accessories thereof",452.576,2025,Export
GBR,United Kingdom,LKA,Sri Lanka,automotive,87,"Vehicles; other than railway or tramway rolling stock, and parts and accessories thereof",63953675.23,2025,Export
GBR,United Kingdom,LKA,Sri Lanka,automotive,87,"Vehicles; other than railway or tramway rolling stock, and parts and accessories thereof",63954127.806,2025,Export
GBR,United Kingdom,LSO,Lesotho,automotive,87,"Vehicles; other than railway or tramway rolling stock, and parts and accessories thereof",132212.844,2025,Export
GBR,United Kingdom,LSO,Lesotho,automotive,87,"Vehicles; other than railway or tramway rolling stock, and parts and accessories thereof",132212.844,2025,Export
GBR,United Kingdom,LTU,Lithuania,automotive,87,"Vehicles; other than railway or tramway rolling stock, and parts and accessories thereof",48019508.313,2025,Export
GBR,United Kingdom,LTU,Lithuania,automotive,87,"Vehicles; other than railway or tramway rolling stock, and parts and accessories thereof",981.989,2025,Export
GBR,United Kingdom,LTU,Lithuania,automotive,87,"Vehicles; other than railway or tramway rolling stock, and parts and accessories thereof",48018526.324,2025,Export
GBR,United Kingdom,LUX,Luxembourg,automotive,87,"Vehicles; other than railway or tramway rolling stock, and parts and accessories thereof",31309534.637,2025,Export
GBR,United Kingdom,LUX,Luxembourg,automotive,87,"Vehicles; other than railway or tramway rolling stock, and parts and accessories thereof",116151.45,2025,Export
GBR,United Kingdom,LUX,Luxembourg,automotive,87,"Vehicles; other than railway or tramway rolling stock, and parts and accessories thereof",31425686.087,2025,Export
GBR,United Kingdom,LVA,Latvia,automotive,87,"Vehicles; other than railway or tramway rolling stock, and parts and accessories thereof",39160063.673,2025,Export
GBR,United Kingdom,LVA,Latvia,automotive,87,"Vehicles; other than railway or tramway rolling stock, and parts and accessories thereof",51792.16,2025,Export
GBR,United Kingdom,LVA,Latvia,automotive,87,"Vehicles; other than railway or tramway rolling stock, and parts and accessories thereof",39108271.514,2025,Export
GBR,United Kingdom,MAC,"China, Macao SAR",automotive,87,"Vehicles; other than railway or tramway rolling stock, and parts and accessories thereof",1189681.623,2025,Export
GBR,United Kingdom,MAC,"China, Macao SAR",automotive,87,"Vehicles; other than railway or tramway rolling stock, and parts and accessories thereof",1189681.623,2025,Export
GBR,United Kingdom,MAR,Morocco,automotive,87,"Vehicles; other than railway or tramway rolling stock, and parts and accessories thereof",174949216.761,2025,Export
GBR,United Kingdom,MAR,Morocco,automotive,87,"Vehicles; other than railway or tramway rolling stock, and parts and accessories thereof",174949216.761,2025,Export
GBR,United Kingdom,MDA,Rep. of Moldova,automotive,87,"Vehicles; other than railway or tramway rolling stock, and parts and accessories thereof",17769145.294,2025,Export
GBR,United Kingdom,MDA,Rep. of Moldova,automotive,87,"Vehicles; other than railway or tramway rolling stock, and parts and accessories thereof",17769145.294,2025,Export
GBR,United Kingdom,MDG,Madagascar,automotive,87,"Vehicles; other than railway or tramway rolling stock, and parts and accessories thereof",170647.905,2025,Export
GBR,United Kingdom,MDG,Madagascar,automotive,87,"Vehicles; other than railway or tramway rolling stock, and parts and accessories thereof",170647.905,2025,Export
GBR,United Kingdom,MDV,Maldives,automotive,87,"Vehicles; other than railway or tramway rolling stock, and parts and accessories thereof",1057129.123,2025,Export
GBR,United Kingdom,MDV,Maldives,automotive,87,"Vehicles; other than railway or tramway rolling stock, and parts and accessories thereof",1057129.123,2025,Export
GBR,United Kingdom,MEX,Mexico,automotive,87,"Vehicles; other than railway or tramway rolling stock, and parts and accessories thereof",123159.316,2025,Export
GBR,United Kingdom,MEX,Mexico,automotive,87,"Vehicles; other than railway or tramway rolling stock, and parts and accessories thereof",224509476.249,2025,Export
GBR,United Kingdom,MEX,Mexico,automotive,87,"Vehicles; other than railway or tramway rolling stock, and parts and accessories thereof",224632834.93,2025,Export
GBR,United Kingdom,MEX,Mexico,automotive,87,"Vehicles; other than railway or tramway rolling stock, and parts and accessories thereof",199.366,2025,Export
GBR,United Kingdom,MHL,Marshall Isds,automotive,87,"Vehicles; other than railway or tramway rolling stock, and parts and accessories thereof",209137.276,2025,Export
GBR,United Kingdom,MHL,Marshall Isds,automotive,87,"Vehicles; other than railway or tramway rolling stock, and parts and accessories thereof",209137.276,2025,Export
GBR,United Kingdom,MKD,North Macedonia,automotive,87,"Vehicles; other than railway or tramway rolling stock, and parts and accessories thereof",1203954.136,2025,Export
GBR,United Kingdom,MKD,North Macedonia,automotive,87,"Vehicles; other than railway or tramway rolling stock, and parts and accessories thereof",1203954.136,2025,Export
GBR,United Kingdom,MLI,Mali,automotive,87,"Vehicles; other than railway or tramway rolling stock, and parts and accessories thereof",153896.04,2025,Export
GBR,United Kingdom,MLI,Mali,automotive,87,"Vehicles; other than railway or tramway rolling stock, and parts and accessories thereof",153896.04,2025,Export
GBR,United Kingdom,MLT,Malta,automotive,87,"Vehicles; other than railway or tramway rolling stock, and parts and accessories thereof",48394039.398,2025,Export
GBR,United Kingdom,MLT,Malta,automotive,87,"Vehicles; other than railway or tramway rolling stock, and parts and accessories thereof",48394039.398,2025,Export
GBR,United Kingdom,MMR,Myanmar,automotive,87,"Vehicles; other than railway or tramway rolling stock, and parts and accessories thereof",7051.13,2025,Export
GBR,United Kingdom,MMR,Myanmar,automotive,87,"Vehicles; other than railway or tramway rolling stock, and parts and accessories thereof",7051.13,2025,Export
GBR,United Kingdom,MNE,Montenegro,automotive,87,"Vehicles; other than railway or tramway rolling stock, and parts and accessories thereof",73925.389,2025,Export
GBR,United Kingdom,MNE,Montenegro,automotive,87,"Vehicles; other than railway or tramway rolling stock, and parts and accessories thereof",73925.389,2025,Export
GBR,United Kingdom,MNG,Mongolia,automotive,87,"Vehicles; other than railway or tramway rolling stock, and parts and accessories thereof",5776802.872,2025,Export
GBR,United Kingdom,MNG,Mongolia,automotive,87,"Vehicles; other than railway or tramway rolling stock, and parts and accessories thereof",5776802.872,2025,Export
GBR,United Kingdom,MOZ,Mozambique,automotive,87,"Vehicles; other than railway or tramway rolling stock, and parts and accessories thereof",2016895.698,2025,Export
GBR,United Kingdom,MOZ,Mozambique,automotive,87,"Vehicles; other than railway or tramway rolling stock, and parts and accessories thereof",2016895.698,2025,Export
GBR,United Kingdom,MRT,Mauritania,automotive,87,"Vehicles; other than railway or tramway rolling stock, and parts and accessories thereof",2141254.961,2025,Export
GBR,United Kingdom,MRT,Mauritania,automotive,87,"Vehicles; other than railway or tramway rolling stock, and parts and accessories thereof",2141254.961,2025,Export
GBR,United Kingdom,MSR,Montserrat,automotive,87,"Vehicles; other than railway or tramway rolling stock, and parts and accessories thereof",270891.206,2025,Export
GBR,United Kingdom,MSR,Montserrat,automotive,87,"Vehicles; other than railway or tramway rolling stock, and parts and accessories thereof",270891.206,2025,Export
GBR,United Kingdom,MUS,Mauritius,automotive,87,"Vehicles; other than railway or tramway rolling stock, and parts and accessories thereof",58610538.597,2025,Export
GBR,United Kingdom,MUS,Mauritius,automotive,87,"Vehicles; other than railway or tramway rolling stock, and parts and accessories thereof",58610538.597,2025,Export
GBR,United Kingdom,MWI,Malawi,automotive,87,"Vehicles; other than railway or tramway rolling stock, and parts and accessories thereof",4224245.541,2025,Export
GBR,United Kingdom,MWI,Malawi,automotive,87,"Vehicles; other than railway or tramway rolling stock, and parts and accessories thereof",4224245.541,2025,Export
GBR,United Kingdom,MYS,Malaysia,automotive,87,"Vehicles; other than railway or tramway rolling stock, and parts and accessories thereof",244578174.925,2025,Export
GBR,United Kingdom,MYS,Malaysia,automotive,87,"Vehicles; other than railway or tramway rolling stock, and parts and accessories thereof",244414086.775,2025,Export
GBR,United Kingdom,MYS,Malaysia,automotive,87,"Vehicles; other than railway or tramway rolling stock, and parts and accessories thereof",164088.15,2025,Export
GBR,United Kingdom,NAM,Namibia,automotive,87,"Vehicles; other than railway or tramway rolling stock, and parts and accessories thereof",67637213.696,2025,Export
GBR,United Kingdom,NAM,Namibia,automotive,87,"Vehicles; other than railway or tramway rolling stock, and parts and accessories thereof",67637213.696,2025,Export
GBR,United Kingdom,NCL,New Caledonia,automotive,87,"Vehicles; other than railway or tramway rolling stock, and parts and accessories thereof",447686.764,2025,Export
GBR,United Kingdom,NCL,New Caledonia,automotive,87,"Vehicles; other than railway or tramway rolling stock, and parts and accessories thereof",447686.764,2025,Export
GBR,United Kingdom,NER,Niger,automotive,87,"Vehicles; other than railway or tramway rolling stock, and parts and accessories thereof",90269.604,2025,Export
GBR,United Kingdom,NER,Niger,automotive,87,"Vehicles; other than railway or tramway rolling stock, and parts and accessories thereof",90269.604,2025,Export
GBR,United Kingdom,NGA,Nigeria,automotive,87,"Vehicles; other than railway or tramway rolling stock, and parts and accessories thereof",42031478.559,2025,Export
GBR,United Kingdom,NGA,Nigeria,automotive,87,"Vehicles; other than railway or tramway rolling stock, and parts and accessories thereof",42031478.559,2025,Export
GBR,United Kingdom,NIC,Nicaragua,automotive,87,"Vehicles; other than railway or tramway rolling stock, and parts and accessories thereof",12882.355,2025,Export
GBR,United Kingdom,NIC,Nicaragua,automotive,87,"Vehicles; other than railway or tramway rolling stock, and parts and accessories thereof",209173.422,2025,Export
GBR,United Kingdom,NIC,Nicaragua,automotive,87,"Vehicles; other than railway or tramway rolling stock, and parts and accessories thereof",414.566,2025,Export
GBR,United Kingdom,NIC,Nicaragua,automotive,87,"Vehicles; other than railway or tramway rolling stock, and parts and accessories thereof",196109.08,2025,Export
GBR,United Kingdom,NIC,Nicaragua,automotive,87,"Vehicles; other than railway or tramway rolling stock, and parts and accessories thereof",15302108.005,2025,Export
GBR,United Kingdom,NIC,Nicaragua,automotive,87,"Vehicles; other than railway or tramway rolling stock, and parts and accessories thereof",4838.154,2025,Export
GBR,United Kingdom,NIC,Nicaragua,automotive,87,"Vehicles; other than railway or tramway rolling stock, and parts and accessories thereof",411735.091,2025,Export
GBR,United Kingdom,NIC,Nicaragua,automotive,87,"Vehicles; other than railway or tramway rolling stock, and parts and accessories thereof",38088621.945,2025,Export
GBR,United Kingdom,NIC,Nicaragua,automotive,87,"Vehicles; other than railway or tramway rolling stock, and parts and accessories thereof",46744.809,2025,Export
GBR,United Kingdom,NIC,Nicaragua,automotive,87,"Vehicles; other than railway or tramway rolling stock, and parts and accessories thereof",21894685.632,2025,Export
GBR,United Kingdom,NIC,Nicaragua,automotive,87,"Vehicles; other than railway or tramway rolling stock, and parts and accessories thereof",5685.304,2025,Export
GBR,United Kingdom,NIC,Nicaragua,automotive,87,"Vehicles; other than railway or tramway rolling stock, and parts and accessories thereof",4245.525,2025,Export
GBR,United Kingdom,NLD,Netherlands,automotive,87,"Vehicles; other than railway or tramway rolling stock, and parts and accessories thereof",1600104091.839,2025,Export
GBR,United Kingdom,NLD,Netherlands,automotive,87,"Vehicles; other than railway or tramway rolling stock, and parts and accessories thereof",7452.773,2025,Export
GBR,United Kingdom,NLD,Netherlands,automotive,87,"Vehicles; other than railway or tramway rolling stock, and parts and accessories thereof",3430.591,2025,Export
GBR,United Kingdom,NLD,Netherlands,automotive,87,"Vehicles; other than railway or tramway rolling stock, and parts and accessories thereof",18263.132,2025,Export
GBR,United Kingdom,NLD,Netherlands,automotive,87,"Vehicles; other than railway or tramway rolling stock, and parts and accessories thereof",29712.412,2025,Export
GBR,United Kingdom,NLD,Netherlands,automotive,87,"Vehicles; other than railway or tramway rolling stock, and parts and accessories thereof",166529.572,2025,Export
GBR,United Kingdom,NLD,Netherlands,automotive,87,"Vehicles; other than railway or tramway rolling stock, and parts and accessories thereof",1614682347.406,2025,Export
GBR,United Kingdom,NLD,Netherlands,automotive,87,"Vehicles; other than railway or tramway rolling stock, and parts and accessories thereof",32047.054,2025,Export
GBR,United Kingdom,NLD,Netherlands,automotive,87,"Vehicles; other than railway or tramway rolling stock, and parts and accessories thereof",101.984,2025,Export
GBR,United Kingdom,NLD,Netherlands,automotive,87,"Vehicles; other than railway or tramway rolling stock, and parts and accessories thereof",14320718.049,2025,Export
GBR,United Kingdom,NOR,Norway,automotive,87,"Vehicles; other than railway or tramway rolling stock, and parts and accessories thereof",70391.601,2025,Export
GBR,United Kingdom,NOR,Norway,automotive,87,"Vehicles; other than railway or tramway rolling stock, and parts and accessories thereof",106444019.274,2025,Export
GBR,United Kingdom,NOR,Norway,automotive,87,"Vehicles; other than railway or tramway rolling stock, and parts and accessories thereof",106373627.673,2025,Export
GBR,United Kingdom,NPL,Nepal,automotive,87,"Vehicles; other than railway or tramway rolling stock, and parts and accessories thereof",3259880.806,2025,Export
GBR,United Kingdom,NPL,Nepal,automotive,87,"Vehicles; other than railway or tramway rolling stock, and parts and accessories thereof",3259880.806,2025,Export
GBR,United Kingdom,NZL,New Zealand,automotive,87,"Vehicles; other than railway or tramway rolling stock, and parts and accessories thereof",187874562.548,2025,Export
GBR,United Kingdom,NZL,New Zealand,automotive,87,"Vehicles; other than railway or tramway rolling stock, and parts and accessories thereof",187874562.548,2025,Export
GBR,United Kingdom,OMN,Oman,automotive,87,"Vehicles; other than railway or tramway rolling stock, and parts and accessories thereof",44052194.644,2025,Export
GBR,United Kingdom,OMN,Oman,automotive,87,"Vehicles; other than railway or tramway rolling stock, and parts and accessories thereof",44052194.644,2025,Export
GBR,United Kingdom,PAK,Pakistan,automotive,87,"Vehicles; other than railway or tramway rolling stock, and parts and accessories thereof",12292900.865,2025,Export
GBR,United Kingdom,PAK,Pakistan,automotive,87,"Vehicles; other than railway or tramway rolling stock, and parts and accessories thereof",85.763,2025,Export
GBR,United Kingdom,PAK,Pakistan,automotive,87,"Vehicles; other than railway or tramway rolling stock, and parts and accessories thereof",12292815.102,2025,Export
GBR,United Kingdom,PAN,Panama,automotive,87,"Vehicles; other than railway or tramway rolling stock, and parts and accessories thereof",10780938.565,2025,Export
GBR,United Kingdom,PAN,Panama,automotive,87,"Vehicles; other than railway or tramway rolling stock, and parts and accessories thereof",10780938.565,2025,Export
GBR,United Kingdom,PER,Peru,automotive,87,"Vehicles; other than railway or tramway rolling stock, and parts and accessories thereof",14833105.009,2025,Export
GBR,United Kingdom,PER,Peru,automotive,87,"Vehicles; other than railway or tramway rolling stock, and parts and accessories thereof",14833105.009,2025,Export
GBR,United Kingdom,PHL,Philippines,automotive,87,"Vehicles; other than railway or tramway rolling stock, and parts and accessories thereof",13774100.439,2025,Export
GBR,United Kingdom,PHL,Philippines,automotive,87,"Vehicles; other than railway or tramway rolling stock, and parts and accessories thereof",13638.243,2025,Export
GBR,United Kingdom,PHL,Philippines,automotive,87,"Vehicles; other than railway or tramway rolling stock, and parts and accessories thereof",13787738.682,2025,Export
GBR,United Kingdom,PNG,Papua New Guinea,automotive,87,"Vehicles; other than railway or tramway rolling stock, and parts and accessories thereof",460514.705,2025,Export
GBR,United Kingdom,PNG,Papua New Guinea,automotive,87,"Vehicles; other than railway or tramway rolling stock, and parts and accessories thereof",460514.705,2025,Export
GBR,United Kingdom,POL,Poland,automotive,87,"Vehicles; other than railway or tramway rolling stock, and parts and accessories thereof",157952.577,2025,Export
GBR,United Kingdom,POL,Poland,automotive,87,"Vehicles; other than railway or tramway rolling stock, and parts and accessories thereof",16404.157,2025,Export
GBR,United Kingdom,POL,Poland,automotive,87,"Vehicles; other than railway or tramway rolling stock, and parts and accessories thereof",3704450.808,2025,Export
GBR,United Kingdom,POL,Poland,automotive,87,"Vehicles; other than railway or tramway rolling stock, and parts and accessories thereof",5680.141,2025,Export
GBR,United Kingdom,POL,Poland,automotive,87,"Vehicles; other than railway or tramway rolling stock, and parts and accessories thereof",848350330.832,2025,Export
GBR,United Kingdom,POL,Poland,automotive,87,"Vehicles; other than railway or tramway rolling stock, and parts and accessories thereof",844465843.149,2025,Export
GBR,United Kingdom,PRK,Dem. People's Rep. of Korea,automotive,87,"Vehicles; other than railway or tramway rolling stock, and parts and accessories thereof",5441.568,2025,Export
GBR,United Kingdom,PRK,Dem. People's Rep. of Korea,automotive,87,"Vehicles; other than railway or tramway rolling stock, and parts and accessories thereof",5441.568,2025,Export
GBR,United Kingdom,PRT,Portugal,automotive,87,"Vehicles; other than railway or tramway rolling stock, and parts and accessories thereof",42.809,2025,Export
GBR,United Kingdom,PRT,Portugal,automotive,87,"Vehicles; other than railway or tramway rolling stock, and parts and accessories thereof",189.119,2025,Export
GBR,United Kingdom,PRT,Portugal,automotive,87,"Vehicles; other than railway or tramway rolling stock, and parts and accessories thereof",151.033,2025,Export
GBR,United Kingdom,PRT,Portugal,automotive,87,"Vehicles; other than railway or tramway rolling stock, and parts and accessories thereof",564.49,2025,Export
GBR,United Kingdom,PRT,Portugal,automotive,87,"Vehicles; other than railway or tramway rolling stock, and parts and accessories thereof",66.443,2025,Export
GBR,United Kingdom,PRT,Portugal,automotive,87,"Vehicles; other than railway or tramway rolling stock, and parts and accessories thereof",97.521,2025,Export
GBR,United Kingdom,PRT,Portugal,automotive,87,"Vehicles; other than railway or tramway rolling stock, and parts and accessories thereof",35117.673,2025,Export
GBR,United Kingdom,PRT,Portugal,automotive,87,"Vehicles; other than railway or tramway rolling stock, and parts and accessories thereof",367467672.411,2025,Export
GBR,United Kingdom,PRT,Portugal,automotive,87,"Vehicles; other than railway or tramway rolling stock, and parts and accessories thereof",61.765,2025,Export
GBR,United Kingdom,PRT,Portugal,automotive,87,"Vehicles; other than railway or tramway rolling stock, and parts and accessories thereof",367504084.127,2025,Export
GBR,United Kingdom,PRT,Portugal,automotive,87,"Vehicles; other than railway or tramway rolling stock, and parts and accessories thereof",120.864,2025,Export
GBR,United Kingdom,PRY,Paraguay,automotive,87,"Vehicles; other than railway or tramway rolling stock, and parts and accessories thereof",8061045.804,2025,Export
GBR,United Kingdom,PRY,Paraguay,automotive,87,"Vehicles; other than railway or tramway rolling stock, and parts and accessories thereof",8061045.804,2025,Export
GBR,United Kingdom,PSE,State of Palestine,automotive,87,"Vehicles; other than railway or tramway rolling stock, and parts and accessories thereof",3155024.922,2025,Export
GBR,United Kingdom,PSE,State of Palestine,automotive,87,"Vehicles; other than railway or tramway rolling stock, and parts and accessories thereof",3155024.922,2025,Export
GBR,United Kingdom,PYF,French Polynesia,automotive,87,"Vehicles; other than railway or tramway rolling stock, and parts and accessories thereof",1141833.746,2025,Export
GBR,United Kingdom,PYF,French Polynesia,automotive,87,"Vehicles; other than railway or tramway rolling stock, and parts and accessories thereof",1141833.746,2025,Export
GBR,United Kingdom,QAT,Qatar,automotive,87,"Vehicles; other than railway or tramway rolling stock, and parts and accessories thereof",125428658.665,2025,Export
GBR,United Kingdom,QAT,Qatar,automotive,87,"Vehicles; other than railway or tramway rolling stock, and parts and accessories thereof",125428658.665,2025,Export
GBR,United Kingdom,ROU,Romania,automotive,87,"Vehicles; other than railway or tramway rolling stock, and parts and accessories thereof",26267.08,2025,Export
GBR,United Kingdom,ROU,Romania,automotive,87,"Vehicles; other than railway or tramway rolling stock, and parts and accessories thereof",188400114.253,2025,Export
GBR,United Kingdom,ROU,Romania,automotive,87,"Vehicles; other than railway or tramway rolling stock, and parts and accessories thereof",188426381.333,2025,Export
GBR,United Kingdom,RUS,Russian Federation,automotive,87,"Vehicles; other than railway or tramway rolling stock, and parts and accessories thereof",470.818,2025,Export
GBR,United Kingdom,RUS,Russian Federation,automotive,87,"Vehicles; other than railway or tramway rolling stock, and parts and accessories thereof",470.818,2025,Export
GBR,United Kingdom,RWA,Rwanda,automotive,87,"Vehicles; other than railway or tramway rolling stock, and parts and accessories thereof",387953.794,2025,Export
GBR,United Kingdom,RWA,Rwanda,automotive,87,"Vehicles; other than railway or tramway rolling stock, and parts and accessories thereof",387953.794,2025,Export
GBR,United Kingdom,S19,"Other Asia, nes",automotive,87,"Vehicles; other than railway or tramway rolling stock, and parts and accessories thereof",160563134.747,2025,Export
GBR,United Kingdom,S19,"Other Asia, nes",automotive,87,"Vehicles; other than railway or tramway rolling stock, and parts and accessories thereof",433689.964,2025,Export
GBR,United Kingdom,S19,"Other Asia, nes",automotive,87,"Vehicles; other than railway or tramway rolling stock, and parts and accessories thereof",7992.092,2025,Export
GBR,United Kingdom,S19,"Other Asia, nes",automotive,87,"Vehicles; other than railway or tramway rolling stock, and parts and accessories thereof",16005.571,2025,Export
GBR,United Kingdom,S19,"Other Asia, nes",automotive,87,"Vehicles; other than railway or tramway rolling stock, and parts and accessories thereof",1202.676,2025,Export
GBR,United Kingdom,S19,"Other Asia, nes",automotive,87,"Vehicles; other than railway or tramway rolling stock, and parts and accessories thereof",25584.664,2025,Export
GBR,United Kingdom,S19,"Other Asia, nes",automotive,87,"Vehicles; other than railway or tramway rolling stock, and parts and accessories thereof",1794.72,2025,Export
GBR,United Kingdom,S19,"Other Asia, nes",automotive,87,"Vehicles; other than railway or tramway rolling stock, and parts and accessories thereof",25649.23,2025,Export
GBR,United Kingdom,S19,"Other Asia, nes",automotive,87,"Vehicles; other than railway or tramway rolling stock, and parts and accessories thereof",13953.551,2025,Export
GBR,United Kingdom,S19,"Other Asia, nes",automotive,87,"Vehicles; other than railway or tramway rolling stock, and parts and accessories thereof",29174.404,2025,Export
GBR,United Kingdom,S19,"Other Asia, nes",automotive,87,"Vehicles; other than railway or tramway rolling stock, and parts and accessories thereof",3652.711,2025,Export
GBR,United Kingdom,S19,"Other Asia, nes",automotive,87,"Vehicles; other than railway or tramway rolling stock, and parts and accessories thereof",2551.806,2025,Export
GBR,United Kingdom,S19,"Other Asia, nes",automotive,87,"Vehicles; other than railway or tramway rolling stock, and parts and accessories thereof",37807.581,2025,Export
GBR,United Kingdom,S19,"Other Asia, nes",automotive,87,"Vehicles; other than railway or tramway rolling stock, and parts and accessories thereof",161235446.58,2025,Export
GBR,United Kingdom,S19,"Other Asia, nes",automotive,87,"Vehicles; other than railway or tramway rolling stock, and parts and accessories thereof",3644.845,2025,Export
GBR,United Kingdom,S19,"Other Asia, nes",automotive,87,"Vehicles; other than railway or tramway rolling stock, and parts and accessories thereof",7116.303,2025,Export
GBR,United Kingdom,S19,"Other Asia, nes",automotive,87,"Vehicles; other than railway or tramway rolling stock, and parts and accessories thereof",41083.864,2025,Export
GBR,United Kingdom,S19,"Other Asia, nes",automotive,87,"Vehicles; other than railway or tramway rolling stock, and parts and accessories thereof",244.814,2025,Export
GBR,United Kingdom,S19,"Other Asia, nes",automotive,87,"Vehicles; other than railway or tramway rolling stock, and parts and accessories thereof",21163.037,2025,Export
GBR,United Kingdom,SAU,Saudi Arabia,automotive,87,"Vehicles; other than railway or tramway rolling stock, and parts and accessories thereof",390768016.522,2025,Export
GBR,United Kingdom,SAU,Saudi Arabia,automotive,87,"Vehicles; other than railway or tramway rolling stock, and parts and accessories thereof",335709.148,2025,Export
GBR,United Kingdom,SAU,Saudi Arabia,automotive,87,"Vehicles; other than railway or tramway rolling stock, and parts and accessories thereof",390432307.374,2025,Export
GBR,United Kingdom,SDN,Sudan,automotive,87,"Vehicles; other than railway or tramway rolling stock, and parts and accessories thereof",1986292.868,2025,Export
GBR,United Kingdom,SDN,Sudan,automotive,87,"Vehicles; other than railway or tramway rolling stock, and parts and accessories thereof",1986292.868,2025,Export
GBR,United Kingdom,SEN,Senegal,automotive,87,"Vehicles; other than railway or tramway rolling stock, and parts and accessories thereof",13348873.672,2025,Export
GBR,United Kingdom,SEN,Senegal,automotive,87,"Vehicles; other than railway or tramway rolling stock, and parts and accessories thereof",13348873.672,2025,Export
GBR,United Kingdom,SGP,Singapore,automotive,87,"Vehicles; other than railway or tramway rolling stock, and parts and accessories thereof",145.676,2025,Export
GBR,United Kingdom,SGP,Singapore,automotive,87,"Vehicles; other than railway or tramway rolling stock, and parts and accessories thereof",132863752.94,2025,Export
GBR,United Kingdom,SGP,Singapore,automotive,87,"Vehicles; other than railway or tramway rolling stock, and parts and accessories thereof",132863607.265,2025,Export
GBR,United Kingdom,SHN,Saint Helena,automotive,87,"Vehicles; other than railway or tramway rolling stock, and parts and accessories thereof",2162811.867,2025,Export
GBR,United Kingdom,SHN,Saint Helena,automotive,87,"Vehicles; other than railway or tramway rolling stock, and parts and accessories thereof",2162811.867,2025,Export
GBR,United Kingdom,SLE,Sierra Leone,automotive,87,"Vehicles; other than railway or tramway rolling stock, and parts and accessories thereof",765615.896,2025,Export
GBR,United Kingdom,SLE,Sierra Leone,automotive,87,"Vehicles; other than railway or tramway rolling stock, and parts and accessories thereof",1666552.367,2025,Export
GBR,United Kingdom,SLE,Sierra Leone,automotive,87,"Vehicles; other than railway or tramway rolling stock, and parts and accessories thereof",900936.471,2025,Export
GBR,United Kingdom,SLV,El Salvador,automotive,87,"Vehicles; other than railway or tramway rolling stock, and parts and accessories thereof",475492.279,2025,Export
GBR,United Kingdom,SLV,El Salvador,automotive,87,"Vehicles; other than railway or tramway rolling stock, and parts and accessories thereof",475492.279,2025,Export
GBR,United Kingdom,SMR,San Marino,automotive,87,"Vehicles; other than railway or tramway rolling stock, and parts and accessories thereof",42781.435,2025,Export
GBR,United Kingdom,SMR,San Marino,automotive,87,"Vehicles; other than railway or tramway rolling stock, and parts and accessories thereof",42781.435,2025,Export
GBR,United Kingdom,SOM,Somalia,automotive,87,"Vehicles; other than railway or tramway rolling stock, and parts and accessories thereof",816155.72,2025,Export
GBR,United Kingdom,SOM,Somalia,automotive,87,"Vehicles; other than railway or tramway rolling stock, and parts and accessories thereof",816155.72,2025,Export
GBR,United Kingdom,SRB,Serbia,automotive,87,"Vehicles; other than railway or tramway rolling stock, and parts and accessories thereof",32040081.358,2025,Export
GBR,United Kingdom,SRB,Serbia,automotive,87,"Vehicles; other than railway or tramway rolling stock, and parts and accessories thereof",733.215,2025,Export
GBR,United Kingdom,SRB,Serbia,automotive,87,"Vehicles; other than railway or tramway rolling stock, and parts and accessories thereof",32040814.573,2025,Export
GBR,United Kingdom,SSD,South Sudan,automotive,87,"Vehicles; other than railway or tramway rolling stock, and parts and accessories thereof",24984.204,2025,Export
GBR,United Kingdom,SSD,South Sudan,automotive,87,"Vehicles; other than railway or tramway rolling stock, and parts and accessories thereof",24984.204,2025,Export
GBR,United Kingdom,STP,Sao Tome and Principe,automotive,87,"Vehicles; other than railway or tramway rolling stock, and parts and accessories thereof",175614.15,2025,Export
GBR,United Kingdom,STP,Sao Tome and Principe,automotive,87,"Vehicles; other than railway or tramway rolling stock, and parts and accessories thereof",175614.15,2025,Export
GBR,United Kingdom,SUR,Suriname,automotive,87,"Vehicles; other than railway or tramway rolling stock, and parts and accessories thereof",1706586.702,2025,Export
GBR,United Kingdom,SUR,Suriname,automotive,87,"Vehicles; other than railway or tramway rolling stock, and parts and accessories thereof",1706586.702,2025,Export
GBR,United Kingdom,SVK,Slovakia,automotive,87,"Vehicles; other than railway or tramway rolling stock, and parts and accessories thereof",378495260.804,2025,Export
GBR,United Kingdom,SVK,Slovakia,automotive,87,"Vehicles; other than railway or tramway rolling stock, and parts and accessories thereof",378113680.059,2025,Export
GBR,United Kingdom,SVK,Slovakia,automotive,87,"Vehicles; other than railway or tramway rolling stock, and parts and accessories thereof",381580.745,2025,Export
GBR,United Kingdom,SVN,Slovenia,automotive,87,"Vehicles; other than railway or tramway rolling stock, and parts and accessories thereof",1977.087,2025,Export
GBR,United Kingdom,SVN,Slovenia,automotive,87,"Vehicles; other than railway or tramway rolling stock, and parts and accessories thereof",11692184.122,2025,Export
GBR,United Kingdom,SVN,Slovenia,automotive,87,"Vehicles; other than railway or tramway rolling stock, and parts and accessories thereof",11690207.035,2025,Export
GBR,United Kingdom,SWE,Sweden,automotive,87,"Vehicles; other than railway or tramway rolling stock, and parts and accessories thereof",59548.081,2025,Export
GBR,United Kingdom,SWE,Sweden,automotive,87,"Vehicles; other than railway or tramway rolling stock, and parts and accessories thereof",62451.239,2025,Export
GBR,United Kingdom,SWE,Sweden,automotive,87,"Vehicles; other than railway or tramway rolling stock, and parts and accessories thereof",106006.991,2025,Export
GBR,United Kingdom,SWE,Sweden,automotive,87,"Vehicles; other than railway or tramway rolling stock, and parts and accessories thereof",29443.858,2025,Export
GBR,United Kingdom,SWE,Sweden,automotive,87,"Vehicles; other than railway or tramway rolling stock, and parts and accessories thereof",473868164.288,2025,Export
GBR,United Kingdom,SWE,Sweden,automotive,87,"Vehicles; other than railway or tramway rolling stock, and parts and accessories thereof",462711948.577,2025,Export
GBR,United Kingdom,SWE,Sweden,automotive,87,"Vehicles; other than railway or tramway rolling stock, and parts and accessories thereof",11062.175,2025,Export
GBR,United Kingdom,SWE,Sweden,automotive,87,"Vehicles; other than railway or tramway rolling stock, and parts and accessories thereof",10887703.367,2025,Export
GBR,United Kingdom,SWZ,Eswatini,automotive,87,"Vehicles; other than railway or tramway rolling stock, and parts and accessories thereof",72247.863,2025,Export
GBR,United Kingdom,SWZ,Eswatini,automotive,87,"Vehicles; other than railway or tramway rolling stock, and parts and accessories thereof",72247.863,2025,Export
GBR,United Kingdom,SXM,Sint Maarten,automotive,87,"Vehicles; other than railway or tramway rolling stock, and parts and accessories thereof",36549.267,2025,Export
GBR,United Kingdom,SXM,Sint Maarten,automotive,87,"Vehicles; other than railway or tramway rolling stock, and parts and accessories thereof",36549.267,2025,Export
GBR,United Kingdom,SYC,Seychelles,automotive,87,"Vehicles; other than railway or tramway rolling stock, and parts and accessories thereof",2376016.099,2025,Export
GBR,United Kingdom,SYC,Seychelles,automotive,87,"Vehicles; other than railway or tramway rolling stock, and parts and accessories thereof",2376016.099,2025,Export
GBR,United Kingdom,SYR,Syria,automotive,87,"Vehicles; other than railway or tramway rolling stock, and parts and accessories thereof",701646.125,2025,Export
GBR,United Kingdom,SYR,Syria,automotive,87,"Vehicles; other than railway or tramway rolling stock, and parts and accessories thereof",701646.125,2025,Export
GBR,United Kingdom,TCA,Turks and Caicos Isds,automotive,87,"Vehicles; other than railway or tramway rolling stock, and parts and accessories thereof",484763.536,2025,Export
GBR,United Kingdom,TCA,Turks and Caicos Isds,automotive,87,"Vehicles; other than railway or tramway rolling stock, and parts and accessories thereof",484763.536,2025,Export
GBR,United Kingdom,TCD,Chad,automotive,87,"Vehicles; other than railway or tramway rolling stock, and parts and accessories thereof",177597.59,2025,Export
GBR,United Kingdom,TCD,Chad,automotive,87,"Vehicles; other than railway or tramway rolling stock, and parts and accessories thereof",79.059,2025,Export
GBR,United Kingdom,TCD,Chad,automotive,87,"Vehicles; other than railway or tramway rolling stock, and parts and accessories thereof",177676.649,2025,Export
GBR,United Kingdom,TGO,Togo,automotive,87,"Vehicles; other than railway or tramway rolling stock, and parts and accessories thereof",1203086.632,2025,Export
GBR,United Kingdom,TGO,Togo,automotive,87,"Vehicles; other than railway or tramway rolling stock, and parts and accessories thereof",1203086.632,2025,Export
GBR,United Kingdom,THA,Thailand,automotive,87,"Vehicles; other than railway or tramway rolling stock, and parts and accessories thereof",296.061,2025,Export
GBR,United Kingdom,THA,Thailand,automotive,87,"Vehicles; other than railway or tramway rolling stock, and parts and accessories thereof",1497.542,2025,Export
GBR,United Kingdom,THA,Thailand,automotive,87,"Vehicles; other than railway or tramway rolling stock, and parts and accessories thereof",71304573.519,2025,Export
GBR,United Kingdom,THA,Thailand,automotive,87,"Vehicles; other than railway or tramway rolling stock, and parts and accessories thereof",511075.486,2025,Export
GBR,United Kingdom,THA,Thailand,automotive,87,"Vehicles; other than railway or tramway rolling stock, and parts and accessories thereof",71868557.12,2025,Export
GBR,United Kingdom,THA,Thailand,automotive,87,"Vehicles; other than railway or tramway rolling stock, and parts and accessories thereof",18578.6,2025,Export
GBR,United Kingdom,THA,Thailand,automotive,87,"Vehicles; other than railway or tramway rolling stock, and parts and accessories thereof",32535.911,2025,Export
GBR,United Kingdom,TJK,Tajikistan,automotive,87,"Vehicles; other than railway or tramway rolling stock, and parts and accessories thereof",9479.46,2025,Export
GBR,United Kingdom,TJK,Tajikistan,automotive,87,"Vehicles; other than railway or tramway rolling stock, and parts and accessories thereof",9479.46,2025,Export
GBR,United Kingdom,TKM,Turkmenistan,automotive,87,"Vehicles; other than railway or tramway rolling stock, and parts and accessories thereof",12453.113,2025,Export
GBR,United Kingdom,TKM,Turkmenistan,automotive,87,"Vehicles; other than railway or tramway rolling stock, and parts and accessories thereof",12453.113,2025,Export
GBR,United Kingdom,TLS,Timor-Leste,automotive,87,"Vehicles; other than railway or tramway rolling stock, and parts and accessories thereof",12925.302,2025,Export
GBR,United Kingdom,TLS,Timor-Leste,automotive,87,"Vehicles; other than railway or tramway rolling stock, and parts and accessories thereof",12925.302,2025,Export
GBR,United Kingdom,TON,Tonga,automotive,87,"Vehicles; other than railway or tramway rolling stock, and parts and accessories thereof",2705.017,2025,Export
GBR,United Kingdom,TON,Tonga,automotive,87,"Vehicles; other than railway or tramway rolling stock, and parts and accessories thereof",2705.017,2025,Export
GBR,United Kingdom,TTO,Trinidad and Tobago,automotive,87,"Vehicles; other than railway or tramway rolling stock, and parts and accessories thereof",14372725.603,2025,Export
GBR,United Kingdom,TTO,Trinidad and Tobago,automotive,87,"Vehicles; other than railway or tramway rolling stock, and parts and accessories thereof",14372725.603,2025,Export
GBR,United Kingdom,TUN,Tunisia,automotive,87,"Vehicles; other than railway or tramway rolling stock, and parts and accessories thereof",874976.979,2025,Export
GBR,United Kingdom,TUN,Tunisia,automotive,87,"Vehicles; other than railway or tramway rolling stock, and parts and accessories thereof",38387131.986,2025,Export
GBR,United Kingdom,TUN,Tunisia,automotive,87,"Vehicles; other than railway or tramway rolling stock, and parts and accessories thereof",39262108.965,2025,Export
GBR,United Kingdom,TUR,Türkiye,automotive,87,"Vehicles; other than railway or tramway rolling stock, and parts and accessories thereof",5.246,2025,Export
GBR,United Kingdom,TUR,Türkiye,automotive,87,"Vehicles; other than railway or tramway rolling stock, and parts and accessories thereof",114.827,2025,Export
GBR,United Kingdom,TUR,Türkiye,automotive,87,"Vehicles; other than railway or tramway rolling stock, and parts and accessories thereof",1100279252.134,2025,Export
GBR,United Kingdom,TUR,Türkiye,automotive,87,"Vehicles; other than railway or tramway rolling stock, and parts and accessories thereof",596.651,2025,Export
GBR,United Kingdom,TUR,Türkiye,automotive,87,"Vehicles; other than railway or tramway rolling stock, and parts and accessories thereof",4051.334,2025,Export
GBR,United Kingdom,TUR,Türkiye,automotive,87,"Vehicles; other than railway or tramway rolling stock, and parts and accessories thereof",596.866,2025,Export
GBR,United Kingdom,TUR,Türkiye,automotive,87,"Vehicles; other than railway or tramway rolling stock, and parts and accessories thereof",1651592.62,2025,Export
GBR,United Kingdom,TUR,Türkiye,automotive,87,"Vehicles; other than railway or tramway rolling stock, and parts and accessories thereof",1098622294.59,2025,Export
GBR,United Kingdom,TZA,United Rep. of Tanzania,automotive,87,"Vehicles; other than railway or tramway rolling stock, and parts and accessories thereof",89728728.655,2025,Export
GBR,United Kingdom,TZA,United Rep. of Tanzania,automotive,87,"Vehicles; other than railway or tramway rolling stock, and parts and accessories thereof",89728728.655,2025,Export
GBR,United Kingdom,UGA,Uganda,automotive,87,"Vehicles; other than railway or tramway rolling stock, and parts and accessories thereof",5410206.39,2025,Export
GBR,United Kingdom,UGA,Uganda,automotive,87,"Vehicles; other than railway or tramway rolling stock, and parts and accessories thereof",5410206.39,2025,Export
GBR,United Kingdom,UKR,Ukraine,automotive,87,"Vehicles; other than railway or tramway rolling stock, and parts and accessories thereof",272523896.158,2025,Export
GBR,United Kingdom,UKR,Ukraine,automotive,87,"Vehicles; other than railway or tramway rolling stock, and parts and accessories thereof",272523896.158,2025,Export
GBR,United Kingdom,URY,Uruguay,automotive,87,"Vehicles; other than railway or tramway rolling stock, and parts and accessories thereof",5218247.501,2025,Export
GBR,United Kingdom,URY,Uruguay,automotive,87,"Vehicles; other than railway or tramway rolling stock, and parts and accessories thereof",5218247.501,2025,Export
GBR,United Kingdom,USA,USA,automotive,87,"Vehicles; other than railway or tramway rolling stock, and parts and accessories thereof",8634150910.439,2025,Export
GBR,United Kingdom,USA,USA,automotive,87,"Vehicles; other than railway or tramway rolling stock, and parts and accessories thereof",26535.895,2025,Export
GBR,United Kingdom,USA,USA,automotive,87,"Vehicles; other than railway or tramway rolling stock, and parts and accessories thereof",371.334,2025,Export
GBR,United Kingdom,USA,USA,automotive,87,"Vehicles; other than railway or tramway rolling stock, and parts and accessories thereof",2605.569,2025,Export
GBR,United Kingdom,USA,USA,automotive,87,"Vehicles; other than railway or tramway rolling stock, and parts and accessories thereof",4064.884,2025,Export
GBR,United Kingdom,USA,USA,automotive,87,"Vehicles; other than railway or tramway rolling stock, and parts and accessories thereof",10481.791,2025,Export
GBR,United Kingdom,USA,USA,automotive,87,"Vehicles; other than railway or tramway rolling stock, and parts and accessories thereof",44.564,2025,Export
GBR,United Kingdom,USA,USA,automotive,87,"Vehicles; other than railway or tramway rolling stock, and parts and accessories thereof",9905.177,2025,Export
GBR,United Kingdom,USA,USA,automotive,87,"Vehicles; other than railway or tramway rolling stock, and parts and accessories thereof",8288.776,2025,Export
GBR,United Kingdom,USA,USA,automotive,87,"Vehicles; other than railway or tramway rolling stock, and parts and accessories thereof",2176.385,2025,Export
GBR,United Kingdom,USA,USA,automotive,87,"Vehicles; other than railway or tramway rolling stock, and parts and accessories thereof",133131.738,2025,Export
GBR,United Kingdom,USA,USA,automotive,87,"Vehicles; other than railway or tramway rolling stock, and parts and accessories thereof",8638122162.583,2025,Export
GBR,United Kingdom,USA,USA,automotive,87,"Vehicles; other than railway or tramway rolling stock, and parts and accessories thereof",3752953.384,2025,Export
GBR,United Kingdom,USA,USA,automotive,87,"Vehicles; other than railway or tramway rolling stock, and parts and accessories thereof",18196.658,2025,Export
GBR,United Kingdom,USA,USA,automotive,87,"Vehicles; other than railway or tramway rolling stock, and parts and accessories thereof",2495.99,2025,Export
GBR,United Kingdom,UZB,Uzbekistan,automotive,87,"Vehicles; other than railway or tramway rolling stock, and parts and accessories thereof",2243566.295,2025,Export
GBR,United Kingdom,UZB,Uzbekistan,automotive,87,"Vehicles; other than railway or tramway rolling stock, and parts and accessories thereof",2243566.295,2025,Export
GBR,United Kingdom,VCT,Saint Vincent and the Grenadines,automotive,87,"Vehicles; other than railway or tramway rolling stock, and parts and accessories thereof",1989253.963,2025,Export
GBR,United Kingdom,VCT,Saint Vincent and the Grenadines,automotive,87,"Vehicles; other than railway or tramway rolling stock, and parts and accessories thereof",1989253.963,2025,Export
GBR,United Kingdom,VEN,Venezuela,automotive,87,"Vehicles; other than railway or tramway rolling stock, and parts and accessories thereof",891.914,2025,Export
GBR,United Kingdom,VEN,Venezuela,automotive,87,"Vehicles; other than railway or tramway rolling stock, and parts and accessories thereof",17712.305,2025,Export
GBR,United Kingdom,VEN,Venezuela,automotive,87,"Vehicles; other than railway or tramway rolling stock, and parts and accessories thereof",18604.219,2025,Export
GBR,United Kingdom,VGB,Br. Virgin Isds,automotive,87,"Vehicles; other than railway or tramway rolling stock, and parts and accessories thereof",83090.477,2025,Export
GBR,United Kingdom,VGB,Br. Virgin Isds,automotive,87,"Vehicles; other than railway or tramway rolling stock, and parts and accessories thereof",83090.477,2025,Export
GBR,United Kingdom,VNM,Viet Nam,automotive,87,"Vehicles; other than railway or tramway rolling stock, and parts and accessories thereof",28407809.137,2025,Export
GBR,United Kingdom,VNM,Viet Nam,automotive,87,"Vehicles; other than railway or tramway rolling stock, and parts and accessories thereof",28371836.256,2025,Export
GBR,United Kingdom,VNM,Viet Nam,automotive,87,"Vehicles; other than railway or tramway rolling stock, and parts and accessories thereof",35972.881,2025,Export
GBR,United Kingdom,VUT,Vanuatu,automotive,87,"Vehicles; other than railway or tramway rolling stock, and parts and accessories thereof",62223.216,2025,Export
GBR,United Kingdom,VUT,Vanuatu,automotive,87,"Vehicles; other than railway or tramway rolling stock, and parts and accessories thereof",62223.216,2025,Export
GBR,United Kingdom,W00,World,automotive,87,"Vehicles; other than railway or tramway rolling stock, and parts and accessories thereof",17769145.294,2025,Export
GBR,United Kingdom,W00,World,automotive,87,"Vehicles; other than railway or tramway rolling stock, and parts and accessories thereof",107309.72,2025,Export
GBR,United Kingdom,W00,World,automotive,87,"Vehicles; other than railway or tramway rolling stock, and parts and accessories thereof",70844067.185,2025,Export
GBR,United Kingdom,W00,World,automotive,87,"Vehicles; other than railway or tramway rolling stock, and parts and accessories thereof",37476.302,2025,Export
GBR,United Kingdom,W00,World,automotive,87,"Vehicles; other than railway or tramway rolling stock, and parts and accessories thereof",5599134.972,2025,Export
GBR,United Kingdom,W00,World,automotive,87,"Vehicles; other than railway or tramway rolling stock, and parts and accessories thereof",1706586.702,2025,Export
GBR,United Kingdom,W00,World,automotive,87,"Vehicles; other than railway or tramway rolling stock, and parts and accessories thereof",722591.595,2025,Export
GBR,United Kingdom,W00,World,automotive,87,"Vehicles; other than railway or tramway rolling stock, and parts and accessories thereof",202.042,2025,Export
GBR,United Kingdom,W00,World,automotive,87,"Vehicles; other than railway or tramway rolling stock, and parts and accessories thereof",59961645.716,2025,Export
GBR,United Kingdom,W00,World,automotive,87,"Vehicles; other than railway or tramway rolling stock, and parts and accessories thereof",1572.354,2025,Export
GBR,United Kingdom,W00,World,automotive,87,"Vehicles; other than railway or tramway rolling stock, and parts and accessories thereof",14372725.603,2025,Export
GBR,United Kingdom,W00,World,automotive,87,"Vehicles; other than railway or tramway rolling stock, and parts and accessories thereof",23549055.353,2025,Export
GBR,United Kingdom,W00,World,automotive,87,"Vehicles; other than railway or tramway rolling stock, and parts and accessories thereof",2860092.779,2025,Export
GBR,United Kingdom,W00,World,automotive,87,"Vehicles; other than railway or tramway rolling stock, and parts and accessories thereof",34758287.345,2025,Export
GBR,United Kingdom,W00,World,automotive,87,"Vehicles; other than railway or tramway rolling stock, and parts and accessories thereof",5368289.368,2025,Export
GBR,United Kingdom,W00,World,automotive,87,"Vehicles; other than railway or tramway rolling stock, and parts and accessories thereof",46744.809,2025,Export
GBR,United Kingdom,W00,World,automotive,87,"Vehicles; other than railway or tramway rolling stock, and parts and accessories thereof",1073849.066,2025,Export
GBR,United Kingdom,W00,World,automotive,87,"Vehicles; other than railway or tramway rolling stock, and parts and accessories thereof",2376016.099,2025,Export
GBR,United Kingdom,W00,World,automotive,87,"Vehicles; other than railway or tramway rolling stock, and parts and accessories thereof",2907397.16,2025,Export
GBR,United Kingdom,W00,World,automotive,87,"Vehicles; other than railway or tramway rolling stock, and parts and accessories thereof",11274200.997,2025,Export
GBR,United Kingdom,W00,World,automotive,87,"Vehicles; other than railway or tramway rolling stock, and parts and accessories thereof",202070617.688,2025,Export
GBR,United Kingdom,W00,World,automotive,87,"Vehicles; other than railway or tramway rolling stock, and parts and accessories thereof",128262861.454,2025,Export
GBR,United Kingdom,W00,World,automotive,87,"Vehicles; other than railway or tramway rolling stock, and parts and accessories thereof",79860.769,2025,Export
GBR,United Kingdom,W00,World,automotive,87,"Vehicles; other than railway or tramway rolling stock, and parts and accessories thereof",698806564.825,2025,Export
GBR,United Kingdom,W00,World,automotive,87,"Vehicles; other than railway or tramway rolling stock, and parts and accessories thereof",179347916.061,2025,Export
GBR,United Kingdom,W00,World,automotive,87,"Vehicles; other than railway or tramway rolling stock, and parts and accessories thereof",3163834259.411,2025,Export
GBR,United Kingdom,W00,World,automotive,87,"Vehicles; other than railway or tramway rolling stock, and parts and accessories thereof",14323736.214,2025,Export
GBR,United Kingdom,W00,World,automotive,87,"Vehicles; other than railway or tramway rolling stock, and parts and accessories thereof",1514621629.986,2025,Export
GBR,United Kingdom,W00,World,automotive,87,"Vehicles; other than railway or tramway rolling stock, and parts and accessories thereof",1648547080.54,2025,Export
GBR,United Kingdom,W00,World,automotive,87,"Vehicles; other than railway or tramway rolling stock, and parts and accessories thereof",50327482.488,2025,Export
GBR,United Kingdom,W00,World,automotive,87,"Vehicles; other than railway or tramway rolling stock, and parts and accessories thereof",194537667.921,2025,Export
GBR,United Kingdom,W00,World,automotive,87,"Vehicles; other than railway or tramway rolling stock, and parts and accessories thereof",198296029.733,2025,Export
GBR,United Kingdom,W00,World,automotive,87,"Vehicles; other than railway or tramway rolling stock, and parts and accessories thereof",1203086.632,2025,Export
GBR,United Kingdom,W00,World,automotive,87,"Vehicles; other than railway or tramway rolling stock, and parts and accessories thereof",12925.302,2025,Export
GBR,United Kingdom,W00,World,automotive,87,"Vehicles; other than railway or tramway rolling stock, and parts and accessories thereof",138960.341,2025,Export
GBR,United Kingdom,W00,World,automotive,87,"Vehicles; other than railway or tramway rolling stock, and parts and accessories thereof",101841.185,2025,Export
GBR,United Kingdom,W00,World,automotive,87,"Vehicles; other than railway or tramway rolling stock, and parts and accessories thereof",170647.905,2025,Export
GBR,United Kingdom,W00,World,automotive,87,"Vehicles; other than railway or tramway rolling stock, and parts and accessories thereof",6999306.341,2025,Export
GBR,United Kingdom,W00,World,automotive,87,"Vehicles; other than railway or tramway rolling stock, and parts and accessories thereof",44480.193,2025,Export
GBR,United Kingdom,W00,World,automotive,87,"Vehicles; other than railway or tramway rolling stock, and parts and accessories thereof",475492.279,2025,Export
GBR,United Kingdom,W00,World,automotive,87,"Vehicles; other than railway or tramway rolling stock, and parts and accessories thereof",557372.079,2025,Export
GBR,United Kingdom,W00,World,automotive,87,"Vehicles; other than railway or tramway rolling stock, and parts and accessories thereof",62938981.954,2025,Export
GBR,United Kingdom,W00,World,automotive,87,"Vehicles; other than railway or tramway rolling stock, and parts and accessories thereof",1189681.623,2025,Export
GBR,United Kingdom,W00,World,automotive,87,"Vehicles; other than railway or tramway rolling stock, and parts and accessories thereof",4861.096,2025,Export
GBR,United Kingdom,W00,World,automotive,87,"Vehicles; other than railway or tramway rolling stock, and parts and accessories thereof",45533.717,2025,Export
GBR,United Kingdom,W00,World,automotive,87,"Vehicles; other than railway or tramway rolling stock, and parts and accessories thereof",18431318.0,2025,Export
GBR,United Kingdom,W00,World,automotive,87,"Vehicles; other than railway or tramway rolling stock, and parts and accessories thereof",789731.923,2025,Export
GBR,United Kingdom,W00,World,automotive,87,"Vehicles; other than railway or tramway rolling stock, and parts and accessories thereof",1267046.32,2025,Export
GBR,United Kingdom,W00,World,automotive,87,"Vehicles; other than railway or tramway rolling stock, and parts and accessories thereof",133842.01,2025,Export
GBR,United Kingdom,W00,World,automotive,87,"Vehicles; other than railway or tramway rolling stock, and parts and accessories thereof",2473213.567,2025,Export
GBR,United Kingdom,W00,World,automotive,87,"Vehicles; other than railway or tramway rolling stock, and parts and accessories thereof",5218247.501,2025,Export
GBR,United Kingdom,W00,World,automotive,87,"Vehicles; other than railway or tramway rolling stock, and parts and accessories thereof",5410206.39,2025,Export
GBR,United Kingdom,W00,World,automotive,87,"Vehicles; other than railway or tramway rolling stock, and parts and accessories thereof",2243566.295,2025,Export
GBR,United Kingdom,W00,World,automotive,87,"Vehicles; other than railway or tramway rolling stock, and parts and accessories thereof",1882842.608,2025,Export
GBR,United Kingdom,W00,World,automotive,87,"Vehicles; other than railway or tramway rolling stock, and parts and accessories thereof",2016895.698,2025,Export
GBR,United Kingdom,W00,World,automotive,87,"Vehicles; other than railway or tramway rolling stock, and parts and accessories thereof",1057129.123,2025,Export
GBR,United Kingdom,W00,World,automotive,87,"Vehicles; other than railway or tramway rolling stock, and parts and accessories thereof",3155024.922,2025,Export
GBR,United Kingdom,W00,World,automotive,87,"Vehicles; other than railway or tramway rolling stock, and parts and accessories thereof",44052194.644,2025,Export
GBR,United Kingdom,W00,World,automotive,87,"Vehicles; other than railway or tramway rolling stock, and parts and accessories thereof",80035291.227,2025,Export
GBR,United Kingdom,W00,World,automotive,87,"Vehicles; other than railway or tramway rolling stock, and parts and accessories thereof",63953675.23,2025,Export
GBR,United Kingdom,W00,World,automotive,87,"Vehicles; other than railway or tramway rolling stock, and parts and accessories thereof",387953.794,2025,Export
GBR,United Kingdom,W00,World,automotive,87,"Vehicles; other than railway or tramway rolling stock, and parts and accessories thereof",816155.72,2025,Export
GBR,United Kingdom,W00,World,automotive,87,"Vehicles; other than railway or tramway rolling stock, and parts and accessories thereof",484763.536,2025,Export
GBR,United Kingdom,W00,World,automotive,87,"Vehicles; other than railway or tramway rolling stock, and parts and accessories thereof",701646.125,2025,Export
GBR,United Kingdom,W00,World,automotive,87,"Vehicles; other than railway or tramway rolling stock, and parts and accessories thereof",4004578.188,2025,Export
GBR,United Kingdom,W00,World,automotive,87,"Vehicles; other than railway or tramway rolling stock, and parts and accessories thereof",367281.666,2025,Export
GBR,United Kingdom,W00,World,automotive,87,"Vehicles; other than railway or tramway rolling stock, and parts and accessories thereof",62223.216,2025,Export
GBR,United Kingdom,W00,World,automotive,87,"Vehicles; other than railway or tramway rolling stock, and parts and accessories thereof",8665390.284,2025,Export
GBR,United Kingdom,W00,World,automotive,87,"Vehicles; other than railway or tramway rolling stock, and parts and accessories thereof",20894534.564,2025,Export
GBR,United Kingdom,W00,World,automotive,87,"Vehicles; other than railway or tramway rolling stock, and parts and accessories thereof",153896.04,2025,Export
GBR,United Kingdom,W00,World,automotive,87,"Vehicles; other than railway or tramway rolling stock, and parts and accessories thereof",135411434.009,2025,Export
GBR,United Kingdom,W00,World,automotive,87,"Vehicles; other than railway or tramway rolling stock, and parts and accessories thereof",173016.558,2025,Export
GBR,United Kingdom,W00,World,automotive,87,"Vehicles; other than railway or tramway rolling stock, and parts and accessories thereof",136257930.279,2025,Export
GBR,United Kingdom,W00,World,automotive,87,"Vehicles; other than railway or tramway rolling stock, and parts and accessories thereof",126634.46,2025,Export
GBR,United Kingdom,W00,World,automotive,87,"Vehicles; other than railway or tramway rolling stock, and parts and accessories thereof",66464907.225,2025,Export
GBR,United Kingdom,W00,World,automotive,87,"Vehicles; other than railway or tramway rolling stock, and parts and accessories thereof",41620758.942,2025,Export
GBR,United Kingdom,W00,World,automotive,87,"Vehicles; other than railway or tramway rolling stock, and parts and accessories thereof",38387131.986,2025,Export
GBR,United Kingdom,W00,World,automotive,87,"Vehicles; other than railway or tramway rolling stock, and parts and accessories thereof",73925.389,2025,Export
GBR,United Kingdom,W00,World,automotive,87,"Vehicles; other than railway or tramway rolling stock, and parts and accessories thereof",607047364.562,2025,Export
GBR,United Kingdom,W00,World,automotive,87,"Vehicles; other than railway or tramway rolling stock, and parts and accessories thereof",642783041.692,2025,Export
GBR,United Kingdom,W00,World,automotive,87,"Vehicles; other than railway or tramway rolling stock, and parts and accessories thereof",64194748.401,2025,Export
GBR,United Kingdom,W00,World,automotive,87,"Vehicles; other than railway or tramway rolling stock, and parts and accessories thereof",170727851.012,2025,Export
GBR,United Kingdom,W00,World,automotive,87,"Vehicles; other than railway or tramway rolling stock, and parts and accessories thereof",160563134.747,2025,Export
GBR,United Kingdom,W00,World,automotive,87,"Vehicles; other than railway or tramway rolling stock, and parts and accessories thereof",31309596.402,2025,Export
GBR,United Kingdom,W00,World,automotive,87,"Vehicles; other than railway or tramway rolling stock, and parts and accessories thereof",459053.051,2025,Export
GBR,United Kingdom,W00,World,automotive,87,"Vehicles; other than railway or tramway rolling stock, and parts and accessories thereof",14206583.933,2025,Export
GBR,United Kingdom,W00,World,automotive,87,"Vehicles; other than railway or tramway rolling stock, and parts and accessories thereof",3255885629.611,2025,Export
GBR,United Kingdom,W00,World,automotive,87,"Vehicles; other than railway or tramway rolling stock, and parts and accessories thereof",272523896.158,2025,Export
GBR,United Kingdom,W00,World,automotive,87,"Vehicles; other than railway or tramway rolling stock, and parts and accessories thereof",132863607.265,2025,Export
GBR,United Kingdom,W00,World,automotive,87,"Vehicles; other than railway or tramway rolling stock, and parts and accessories thereof",32053907.109,2025,Export
GBR,United Kingdom,W00,World,automotive,87,"Vehicles; other than railway or tramway rolling stock, and parts and accessories thereof",910808.151,2025,Export
GBR,United Kingdom,W00,World,automotive,87,"Vehicles; other than railway or tramway rolling stock, and parts and accessories thereof",48756368.103,2025,Export
GBR,United Kingdom,W00,World,automotive,87,"Vehicles; other than railway or tramway rolling stock, and parts and accessories thereof",71304573.519,2025,Export
GBR,United Kingdom,W00,World,automotive,87,"Vehicles; other than railway or tramway rolling stock, and parts and accessories thereof",8778897.578,2025,Export
GBR,United Kingdom,W00,World,automotive,87,"Vehicles; other than railway or tramway rolling stock, and parts and accessories thereof",89728728.655,2025,Export
GBR,United Kingdom,W00,World,automotive,87,"Vehicles; other than railway or tramway rolling stock, and parts and accessories thereof",466996377.088,2025,Export
GBR,United Kingdom,W00,World,automotive,87,"Vehicles; other than railway or tramway rolling stock, and parts and accessories thereof",24020216.576,2025,Export
GBR,United Kingdom,W00,World,automotive,87,"Vehicles; other than railway or tramway rolling stock, and parts and accessories thereof",5623.34,2025,Export
GBR,United Kingdom,W00,World,automotive,87,"Vehicles; other than railway or tramway rolling stock, and parts and accessories thereof",1838431.415,2025,Export
GBR,United Kingdom,W00,World,automotive,87,"Vehicles; other than railway or tramway rolling stock, and parts and accessories thereof",37417254.018,2025,Export
GBR,United Kingdom,W00,World,automotive,87,"Vehicles; other than railway or tramway rolling stock, and parts and accessories thereof",8061045.804,2025,Export
GBR,United Kingdom,W00,World,automotive,87,"Vehicles; other than railway or tramway rolling stock, and parts and accessories thereof",60711.427,2025,Export
GBR,United Kingdom,W00,World,automotive,87,"Vehicles; other than railway or tramway rolling stock, and parts and accessories thereof",1030568.001,2025,Export
GBR,United Kingdom,W00,World,automotive,87,"Vehicles; other than railway or tramway rolling stock, and parts and accessories thereof",527651.265,2025,Export
GBR,United Kingdom,W00,World,automotive,87,"Vehicles; other than railway or tramway rolling stock, and parts and accessories thereof",4224245.541,2025,Export
GBR,United Kingdom,W00,World,automotive,87,"Vehicles; other than railway or tramway rolling stock, and parts and accessories thereof",13348873.672,2025,Export
GBR,United Kingdom,W00,World,automotive,87,"Vehicles; other than railway or tramway rolling stock, and parts and accessories thereof",10180915.186,2025,Export
GBR,United Kingdom,W00,World,automotive,87,"Vehicles; other than railway or tramway rolling stock, and parts and accessories thereof",106373627.673,2025,Export
GBR,United Kingdom,W00,World,automotive,87,"Vehicles; other than railway or tramway rolling stock, and parts and accessories thereof",2294669420.291,2025,Export
GBR,United Kingdom,W00,World,automotive,87,"Vehicles; other than railway or tramway rolling stock, and parts and accessories thereof",216669212.689,2025,Export
GBR,United Kingdom,W00,World,automotive,87,"Vehicles; other than railway or tramway rolling stock, and parts and accessories thereof",177597.59,2025,Export
GBR,United Kingdom,W00,World,automotive,87,"Vehicles; other than railway or tramway rolling stock, and parts and accessories thereof",9383424.045,2025,Export
GBR,United Kingdom,W00,World,automotive,87,"Vehicles; other than railway or tramway rolling stock, and parts and accessories thereof",951736.524,2025,Export
GBR,United Kingdom,W00,World,automotive,87,"Vehicles; other than railway or tramway rolling stock, and parts and accessories thereof",5776802.872,2025,Export
GBR,United Kingdom,W00,World,automotive,87,"Vehicles; other than railway or tramway rolling stock, and parts and accessories thereof",12069400.449,2025,Export
GBR,United Kingdom,W00,World,automotive,87,"Vehicles; other than railway or tramway rolling stock, and parts and accessories thereof",1514233.233,2025,Export
GBR,United Kingdom,W00,World,automotive,87,"Vehicles; other than railway or tramway rolling stock, and parts and accessories thereof",83090.477,2025,Export
GBR,United Kingdom,W00,World,automotive,87,"Vehicles; other than railway or tramway rolling stock, and parts and accessories thereof",51715839.025,2025,Export
GBR,United Kingdom,W00,World,automotive,87,"Vehicles; other than railway or tramway rolling stock, and parts and accessories thereof",11975647.112,2025,Export
GBR,United Kingdom,W00,World,automotive,87,"Vehicles; other than railway or tramway rolling stock, and parts and accessories thereof",128215207.919,2025,Export
GBR,United Kingdom,W00,World,automotive,87,"Vehicles; other than railway or tramway rolling stock, and parts and accessories thereof",90269.604,2025,Export
GBR,United Kingdom,W00,World,automotive,87,"Vehicles; other than railway or tramway rolling stock, and parts and accessories thereof",175614.15,2025,Export
GBR,United Kingdom,W00,World,automotive,87,"Vehicles; other than railway or tramway rolling stock, and parts and accessories thereof",1605273329.522,2025,Export
GBR,United Kingdom,W00,World,automotive,87,"Vehicles; other than railway or tramway rolling stock, and parts and accessories thereof",67106723.835,2025,Export
GBR,United Kingdom,W00,World,automotive,87,"Vehicles; other than railway or tramway rolling stock, and parts and accessories thereof",39109670.551,2025,Export
GBR,United Kingdom,W00,World,automotive,87,"Vehicles; other than railway or tramway rolling stock, and parts and accessories thereof",4662792.202,2025,Export
GBR,United Kingdom,W00,World,automotive,87,"Vehicles; other than railway or tramway rolling stock, and parts and accessories thereof",194740593.089,2025,Export
GBR,United Kingdom,W00,World,automotive,87,"Vehicles; other than railway or tramway rolling stock, and parts and accessories thereof",13774100.439,2025,Export
GBR,United Kingdom,W00,World,automotive,87,"Vehicles; other than railway or tramway rolling stock, and parts and accessories thereof",1054900140.93,2025,Export
GBR,United Kingdom,W00,World,automotive,87,"Vehicles; other than railway or tramway rolling stock, and parts and accessories thereof",2162811.867,2025,Export
GBR,United Kingdom,W00,World,automotive,87,"Vehicles; other than railway or tramway rolling stock, and parts and accessories thereof",290627.481,2025,Export
GBR,United Kingdom,W00,World,automotive,87,"Vehicles; other than railway or tramway rolling stock, and parts and accessories thereof",1994231.698,2025,Export
GBR,United Kingdom,W00,World,automotive,87,"Vehicles; other than railway or tramway rolling stock, and parts and accessories thereof",3341269.56,2025,Export
GBR,United Kingdom,W00,World,automotive,87,"Vehicles; other than railway or tramway rolling stock, and parts and accessories thereof",30414780.468,2025,Export
GBR,United Kingdom,W00,World,automotive,87,"Vehicles; other than railway or tramway rolling stock, and parts and accessories thereof",1203954.136,2025,Export
GBR,United Kingdom,W00,World,automotive,87,"Vehicles; other than railway or tramway rolling stock, and parts and accessories thereof",14833105.009,2025,Export
GBR,United Kingdom,W00,World,automotive,87,"Vehicles; other than railway or tramway rolling stock, and parts and accessories thereof",2705.017,2025,Export
GBR,United Kingdom,W00,World,automotive,87,"Vehicles; other than railway or tramway rolling stock, and parts and accessories thereof",209137.276,2025,Export
GBR,United Kingdom,W00,World,automotive,87,"Vehicles; other than railway or tramway rolling stock, and parts and accessories thereof",539997.172,2025,Export
GBR,United Kingdom,W00,World,automotive,87,"Vehicles; other than railway or tramway rolling stock, and parts and accessories thereof",270891.206,2025,Export
GBR,United Kingdom,W00,World,automotive,87,"Vehicles; other than railway or tramway rolling stock, and parts and accessories thereof",2141254.961,2025,Export
GBR,United Kingdom,W00,World,automotive,87,"Vehicles; other than railway or tramway rolling stock, and parts and accessories thereof",7051.13,2025,Export
GBR,United Kingdom,W00,World,automotive,87,"Vehicles; other than railway or tramway rolling stock, and parts and accessories thereof",3259880.806,2025,Export
GBR,United Kingdom,W00,World,automotive,87,"Vehicles; other than railway or tramway rolling stock, and parts and accessories thereof",67637213.696,2025,Export
GBR,United Kingdom,W00,World,automotive,87,"Vehicles; other than railway or tramway rolling stock, and parts and accessories thereof",24984.204,2025,Export
GBR,United Kingdom,W00,World,automotive,87,"Vehicles; other than railway or tramway rolling stock, and parts and accessories thereof",38356426.474,2025,Export
GBR,United Kingdom,W00,World,automotive,87,"Vehicles; other than railway or tramway rolling stock, and parts and accessories thereof",174949216.761,2025,Export
GBR,United Kingdom,W00,World,automotive,87,"Vehicles; other than railway or tramway rolling stock, and parts and accessories thereof",6839493.035,2025,Export
GBR,United Kingdom,W00,World,automotive,87,"Vehicles; other than railway or tramway rolling stock, and parts and accessories thereof",48349164.875,2025,Export
GBR,United Kingdom,W00,World,automotive,87,"Vehicles; other than railway or tramway rolling stock, and parts and accessories thereof",1098622294.59,2025,Export
GBR,United Kingdom,W00,World,automotive,87,"Vehicles; other than railway or tramway rolling stock, and parts and accessories thereof",125428658.665,2025,Export
GBR,United Kingdom,W00,World,automotive,87,"Vehicles; other than railway or tramway rolling stock, and parts and accessories thereof",19493863.568,2025,Export
GBR,United Kingdom,W00,World,automotive,87,"Vehicles; other than railway or tramway rolling stock, and parts and accessories thereof",14602523.724,2025,Export
GBR,United Kingdom,W00,World,automotive,87,"Vehicles; other than railway or tramway rolling stock, and parts and accessories thereof",321993.198,2025,Export
GBR,United Kingdom,W00,World,automotive,87,"Vehicles; other than railway or tramway rolling stock, and parts and accessories thereof",195788345.572,2025,Export
GBR,United Kingdom,W00,World,automotive,87,"Vehicles; other than railway or tramway rolling stock, and parts and accessories thereof",10780938.565,2025,Export
GBR,United Kingdom,W00,World,automotive,87,"Vehicles; other than railway or tramway rolling stock, and parts and accessories thereof",244414086.775,2025,Export
GBR,United Kingdom,W00,World,automotive,87,"Vehicles; other than railway or tramway rolling stock, and parts and accessories thereof",58610538.597,2025,Export
GBR,United Kingdom,W00,World,automotive,87,"Vehicles; other than railway or tramway rolling stock, and parts and accessories thereof",1755935046.536,2025,Export
GBR,United Kingdom,W00,World,automotive,87,"Vehicles; other than railway or tramway rolling stock, and parts and accessories thereof",859630893.763,2025,Export
GBR,United Kingdom,W00,World,automotive,87,"Vehicles; other than railway or tramway rolling stock, and parts and accessories thereof",42031478.559,2025,Export
GBR,United Kingdom,W00,World,automotive,87,"Vehicles; other than railway or tramway rolling stock, and parts and accessories thereof",1007367.114,2025,Export
GBR,United Kingdom,W00,World,automotive,87,"Vehicles; other than railway or tramway rolling stock, and parts and accessories thereof",42781.435,2025,Export
GBR,United Kingdom,W00,World,automotive,87,"Vehicles; other than railway or tramway rolling stock, and parts and accessories thereof",2025.643,2025,Export
GBR,United Kingdom,W00,World,automotive,87,"Vehicles; other than railway or tramway rolling stock, and parts and accessories thereof",28371836.256,2025,Export
GBR,United Kingdom,W00,World,automotive,87,"Vehicles; other than railway or tramway rolling stock, and parts and accessories thereof",31185265.769,2025,Export
GBR,United Kingdom,W00,World,automotive,87,"Vehicles; other than railway or tramway rolling stock, and parts and accessories thereof",16783367.417,2025,Export
GBR,United Kingdom,W00,World,automotive,87,"Vehicles; other than railway or tramway rolling stock, and parts and accessories thereof",241883740.364,2025,Export
GBR,United Kingdom,W00,World,automotive,87,"Vehicles; other than railway or tramway rolling stock, and parts and accessories thereof",8634150910.439,2025,Export
GBR,United Kingdom,W00,World,automotive,87,"Vehicles; other than railway or tramway rolling stock, and parts and accessories thereof",13290157.869,2025,Export
GBR,United Kingdom,W00,World,automotive,87,"Vehicles; other than railway or tramway rolling stock, and parts and accessories thereof",390432307.374,2025,Export
GBR,United Kingdom,W00,World,automotive,87,"Vehicles; other than railway or tramway rolling stock, and parts and accessories thereof",361003813.417,2025,Export
GBR,United Kingdom,W00,World,automotive,87,"Vehicles; other than railway or tramway rolling stock, and parts and accessories thereof",367841931.404,2025,Export
GBR,United Kingdom,W00,World,automotive,87,"Vehicles; other than railway or tramway rolling stock, and parts and accessories thereof",378115928.316,2025,Export
GBR,United Kingdom,W00,World,automotive,87,"Vehicles; other than railway or tramway rolling stock, and parts and accessories thereof",120050713.205,2025,Export
GBR,United Kingdom,W00,World,automotive,87,"Vehicles; other than railway or tramway rolling stock, and parts and accessories thereof",188791805.737,2025,Export
GBR,United Kingdom,W00,World,automotive,87,"Vehicles; other than railway or tramway rolling stock, and parts and accessories thereof",16695696.827,2025,Export
GBR,United Kingdom,W00,World,automotive,87,"Vehicles; other than railway or tramway rolling stock, and parts and accessories thereof",348108162.688,2025,Export
GBR,United Kingdom,W00,World,automotive,87,"Vehicles; other than railway or tramway rolling stock, and parts and accessories thereof",521027671.249,2025,Export
GBR,United Kingdom,W00,World,automotive,87,"Vehicles; other than railway or tramway rolling stock, and parts and accessories thereof",224509476.249,2025,Export
GBR,United Kingdom,W00,World,automotive,87,"Vehicles; other than railway or tramway rolling stock, and parts and accessories thereof",31841958.733,2025,Export
GBR,United Kingdom,W00,World,automotive,87,"Vehicles; other than railway or tramway rolling stock, and parts and accessories thereof",447686.764,2025,Export
GBR,United Kingdom,W00,World,automotive,87,"Vehicles; other than railway or tramway rolling stock, and parts and accessories thereof",5337993.19,2025,Export
GBR,United Kingdom,W00,World,automotive,87,"Vehicles; other than railway or tramway rolling stock, and parts and accessories thereof",12453.113,2025,Export
GBR,United Kingdom,W00,World,automotive,87,"Vehicles; other than railway or tramway rolling stock, and parts and accessories thereof",9479.46,2025,Export
GBR,United Kingdom,W00,World,automotive,87,"Vehicles; other than railway or tramway rolling stock, and parts and accessories thereof",460514.705,2025,Export
GBR,United Kingdom,W00,World,automotive,87,"Vehicles; other than railway or tramway rolling stock, and parts and accessories thereof",1848946.945,2025,Export
GBR,United Kingdom,W00,World,automotive,87,"Vehicles; other than railway or tramway rolling stock, and parts and accessories thereof",17712.305,2025,Export
GBR,United Kingdom,W00,World,automotive,87,"Vehicles; other than railway or tramway rolling stock, and parts and accessories thereof",900936.471,2025,Export
GBR,United Kingdom,W00,World,automotive,87,"Vehicles; other than railway or tramway rolling stock, and parts and accessories thereof",41292203459.923,2025,Export
GBR,United Kingdom,W00,World,automotive,87,"Vehicles; other than railway or tramway rolling stock, and parts and accessories thereof",1003938172.445,2025,Export
GBR,United Kingdom,W00,World,automotive,87,"Vehicles; other than railway or tramway rolling stock, and parts and accessories thereof",1986292.868,2025,Export
GBR,United Kingdom,W00,World,automotive,87,"Vehicles; other than railway or tramway rolling stock, and parts and accessories thereof",1141833.746,2025,Export
GBR,United Kingdom,W00,World,automotive,87,"Vehicles; other than railway or tramway rolling stock, and parts and accessories thereof",1989253.963,2025,Export
GBR,United Kingdom,W00,World,automotive,87,"Vehicles; other than railway or tramway rolling stock, and parts and accessories thereof",132212.844,2025,Export
GBR,United Kingdom,W00,World,automotive,87,"Vehicles; other than railway or tramway rolling stock, and parts and accessories thereof",12292815.102,2025,Export
GBR,United Kingdom,W00,World,automotive,87,"Vehicles; other than railway or tramway rolling stock, and parts and accessories thereof",2278947.892,2025,Export
GBR,United Kingdom,W00,World,automotive,87,"Vehicles; other than railway or tramway rolling stock, and parts and accessories thereof",2328701402.336,2025,Export
GBR,United Kingdom,W00,World,automotive,87,"Vehicles; other than railway or tramway rolling stock, and parts and accessories thereof",187874562.548,2025,Export
GBR,United Kingdom,W00,World,automotive,87,"Vehicles; other than railway or tramway rolling stock, and parts and accessories thereof",14600.412,2025,Export
GBR,United Kingdom,W00,World,automotive,87,"Vehicles; other than railway or tramway rolling stock, and parts and accessories thereof",616779.908,2025,Export
GBR,United Kingdom,W00,World,automotive,87,"Vehicles; other than railway or tramway rolling stock, and parts and accessories thereof",3835005.451,2025,Export
GBR,United Kingdom,W00,World,automotive,87,"Vehicles; other than railway or tramway rolling stock, and parts and accessories thereof",72247.863,2025,Export
GBR,United Kingdom,X1,Bunkers,automotive,87,"Vehicles; other than railway or tramway rolling stock, and parts and accessories thereof",13825.751,2025,Export
GBR,United Kingdom,X1,Bunkers,automotive,87,"Vehicles; other than railway or tramway rolling stock, and parts and accessories thereof",13825.751,2025,Export
GBR,United Kingdom,YEM,Yemen,automotive,87,"Vehicles; other than railway or tramway rolling stock, and parts and accessories thereof",202.042,2025,Export
GBR,United Kingdom,YEM,Yemen,automotive,87,"Vehicles; other than railway or tramway rolling stock, and parts and accessories thereof",202.042,2025,Export
GBR,United Kingdom,ZAF,South Africa,automotive,87,"Vehicles; other than railway or tramway rolling stock, and parts and accessories thereof",14544.39,2025,Export
GBR,United Kingdom,ZAF,South Africa,automotive,87,"Vehicles; other than railway or tramway rolling stock, and parts and accessories thereof",195926977.556,2025,Export
GBR,United Kingdom,ZAF,South Africa,automotive,87,"Vehicles; other than railway or tramway rolling stock, and parts and accessories thereof",194740593.089,2025,Export
GBR,United Kingdom,ZAF,South Africa,automotive,87,"Vehicles; other than railway or tramway rolling stock, and parts and accessories thereof",1171840.076,2025,Export
GBR,United Kingdom,ZMB,Zambia,automotive,87,"Vehicles; other than railway or tramway rolling stock, and parts and accessories thereof",19493863.568,2025,Export
GBR,United Kingdom,ZMB,Zambia,automotive,87,"Vehicles; other than railway or tramway rolling stock, and parts and accessories thereof",19493863.568,2025,Export
GBR,United Kingdom,ZWE,Zimbabwe,automotive,87,"Vehicles; other than railway or tramway rolling stock, and parts and accessories thereof",34758287.345,2025,Export
GBR,United Kingdom,ZWE,Zimbabwe,automotive,87,"Vehicles; other than railway or tramway rolling stock, and parts and accessories thereof",34758287.345,2025,Export
GBR,United Kingdom,_X,"Areas, nes",automotive,87,"Vehicles; other than railway or tramway rolling stock, and parts and accessories thereof",35082595.194,2025,Export
GBR,United Kingdom,_X,"Areas, nes",automotive,87,"Vehicles; other than railway or tramway rolling stock, and parts and accessories thereof",222752.809,2025,Export
GBR,United Kingdom,_X,"Areas, nes",automotive,87,"Vehicles; other than railway or tramway rolling stock, and parts and accessories thereof",403377308.303,2025,Export
GBR,United Kingdom,_X,"Areas, nes",automotive,87,"Vehicles; other than railway or tramway rolling stock, and parts and accessories thereof",374293.727,2025,Export
GBR,United Kingdom,_X,"Areas, nes",automotive,87,"Vehicles; other than railway or tramway rolling stock, and parts and accessories thereof",459.687,2025,Export
GBR,United Kingdom,_X,"Areas, nes",automotive,87,"Vehicles; other than railway or tramway rolling stock, and parts and accessories thereof",3206042.101,2025,Export
GBR,United Kingdom,_X,"Areas, nes",automotive,87,"Vehicles; other than railway or tramway rolling stock, and parts and accessories thereof",328191.023,2025,Export
GBR,United Kingdom,_X,"Areas, nes",automotive,87,"Vehicles; other than railway or tramway rolling stock, and parts and accessories thereof",64257.302,2025,Export
GBR,United Kingdom,_X,"Areas, nes",automotive,87,"Vehicles; other than railway or tramway rolling stock, and parts and accessories thereof",47518.918,2025,Export
GBR,United Kingdom,_X,"Areas, nes",automotive,87,"Vehicles; other than railway or tramway rolling stock, and parts and accessories thereof",283330.023,2025,Export
GBR,United Kingdom,_X,"Areas, nes",automotive,87,"Vehicles; other than railway or tramway rolling stock, and parts and accessories thereof",257695056.365,2025,Export
GBR,United Kingdom,_X,"Areas, nes",automotive,87,"Vehicles; other than railway or tramway rolling stock, and parts and accessories thereof",7173283.615,2025,Export
GBR,United Kingdom,_X,"Areas, nes",automotive,87,"Vehicles; other than railway or tramway rolling stock, and parts and accessories thereof",991782.406,2025,Export
GBR,United Kingdom,_X,"Areas, nes",automotive,87,"Vehicles; other than railway or tramway rolling stock, and parts and accessories thereof",3589258.945,2025,Export
GBR,United Kingdom,_X,"Areas, nes",automotive,87,"Vehicles; other than railway or tramway rolling stock, and parts and accessories thereof",2671.364,2025,Export
GBR,United Kingdom,_X,"Areas, nes",automotive,87,"Vehicles; other than railway or tramway rolling stock, and parts and accessories thereof",9600.872,2025,Export
GBR,United Kingdom,_X,"Areas, nes",automotive,87,"Vehicles; other than railway or tramway rolling stock, and parts and accessories thereof",175811.956,2025,Export
GBR,United Kingdom,_X,"Areas, nes",automotive,87,"Vehicles; other than railway or tramway rolling stock, and parts and accessories thereof",714917.736,2025,Export
GBR,United Kingdom,_X,"Areas, nes",automotive,87,"Vehicles; other than railway or tramway rolling stock, and parts and accessories thereof",210467.031,2025,Export
GBR,United Kingdom,_X,"Areas, nes",automotive,87,"Vehicles; other than railway or tramway rolling stock, and parts and accessories thereof",123527.357,2025,Export
GBR,United Kingdom,_X,"Areas, nes",automotive,87,"Vehicles; other than railway or tramway rolling stock, and parts and accessories thereof",14808912.523,2025,Export
GBR,United Kingdom,_X,"Areas, nes",automotive,87,"Vehicles; other than railway or tramway rolling stock, and parts and accessories thereof",4254986.818,2025,Export
GBR,United Kingdom,_X,"Areas, nes",automotive,87,"Vehicles; other than railway or tramway rolling stock, and parts and accessories thereof",30823288.532,2025,Export
GBR,United Kingdom,_X,"Areas, nes",automotive,87,"Vehicles; other than railway or tramway rolling stock, and parts and accessories thereof",42080836.224,2025,Export
GBR,United Kingdom,_X,"Areas, nes",automotive,87,"Vehicles; other than railway or tramway rolling stock, and parts and accessories thereof",160267.881,2025,Export
GBR,United Kingdom,_X,"Areas, nes",automotive,87,"Vehicles; other than railway or tramway rolling stock, and parts and accessories thereof",953197.893,2025,Export
IDN,Indonesia,ABW,Aruba,automotive,87,"Vehicles; other than railway or tramway rolling stock, and parts and accessories thereof",5821453.705,2025,Export
IDN,Indonesia,AGO,Angola,automotive,87,"Vehicles; other than railway or tramway rolling stock, and parts and accessories thereof",1527557.33,2025,Export
IDN,Indonesia,AIA,Anguilla,automotive,87,"Vehicles; other than railway or tramway rolling stock, and parts and accessories thereof",425.97,2025,Export
IDN,Indonesia,ALB,Albania,automotive,87,"Vehicles; other than railway or tramway rolling stock, and parts and accessories thereof",67019.175,2025,Export
IDN,Indonesia,ARE,United Arab Emirates,automotive,87,"Vehicles; other than railway or tramway rolling stock, and parts and accessories thereof",363534747.967,2025,Export
IDN,Indonesia,ARG,Argentina,automotive,87,"Vehicles; other than railway or tramway rolling stock, and parts and accessories thereof",13330604.14,2025,Export
IDN,Indonesia,ATG,Antigua and Barbuda,automotive,87,"Vehicles; other than railway or tramway rolling stock, and parts and accessories thereof",1899594.321,2025,Export
IDN,Indonesia,AUS,Australia,automotive,87,"Vehicles; other than railway or tramway rolling stock, and parts and accessories thereof",143013619.197,2025,Export
IDN,Indonesia,AUT,Austria,automotive,87,"Vehicles; other than railway or tramway rolling stock, and parts and accessories thereof",2278515.883,2025,Export
IDN,Indonesia,BEL,Belgium,automotive,87,"Vehicles; other than railway or tramway rolling stock, and parts and accessories thereof",8692413.011,2025,Export
IDN,Indonesia,BEN,Benin,automotive,87,"Vehicles; other than railway or tramway rolling stock, and parts and accessories thereof",3771266.11,2025,Export
IDN,Indonesia,BFA,Burkina Faso,automotive,87,"Vehicles; other than railway or tramway rolling stock, and parts and accessories thereof",1286204.39,2025,Export
IDN,Indonesia,BGD,Bangladesh,automotive,87,"Vehicles; other than railway or tramway rolling stock, and parts and accessories thereof",19549759.397,2025,Export
IDN,Indonesia,BGR,Bulgaria,automotive,87,"Vehicles; other than railway or tramway rolling stock, and parts and accessories thereof",561473.596,2025,Export
IDN,Indonesia,BHR,Bahrain,automotive,87,"Vehicles; other than railway or tramway rolling stock, and parts and accessories thereof",15232120.14,2025,Export
IDN,Indonesia,BHS,Bahamas,automotive,87,"Vehicles; other than railway or tramway rolling stock, and parts and accessories thereof",5475677.643,2025,Export
IDN,Indonesia,BMU,Bermuda,automotive,87,"Vehicles; other than railway or tramway rolling stock, and parts and accessories thereof",3147454.364,2025,Export
IDN,Indonesia,BOL,Bolivia (Plurinational State of),automotive,87,"Vehicles; other than railway or tramway rolling stock, and parts and accessories thereof",1554361.74,2025,Export
IDN,Indonesia,BRA,Brazil,automotive,87,"Vehicles; other than railway or tramway rolling stock, and parts and accessories thereof",262553093.007,2025,Export
IDN,Indonesia,BRB,Barbados,automotive,87,"Vehicles; other than railway or tramway rolling stock, and parts and accessories thereof",4276229.074,2025,Export
IDN,Indonesia,BRN,Brunei Darussalam,automotive,87,"Vehicles; other than railway or tramway rolling stock, and parts and accessories thereof",62741519.012,2025,Export
IDN,Indonesia,BTN,Bhutan,automotive,87,"Vehicles; other than railway or tramway rolling stock, and parts and accessories thereof",9608.0,2025,Export
IDN,Indonesia,BWA,Botswana,automotive,87,"Vehicles; other than railway or tramway rolling stock, and parts and accessories thereof",63000.0,2025,Export
IDN,Indonesia,CAF,Central African Rep.,automotive,87,"Vehicles; other than railway or tramway rolling stock, and parts and accessories thereof",127005.0,2025,Export
IDN,Indonesia,CAN,Canada,automotive,87,"Vehicles; other than railway or tramway rolling stock, and parts and accessories thereof",73973133.62,2025,Export
IDN,Indonesia,CHE,Switzerland,automotive,87,"Vehicles; other than railway or tramway rolling stock, and parts and accessories thereof",4616457.98,2025,Export
IDN,Indonesia,CHL,Chile,automotive,87,"Vehicles; other than railway or tramway rolling stock, and parts and accessories thereof",165408592.769,2025,Export
IDN,Indonesia,CHN,China,automotive,87,"Vehicles; other than railway or tramway rolling stock, and parts and accessories thereof",75140704.325,2025,Export
IDN,Indonesia,CIV,Côte d'Ivoire,automotive,87,"Vehicles; other than railway or tramway rolling stock, and parts and accessories thereof",17904260.98,2025,Export
IDN,Indonesia,CMR,Cameroon,automotive,87,"Vehicles; other than railway or tramway rolling stock, and parts and accessories thereof",1109411.9,2025,Export
IDN,Indonesia,COD,Dem. Rep. of the Congo,automotive,87,"Vehicles; other than railway or tramway rolling stock, and parts and accessories thereof",1474971.7,2025,Export
IDN,Indonesia,COG,Congo,automotive,87,"Vehicles; other than railway or tramway rolling stock, and parts and accessories thereof",1428642.54,2025,Export
IDN,Indonesia,COK,Cook Isds,automotive,87,"Vehicles; other than railway or tramway rolling stock, and parts and accessories thereof",500422.0,2025,Export
IDN,Indonesia,COL,Colombia,automotive,87,"Vehicles; other than railway or tramway rolling stock, and parts and accessories thereof",106912848.434,2025,Export
IDN,Indonesia,CRI,Costa Rica,automotive,87,"Vehicles; other than railway or tramway rolling stock, and parts and accessories thereof",69864762.099,2025,Export
IDN,Indonesia,CUW,Curaçao,automotive,87,"Vehicles; other than railway or tramway rolling stock, and parts and accessories thereof",7276389.46,2025,Export
IDN,Indonesia,CYM,Cayman Isds,automotive,87,"Vehicles; other than railway or tramway rolling stock, and parts and accessories thereof",874976.68,2025,Export
IDN,Indonesia,CYP,Cyprus,automotive,87,"Vehicles; other than railway or tramway rolling stock, and parts and accessories thereof",488281.74,2025,Export
IDN,Indonesia,CZE,Czechia,automotive,87,"Vehicles; other than railway or tramway rolling stock, and parts and accessories thereof",161561.887,2025,Export
IDN,Indonesia,DEU,Germany,automotive,87,"Vehicles; other than railway or tramway rolling stock, and parts and accessories thereof",55809218.95,2025,Export
IDN,Indonesia,DJI,Djibouti,automotive,87,"Vehicles; other than railway or tramway rolling stock, and parts and accessories thereof",117944.82,2025,Export
IDN,Indonesia,DMA,Dominica,automotive,87,"Vehicles; other than railway or tramway rolling stock, and parts and accessories thereof",5065879.414,2025,Export
IDN,Indonesia,DNK,Denmark,automotive,87,"Vehicles; other than railway or tramway rolling stock, and parts and accessories thereof",10364712.6,2025,Export
IDN,Indonesia,DOM,Dominican Rep.,automotive,87,"Vehicles; other than railway or tramway rolling stock, and parts and accessories thereof",12193492.092,2025,Export
IDN,Indonesia,DZA,Algeria,automotive,87,"Vehicles; other than railway or tramway rolling stock, and parts and accessories thereof",57302.913,2025,Export
IDN,Indonesia,ECU,Ecuador,automotive,87,"Vehicles; other than railway or tramway rolling stock, and parts and accessories thereof",28062974.146,2025,Export
IDN,Indonesia,EGY,Egypt,automotive,87,"Vehicles; other than railway or tramway rolling stock, and parts and accessories thereof",28520497.398,2025,Export
IDN,Indonesia,ESP,Spain,automotive,87,"Vehicles; other than railway or tramway rolling stock, and parts and accessories thereof",37225038.199,2025,Export
IDN,Indonesia,EST,Estonia,automotive,87,"Vehicles; other than railway or tramway rolling stock, and parts and accessories thereof",669543.53,2025,Export
IDN,Indonesia,ETH,Ethiopia,automotive,87,"Vehicles; other than railway or tramway rolling stock, and parts and accessories thereof",66252.97,2025,Export
IDN,Indonesia,FIN,Finland,automotive,87,"Vehicles; other than railway or tramway rolling stock, and parts and accessories thereof",451326.58,2025,Export
IDN,Indonesia,FJI,Fiji,automotive,87,"Vehicles; other than railway or tramway rolling stock, and parts and accessories thereof",3576914.412,2025,Export
IDN,Indonesia,FRA,France,automotive,87,"Vehicles; other than railway or tramway rolling stock, and parts and accessories thereof",70907924.786,2025,Export
IDN,Indonesia,FSM,FS Micronesia,automotive,87,"Vehicles; other than railway or tramway rolling stock, and parts and accessories thereof",6752.11,2025,Export
IDN,Indonesia,GAB,Gabon,automotive,87,"Vehicles; other than railway or tramway rolling stock, and parts and accessories thereof",458590.0,2025,Export
IDN,Indonesia,GBR,United Kingdom,automotive,87,"Vehicles; other than railway or tramway rolling stock, and parts and accessories thereof",50829795.401,2025,Export
IDN,Indonesia,GHA,Ghana,automotive,87,"Vehicles; other than railway or tramway rolling stock, and parts and accessories thereof",6529291.01,2025,Export
IDN,Indonesia,GIN,Guinea,automotive,87,"Vehicles; other than railway or tramway rolling stock, and parts and accessories thereof",40327020.97,2025,Export
IDN,Indonesia,GMB,Gambia,automotive,87,"Vehicles; other than railway or tramway rolling stock, and parts and accessories thereof",1554058.0,2025,Export
IDN,Indonesia,GRC,Greece,automotive,87,"Vehicles; other than railway or tramway rolling stock, and parts and accessories thereof",10196953.489,2025,Export
IDN,Indonesia,GRD,Grenada,automotive,87,"Vehicles; other than railway or tramway rolling stock, and parts and accessories thereof",1142592.352,2025,Export
IDN,Indonesia,GTM,Guatemala,automotive,87,"Vehicles; other than railway or tramway rolling stock, and parts and accessories thereof",50527269.179,2025,Export
IDN,Indonesia,GUY,Guyana,automotive,87,"Vehicles; other than railway or tramway rolling stock, and parts and accessories thereof",667045.49,2025,Export
IDN,Indonesia,HKG,"China, Hong Kong SAR",automotive,87,"Vehicles; other than railway or tramway rolling stock, and parts and accessories thereof",4637080.822,2025,Export
IDN,Indonesia,HND,Honduras,automotive,87,"Vehicles; other than railway or tramway rolling stock, and parts and accessories thereof",11772899.073,2025,Export
IDN,Indonesia,HRV,Croatia,automotive,87,"Vehicles; other than railway or tramway rolling stock, and parts and accessories thereof",235771.1,2025,Export
IDN,Indonesia,HTI,Haiti,automotive,87,"Vehicles; other than railway or tramway rolling stock, and parts and accessories thereof",178456.4,2025,Export
IDN,Indonesia,HUN,Hungary,automotive,87,"Vehicles; other than railway or tramway rolling stock, and parts and accessories thereof",68141.71,2025,Export
IDN,Indonesia,IND,India,automotive,87,"Vehicles; other than railway or tramway rolling stock, and parts and accessories thereof",143848826.401,2025,Export
IDN,Indonesia,IRL,Ireland,automotive,87,"Vehicles; other than railway or tramway rolling stock, and parts and accessories thereof",8234.06,2025,Export
IDN,Indonesia,IRN,Iran,automotive,87,"Vehicles; other than railway or tramway rolling stock, and parts and accessories thereof",34138468.884,2025,Export
IDN,Indonesia,IRQ,Iraq,automotive,87,"Vehicles; other than railway or tramway rolling stock, and parts and accessories thereof",5253524.866,2025,Export
IDN,Indonesia,ISR,Israel,automotive,87,"Vehicles; other than railway or tramway rolling stock, and parts and accessories thereof",2279991.166,2025,Export
IDN,Indonesia,ITA,Italy,automotive,87,"Vehicles; other than railway or tramway rolling stock, and parts and accessories thereof",18955008.121,2025,Export
IDN,Indonesia,JAM,Jamaica,automotive,87,"Vehicles; other than railway or tramway rolling stock, and parts and accessories thereof",15623628.774,2025,Export
IDN,Indonesia,JOR,Jordan,automotive,87,"Vehicles; other than railway or tramway rolling stock, and parts and accessories thereof",3703592.76,2025,Export
IDN,Indonesia,JPN,Japan,automotive,87,"Vehicles; other than railway or tramway rolling stock, and parts and accessories thereof",683293173.023,2025,Export
IDN,Indonesia,KAZ,Kazakhstan,automotive,87,"Vehicles; other than railway or tramway rolling stock, and parts and accessories thereof",978294.17,2025,Export
IDN,Indonesia,KEN,Kenya,automotive,87,"Vehicles; other than railway or tramway rolling stock, and parts and accessories thereof",2028726.526,2025,Export
IDN,Indonesia,KHM,Cambodia,automotive,87,"Vehicles; other than railway or tramway rolling stock, and parts and accessories thereof",47253103.948,2025,Export
IDN,Indonesia,KIR,Kiribati,automotive,87,"Vehicles; other than railway or tramway rolling stock, and parts and accessories thereof",4977.306,2025,Export
IDN,Indonesia,KNA,Saint Kitts and Nevis,automotive,87,"Vehicles; other than railway or tramway rolling stock, and parts and accessories thereof",1537117.116,2025,Export
IDN,Indonesia,KOR,Rep. of Korea,automotive,87,"Vehicles; other than railway or tramway rolling stock, and parts and accessories thereof",35114307.15,2025,Export
IDN,Indonesia,KWT,Kuwait,automotive,87,"Vehicles; other than railway or tramway rolling stock, and parts and accessories thereof",69518401.878,2025,Export
IDN,Indonesia,LAO,Lao People's Dem. Rep.,automotive,87,"Vehicles; other than railway or tramway rolling stock, and parts and accessories thereof",5280691.604,2025,Export
IDN,Indonesia,LBN,Lebanon,automotive,87,"Vehicles; other than railway or tramway rolling stock, and parts and accessories thereof",31451944.247,2025,Export
IDN,Indonesia,LBR,Liberia,automotive,87,"Vehicles; other than railway or tramway rolling stock, and parts and accessories thereof",2194125.254,2025,Export
IDN,Indonesia,LBY,Libya,automotive,87,"Vehicles; other than railway or tramway rolling stock, and parts and accessories thereof",67715008.315,2025,Export
IDN,Indonesia,LCA,Saint Lucia,automotive,87,"Vehicles; other than railway or tramway rolling stock, and parts and accessories thereof",2748983.895,2025,Export
IDN,Indonesia,LKA,Sri Lanka,automotive,87,"Vehicles; other than railway or tramway rolling stock, and parts and accessories thereof",76552454.604,2025,Export
IDN,Indonesia,LTU,Lithuania,automotive,87,"Vehicles; other than railway or tramway rolling stock, and parts and accessories thereof",1000265.0,2025,Export
IDN,Indonesia,LUX,Luxembourg,automotive,87,"Vehicles; other than railway or tramway rolling stock, and parts and accessories thereof",34525.1,2025,Export
IDN,Indonesia,LVA,Latvia,automotive,87,"Vehicles; other than railway or tramway rolling stock, and parts and accessories thereof",41045.0,2025,Export
IDN,Indonesia,MAC,"China, Macao SAR",automotive,87,"Vehicles; other than railway or tramway rolling stock, and parts and accessories thereof",79.35,2025,Export
IDN,Indonesia,MAR,Morocco,automotive,87,"Vehicles; other than railway or tramway rolling stock, and parts and accessories thereof",761872.0,2025,Export
IDN,Indonesia,MDG,Madagascar,automotive,87,"Vehicles; other than railway or tramway rolling stock, and parts and accessories thereof",130550.872,2025,Export
IDN,Indonesia,MDV,Maldives,automotive,87,"Vehicles; other than railway or tramway rolling stock, and parts and accessories thereof",2166369.683,2025,Export
IDN,Indonesia,MEX,Mexico,automotive,87,"Vehicles; other than railway or tramway rolling stock, and parts and accessories thereof",772552559.485,2025,Export
IDN,Indonesia,MKD,North Macedonia,automotive,87,"Vehicles; other than railway or tramway rolling stock, and parts and accessories thereof",51833.92,2025,Export
IDN,Indonesia,MLI,Mali,automotive,87,"Vehicles; other than railway or tramway rolling stock, and parts and accessories thereof",14596601.43,2025,Export
IDN,Indonesia,MLT,Malta,automotive,87,"Vehicles; other than railway or tramway rolling stock, and parts and accessories thereof",391040.0,2025,Export
IDN,Indonesia,MMR,Myanmar,automotive,87,"Vehicles; other than railway or tramway rolling stock, and parts and accessories thereof",17147058.355,2025,Export
IDN,Indonesia,MNG,Mongolia,automotive,87,"Vehicles; other than railway or tramway rolling stock, and parts and accessories thereof",2824023.46,2025,Export
IDN,Indonesia,MOZ,Mozambique,automotive,87,"Vehicles; other than railway or tramway rolling stock, and parts and accessories thereof",786815.28,2025,Export
IDN,Indonesia,MRT,Mauritania,automotive,87,"Vehicles; other than railway or tramway rolling stock, and parts and accessories thereof",12000.0,2025,Export
IDN,Indonesia,MUS,Mauritius,automotive,87,"Vehicles; other than railway or tramway rolling stock, and parts and accessories thereof",4477983.325,2025,Export
IDN,Indonesia,MYS,Malaysia,automotive,87,"Vehicles; other than railway or tramway rolling stock, and parts and accessories thereof",672603471.414,2025,Export
IDN,Indonesia,NAM,Namibia,automotive,87,"Vehicles; other than railway or tramway rolling stock, and parts and accessories thereof",218697.0,2025,Export
IDN,Indonesia,NCL,New Caledonia,automotive,87,"Vehicles; other than railway or tramway rolling stock, and parts and accessories thereof",651694.0,2025,Export
IDN,Indonesia,NER,Niger,automotive,87,"Vehicles; other than railway or tramway rolling stock, and parts and accessories thereof",237465.0,2025,Export
IDN,Indonesia,NGA,Nigeria,automotive,87,"Vehicles; other than railway or tramway rolling stock, and parts and accessories thereof",25384429.08,2025,Export
IDN,Indonesia,NIC,Nicaragua,automotive,87,"Vehicles; other than railway or tramway rolling stock, and parts and accessories thereof",61165897.813,2025,Export
IDN,Indonesia,NLD,Netherlands,automotive,87,"Vehicles; other than railway or tramway rolling stock, and parts and accessories thereof",126523136.278,2025,Export
IDN,Indonesia,NOR,Norway,automotive,87,"Vehicles; other than railway or tramway rolling stock, and parts and accessories thereof",3214779.485,2025,Export
IDN,Indonesia,NPL,Nepal,automotive,87,"Vehicles; other than railway or tramway rolling stock, and parts and accessories thereof",834011.636,2025,Export
IDN,Indonesia,NRU,Nauru,automotive,87,"Vehicles; other than railway or tramway rolling stock, and parts and accessories thereof",76245.784,2025,Export
IDN,Indonesia,NZL,New Zealand,automotive,87,"Vehicles; other than railway or tramway rolling stock, and parts and accessories thereof",5498023.865,2025,Export
IDN,Indonesia,OMN,Oman,automotive,87,"Vehicles; other than railway or tramway rolling stock, and parts and accessories thereof",64200751.4,2025,Export
IDN,Indonesia,PAK,Pakistan,automotive,87,"Vehicles; other than railway or tramway rolling stock, and parts and accessories thereof",57444423.577,2025,Export
IDN,Indonesia,PAN,Panama,automotive,87,"Vehicles; other than railway or tramway rolling stock, and parts and accessories thereof",61892827.161,2025,Export
IDN,Indonesia,PER,Peru,automotive,87,"Vehicles; other than railway or tramway rolling stock, and parts and accessories thereof",217465477.62,2025,Export
IDN,Indonesia,PHL,Philippines,automotive,87,"Vehicles; other than railway or tramway rolling stock, and parts and accessories thereof",3017321037.228,2025,Export
IDN,Indonesia,PLW,Palau,automotive,87,"Vehicles; other than railway or tramway rolling stock, and parts and accessories thereof",496981.172,2025,Export
IDN,Indonesia,PNG,Papua New Guinea,automotive,87,"Vehicles; other than railway or tramway rolling stock, and parts and accessories thereof",15597667.154,2025,Export
IDN,Indonesia,POL,Poland,automotive,87,"Vehicles; other than railway or tramway rolling stock, and parts and accessories thereof",4653232.775,2025,Export
IDN,Indonesia,PRT,Portugal,automotive,87,"Vehicles; other than railway or tramway rolling stock, and parts and accessories thereof",2231950.685,2025,Export
IDN,Indonesia,PRY,Paraguay,automotive,87,"Vehicles; other than railway or tramway rolling stock, and parts and accessories thereof",17286165.513,2025,Export
IDN,Indonesia,PYF,French Polynesia,automotive,87,"Vehicles; other than railway or tramway rolling stock, and parts and accessories thereof",1283316.076,2025,Export
IDN,Indonesia,QAT,Qatar,automotive,87,"Vehicles; other than railway or tramway rolling stock, and parts and accessories thereof",67201684.235,2025,Export
IDN,Indonesia,ROU,Romania,automotive,87,"Vehicles; other than railway or tramway rolling stock, and parts and accessories thereof",3402632.74,2025,Export
IDN,Indonesia,RUS,Russian Federation,automotive,87,"Vehicles; other than railway or tramway rolling stock, and parts and accessories thereof",7739763.348,2025,Export
IDN,Indonesia,S19,"Other Asia, nes",automotive,87,"Vehicles; other than railway or tramway rolling stock, and parts and accessories thereof",126528490.014,2025,Export
IDN,Indonesia,SAU,Saudi Arabia,automotive,87,"Vehicles; other than railway or tramway rolling stock, and parts and accessories thereof",739311853.566,2025,Export
IDN,Indonesia,SDN,Sudan,automotive,87,"Vehicles; other than railway or tramway rolling stock, and parts and accessories thereof",500.0,2025,Export
IDN,Indonesia,SEN,Senegal,automotive,87,"Vehicles; other than railway or tramway rolling stock, and parts and accessories thereof",383559.355,2025,Export
IDN,Indonesia,SGP,Singapore,automotive,87,"Vehicles; other than railway or tramway rolling stock, and parts and accessories thereof",159525651.879,2025,Export
IDN,Indonesia,SLB,Solomon Isds,automotive,87,"Vehicles; other than railway or tramway rolling stock, and parts and accessories thereof",495158.81,2025,Export
IDN,Indonesia,SLE,Sierra Leone,automotive,87,"Vehicles; other than railway or tramway rolling stock, and parts and accessories thereof",1241134.71,2025,Export
IDN,Indonesia,SLV,El Salvador,automotive,87,"Vehicles; other than railway or tramway rolling stock, and parts and accessories thereof",17777574.499,2025,Export
IDN,Indonesia,SUR,Suriname,automotive,87,"Vehicles; other than railway or tramway rolling stock, and parts and accessories thereof",706101.86,2025,Export
IDN,Indonesia,SVK,Slovakia,automotive,87,"Vehicles; other than railway or tramway rolling stock, and parts and accessories thereof",126985.14,2025,Export
IDN,Indonesia,SVN,Slovenia,automotive,87,"Vehicles; other than railway or tramway rolling stock, and parts and accessories thereof",2409209.79,2025,Export
IDN,Indonesia,SWE,Sweden,automotive,87,"Vehicles; other than railway or tramway rolling stock, and parts and accessories thereof",5464444.534,2025,Export
IDN,Indonesia,SXM,Sint Maarten,automotive,87,"Vehicles; other than railway or tramway rolling stock, and parts and accessories thereof",1442038.98,2025,Export
IDN,Indonesia,SYC,Seychelles,automotive,87,"Vehicles; other than railway or tramway rolling stock, and parts and accessories thereof",2077.37,2025,Export
IDN,Indonesia,SYR,Syria,automotive,87,"Vehicles; other than railway or tramway rolling stock, and parts and accessories thereof",367891.0,2025,Export
IDN,Indonesia,TCA,Turks and Caicos Isds,automotive,87,"Vehicles; other than railway or tramway rolling stock, and parts and accessories thereof",221622.988,2025,Export
IDN,Indonesia,TGO,Togo,automotive,87,"Vehicles; other than railway or tramway rolling stock, and parts and accessories thereof",193867462.622,2025,Export
IDN,Indonesia,THA,Thailand,automotive,87,"Vehicles; other than railway or tramway rolling stock, and parts and accessories thereof",606713609.154,2025,Export
IDN,Indonesia,TKM,Turkmenistan,automotive,87,"Vehicles; other than railway or tramway rolling stock, and parts and accessories thereof",947125.42,2025,Export
IDN,Indonesia,TLS,Timor-Leste,automotive,87,"Vehicles; other than railway or tramway rolling stock, and parts and accessories thereof",82199585.569,2025,Export
IDN,Indonesia,TON,Tonga,automotive,87,"Vehicles; other than railway or tramway rolling stock, and parts and accessories thereof",11894.0,2025,Export
IDN,Indonesia,TTO,Trinidad and Tobago,automotive,87,"Vehicles; other than railway or tramway rolling stock, and parts and accessories thereof",9405672.758,2025,Export
IDN,Indonesia,TUN,Tunisia,automotive,87,"Vehicles; other than railway or tramway rolling stock, and parts and accessories thereof",1588451.704,2025,Export
IDN,Indonesia,TUR,Türkiye,automotive,87,"Vehicles; other than railway or tramway rolling stock, and parts and accessories thereof",7124152.049,2025,Export
IDN,Indonesia,TZA,United Rep. of Tanzania,automotive,87,"Vehicles; other than railway or tramway rolling stock, and parts and accessories thereof",4849474.685,2025,Export
IDN,Indonesia,UGA,Uganda,automotive,87,"Vehicles; other than railway or tramway rolling stock, and parts and accessories thereof",15500.0,2025,Export
IDN,Indonesia,UKR,Ukraine,automotive,87,"Vehicles; other than railway or tramway rolling stock, and parts and accessories thereof",513276.84,2025,Export
IDN,Indonesia,URY,Uruguay,automotive,87,"Vehicles; other than railway or tramway rolling stock, and parts and accessories thereof",659704.3,2025,Export
IDN,Indonesia,USA,USA,automotive,87,"Vehicles; other than railway or tramway rolling stock, and parts and accessories thereof",259317623.711,2025,Export
IDN,Indonesia,VCT,Saint Vincent and the Grenadines,automotive,87,"Vehicles; other than railway or tramway rolling stock, and parts and accessories thereof",287532.254,2025,Export
IDN,Indonesia,VEN,Venezuela,automotive,87,"Vehicles; other than railway or tramway rolling stock, and parts and accessories thereof",57210641.52,2025,Export
IDN,Indonesia,VGB,Br. Virgin Isds,automotive,87,"Vehicles; other than railway or tramway rolling stock, and parts and accessories thereof",15126.871,2025,Export
IDN,Indonesia,VNM,Viet Nam,automotive,87,"Vehicles; other than railway or tramway rolling stock, and parts and accessories thereof",1474609815.839,2025,Export
IDN,Indonesia,VUT,Vanuatu,automotive,87,"Vehicles; other than railway or tramway rolling stock, and parts and accessories thereof",462009.491,2025,Export
IDN,Indonesia,W00,World,automotive,87,"Vehicles; other than railway or tramway rolling stock, and parts and accessories thereof",12177079958.978,2025,Export
IDN,Indonesia,WSM,Samoa,automotive,87,"Vehicles; other than railway or tramway rolling stock, and parts and accessories thereof",543378.22,2025,Export
IDN,Indonesia,YEM,Yemen,automotive,87,"Vehicles; other than railway or tramway rolling stock, and parts and accessories thereof",1365172.218,2025,Export
IDN,Indonesia,ZAF,South Africa,automotive,87,"Vehicles; other than railway or tramway rolling stock, and parts and accessories thereof",37886459.146,2025,Export
IDN,Indonesia,ZMB,Zambia,automotive,87,"Vehicles; other than railway or tramway rolling stock, and parts and accessories thereof",108686.96,2025,Export
IDN,Indonesia,ZWE,Zimbabwe,automotive,87,"Vehicles; other than railway or tramway rolling stock, and parts and accessories thereof",28302.58,2025,Export
IDN,Indonesia,_X,"Areas, nes",automotive,87,"Vehicles; other than railway or tramway rolling stock, and parts and accessories thereof",391158.0,2025,Export
ITA,Italy,ABW,Aruba,automotive,87,"Vehicles; other than railway or tramway rolling stock, and parts and accessories thereof",7344.89,2025,Export
ITA,Italy,AFG,Afghanistan,automotive,87,"Vehicles; other than railway or tramway rolling stock, and parts and accessories thereof",1204388.01,2025,Export
ITA,Italy,AGO,Angola,automotive,87,"Vehicles; other than railway or tramway rolling stock, and parts and accessories thereof",4313827.025,2025,Export
ITA,Italy,ALB,Albania,automotive,87,"Vehicles; other than railway or tramway rolling stock, and parts and accessories thereof",78295544.629,2025,Export
ITA,Italy,AND,Andorra,automotive,87,"Vehicles; other than railway or tramway rolling stock, and parts and accessories thereof",3418092.78,2025,Export
ITA,Italy,ARE,United Arab Emirates,automotive,87,"Vehicles; other than railway or tramway rolling stock, and parts and accessories thereof",439797698.954,2025,Export
ITA,Italy,ARG,Argentina,automotive,87,"Vehicles; other than railway or tramway rolling stock, and parts and accessories thereof",89717354.985,2025,Export
ITA,Italy,ARM,Armenia,automotive,87,"Vehicles; other than railway or tramway rolling stock, and parts and accessories thereof",7631015.701,2025,Export
ITA,Italy,AUS,Australia,automotive,87,"Vehicles; other than railway or tramway rolling stock, and parts and accessories thereof",425222078.511,2025,Export
ITA,Italy,AUT,Austria,automotive,87,"Vehicles; other than railway or tramway rolling stock, and parts and accessories thereof",1239981204.125,2025,Export
ITA,Italy,AZE,Azerbaijan,automotive,87,"Vehicles; other than railway or tramway rolling stock, and parts and accessories thereof",50369989.461,2025,Export
ITA,Italy,BDI,Burundi,automotive,87,"Vehicles; other than railway or tramway rolling stock, and parts and accessories thereof",26096.961,2025,Export
ITA,Italy,BEL,Belgium,automotive,87,"Vehicles; other than railway or tramway rolling stock, and parts and accessories thereof",1452266340.989,2025,Export
ITA,Italy,BEN,Benin,automotive,87,"Vehicles; other than railway or tramway rolling stock, and parts and accessories thereof",472397.362,2025,Export
ITA,Italy,BFA,Burkina Faso,automotive,87,"Vehicles; other than railway or tramway rolling stock, and parts and accessories thereof",3294552.853,2025,Export
ITA,Italy,BGD,Bangladesh,automotive,87,"Vehicles; other than railway or tramway rolling stock, and parts and accessories thereof",4067563.02,2025,Export
ITA,Italy,BGR,Bulgaria,automotive,87,"Vehicles; other than railway or tramway rolling stock, and parts and accessories thereof",336045036.264,2025,Export
ITA,Italy,BHR,Bahrain,automotive,87,"Vehicles; other than railway or tramway rolling stock, and parts and accessories thereof",37465500.643,2025,Export
ITA,Italy,BHS,Bahamas,automotive,87,"Vehicles; other than railway or tramway rolling stock, and parts and accessories thereof",14802.779,2025,Export
ITA,Italy,BIH,Bosnia Herzegovina,automotive,87,"Vehicles; other than railway or tramway rolling stock, and parts and accessories thereof",36828148.185,2025,Export
ITA,Italy,BLR,Belarus,automotive,87,"Vehicles; other than railway or tramway rolling stock, and parts and accessories thereof",9314474.753,2025,Export
ITA,Italy,BMU,Bermuda,automotive,87,"Vehicles; other than railway or tramway rolling stock, and parts and accessories thereof",1089873.258,2025,Export
ITA,Italy,BOL,Bolivia (Plurinational State of),automotive,87,"Vehicles; other than railway or tramway rolling stock, and parts and accessories thereof",3108815.265,2025,Export
ITA,Italy,BRA,Brazil,automotive,87,"Vehicles; other than railway or tramway rolling stock, and parts and accessories thereof",607287793.19,2025,Export
ITA,Italy,BRB,Barbados,automotive,87,"Vehicles; other than railway or tramway rolling stock, and parts and accessories thereof",571811.018,2025,Export
ITA,Italy,BRN,Brunei Darussalam,automotive,87,"Vehicles; other than railway or tramway rolling stock, and parts and accessories thereof",107175.511,2025,Export
ITA,Italy,BTN,Bhutan,automotive,87,"Vehicles; other than railway or tramway rolling stock, and parts and accessories thereof",1152582.803,2025,Export
ITA,Italy,BWA,Botswana,automotive,87,"Vehicles; other than railway or tramway rolling stock, and parts and accessories thereof",203574.373,2025,Export
ITA,Italy,CAF,Central African Rep.,automotive,87,"Vehicles; other than railway or tramway rolling stock, and parts and accessories thereof",154099.191,2025,Export
ITA,Italy,CAN,Canada,automotive,87,"Vehicles; other than railway or tramway rolling stock, and parts and accessories thereof",340159110.52,2025,Export
ITA,Italy,CHE,Switzerland,automotive,87,"Vehicles; other than railway or tramway rolling stock, and parts and accessories thereof",1135529221.515,2025,Export
ITA,Italy,CHL,Chile,automotive,87,"Vehicles; other than railway or tramway rolling stock, and parts and accessories thereof",73271253.801,2025,Export
ITA,Italy,CHN,China,automotive,87,"Vehicles; other than railway or tramway rolling stock, and parts and accessories thereof",515624371.647,2025,Export
ITA,Italy,CIV,Côte d'Ivoire,automotive,87,"Vehicles; other than railway or tramway rolling stock, and parts and accessories thereof",19451238.236,2025,Export
ITA,Italy,CMR,Cameroon,automotive,87,"Vehicles; other than railway or tramway rolling stock, and parts and accessories thereof",2308844.831,2025,Export
ITA,Italy,COD,Dem. Rep. of the Congo,automotive,87,"Vehicles; other than railway or tramway rolling stock, and parts and accessories thereof",1180001.844,2025,Export
ITA,Italy,COG,Congo,automotive,87,"Vehicles; other than railway or tramway rolling stock, and parts and accessories thereof",4035070.354,2025,Export
ITA,Italy,COL,Colombia,automotive,87,"Vehicles; other than railway or tramway rolling stock, and parts and accessories thereof",28793304.917,2025,Export
ITA,Italy,CPV,Cabo Verde,automotive,87,"Vehicles; other than railway or tramway rolling stock, and parts and accessories thereof",148926.128,2025,Export
ITA,Italy,CRI,Costa Rica,automotive,87,"Vehicles; other than railway or tramway rolling stock, and parts and accessories thereof",11020250.972,2025,Export
ITA,Italy,CUB,Cuba,automotive,87,"Vehicles; other than railway or tramway rolling stock, and parts and accessories thereof",720826.415,2025,Export
ITA,Italy,CYM,Cayman Isds,automotive,87,"Vehicles; other than railway or tramway rolling stock, and parts and accessories thereof",32779.681,2025,Export
ITA,Italy,CYP,Cyprus,automotive,87,"Vehicles; other than railway or tramway rolling stock, and parts and accessories thereof",35120629.69,2025,Export
ITA,Italy,CZE,Czechia,automotive,87,"Vehicles; other than railway or tramway rolling stock, and parts and accessories thereof",873423608.286,2025,Export
ITA,Italy,DEU,Germany,automotive,87,"Vehicles; other than railway or tramway rolling stock, and parts and accessories thereof",8676185965.243,2025,Export
ITA,Italy,DJI,Djibouti,automotive,87,"Vehicles; other than railway or tramway rolling stock, and parts and accessories thereof",1584223.932,2025,Export
ITA,Italy,DNK,Denmark,automotive,87,"Vehicles; other than railway or tramway rolling stock, and parts and accessories thereof",363356208.966,2025,Export
ITA,Italy,DOM,Dominican Rep.,automotive,87,"Vehicles; other than railway or tramway rolling stock, and parts and accessories thereof",8358463.817,2025,Export
ITA,Italy,DZA,Algeria,automotive,87,"Vehicles; other than railway or tramway rolling stock, and parts and accessories thereof",176243824.923,2025,Export
ITA,Italy,E19,"Other Europe, nes",automotive,87,"Vehicles; other than railway or tramway rolling stock, and parts and accessories thereof",157.068,2025,Export
ITA,Italy,ECU,Ecuador,automotive,87,"Vehicles; other than railway or tramway rolling stock, and parts and accessories thereof",11043023.522,2025,Export
ITA,Italy,EGY,Egypt,automotive,87,"Vehicles; other than railway or tramway rolling stock, and parts and accessories thereof",95027096.041,2025,Export
ITA,Italy,ERI,Eritrea,automotive,87,"Vehicles; other than railway or tramway rolling stock, and parts and accessories thereof",1398573.352,2025,Export
ITA,Italy,ESP,Spain,automotive,87,"Vehicles; other than railway or tramway rolling stock, and parts and accessories thereof",3092839125.747,2025,Export
ITA,Italy,EST,Estonia,automotive,87,"Vehicles; other than railway or tramway rolling stock, and parts and accessories thereof",56375289.378,2025,Export
ITA,Italy,ETH,Ethiopia,automotive,87,"Vehicles; other than railway or tramway rolling stock, and parts and accessories thereof",17587649.702,2025,Export
ITA,Italy,F19,"Other Africa, nes",automotive,87,"Vehicles; other than railway or tramway rolling stock, and parts and accessories thereof",894441.544,2025,Export
ITA,Italy,FIN,Finland,automotive,87,"Vehicles; other than railway or tramway rolling stock, and parts and accessories thereof",170626741.121,2025,Export
ITA,Italy,FJI,Fiji,automotive,87,"Vehicles; other than railway or tramway rolling stock, and parts and accessories thereof",1379.709,2025,Export
ITA,Italy,FRA,France,automotive,87,"Vehicles; other than railway or tramway rolling stock, and parts and accessories thereof",6042459581.389,2025,Export
ITA,Italy,FRO,Faroe Isds,automotive,87,"Vehicles; other than railway or tramway rolling stock, and parts and accessories thereof",67319.876,2025,Export
ITA,Italy,GAB,Gabon,automotive,87,"Vehicles; other than railway or tramway rolling stock, and parts and accessories thereof",1355424.946,2025,Export
ITA,Italy,GBR,United Kingdom,automotive,87,"Vehicles; other than railway or tramway rolling stock, and parts and accessories thereof",2384406593.325,2025,Export
ITA,Italy,GEO,Georgia,automotive,87,"Vehicles; other than railway or tramway rolling stock, and parts and accessories thereof",33698290.532,2025,Export
ITA,Italy,GHA,Ghana,automotive,87,"Vehicles; other than railway or tramway rolling stock, and parts and accessories thereof",5534450.633,2025,Export
ITA,Italy,GIB,Gibraltar,automotive,87,"Vehicles; other than railway or tramway rolling stock, and parts and accessories thereof",14050219.403,2025,Export
ITA,Italy,GIN,Guinea,automotive,87,"Vehicles; other than railway or tramway rolling stock, and parts and accessories thereof",2250085.707,2025,Export
ITA,Italy,GMB,Gambia,automotive,87,"Vehicles; other than railway or tramway rolling stock, and parts and accessories thereof",444003.145,2025,Export
ITA,Italy,GNB,Guinea-Bissau,automotive,87,"Vehicles; other than railway or tramway rolling stock, and parts and accessories thereof",44806.091,2025,Export
ITA,Italy,GNQ,Equatorial Guinea,automotive,87,"Vehicles; other than railway or tramway rolling stock, and parts and accessories thereof",245812.012,2025,Export
ITA,Italy,GRC,Greece,automotive,87,"Vehicles; other than railway or tramway rolling stock, and parts and accessories thereof",403012307.354,2025,Export
ITA,Italy,GRD,Grenada,automotive,87,"Vehicles; other than railway or tramway rolling stock, and parts and accessories thereof",158927.609,2025,Export
ITA,Italy,GRL,Greenland,automotive,87,"Vehicles; other than railway or tramway rolling stock, and parts and accessories thereof",1163.883,2025,Export
ITA,Italy,GTM,Guatemala,automotive,87,"Vehicles; other than railway or tramway rolling stock, and parts and accessories thereof",3815609.549,2025,Export
ITA,Italy,GUM,Guam,automotive,87,"Vehicles; other than railway or tramway rolling stock, and parts and accessories thereof",4519.933,2025,Export
ITA,Italy,GUY,Guyana,automotive,87,"Vehicles; other than railway or tramway rolling stock, and parts and accessories thereof",983907.96,2025,Export
ITA,Italy,HKG,"China, Hong Kong SAR",automotive,87,"Vehicles; other than railway or tramway rolling stock, and parts and accessories thereof",123296876.38,2025,Export
ITA,Italy,HND,Honduras,automotive,87,"Vehicles; other than railway or tramway rolling stock, and parts and accessories thereof",450367.21,2025,Export
ITA,Italy,HRV,Croatia,automotive,87,"Vehicles; other than railway or tramway rolling stock, and parts and accessories thereof",219485875.324,2025,Export
ITA,Italy,HTI,Haiti,automotive,87,"Vehicles; other than railway or tramway rolling stock, and parts and accessories thereof",41856.835,2025,Export
ITA,Italy,HUN,Hungary,automotive,87,"Vehicles; other than railway or tramway rolling stock, and parts and accessories thereof",501267864.664,2025,Export
ITA,Italy,IDN,Indonesia,automotive,87,"Vehicles; other than railway or tramway rolling stock, and parts and accessories thereof",28625782.318,2025,Export
ITA,Italy,IND,India,automotive,87,"Vehicles; other than railway or tramway rolling stock, and parts and accessories thereof",150527463.203,2025,Export
ITA,Italy,IRL,Ireland,automotive,87,"Vehicles; other than railway or tramway rolling stock, and parts and accessories thereof",80442307.604,2025,Export
ITA,Italy,IRN,Iran,automotive,87,"Vehicles; other than railway or tramway rolling stock, and parts and accessories thereof",1591232.088,2025,Export
ITA,Italy,IRQ,Iraq,automotive,87,"Vehicles; other than railway or tramway rolling stock, and parts and accessories thereof",17348906.864,2025,Export
ITA,Italy,ISL,Iceland,automotive,87,"Vehicles; other than railway or tramway rolling stock, and parts and accessories thereof",4682371.026,2025,Export
ITA,Italy,ISR,Israel,automotive,87,"Vehicles; other than railway or tramway rolling stock, and parts and accessories thereof",177227504.152,2025,Export
ITA,Italy,JAM,Jamaica,automotive,87,"Vehicles; other than railway or tramway rolling stock, and parts and accessories thereof",22238.068,2025,Export
ITA,Italy,JOR,Jordan,automotive,87,"Vehicles; other than railway or tramway rolling stock, and parts and accessories thereof",11158773.672,2025,Export
ITA,Italy,JPN,Japan,automotive,87,"Vehicles; other than railway or tramway rolling stock, and parts and accessories thereof",1205004855.203,2025,Export
ITA,Italy,KAZ,Kazakhstan,automotive,87,"Vehicles; other than railway or tramway rolling stock, and parts and accessories thereof",29877479.885,2025,Export
ITA,Italy,KEN,Kenya,automotive,87,"Vehicles; other than railway or tramway rolling stock, and parts and accessories thereof",1384670.04,2025,Export
ITA,Italy,KGZ,Kyrgyzstan,automotive,87,"Vehicles; other than railway or tramway rolling stock, and parts and accessories thereof",22011648.502,2025,Export
ITA,Italy,KHM,Cambodia,automotive,87,"Vehicles; other than railway or tramway rolling stock, and parts and accessories thereof",6781628.844,2025,Export
ITA,Italy,KOR,Rep. of Korea,automotive,87,"Vehicles; other than railway or tramway rolling stock, and parts and accessories thereof",294720685.007,2025,Export
ITA,Italy,KWT,Kuwait,automotive,87,"Vehicles; other than railway or tramway rolling stock, and parts and accessories thereof",53616825.386,2025,Export
ITA,Italy,LAO,Lao People's Dem. Rep.,automotive,87,"Vehicles; other than railway or tramway rolling stock, and parts and accessories thereof",124672.17,2025,Export
ITA,Italy,LBN,Lebanon,automotive,87,"Vehicles; other than railway or tramway rolling stock, and parts and accessories thereof",23414277.815,2025,Export
ITA,Italy,LBR,Liberia,automotive,87,"Vehicles; other than railway or tramway rolling stock, and parts and accessories thereof",65344.665,2025,Export
ITA,Italy,LBY,Libya,automotive,87,"Vehicles; other than railway or tramway rolling stock, and parts and accessories thereof",75414950.884,2025,Export
ITA,Italy,LCA,Saint Lucia,automotive,87,"Vehicles; other than railway or tramway rolling stock, and parts and accessories thereof",16738.44,2025,Export
ITA,Italy,LKA,Sri Lanka,automotive,87,"Vehicles; other than railway or tramway rolling stock, and parts and accessories thereof",255069.964,2025,Export
ITA,Italy,LSO,Lesotho,automotive,87,"Vehicles; other than railway or tramway rolling stock, and parts and accessories thereof",3687.135,2025,Export
ITA,Italy,LTU,Lithuania,automotive,87,"Vehicles; other than railway or tramway rolling stock, and parts and accessories thereof",124592411.089,2025,Export
ITA,Italy,LUX,Luxembourg,automotive,87,"Vehicles; other than railway or tramway rolling stock, and parts and accessories thereof",69308983.74,2025,Export
ITA,Italy,LVA,Latvia,automotive,87,"Vehicles; other than railway or tramway rolling stock, and parts and accessories thereof",54102413.041,2025,Export
ITA,Italy,MAC,"China, Macao SAR",automotive,87,"Vehicles; other than railway or tramway rolling stock, and parts and accessories thereof",6915297.94,2025,Export
ITA,Italy,MAR,Morocco,automotive,87,"Vehicles; other than railway or tramway rolling stock, and parts and accessories thereof",178847352.644,2025,Export
ITA,Italy,MDA,Rep. of Moldova,automotive,87,"Vehicles; other than railway or tramway rolling stock, and parts and accessories thereof",36655967.399,2025,Export
ITA,Italy,MDG,Madagascar,automotive,87,"Vehicles; other than railway or tramway rolling stock, and parts and accessories thereof",981860.43,2025,Export
ITA,Italy,MDV,Maldives,automotive,87,"Vehicles; other than railway or tramway rolling stock, and parts and accessories thereof",326974.181,2025,Export
ITA,Italy,MEX,Mexico,automotive,87,"Vehicles; other than railway or tramway rolling stock, and parts and accessories thereof",618979163.194,2025,Export
ITA,Italy,MKD,North Macedonia,automotive,87,"Vehicles; other than railway or tramway rolling stock, and parts and accessories thereof",30305352.284,2025,Export
ITA,Italy,MLI,Mali,automotive,87,"Vehicles; other than railway or tramway rolling stock, and parts and accessories thereof",888202.908,2025,Export
ITA,Italy,MLT,Malta,automotive,87,"Vehicles; other than railway or tramway rolling stock, and parts and accessories thereof",37553937.644,2025,Export
ITA,Italy,MMR,Myanmar,automotive,87,"Vehicles; other than railway or tramway rolling stock, and parts and accessories thereof",7422.859,2025,Export
ITA,Italy,MNE,Montenegro,automotive,87,"Vehicles; other than railway or tramway rolling stock, and parts and accessories thereof",8310405.069,2025,Export
ITA,Italy,MNG,Mongolia,automotive,87,"Vehicles; other than railway or tramway rolling stock, and parts and accessories thereof",3993034.982,2025,Export
ITA,Italy,MNP,N. Mariana Isds,automotive,87,"Vehicles; other than railway or tramway rolling stock, and parts and accessories thereof",3024.965,2025,Export
ITA,Italy,MOZ,Mozambique,automotive,87,"Vehicles; other than railway or tramway rolling stock, and parts and accessories thereof",305689.819,2025,Export
ITA,Italy,MRT,Mauritania,automotive,87,"Vehicles; other than railway or tramway rolling stock, and parts and accessories thereof",1783583.468,2025,Export
ITA,Italy,MUS,Mauritius,automotive,87,"Vehicles; other than railway or tramway rolling stock, and parts and accessories thereof",1443117.288,2025,Export
ITA,Italy,MWI,Malawi,automotive,87,"Vehicles; other than railway or tramway rolling stock, and parts and accessories thereof",124495.892,2025,Export
ITA,Italy,MYS,Malaysia,automotive,87,"Vehicles; other than railway or tramway rolling stock, and parts and accessories thereof",60174517.562,2025,Export
ITA,Italy,NAM,Namibia,automotive,87,"Vehicles; other than railway or tramway rolling stock, and parts and accessories thereof",340288.773,2025,Export
ITA,Italy,NCL,New Caledonia,automotive,87,"Vehicles; other than railway or tramway rolling stock, and parts and accessories thereof",1614639.689,2025,Export
ITA,Italy,NER,Niger,automotive,87,"Vehicles; other than railway or tramway rolling stock, and parts and accessories thereof",56077.673,2025,Export
ITA,Italy,NGA,Nigeria,automotive,87,"Vehicles; other than railway or tramway rolling stock, and parts and accessories thereof",15506241.098,2025,Export
ITA,Italy,NIC,Nicaragua,automotive,87,"Vehicles; other than railway or tramway rolling stock, and parts and accessories thereof",1465589.263,2025,Export
ITA,Italy,NLD,Netherlands,automotive,87,"Vehicles; other than railway or tramway rolling stock, and parts and accessories thereof",882023150.616,2025,Export
ITA,Italy,NOR,Norway,automotive,87,"Vehicles; other than railway or tramway rolling stock, and parts and accessories thereof",132572796.605,2025,Export
ITA,Italy,NPL,Nepal,automotive,87,"Vehicles; other than railway or tramway rolling stock, and parts and accessories thereof",3954.941,2025,Export
ITA,Italy,NZL,New Zealand,automotive,87,"Vehicles; other than railway or tramway rolling stock, and parts and accessories thereof",68720773.276,2025,Export
ITA,Italy,OMN,Oman,automotive,87,"Vehicles; other than railway or tramway rolling stock, and parts and accessories thereof",38583336.464,2025,Export
ITA,Italy,PAK,Pakistan,automotive,87,"Vehicles; other than railway or tramway rolling stock, and parts and accessories thereof",3137308.92,2025,Export
ITA,Italy,PAN,Panama,automotive,87,"Vehicles; other than railway or tramway rolling stock, and parts and accessories thereof",5684916.928,2025,Export
ITA,Italy,PER,Peru,automotive,87,"Vehicles; other than railway or tramway rolling stock, and parts and accessories thereof",43853136.006,2025,Export
ITA,Italy,PHL,Philippines,automotive,87,"Vehicles; other than railway or tramway rolling stock, and parts and accessories thereof",24478840.582,2025,Export
ITA,Italy,PNG,Papua New Guinea,automotive,87,"Vehicles; other than railway or tramway rolling stock, and parts and accessories thereof",2556989.128,2025,Export
ITA,Italy,POL,Poland,automotive,87,"Vehicles; other than railway or tramway rolling stock, and parts and accessories thereof",2150392414.935,2025,Export
ITA,Italy,PRT,Portugal,automotive,87,"Vehicles; other than railway or tramway rolling stock, and parts and accessories thereof",400333153.489,2025,Export
ITA,Italy,PRY,Paraguay,automotive,87,"Vehicles; other than railway or tramway rolling stock, and parts and accessories thereof",4179238.123,2025,Export
ITA,Italy,PSE,State of Palestine,automotive,87,"Vehicles; other than railway or tramway rolling stock, and parts and accessories thereof",2026248.477,2025,Export
ITA,Italy,PYF,French Polynesia,automotive,87,"Vehicles; other than railway or tramway rolling stock, and parts and accessories thereof",4549594.617,2025,Export
ITA,Italy,QAT,Qatar,automotive,87,"Vehicles; other than railway or tramway rolling stock, and parts and accessories thereof",68791726.048,2025,Export
ITA,Italy,ROU,Romania,automotive,87,"Vehicles; other than railway or tramway rolling stock, and parts and accessories thereof",970089522.265,2025,Export
ITA,Italy,RUS,Russian Federation,automotive,87,"Vehicles; other than railway or tramway rolling stock, and parts and accessories thereof",17306347.179,2025,Export
ITA,Italy,RWA,Rwanda,automotive,87,"Vehicles; other than railway or tramway rolling stock, and parts and accessories thereof",77348.476,2025,Export
ITA,Italy,S19,"Other Asia, nes",automotive,87,"Vehicles; other than railway or tramway rolling stock, and parts and accessories thereof",211118718.547,2025,Export
ITA,Italy,SAU,Saudi Arabia,automotive,87,"Vehicles; other than railway or tramway rolling stock, and parts and accessories thereof",207502138.115,2025,Export
ITA,Italy,SDN,Sudan,automotive,87,"Vehicles; other than railway or tramway rolling stock, and parts and accessories thereof",151191.744,2025,Export
ITA,Italy,SEN,Senegal,automotive,87,"Vehicles; other than railway or tramway rolling stock, and parts and accessories thereof",9705825.203,2025,Export
ITA,Italy,SGP,Singapore,automotive,87,"Vehicles; other than railway or tramway rolling stock, and parts and accessories thereof",76899760.741,2025,Export
ITA,Italy,SLE,Sierra Leone,automotive,87,"Vehicles; other than railway or tramway rolling stock, and parts and accessories thereof",436807.413,2025,Export
ITA,Italy,SLV,El Salvador,automotive,87,"Vehicles; other than railway or tramway rolling stock, and parts and accessories thereof",366928.125,2025,Export
ITA,Italy,SOM,Somalia,automotive,87,"Vehicles; other than railway or tramway rolling stock, and parts and accessories thereof",1317834.927,2025,Export
ITA,Italy,SRB,Serbia,automotive,87,"Vehicles; other than railway or tramway rolling stock, and parts and accessories thereof",248839358.705,2025,Export
ITA,Italy,STP,Sao Tome and Principe,automotive,87,"Vehicles; other than railway or tramway rolling stock, and parts and accessories thereof",22278.748,2025,Export
ITA,Italy,SUR,Suriname,automotive,87,"Vehicles; other than railway or tramway rolling stock, and parts and accessories thereof",134056.68,2025,Export
ITA,Italy,SVK,Slovakia,automotive,87,"Vehicles; other than railway or tramway rolling stock, and parts and accessories thereof",737323656.816,2025,Export
ITA,Italy,SVN,Slovenia,automotive,87,"Vehicles; other than railway or tramway rolling stock, and parts and accessories thereof",380991889.731,2025,Export
ITA,Italy,SWE,Sweden,automotive,87,"Vehicles; other than railway or tramway rolling stock, and parts and accessories thereof",549103308.722,2025,Export
ITA,Italy,SYC,Seychelles,automotive,87,"Vehicles; other than railway or tramway rolling stock, and parts and accessories thereof",659672.857,2025,Export
ITA,Italy,SYR,Syria,automotive,87,"Vehicles; other than railway or tramway rolling stock, and parts and accessories thereof",935441.853,2025,Export
ITA,Italy,TCD,Chad,automotive,87,"Vehicles; other than railway or tramway rolling stock, and parts and accessories thereof",965671.162,2025,Export
ITA,Italy,TGO,Togo,automotive,87,"Vehicles; other than railway or tramway rolling stock, and parts and accessories thereof",2083888.917,2025,Export
ITA,Italy,THA,Thailand,automotive,87,"Vehicles; other than railway or tramway rolling stock, and parts and accessories thereof",115301827.57,2025,Export
ITA,Italy,TJK,Tajikistan,automotive,87,"Vehicles; other than railway or tramway rolling stock, and parts and accessories thereof",4406531.972,2025,Export
ITA,Italy,TKM,Turkmenistan,automotive,87,"Vehicles; other than railway or tramway rolling stock, and parts and accessories thereof",254910.637,2025,Export
ITA,Italy,TTO,Trinidad and Tobago,automotive,87,"Vehicles; other than railway or tramway rolling stock, and parts and accessories thereof",138504.293,2025,Export
ITA,Italy,TUN,Tunisia,automotive,87,"Vehicles; other than railway or tramway rolling stock, and parts and accessories thereof",137714763.764,2025,Export
ITA,Italy,TUR,Türkiye,automotive,87,"Vehicles; other than railway or tramway rolling stock, and parts and accessories thereof",1467191590.52,2025,Export
ITA,Italy,TZA,United Rep. of Tanzania,automotive,87,"Vehicles; other than railway or tramway rolling stock, and parts and accessories thereof",22633923.889,2025,Export
ITA,Italy,UGA,Uganda,automotive,87,"Vehicles; other than railway or tramway rolling stock, and parts and accessories thereof",297317.774,2025,Export
ITA,Italy,UKR,Ukraine,automotive,87,"Vehicles; other than railway or tramway rolling stock, and parts and accessories thereof",170202553.868,2025,Export
ITA,Italy,URY,Uruguay,automotive,87,"Vehicles; other than railway or tramway rolling stock, and parts and accessories thereof",22307238.983,2025,Export
ITA,Italy,USA,USA,automotive,87,"Vehicles; other than railway or tramway rolling stock, and parts and accessories thereof",4275057152.262,2025,Export
ITA,Italy,UZB,Uzbekistan,automotive,87,"Vehicles; other than railway or tramway rolling stock, and parts and accessories thereof",16969458.594,2025,Export
ITA,Italy,VAT,Holy See (Vatican City State),automotive,87,"Vehicles; other than railway or tramway rolling stock, and parts and accessories thereof",24068.641,2025,Export
ITA,Italy,VCT,Saint Vincent and the Grenadines,automotive,87,"Vehicles; other than railway or tramway rolling stock, and parts and accessories thereof",120173.707,2025,Export
ITA,Italy,VEN,Venezuela,automotive,87,"Vehicles; other than railway or tramway rolling stock, and parts and accessories thereof",7032331.424,2025,Export
ITA,Italy,VNM,Viet Nam,automotive,87,"Vehicles; other than railway or tramway rolling stock, and parts and accessories thereof",19952098.743,2025,Export
ITA,Italy,W00,World,automotive,87,"Vehicles; other than railway or tramway rolling stock, and parts and accessories thereof",47373007114.213,2025,Export
ITA,Italy,YEM,Yemen,automotive,87,"Vehicles; other than railway or tramway rolling stock, and parts and accessories thereof",52669.644,2025,Export
ITA,Italy,ZAF,South Africa,automotive,87,"Vehicles; other than railway or tramway rolling stock, and parts and accessories thereof",142738326.702,2025,Export
ITA,Italy,ZMB,Zambia,automotive,87,"Vehicles; other than railway or tramway rolling stock, and parts and accessories thereof",894938.737,2025,Export
ITA,Italy,ZWE,Zimbabwe,automotive,87,"Vehicles; other than railway or tramway rolling stock, and parts and accessories thereof",45704.428,2025,Export
JPN,Japan,A79,"LAIA, nes",automotive,87,"Vehicles; other than railway or tramway rolling stock, and parts and accessories thereof",25231375.372,2025,Export
JPN,Japan,AFG,Afghanistan,automotive,87,"Vehicles; other than railway or tramway rolling stock, and parts and accessories thereof",3257933.206,2025,Export
JPN,Japan,AGO,Angola,automotive,87,"Vehicles; other than railway or tramway rolling stock, and parts and accessories thereof",3622912.358,2025,Export
JPN,Japan,AIA,Anguilla,automotive,87,"Vehicles; other than railway or tramway rolling stock, and parts and accessories thereof",2239422.307,2025,Export
JPN,Japan,ALB,Albania,automotive,87,"Vehicles; other than railway or tramway rolling stock, and parts and accessories thereof",1805092.009,2025,Export
JPN,Japan,AND,Andorra,automotive,87,"Vehicles; other than railway or tramway rolling stock, and parts and accessories thereof",1779.065,2025,Export
JPN,Japan,ARE,United Arab Emirates,automotive,87,"Vehicles; other than railway or tramway rolling stock, and parts and accessories thereof",5355040811.465,2025,Export
JPN,Japan,ARG,Argentina,automotive,87,"Vehicles; other than railway or tramway rolling stock, and parts and accessories thereof",558315683.284,2025,Export
JPN,Japan,ARM,Armenia,automotive,87,"Vehicles; other than railway or tramway rolling stock, and parts and accessories thereof",3708578.651,2025,Export
JPN,Japan,ASM,American Samoa,automotive,87,"Vehicles; other than railway or tramway rolling stock, and parts and accessories thereof",2929504.967,2025,Export
JPN,Japan,ATG,Antigua and Barbuda,automotive,87,"Vehicles; other than railway or tramway rolling stock, and parts and accessories thereof",20312032.224,2025,Export
JPN,Japan,AUS,Australia,automotive,87,"Vehicles; other than railway or tramway rolling stock, and parts and accessories thereof",9171789564.96,2025,Export
JPN,Japan,AUT,Austria,automotive,87,"Vehicles; other than railway or tramway rolling stock, and parts and accessories thereof",351422714.581,2025,Export
JPN,Japan,AZE,Azerbaijan,automotive,87,"Vehicles; other than railway or tramway rolling stock, and parts and accessories thereof",8782172.541,2025,Export
JPN,Japan,BDI,Burundi,automotive,87,"Vehicles; other than railway or tramway rolling stock, and parts and accessories thereof",8385598.416,2025,Export
JPN,Japan,BEL,Belgium,automotive,87,"Vehicles; other than railway or tramway rolling stock, and parts and accessories thereof",2192719929.946,2025,Export
JPN,Japan,BEN,Benin,automotive,87,"Vehicles; other than railway or tramway rolling stock, and parts and accessories thereof",516397.724,2025,Export
JPN,Japan,BFA,Burkina Faso,automotive,87,"Vehicles; other than railway or tramway rolling stock, and parts and accessories thereof",1268611.223,2025,Export
JPN,Japan,BGD,Bangladesh,automotive,87,"Vehicles; other than railway or tramway rolling stock, and parts and accessories thereof",385517252.032,2025,Export
JPN,Japan,BGR,Bulgaria,automotive,87,"Vehicles; other than railway or tramway rolling stock, and parts and accessories thereof",79244347.117,2025,Export
JPN,Japan,BHR,Bahrain,automotive,87,"Vehicles; other than railway or tramway rolling stock, and parts and accessories thereof",467586330.072,2025,Export
JPN,Japan,BHS,Bahamas,automotive,87,"Vehicles; other than railway or tramway rolling stock, and parts and accessories thereof",41639995.504,2025,Export
JPN,Japan,BIH,Bosnia Herzegovina,automotive,87,"Vehicles; other than railway or tramway rolling stock, and parts and accessories thereof",73266.771,2025,Export
JPN,Japan,BLM,Saint Barthélemy,automotive,87,"Vehicles; other than railway or tramway rolling stock, and parts and accessories thereof",391018.63,2025,Export
JPN,Japan,BLR,Belarus,automotive,87,"Vehicles; other than railway or tramway rolling stock, and parts and accessories thereof",4273970.284,2025,Export
JPN,Japan,BLZ,Belize,automotive,87,"Vehicles; other than railway or tramway rolling stock, and parts and accessories thereof",4212394.905,2025,Export
JPN,Japan,BMU,Bermuda,automotive,87,"Vehicles; other than railway or tramway rolling stock, and parts and accessories thereof",7899943.897,2025,Export
JPN,Japan,BOL,Bolivia (Plurinational State of),automotive,87,"Vehicles; other than railway or tramway rolling stock, and parts and accessories thereof",73617353.677,2025,Export
JPN,Japan,BRA,Brazil,automotive,87,"Vehicles; other than railway or tramway rolling stock, and parts and accessories thereof",1385640957.545,2025,Export
JPN,Japan,BRB,Barbados,automotive,87,"Vehicles; other than railway or tramway rolling stock, and parts and accessories thereof",72374354.352,2025,Export
JPN,Japan,BRN,Brunei Darussalam,automotive,87,"Vehicles; other than railway or tramway rolling stock, and parts and accessories thereof",38058516.645,2025,Export
JPN,Japan,BTN,Bhutan,automotive,87,"Vehicles; other than railway or tramway rolling stock, and parts and accessories thereof",4467960.164,2025,Export
JPN,Japan,BWA,Botswana,automotive,87,"Vehicles; other than railway or tramway rolling stock, and parts and accessories thereof",10633893.78,2025,Export
JPN,Japan,CAF,Central African Rep.,automotive,87,"Vehicles; other than railway or tramway rolling stock, and parts and accessories thereof",407546.382,2025,Export
JPN,Japan,CAN,Canada,automotive,87,"Vehicles; other than railway or tramway rolling stock, and parts and accessories thereof",6832880327.076,2025,Export
JPN,Japan,CHE,Switzerland,automotive,87,"Vehicles; other than railway or tramway rolling stock, and parts and accessories thereof",324780663.069,2025,Export
JPN,Japan,CHL,Chile,automotive,87,"Vehicles; other than railway or tramway rolling stock, and parts and accessories thereof",794493330.191,2025,Export
JPN,Japan,CHN,China,automotive,87,"Vehicles; other than railway or tramway rolling stock, and parts and accessories thereof",8556845752.903,2025,Export
JPN,Japan,CIV,Côte d'Ivoire,automotive,87,"Vehicles; other than railway or tramway rolling stock, and parts and accessories thereof",16653425.379,2025,Export
JPN,Japan,CMR,Cameroon,automotive,87,"Vehicles; other than railway or tramway rolling stock, and parts and accessories thereof",19501947.024,2025,Export
JPN,Japan,COD,Dem. Rep. of the Congo,automotive,87,"Vehicles; other than railway or tramway rolling stock, and parts and accessories thereof",90480085.532,2025,Export
JPN,Japan,COG,Congo,automotive,87,"Vehicles; other than railway or tramway rolling stock, and parts and accessories thereof",321691.686,2025,Export
JPN,Japan,COK,Cook Isds,automotive,87,"Vehicles; other than railway or tramway rolling stock, and parts and accessories thereof",3109283.915,2025,Export
JPN,Japan,COL,Colombia,automotive,87,"Vehicles; other than railway or tramway rolling stock, and parts and accessories thereof",678355294.099,2025,Export
JPN,Japan,COM,Comoros,automotive,87,"Vehicles; other than railway or tramway rolling stock, and parts and accessories thereof",47028.67,2025,Export
JPN,Japan,CPV,Cabo Verde,automotive,87,"Vehicles; other than railway or tramway rolling stock, and parts and accessories thereof",6484016.295,2025,Export
JPN,Japan,CRI,Costa Rica,automotive,87,"Vehicles; other than railway or tramway rolling stock, and parts and accessories thereof",258819248.944,2025,Export
JPN,Japan,CUB,Cuba,automotive,87,"Vehicles; other than railway or tramway rolling stock, and parts and accessories thereof",827311.681,2025,Export
JPN,Japan,CUW,Curaçao,automotive,87,"Vehicles; other than railway or tramway rolling stock, and parts and accessories thereof",33520771.655,2025,Export
JPN,Japan,CYM,Cayman Isds,automotive,87,"Vehicles; other than railway or tramway rolling stock, and parts and accessories thereof",18248012.076,2025,Export
JPN,Japan,CYP,Cyprus,automotive,87,"Vehicles; other than railway or tramway rolling stock, and parts and accessories thereof",386918303.964,2025,Export
JPN,Japan,CZE,Czechia,automotive,87,"Vehicles; other than railway or tramway rolling stock, and parts and accessories thereof",201565431.781,2025,Export
JPN,Japan,DEU,Germany,automotive,87,"Vehicles; other than railway or tramway rolling stock, and parts and accessories thereof",2720360379.37,2025,Export
JPN,Japan,DJI,Djibouti,automotive,87,"Vehicles; other than railway or tramway rolling stock, and parts and accessories thereof",31488986.957,2025,Export
JPN,Japan,DMA,Dominica,automotive,87,"Vehicles; other than railway or tramway rolling stock, and parts and accessories thereof",5446949.462,2025,Export
JPN,Japan,DNK,Denmark,automotive,87,"Vehicles; other than railway or tramway rolling stock, and parts and accessories thereof",99788138.636,2025,Export
JPN,Japan,DOM,Dominican Rep.,automotive,87,"Vehicles; other than railway or tramway rolling stock, and parts and accessories thereof",279888031.439,2025,Export
JPN,Japan,DZA,Algeria,automotive,87,"Vehicles; other than railway or tramway rolling stock, and parts and accessories thereof",5922671.991,2025,Export
JPN,Japan,ECU,Ecuador,automotive,87,"Vehicles; other than railway or tramway rolling stock, and parts and accessories thereof",155769759.622,2025,Export
JPN,Japan,EGY,Egypt,automotive,87,"Vehicles; other than railway or tramway rolling stock, and parts and accessories thereof",275263760.974,2025,Export
JPN,Japan,ESH,Western Sahara,automotive,87,"Vehicles; other than railway or tramway rolling stock, and parts and accessories thereof",91866.592,2025,Export
JPN,Japan,ESP,Spain,automotive,87,"Vehicles; other than railway or tramway rolling stock, and parts and accessories thereof",1711679966.559,2025,Export
JPN,Japan,EST,Estonia,automotive,87,"Vehicles; other than railway or tramway rolling stock, and parts and accessories thereof",159823092.206,2025,Export
JPN,Japan,ETH,Ethiopia,automotive,87,"Vehicles; other than railway or tramway rolling stock, and parts and accessories thereof",26679447.319,2025,Export
JPN,Japan,F19,"Other Africa, nes",automotive,87,"Vehicles; other than railway or tramway rolling stock, and parts and accessories thereof",387342.963,2025,Export
JPN,Japan,FIN,Finland,automotive,87,"Vehicles; other than railway or tramway rolling stock, and parts and accessories thereof",127778552.511,2025,Export
JPN,Japan,FJI,Fiji,automotive,87,"Vehicles; other than railway or tramway rolling stock, and parts and accessories thereof",86465064.116,2025,Export
JPN,Japan,FRA,France,automotive,87,"Vehicles; other than railway or tramway rolling stock, and parts and accessories thereof",1769507457.337,2025,Export
JPN,Japan,FSM,FS Micronesia,automotive,87,"Vehicles; other than railway or tramway rolling stock, and parts and accessories thereof",7080700.995,2025,Export
JPN,Japan,GAB,Gabon,automotive,87,"Vehicles; other than railway or tramway rolling stock, and parts and accessories thereof",16274912.291,2025,Export
JPN,Japan,GBR,United Kingdom,automotive,87,"Vehicles; other than railway or tramway rolling stock, and parts and accessories thereof",3213820566.181,2025,Export
JPN,Japan,GEO,Georgia,automotive,87,"Vehicles; other than railway or tramway rolling stock, and parts and accessories thereof",261136495.717,2025,Export
JPN,Japan,GHA,Ghana,automotive,87,"Vehicles; other than railway or tramway rolling stock, and parts and accessories thereof",96084623.699,2025,Export
JPN,Japan,GIB,Gibraltar,automotive,87,"Vehicles; other than railway or tramway rolling stock, and parts and accessories thereof",101512885.909,2025,Export
JPN,Japan,GIN,Guinea,automotive,87,"Vehicles; other than railway or tramway rolling stock, and parts and accessories thereof",409979.309,2025,Export
JPN,Japan,GMB,Gambia,automotive,87,"Vehicles; other than railway or tramway rolling stock, and parts and accessories thereof",387415.013,2025,Export
JPN,Japan,GNB,Guinea-Bissau,automotive,87,"Vehicles; other than railway or tramway rolling stock, and parts and accessories thereof",84856.189,2025,Export
JPN,Japan,GNQ,Equatorial Guinea,automotive,87,"Vehicles; other than railway or tramway rolling stock, and parts and accessories thereof",26192.118,2025,Export
JPN,Japan,GRC,Greece,automotive,87,"Vehicles; other than railway or tramway rolling stock, and parts and accessories thereof",154509834.142,2025,Export
JPN,Japan,GRD,Grenada,automotive,87,"Vehicles; other than railway or tramway rolling stock, and parts and accessories thereof",27060034.507,2025,Export
JPN,Japan,GRL,Greenland,automotive,87,"Vehicles; other than railway or tramway rolling stock, and parts and accessories thereof",158771.272,2025,Export
JPN,Japan,GTM,Guatemala,automotive,87,"Vehicles; other than railway or tramway rolling stock, and parts and accessories thereof",325187274.401,2025,Export
JPN,Japan,GUM,Guam,automotive,87,"Vehicles; other than railway or tramway rolling stock, and parts and accessories thereof",67625157.137,2025,Export
JPN,Japan,GUY,Guyana,automotive,87,"Vehicles; other than railway or tramway rolling stock, and parts and accessories thereof",203145394.759,2025,Export
JPN,Japan,HKG,"China, Hong Kong SAR",automotive,87,"Vehicles; other than railway or tramway rolling stock, and parts and accessories thereof",553009140.09,2025,Export
JPN,Japan,HND,Honduras,automotive,87,"Vehicles; other than railway or tramway rolling stock, and parts and accessories thereof",88222611.521,2025,Export
JPN,Japan,HRV,Croatia,automotive,87,"Vehicles; other than railway or tramway rolling stock, and parts and accessories thereof",27713614.061,2025,Export
JPN,Japan,HTI,Haiti,automotive,87,"Vehicles; other than railway or tramway rolling stock, and parts and accessories thereof",7444270.213,2025,Export
JPN,Japan,HUN,Hungary,automotive,87,"Vehicles; other than railway or tramway rolling stock, and parts and accessories thereof",268418767.636,2025,Export
JPN,Japan,IDN,Indonesia,automotive,87,"Vehicles; other than railway or tramway rolling stock, and parts and accessories thereof",1989853218.136,2025,Export
JPN,Japan,IND,India,automotive,87,"Vehicles; other than railway or tramway rolling stock, and parts and accessories thereof",1393147844.893,2025,Export
JPN,Japan,IRL,Ireland,automotive,87,"Vehicles; other than railway or tramway rolling stock, and parts and accessories thereof",414088810.538,2025,Export
JPN,Japan,IRN,Iran,automotive,87,"Vehicles; other than railway or tramway rolling stock, and parts and accessories thereof",57302.779,2025,Export
JPN,Japan,IRQ,Iraq,automotive,87,"Vehicles; other than railway or tramway rolling stock, and parts and accessories thereof",690720993.608,2025,Export
JPN,Japan,ISL,Iceland,automotive,87,"Vehicles; other than railway or tramway rolling stock, and parts and accessories thereof",42784562.968,2025,Export
JPN,Japan,ISR,Israel,automotive,87,"Vehicles; other than railway or tramway rolling stock, and parts and accessories thereof",625504338.641,2025,Export
JPN,Japan,ITA,Italy,automotive,87,"Vehicles; other than railway or tramway rolling stock, and parts and accessories thereof",1565779769.519,2025,Export
JPN,Japan,JAM,Jamaica,automotive,87,"Vehicles; other than railway or tramway rolling stock, and parts and accessories thereof",295233397.146,2025,Export
JPN,Japan,JOR,Jordan,automotive,87,"Vehicles; other than railway or tramway rolling stock, and parts and accessories thereof",468336819.003,2025,Export
JPN,Japan,KAZ,Kazakhstan,automotive,87,"Vehicles; other than railway or tramway rolling stock, and parts and accessories thereof",623814603.802,2025,Export
JPN,Japan,KEN,Kenya,automotive,87,"Vehicles; other than railway or tramway rolling stock, and parts and accessories thereof",761446283.635,2025,Export
JPN,Japan,KGZ,Kyrgyzstan,automotive,87,"Vehicles; other than railway or tramway rolling stock, and parts and accessories thereof",25518498.146,2025,Export
JPN,Japan,KHM,Cambodia,automotive,87,"Vehicles; other than railway or tramway rolling stock, and parts and accessories thereof",167377934.124,2025,Export
JPN,Japan,KIR,Kiribati,automotive,87,"Vehicles; other than railway or tramway rolling stock, and parts and accessories thereof",6508960.581,2025,Export
JPN,Japan,KNA,Saint Kitts and Nevis,automotive,87,"Vehicles; other than railway or tramway rolling stock, and parts and accessories thereof",7472838.507,2025,Export
JPN,Japan,KOR,Rep. of Korea,automotive,87,"Vehicles; other than railway or tramway rolling stock, and parts and accessories thereof",1224489159.161,2025,Export
JPN,Japan,KWT,Kuwait,automotive,87,"Vehicles; other than railway or tramway rolling stock, and parts and accessories thereof",1844964800.505,2025,Export
JPN,Japan,LAO,Lao People's Dem. Rep.,automotive,87,"Vehicles; other than railway or tramway rolling stock, and parts and accessories thereof",57914713.781,2025,Export
JPN,Japan,LBN,Lebanon,automotive,87,"Vehicles; other than railway or tramway rolling stock, and parts and accessories thereof",309049409.578,2025,Export
JPN,Japan,LBR,Liberia,automotive,87,"Vehicles; other than railway or tramway rolling stock, and parts and accessories thereof",692741.031,2025,Export
JPN,Japan,LBY,Libya,automotive,87,"Vehicles; other than railway or tramway rolling stock, and parts and accessories thereof",26029884.566,2025,Export
JPN,Japan,LCA,Saint Lucia,automotive,87,"Vehicles; other than railway or tramway rolling stock, and parts and accessories thereof",23299090.89,2025,Export
JPN,Japan,LKA,Sri Lanka,automotive,87,"Vehicles; other than railway or tramway rolling stock, and parts and accessories thereof",1068914554.275,2025,Export
JPN,Japan,LSO,Lesotho,automotive,87,"Vehicles; other than railway or tramway rolling stock, and parts and accessories thereof",6783609.211,2025,Export
JPN,Japan,LTU,Lithuania,automotive,87,"Vehicles; other than railway or tramway rolling stock, and parts and accessories thereof",8939539.479,2025,Export
JPN,Japan,LUX,Luxembourg,automotive,87,"Vehicles; other than railway or tramway rolling stock, and parts and accessories thereof",144565.283,2025,Export
JPN,Japan,LVA,Latvia,automotive,87,"Vehicles; other than railway or tramway rolling stock, and parts and accessories thereof",458103.981,2025,Export
JPN,Japan,MAC,"China, Macao SAR",automotive,87,"Vehicles; other than railway or tramway rolling stock, and parts and accessories thereof",17611028.749,2025,Export
JPN,Japan,MAR,Morocco,automotive,87,"Vehicles; other than railway or tramway rolling stock, and parts and accessories thereof",164261906.59,2025,Export
JPN,Japan,MDA,Rep. of Moldova,automotive,87,"Vehicles; other than railway or tramway rolling stock, and parts and accessories thereof",2470075.874,2025,Export
JPN,Japan,MDG,Madagascar,automotive,87,"Vehicles; other than railway or tramway rolling stock, and parts and accessories thereof",2101650.145,2025,Export
JPN,Japan,MDV,Maldives,automotive,87,"Vehicles; other than railway or tramway rolling stock, and parts and accessories thereof",5851649.563,2025,Export
JPN,Japan,MEX,Mexico,automotive,87,"Vehicles; other than railway or tramway rolling stock, and parts and accessories thereof",3382129499.809,2025,Export
JPN,Japan,MHL,Marshall Isds,automotive,87,"Vehicles; other than railway or tramway rolling stock, and parts and accessories thereof",155636.044,2025,Export
JPN,Japan,MKD,North Macedonia,automotive,87,"Vehicles; other than railway or tramway rolling stock, and parts and accessories thereof",1101953.491,2025,Export
JPN,Japan,MLI,Mali,automotive,87,"Vehicles; other than railway or tramway rolling stock, and parts and accessories thereof",371790.939,2025,Export
JPN,Japan,MLT,Malta,automotive,87,"Vehicles; other than railway or tramway rolling stock, and parts and accessories thereof",35689639.529,2025,Export
JPN,Japan,MMR,Myanmar,automotive,87,"Vehicles; other than railway or tramway rolling stock, and parts and accessories thereof",95452168.386,2025,Export
JPN,Japan,MNG,Mongolia,automotive,87,"Vehicles; other than railway or tramway rolling stock, and parts and accessories thereof",763097857.812,2025,Export
JPN,Japan,MNP,N. Mariana Isds,automotive,87,"Vehicles; other than railway or tramway rolling stock, and parts and accessories thereof",7752464.082,2025,Export
JPN,Japan,MOZ,Mozambique,automotive,87,"Vehicles; other than railway or tramway rolling stock, and parts and accessories thereof",57983380.445,2025,Export
JPN,Japan,MRT,Mauritania,automotive,87,"Vehicles; other than railway or tramway rolling stock, and parts and accessories thereof",279271.989,2025,Export
JPN,Japan,MSR,Montserrat,automotive,87,"Vehicles; other than railway or tramway rolling stock, and parts and accessories thereof",980251.779,2025,Export
JPN,Japan,MUS,Mauritius,automotive,87,"Vehicles; other than railway or tramway rolling stock, and parts and accessories thereof",167490641.883,2025,Export
JPN,Japan,MWI,Malawi,automotive,87,"Vehicles; other than railway or tramway rolling stock, and parts and accessories thereof",35583710.45,2025,Export
JPN,Japan,MYS,Malaysia,automotive,87,"Vehicles; other than railway or tramway rolling stock, and parts and accessories thereof",2286677756.732,2025,Export
JPN,Japan,NAM,Namibia,automotive,87,"Vehicles; other than railway or tramway rolling stock, and parts and accessories thereof",11568946.229,2025,Export
JPN,Japan,NCL,New Caledonia,automotive,87,"Vehicles; other than railway or tramway rolling stock, and parts and accessories thereof",11443963.508,2025,Export
JPN,Japan,NER,Niger,automotive,87,"Vehicles; other than railway or tramway rolling stock, and parts and accessories thereof",712644.841,2025,Export
JPN,Japan,NGA,Nigeria,automotive,87,"Vehicles; other than railway or tramway rolling stock, and parts and accessories thereof",317224846.226,2025,Export
JPN,Japan,NIC,Nicaragua,automotive,87,"Vehicles; other than railway or tramway rolling stock, and parts and accessories thereof",108588614.371,2025,Export
JPN,Japan,NIU,Niue,automotive,87,"Vehicles; other than railway or tramway rolling stock, and parts and accessories thereof",127696.482,2025,Export
JPN,Japan,NLD,Netherlands,automotive,87,"Vehicles; other than railway or tramway rolling stock, and parts and accessories thereof",2119483687.717,2025,Export
JPN,Japan,NOR,Norway,automotive,87,"Vehicles; other than railway or tramway rolling stock, and parts and accessories thereof",205340716.054,2025,Export
JPN,Japan,NPL,Nepal,automotive,87,"Vehicles; other than railway or tramway rolling stock, and parts and accessories thereof",5853082.5,2025,Export
JPN,Japan,NRU,Nauru,automotive,87,"Vehicles; other than railway or tramway rolling stock, and parts and accessories thereof",766191.252,2025,Export
JPN,Japan,NZL,New Zealand,automotive,87,"Vehicles; other than railway or tramway rolling stock, and parts and accessories thereof",1354248695.388,2025,Export
JPN,Japan,O19,"Oceania, nes",automotive,87,"Vehicles; other than railway or tramway rolling stock, and parts and accessories thereof",756184.748,2025,Export
JPN,Japan,OMN,Oman,automotive,87,"Vehicles; other than railway or tramway rolling stock, and parts and accessories thereof",1043326121.133,2025,Export
JPN,Japan,PAK,Pakistan,automotive,87,"Vehicles; other than railway or tramway rolling stock, and parts and accessories thereof",995363528.175,2025,Export
JPN,Japan,PAN,Panama,automotive,87,"Vehicles; other than railway or tramway rolling stock, and parts and accessories thereof",215668988.207,2025,Export
JPN,Japan,PER,Peru,automotive,87,"Vehicles; other than railway or tramway rolling stock, and parts and accessories thereof",352726362.608,2025,Export
JPN,Japan,PHL,Philippines,automotive,87,"Vehicles; other than railway or tramway rolling stock, and parts and accessories thereof",1549529938.86,2025,Export
JPN,Japan,PLW,Palau,automotive,87,"Vehicles; other than railway or tramway rolling stock, and parts and accessories thereof",4654562.449,2025,Export
JPN,Japan,PNG,Papua New Guinea,automotive,87,"Vehicles; other than railway or tramway rolling stock, and parts and accessories thereof",154200831.191,2025,Export
JPN,Japan,POL,Poland,automotive,87,"Vehicles; other than railway or tramway rolling stock, and parts and accessories thereof",2072715709.407,2025,Export
JPN,Japan,PRT,Portugal,automotive,87,"Vehicles; other than railway or tramway rolling stock, and parts and accessories thereof",191389356.246,2025,Export
JPN,Japan,PRY,Paraguay,automotive,87,"Vehicles; other than railway or tramway rolling stock, and parts and accessories thereof",62452138.418,2025,Export
JPN,Japan,PSE,State of Palestine,automotive,87,"Vehicles; other than railway or tramway rolling stock, and parts and accessories thereof",182478.814,2025,Export
JPN,Japan,PYF,French Polynesia,automotive,87,"Vehicles; other than railway or tramway rolling stock, and parts and accessories thereof",13284580.581,2025,Export
JPN,Japan,QAT,Qatar,automotive,87,"Vehicles; other than railway or tramway rolling stock, and parts and accessories thereof",1145596602.12,2025,Export
JPN,Japan,ROU,Romania,automotive,87,"Vehicles; other than railway or tramway rolling stock, and parts and accessories thereof",207902184.568,2025,Export
JPN,Japan,RUS,Russian Federation,automotive,87,"Vehicles; other than railway or tramway rolling stock, and parts and accessories thereof",1544129095.096,2025,Export
JPN,Japan,RWA,Rwanda,automotive,87,"Vehicles; other than railway or tramway rolling stock, and parts and accessories thereof",1853367.876,2025,Export
JPN,Japan,S19,"Other Asia, nes",automotive,87,"Vehicles; other than railway or tramway rolling stock, and parts and accessories thereof",2896797502.051,2025,Export
JPN,Japan,SAU,Saudi Arabia,automotive,87,"Vehicles; other than railway or tramway rolling stock, and parts and accessories thereof",5227812615.737,2025,Export
JPN,Japan,SDN,Sudan,automotive,87,"Vehicles; other than railway or tramway rolling stock, and parts and accessories thereof",60057044.306,2025,Export
JPN,Japan,SEN,Senegal,automotive,87,"Vehicles; other than railway or tramway rolling stock, and parts and accessories thereof",3240202.863,2025,Export
JPN,Japan,SGP,Singapore,automotive,87,"Vehicles; other than railway or tramway rolling stock, and parts and accessories thereof",554828080.19,2025,Export
JPN,Japan,SHN,Saint Helena,automotive,87,"Vehicles; other than railway or tramway rolling stock, and parts and accessories thereof",22672.637,2025,Export
JPN,Japan,SLB,Solomon Isds,automotive,87,"Vehicles; other than railway or tramway rolling stock, and parts and accessories thereof",16888747.414,2025,Export
JPN,Japan,SLE,Sierra Leone,automotive,87,"Vehicles; other than railway or tramway rolling stock, and parts and accessories thereof",1616260.486,2025,Export
JPN,Japan,SLV,El Salvador,automotive,87,"Vehicles; other than railway or tramway rolling stock, and parts and accessories thereof",86716482.834,2025,Export
JPN,Japan,SOM,Somalia,automotive,87,"Vehicles; other than railway or tramway rolling stock, and parts and accessories thereof",816890.317,2025,Export
JPN,Japan,SRB,Serbia,automotive,87,"Vehicles; other than railway or tramway rolling stock, and parts and accessories thereof",6531732.354,2025,Export
JPN,Japan,SSD,South Sudan,automotive,87,"Vehicles; other than railway or tramway rolling stock, and parts and accessories thereof",21499176.662,2025,Export
JPN,Japan,STP,Sao Tome and Principe,automotive,87,"Vehicles; other than railway or tramway rolling stock, and parts and accessories thereof",28117.789,2025,Export
JPN,Japan,SUR,Suriname,automotive,87,"Vehicles; other than railway or tramway rolling stock, and parts and accessories thereof",103366057.335,2025,Export
JPN,Japan,SVK,Slovakia,automotive,87,"Vehicles; other than railway or tramway rolling stock, and parts and accessories thereof",23483251.814,2025,Export
JPN,Japan,SVN,Slovenia,automotive,87,"Vehicles; other than railway or tramway rolling stock, and parts and accessories thereof",119076072.651,2025,Export
JPN,Japan,SWE,Sweden,automotive,87,"Vehicles; other than railway or tramway rolling stock, and parts and accessories thereof",706276773.886,2025,Export
JPN,Japan,SWZ,Eswatini,automotive,87,"Vehicles; other than railway or tramway rolling stock, and parts and accessories thereof",796886.049,2025,Export
JPN,Japan,SYC,Seychelles,automotive,87,"Vehicles; other than railway or tramway rolling stock, and parts and accessories thereof",5089733.913,2025,Export
JPN,Japan,SYR,Syria,automotive,87,"Vehicles; other than railway or tramway rolling stock, and parts and accessories thereof",602873.388,2025,Export
JPN,Japan,TCA,Turks and Caicos Isds,automotive,87,"Vehicles; other than railway or tramway rolling stock, and parts and accessories thereof",13259496.247,2025,Export
JPN,Japan,TCD,Chad,automotive,87,"Vehicles; other than railway or tramway rolling stock, and parts and accessories thereof",1592.159,2025,Export
JPN,Japan,TGO,Togo,automotive,87,"Vehicles; other than railway or tramway rolling stock, and parts and accessories thereof",930819.858,2025,Export
JPN,Japan,THA,Thailand,automotive,87,"Vehicles; other than railway or tramway rolling stock, and parts and accessories thereof",2913847105.417,2025,Export
JPN,Japan,TJK,Tajikistan,automotive,87,"Vehicles; other than railway or tramway rolling stock, and parts and accessories thereof",12988263.203,2025,Export
JPN,Japan,TKM,Turkmenistan,automotive,87,"Vehicles; other than railway or tramway rolling stock, and parts and accessories thereof",32887674.468,2025,Export
JPN,Japan,TLS,Timor-Leste,automotive,87,"Vehicles; other than railway or tramway rolling stock, and parts and accessories thereof",15891435.468,2025,Export
JPN,Japan,TON,Tonga,automotive,87,"Vehicles; other than railway or tramway rolling stock, and parts and accessories thereof",10303709.494,2025,Export
JPN,Japan,TTO,Trinidad and Tobago,automotive,87,"Vehicles; other than railway or tramway rolling stock, and parts and accessories thereof",137186643.252,2025,Export
JPN,Japan,TUN,Tunisia,automotive,87,"Vehicles; other than railway or tramway rolling stock, and parts and accessories thereof",76437388.159,2025,Export
JPN,Japan,TUR,Türkiye,automotive,87,"Vehicles; other than railway or tramway rolling stock, and parts and accessories thereof",903330039.337,2025,Export
JPN,Japan,TUV,Tuvalu,automotive,87,"Vehicles; other than railway or tramway rolling stock, and parts and accessories thereof",147900.013,2025,Export
JPN,Japan,TZA,United Rep. of Tanzania,automotive,87,"Vehicles; other than railway or tramway rolling stock, and parts and accessories thereof",524216037.022,2025,Export
JPN,Japan,UGA,Uganda,automotive,87,"Vehicles; other than railway or tramway rolling stock, and parts and accessories thereof",207657495.867,2025,Export
JPN,Japan,UKR,Ukraine,automotive,87,"Vehicles; other than railway or tramway rolling stock, and parts and accessories thereof",480685097.515,2025,Export
JPN,Japan,URY,Uruguay,automotive,87,"Vehicles; other than railway or tramway rolling stock, and parts and accessories thereof",19383976.223,2025,Export
JPN,Japan,USA,USA,automotive,87,"Vehicles; other than railway or tramway rolling stock, and parts and accessories thereof",45347504613.683,2025,Export
JPN,Japan,UZB,Uzbekistan,automotive,87,"Vehicles; other than railway or tramway rolling stock, and parts and accessories thereof",132420498.606,2025,Export
JPN,Japan,VCT,Saint Vincent and the Grenadines,automotive,87,"Vehicles; other than railway or tramway rolling stock, and parts and accessories thereof",16144056.27,2025,Export
JPN,Japan,VEN,Venezuela,automotive,87,"Vehicles; other than railway or tramway rolling stock, and parts and accessories thereof",69423919.325,2025,Export
JPN,Japan,VGB,Br. Virgin Isds,automotive,87,"Vehicles; other than railway or tramway rolling stock, and parts and accessories thereof",4042168.929,2025,Export
JPN,Japan,VNM,Viet Nam,automotive,87,"Vehicles; other than railway or tramway rolling stock, and parts and accessories thereof",920755814.283,2025,Export
JPN,Japan,VUT,Vanuatu,automotive,87,"Vehicles; other than railway or tramway rolling stock, and parts and accessories thereof",7734445.578,2025,Export
JPN,Japan,W00,World,automotive,87,"Vehicles; other than railway or tramway rolling stock, and parts and accessories thereof",149104223657.403,2025,Export
JPN,Japan,WSM,Samoa,automotive,87,"Vehicles; other than railway or tramway rolling stock, and parts and accessories thereof",15875246.914,2025,Export
JPN,Japan,YEM,Yemen,automotive,87,"Vehicles; other than railway or tramway rolling stock, and parts and accessories thereof",301293200.091,2025,Export
JPN,Japan,ZAF,South Africa,automotive,87,"Vehicles; other than railway or tramway rolling stock, and parts and accessories thereof",1201434136.59,2025,Export
JPN,Japan,ZMB,Zambia,automotive,87,"Vehicles; other than railway or tramway rolling stock, and parts and accessories thereof",75817441.471,2025,Export
JPN,Japan,ZWE,Zimbabwe,automotive,87,"Vehicles; other than railway or tramway rolling stock, and parts and accessories thereof",72720362.947,2025,Export
KOR,Rep. of Korea,ABW,Aruba,automotive,87,"Vehicles; other than railway or tramway rolling stock, and parts and accessories thereof",13551680.0,2025,Export
KOR,Rep. of Korea,AFG,Afghanistan,automotive,87,"Vehicles; other than railway or tramway rolling stock, and parts and accessories thereof",11443217.0,2025,Export
KOR,Rep. of Korea,AGO,Angola,automotive,87,"Vehicles; other than railway or tramway rolling stock, and parts and accessories thereof",7345965.0,2025,Export
KOR,Rep. of Korea,AIA,Anguilla,automotive,87,"Vehicles; other than railway or tramway rolling stock, and parts and accessories thereof",404.0,2025,Export
KOR,Rep. of Korea,ALB,Albania,automotive,87,"Vehicles; other than railway or tramway rolling stock, and parts and accessories thereof",310779876.0,2025,Export
KOR,Rep. of Korea,ARE,United Arab Emirates,automotive,87,"Vehicles; other than railway or tramway rolling stock, and parts and accessories thereof",967751965.0,2025,Export
KOR,Rep. of Korea,ARG,Argentina,automotive,87,"Vehicles; other than railway or tramway rolling stock, and parts and accessories thereof",133111201.0,2025,Export
KOR,Rep. of Korea,ARM,Armenia,automotive,87,"Vehicles; other than railway or tramway rolling stock, and parts and accessories thereof",6443689.0,2025,Export
KOR,Rep. of Korea,ASM,American Samoa,automotive,87,"Vehicles; other than railway or tramway rolling stock, and parts and accessories thereof",2318534.0,2025,Export
KOR,Rep. of Korea,ATG,Antigua and Barbuda,automotive,87,"Vehicles; other than railway or tramway rolling stock, and parts and accessories thereof",2278211.0,2025,Export
KOR,Rep. of Korea,AUS,Australia,automotive,87,"Vehicles; other than railway or tramway rolling stock, and parts and accessories thereof",3445609932.0,2025,Export
KOR,Rep. of Korea,AUT,Austria,automotive,87,"Vehicles; other than railway or tramway rolling stock, and parts and accessories thereof",198906906.0,2025,Export
KOR,Rep. of Korea,AZE,Azerbaijan,automotive,87,"Vehicles; other than railway or tramway rolling stock, and parts and accessories thereof",103715830.0,2025,Export
KOR,Rep. of Korea,BDI,Burundi,automotive,87,"Vehicles; other than railway or tramway rolling stock, and parts and accessories thereof",456801.0,2025,Export
KOR,Rep. of Korea,BEL,Belgium,automotive,87,"Vehicles; other than railway or tramway rolling stock, and parts and accessories thereof",649373013.0,2025,Export
KOR,Rep. of Korea,BEN,Benin,automotive,87,"Vehicles; other than railway or tramway rolling stock, and parts and accessories thereof",2264535.0,2025,Export
KOR,Rep. of Korea,BES,Bonaire,automotive,87,"Vehicles; other than railway or tramway rolling stock, and parts and accessories thereof",42553.0,2025,Export
KOR,Rep. of Korea,BFA,Burkina Faso,automotive,87,"Vehicles; other than railway or tramway rolling stock, and parts and accessories thereof",1162900.0,2025,Export
KOR,Rep. of Korea,BGD,Bangladesh,automotive,87,"Vehicles; other than railway or tramway rolling stock, and parts and accessories thereof",6357202.0,2025,Export
KOR,Rep. of Korea,BGR,Bulgaria,automotive,87,"Vehicles; other than railway or tramway rolling stock, and parts and accessories thereof",73127569.0,2025,Export
KOR,Rep. of Korea,BHR,Bahrain,automotive,87,"Vehicles; other than railway or tramway rolling stock, and parts and accessories thereof",28769211.0,2025,Export
KOR,Rep. of Korea,BHS,Bahamas,automotive,87,"Vehicles; other than railway or tramway rolling stock, and parts and accessories thereof",5364470.0,2025,Export
KOR,Rep. of Korea,BIH,Bosnia Herzegovina,automotive,87,"Vehicles; other than railway or tramway rolling stock, and parts and accessories thereof",1453426.0,2025,Export
KOR,Rep. of Korea,BLM,Saint Barthélemy,automotive,87,"Vehicles; other than railway or tramway rolling stock, and parts and accessories thereof",115964.0,2025,Export
KOR,Rep. of Korea,BLR,Belarus,automotive,87,"Vehicles; other than railway or tramway rolling stock, and parts and accessories thereof",11082181.0,2025,Export
KOR,Rep. of Korea,BLZ,Belize,automotive,87,"Vehicles; other than railway or tramway rolling stock, and parts and accessories thereof",536888.0,2025,Export
KOR,Rep. of Korea,BMU,Bermuda,automotive,87,"Vehicles; other than railway or tramway rolling stock, and parts and accessories thereof",11220518.0,2025,Export
KOR,Rep. of Korea,BOL,Bolivia (Plurinational State of),automotive,87,"Vehicles; other than railway or tramway rolling stock, and parts and accessories thereof",8784320.0,2025,Export
KOR,Rep. of Korea,BRA,Brazil,automotive,87,"Vehicles; other than railway or tramway rolling stock, and parts and accessories thereof",615165688.0,2025,Export
KOR,Rep. of Korea,BRB,Barbados,automotive,87,"Vehicles; other than railway or tramway rolling stock, and parts and accessories thereof",5877120.0,2025,Export
KOR,Rep. of Korea,BRN,Brunei Darussalam,automotive,87,"Vehicles; other than railway or tramway rolling stock, and parts and accessories thereof",33939513.0,2025,Export
KOR,Rep. of Korea,BTN,Bhutan,automotive,87,"Vehicles; other than railway or tramway rolling stock, and parts and accessories thereof",804250.0,2025,Export
KOR,Rep. of Korea,BWA,Botswana,automotive,87,"Vehicles; other than railway or tramway rolling stock, and parts and accessories thereof",270455.0,2025,Export
KOR,Rep. of Korea,CAF,Central African Rep.,automotive,87,"Vehicles; other than railway or tramway rolling stock, and parts and accessories thereof",63829.0,2025,Export
KOR,Rep. of Korea,CAN,Canada,automotive,87,"Vehicles; other than railway or tramway rolling stock, and parts and accessories thereof",5795152038.0,2025,Export
KOR,Rep. of Korea,CHE,Switzerland,automotive,87,"Vehicles; other than railway or tramway rolling stock, and parts and accessories thereof",277826533.0,2025,Export
KOR,Rep. of Korea,CHL,Chile,automotive,87,"Vehicles; other than railway or tramway rolling stock, and parts and accessories thereof",451576814.0,2025,Export
KOR,Rep. of Korea,CHN,China,automotive,87,"Vehicles; other than railway or tramway rolling stock, and parts and accessories thereof",1201814167.0,2025,Export
KOR,Rep. of Korea,CIV,Côte d'Ivoire,automotive,87,"Vehicles; other than railway or tramway rolling stock, and parts and accessories thereof",22797702.0,2025,Export
KOR,Rep. of Korea,CMR,Cameroon,automotive,87,"Vehicles; other than railway or tramway rolling stock, and parts and accessories thereof",2984960.0,2025,Export
KOR,Rep. of Korea,COD,Dem. Rep. of the Congo,automotive,87,"Vehicles; other than railway or tramway rolling stock, and parts and accessories thereof",5259082.0,2025,Export
KOR,Rep. of Korea,COG,Congo,automotive,87,"Vehicles; other than railway or tramway rolling stock, and parts and accessories thereof",5493078.0,2025,Export
KOR,Rep. of Korea,COK,Cook Isds,automotive,87,"Vehicles; other than railway or tramway rolling stock, and parts and accessories thereof",289.0,2025,Export
KOR,Rep. of Korea,COL,Colombia,automotive,87,"Vehicles; other than railway or tramway rolling stock, and parts and accessories thereof",675216892.0,2025,Export
KOR,Rep. of Korea,COM,Comoros,automotive,87,"Vehicles; other than railway or tramway rolling stock, and parts and accessories thereof",51623.0,2025,Export
KOR,Rep. of Korea,CPV,Cabo Verde,automotive,87,"Vehicles; other than railway or tramway rolling stock, and parts and accessories thereof",3039486.0,2025,Export
KOR,Rep. of Korea,CRI,Costa Rica,automotive,87,"Vehicles; other than railway or tramway rolling stock, and parts and accessories thereof",73120163.0,2025,Export
KOR,Rep. of Korea,CUB,Cuba,automotive,87,"Vehicles; other than railway or tramway rolling stock, and parts and accessories thereof",10863345.0,2025,Export
KOR,Rep. of Korea,CUW,Curaçao,automotive,87,"Vehicles; other than railway or tramway rolling stock, and parts and accessories thereof",11080287.0,2025,Export
KOR,Rep. of Korea,CYM,Cayman Isds,automotive,87,"Vehicles; other than railway or tramway rolling stock, and parts and accessories thereof",7828966.0,2025,Export
KOR,Rep. of Korea,CYP,Cyprus,automotive,87,"Vehicles; other than railway or tramway rolling stock, and parts and accessories thereof",42573230.0,2025,Export
KOR,Rep. of Korea,CZE,Czechia,automotive,87,"Vehicles; other than railway or tramway rolling stock, and parts and accessories thereof",970028768.0,2025,Export
KOR,Rep. of Korea,DEU,Germany,automotive,87,"Vehicles; other than railway or tramway rolling stock, and parts and accessories thereof",2506270222.0,2025,Export
KOR,Rep. of Korea,DJI,Djibouti,automotive,87,"Vehicles; other than railway or tramway rolling stock, and parts and accessories thereof",7148688.0,2025,Export
KOR,Rep. of Korea,DMA,Dominica,automotive,87,"Vehicles; other than railway or tramway rolling stock, and parts and accessories thereof",639367.0,2025,Export
KOR,Rep. of Korea,DNK,Denmark,automotive,87,"Vehicles; other than railway or tramway rolling stock, and parts and accessories thereof",315930575.0,2025,Export
KOR,Rep. of Korea,DOM,Dominican Rep.,automotive,87,"Vehicles; other than railway or tramway rolling stock, and parts and accessories thereof",139569288.0,2025,Export
KOR,Rep. of Korea,DZA,Algeria,automotive,87,"Vehicles; other than railway or tramway rolling stock, and parts and accessories thereof",138356917.0,2025,Export
KOR,Rep. of Korea,ECU,Ecuador,automotive,87,"Vehicles; other than railway or tramway rolling stock, and parts and accessories thereof",140593002.0,2025,Export
KOR,Rep. of Korea,EGY,Egypt,automotive,87,"Vehicles; other than railway or tramway rolling stock, and parts and accessories thereof",336011778.0,2025,Export
KOR,Rep. of Korea,ERI,Eritrea,automotive,87,"Vehicles; other than railway or tramway rolling stock, and parts and accessories thereof",1232588.0,2025,Export
KOR,Rep. of Korea,ESP,Spain,automotive,87,"Vehicles; other than railway or tramway rolling stock, and parts and accessories thereof",1529827739.0,2025,Export
KOR,Rep. of Korea,EST,Estonia,automotive,87,"Vehicles; other than railway or tramway rolling stock, and parts and accessories thereof",23832876.0,2025,Export
KOR,Rep. of Korea,ETH,Ethiopia,automotive,87,"Vehicles; other than railway or tramway rolling stock, and parts and accessories thereof",7056128.0,2025,Export
KOR,Rep. of Korea,FIN,Finland,automotive,87,"Vehicles; other than railway or tramway rolling stock, and parts and accessories thereof",119438390.0,2025,Export
KOR,Rep. of Korea,FJI,Fiji,automotive,87,"Vehicles; other than railway or tramway rolling stock, and parts and accessories thereof",11654664.0,2025,Export
KOR,Rep. of Korea,FRA,France,automotive,87,"Vehicles; other than railway or tramway rolling stock, and parts and accessories thereof",965730730.0,2025,Export
KOR,Rep. of Korea,FSM,FS Micronesia,automotive,87,"Vehicles; other than railway or tramway rolling stock, and parts and accessories thereof",340879.0,2025,Export
KOR,Rep. of Korea,GAB,Gabon,automotive,87,"Vehicles; other than railway or tramway rolling stock, and parts and accessories thereof",16623513.0,2025,Export
KOR,Rep. of Korea,GBR,United Kingdom,automotive,87,"Vehicles; other than railway or tramway rolling stock, and parts and accessories thereof",2764951215.0,2025,Export
KOR,Rep. of Korea,GEO,Georgia,automotive,87,"Vehicles; other than railway or tramway rolling stock, and parts and accessories thereof",51540050.0,2025,Export
KOR,Rep. of Korea,GHA,Ghana,automotive,87,"Vehicles; other than railway or tramway rolling stock, and parts and accessories thereof",81482309.0,2025,Export
KOR,Rep. of Korea,GIB,Gibraltar,automotive,87,"Vehicles; other than railway or tramway rolling stock, and parts and accessories thereof",2822561.0,2025,Export
KOR,Rep. of Korea,GIN,Guinea,automotive,87,"Vehicles; other than railway or tramway rolling stock, and parts and accessories thereof",7795987.0,2025,Export
KOR,Rep. of Korea,GMB,Gambia,automotive,87,"Vehicles; other than railway or tramway rolling stock, and parts and accessories thereof",2345698.0,2025,Export
KOR,Rep. of Korea,GNB,Guinea-Bissau,automotive,87,"Vehicles; other than railway or tramway rolling stock, and parts and accessories thereof",27211.0,2025,Export
KOR,Rep. of Korea,GNQ,Equatorial Guinea,automotive,87,"Vehicles; other than railway or tramway rolling stock, and parts and accessories thereof",1327485.0,2025,Export
KOR,Rep. of Korea,GRC,Greece,automotive,87,"Vehicles; other than railway or tramway rolling stock, and parts and accessories thereof",117388396.0,2025,Export
KOR,Rep. of Korea,GRD,Grenada,automotive,87,"Vehicles; other than railway or tramway rolling stock, and parts and accessories thereof",1116605.0,2025,Export
KOR,Rep. of Korea,GRL,Greenland,automotive,87,"Vehicles; other than railway or tramway rolling stock, and parts and accessories thereof",346.0,2025,Export
KOR,Rep. of Korea,GTM,Guatemala,automotive,87,"Vehicles; other than railway or tramway rolling stock, and parts and accessories thereof",85116814.0,2025,Export
KOR,Rep. of Korea,GUM,Guam,automotive,87,"Vehicles; other than railway or tramway rolling stock, and parts and accessories thereof",15473016.0,2025,Export
KOR,Rep. of Korea,GUY,Guyana,automotive,87,"Vehicles; other than railway or tramway rolling stock, and parts and accessories thereof",1329157.0,2025,Export
KOR,Rep. of Korea,HKG,"China, Hong Kong SAR",automotive,87,"Vehicles; other than railway or tramway rolling stock, and parts and accessories thereof",23447649.0,2025,Export
KOR,Rep. of Korea,HND,Honduras,automotive,87,"Vehicles; other than railway or tramway rolling stock, and parts and accessories thereof",39737511.0,2025,Export
KOR,Rep. of Korea,HRV,Croatia,automotive,87,"Vehicles; other than railway or tramway rolling stock, and parts and accessories thereof",28380339.0,2025,Export
KOR,Rep. of Korea,HTI,Haiti,automotive,87,"Vehicles; other than railway or tramway rolling stock, and parts and accessories thereof",176572.0,2025,Export
KOR,Rep. of Korea,HUN,Hungary,automotive,87,"Vehicles; other than railway or tramway rolling stock, and parts and accessories thereof",337057626.0,2025,Export
KOR,Rep. of Korea,IDN,Indonesia,automotive,87,"Vehicles; other than railway or tramway rolling stock, and parts and accessories thereof",262660909.0,2025,Export
KOR,Rep. of Korea,IND,India,automotive,87,"Vehicles; other than railway or tramway rolling stock, and parts and accessories thereof",650278330.0,2025,Export
KOR,Rep. of Korea,IRL,Ireland,automotive,87,"Vehicles; other than railway or tramway rolling stock, and parts and accessories thereof",396307407.0,2025,Export
KOR,Rep. of Korea,IRN,Iran,automotive,87,"Vehicles; other than railway or tramway rolling stock, and parts and accessories thereof",19978620.0,2025,Export
KOR,Rep. of Korea,IRQ,Iraq,automotive,87,"Vehicles; other than railway or tramway rolling stock, and parts and accessories thereof",833792727.0,2025,Export
KOR,Rep. of Korea,ISL,Iceland,automotive,87,"Vehicles; other than railway or tramway rolling stock, and parts and accessories thereof",47916034.0,2025,Export
KOR,Rep. of Korea,ISR,Israel,automotive,87,"Vehicles; other than railway or tramway rolling stock, and parts and accessories thereof",944040719.0,2025,Export
KOR,Rep. of Korea,ITA,Italy,automotive,87,"Vehicles; other than railway or tramway rolling stock, and parts and accessories thereof",777135619.0,2025,Export
KOR,Rep. of Korea,JAM,Jamaica,automotive,87,"Vehicles; other than railway or tramway rolling stock, and parts and accessories thereof",15290357.0,2025,Export
KOR,Rep. of Korea,JOR,Jordan,automotive,87,"Vehicles; other than railway or tramway rolling stock, and parts and accessories thereof",416469829.0,2025,Export
KOR,Rep. of Korea,JPN,Japan,automotive,87,"Vehicles; other than railway or tramway rolling stock, and parts and accessories thereof",435331079.0,2025,Export
KOR,Rep. of Korea,KAZ,Kazakhstan,automotive,87,"Vehicles; other than railway or tramway rolling stock, and parts and accessories thereof",2152968669.0,2025,Export
KOR,Rep. of Korea,KEN,Kenya,automotive,87,"Vehicles; other than railway or tramway rolling stock, and parts and accessories thereof",2155987.0,2025,Export
KOR,Rep. of Korea,KGZ,Kyrgyzstan,automotive,87,"Vehicles; other than railway or tramway rolling stock, and parts and accessories thereof",3234636738.0,2025,Export
KOR,Rep. of Korea,KHM,Cambodia,automotive,87,"Vehicles; other than railway or tramway rolling stock, and parts and accessories thereof",136613130.0,2025,Export
KOR,Rep. of Korea,KIR,Kiribati,automotive,87,"Vehicles; other than railway or tramway rolling stock, and parts and accessories thereof",1097.0,2025,Export
KOR,Rep. of Korea,KNA,Saint Kitts and Nevis,automotive,87,"Vehicles; other than railway or tramway rolling stock, and parts and accessories thereof",995629.0,2025,Export
KOR,Rep. of Korea,KWT,Kuwait,automotive,87,"Vehicles; other than railway or tramway rolling stock, and parts and accessories thereof",152133265.0,2025,Export
KOR,Rep. of Korea,LAO,Lao People's Dem. Rep.,automotive,87,"Vehicles; other than railway or tramway rolling stock, and parts and accessories thereof",59850172.0,2025,Export
KOR,Rep. of Korea,LBN,Lebanon,automotive,87,"Vehicles; other than railway or tramway rolling stock, and parts and accessories thereof",12258923.0,2025,Export
KOR,Rep. of Korea,LBR,Liberia,automotive,87,"Vehicles; other than railway or tramway rolling stock, and parts and accessories thereof",2373628.0,2025,Export
KOR,Rep. of Korea,LBY,Libya,automotive,87,"Vehicles; other than railway or tramway rolling stock, and parts and accessories thereof",319289235.0,2025,Export
KOR,Rep. of Korea,LCA,Saint Lucia,automotive,87,"Vehicles; other than railway or tramway rolling stock, and parts and accessories thereof",2272938.0,2025,Export
KOR,Rep. of Korea,LKA,Sri Lanka,automotive,87,"Vehicles; other than railway or tramway rolling stock, and parts and accessories thereof",14253222.0,2025,Export
KOR,Rep. of Korea,LSO,Lesotho,automotive,87,"Vehicles; other than railway or tramway rolling stock, and parts and accessories thereof",8800.0,2025,Export
KOR,Rep. of Korea,LTU,Lithuania,automotive,87,"Vehicles; other than railway or tramway rolling stock, and parts and accessories thereof",7218984.0,2025,Export
KOR,Rep. of Korea,LUX,Luxembourg,automotive,87,"Vehicles; other than railway or tramway rolling stock, and parts and accessories thereof",135727.0,2025,Export
KOR,Rep. of Korea,LVA,Latvia,automotive,87,"Vehicles; other than railway or tramway rolling stock, and parts and accessories thereof",1265504.0,2025,Export
KOR,Rep. of Korea,MAC,"China, Macao SAR",automotive,87,"Vehicles; other than railway or tramway rolling stock, and parts and accessories thereof",1506359.0,2025,Export
KOR,Rep. of Korea,MAR,Morocco,automotive,87,"Vehicles; other than railway or tramway rolling stock, and parts and accessories thereof",108788730.0,2025,Export
KOR,Rep. of Korea,MDA,Rep. of Moldova,automotive,87,"Vehicles; other than railway or tramway rolling stock, and parts and accessories thereof",21063706.0,2025,Export
KOR,Rep. of Korea,MDG,Madagascar,automotive,87,"Vehicles; other than railway or tramway rolling stock, and parts and accessories thereof",19911051.0,2025,Export
KOR,Rep. of Korea,MDV,Maldives,automotive,87,"Vehicles; other than railway or tramway rolling stock, and parts and accessories thereof",154277.0,2025,Export
KOR,Rep. of Korea,MEX,Mexico,automotive,87,"Vehicles; other than railway or tramway rolling stock, and parts and accessories thereof",2139933488.0,2025,Export
KOR,Rep. of Korea,MHL,Marshall Isds,automotive,87,"Vehicles; other than railway or tramway rolling stock, and parts and accessories thereof",3299883.0,2025,Export
KOR,Rep. of Korea,MKD,North Macedonia,automotive,87,"Vehicles; other than railway or tramway rolling stock, and parts and accessories thereof",2924724.0,2025,Export
KOR,Rep. of Korea,MLI,Mali,automotive,87,"Vehicles; other than railway or tramway rolling stock, and parts and accessories thereof",4088544.0,2025,Export
KOR,Rep. of Korea,MLT,Malta,automotive,87,"Vehicles; other than railway or tramway rolling stock, and parts and accessories thereof",10017798.0,2025,Export
KOR,Rep. of Korea,MMR,Myanmar,automotive,87,"Vehicles; other than railway or tramway rolling stock, and parts and accessories thereof",34624023.0,2025,Export
KOR,Rep. of Korea,MNE,Montenegro,automotive,87,"Vehicles; other than railway or tramway rolling stock, and parts and accessories thereof",4274025.0,2025,Export
KOR,Rep. of Korea,MNG,Mongolia,automotive,87,"Vehicles; other than railway or tramway rolling stock, and parts and accessories thereof",88505285.0,2025,Export
KOR,Rep. of Korea,MNP,N. Mariana Isds,automotive,87,"Vehicles; other than railway or tramway rolling stock, and parts and accessories thereof",2202941.0,2025,Export
KOR,Rep. of Korea,MOZ,Mozambique,automotive,87,"Vehicles; other than railway or tramway rolling stock, and parts and accessories thereof",11052012.0,2025,Export
KOR,Rep. of Korea,MRT,Mauritania,automotive,87,"Vehicles; other than railway or tramway rolling stock, and parts and accessories thereof",1403031.0,2025,Export
KOR,Rep. of Korea,MSR,Montserrat,automotive,87,"Vehicles; other than railway or tramway rolling stock, and parts and accessories thereof",99.0,2025,Export
KOR,Rep. of Korea,MUS,Mauritius,automotive,87,"Vehicles; other than railway or tramway rolling stock, and parts and accessories thereof",14955439.0,2025,Export
KOR,Rep. of Korea,MWI,Malawi,automotive,87,"Vehicles; other than railway or tramway rolling stock, and parts and accessories thereof",69382.0,2025,Export
KOR,Rep. of Korea,MYS,Malaysia,automotive,87,"Vehicles; other than railway or tramway rolling stock, and parts and accessories thereof",64778598.0,2025,Export
KOR,Rep. of Korea,NAM,Namibia,automotive,87,"Vehicles; other than railway or tramway rolling stock, and parts and accessories thereof",226.0,2025,Export
KOR,Rep. of Korea,NCL,New Caledonia,automotive,87,"Vehicles; other than railway or tramway rolling stock, and parts and accessories thereof",4370133.0,2025,Export
KOR,Rep. of Korea,NER,Niger,automotive,87,"Vehicles; other than railway or tramway rolling stock, and parts and accessories thereof",5743.0,2025,Export
KOR,Rep. of Korea,NGA,Nigeria,automotive,87,"Vehicles; other than railway or tramway rolling stock, and parts and accessories thereof",25421208.0,2025,Export
KOR,Rep. of Korea,NIC,Nicaragua,automotive,87,"Vehicles; other than railway or tramway rolling stock, and parts and accessories thereof",47452305.0,2025,Export
KOR,Rep. of Korea,NLD,Netherlands,automotive,87,"Vehicles; other than railway or tramway rolling stock, and parts and accessories thereof",1029276611.0,2025,Export
KOR,Rep. of Korea,NOR,Norway,automotive,87,"Vehicles; other than railway or tramway rolling stock, and parts and accessories thereof",383342924.0,2025,Export
KOR,Rep. of Korea,NPL,Nepal,automotive,87,"Vehicles; other than railway or tramway rolling stock, and parts and accessories thereof",522079.0,2025,Export
KOR,Rep. of Korea,NRU,Nauru,automotive,87,"Vehicles; other than railway or tramway rolling stock, and parts and accessories thereof",2500.0,2025,Export
KOR,Rep. of Korea,NZL,New Zealand,automotive,87,"Vehicles; other than railway or tramway rolling stock, and parts and accessories thereof",254564921.0,2025,Export
KOR,Rep. of Korea,OMN,Oman,automotive,87,"Vehicles; other than railway or tramway rolling stock, and parts and accessories thereof",74325389.0,2025,Export
KOR,Rep. of Korea,PAK,Pakistan,automotive,87,"Vehicles; other than railway or tramway rolling stock, and parts and accessories thereof",513470696.0,2025,Export
KOR,Rep. of Korea,PAN,Panama,automotive,87,"Vehicles; other than railway or tramway rolling stock, and parts and accessories thereof",51314515.0,2025,Export
KOR,Rep. of Korea,PER,Peru,automotive,87,"Vehicles; other than railway or tramway rolling stock, and parts and accessories thereof",173182893.0,2025,Export
KOR,Rep. of Korea,PHL,Philippines,automotive,87,"Vehicles; other than railway or tramway rolling stock, and parts and accessories thereof",175379851.0,2025,Export
KOR,Rep. of Korea,PLW,Palau,automotive,87,"Vehicles; other than railway or tramway rolling stock, and parts and accessories thereof",485634.0,2025,Export
KOR,Rep. of Korea,PNG,Papua New Guinea,automotive,87,"Vehicles; other than railway or tramway rolling stock, and parts and accessories thereof",9316210.0,2025,Export
KOR,Rep. of Korea,POL,Poland,automotive,87,"Vehicles; other than railway or tramway rolling stock, and parts and accessories thereof",1943979727.0,2025,Export
KOR,Rep. of Korea,PRT,Portugal,automotive,87,"Vehicles; other than railway or tramway rolling stock, and parts and accessories thereof",191146742.0,2025,Export
KOR,Rep. of Korea,PRY,Paraguay,automotive,87,"Vehicles; other than railway or tramway rolling stock, and parts and accessories thereof",77506770.0,2025,Export
KOR,Rep. of Korea,PSE,State of Palestine,automotive,87,"Vehicles; other than railway or tramway rolling stock, and parts and accessories thereof",20124861.0,2025,Export
KOR,Rep. of Korea,PYF,French Polynesia,automotive,87,"Vehicles; other than railway or tramway rolling stock, and parts and accessories thereof",13521070.0,2025,Export
KOR,Rep. of Korea,QAT,Qatar,automotive,87,"Vehicles; other than railway or tramway rolling stock, and parts and accessories thereof",64074370.0,2025,Export
KOR,Rep. of Korea,ROU,Romania,automotive,87,"Vehicles; other than railway or tramway rolling stock, and parts and accessories thereof",129704030.0,2025,Export
KOR,Rep. of Korea,RUS,Russian Federation,automotive,87,"Vehicles; other than railway or tramway rolling stock, and parts and accessories thereof",1151726214.0,2025,Export
KOR,Rep. of Korea,RWA,Rwanda,automotive,87,"Vehicles; other than railway or tramway rolling stock, and parts and accessories thereof",17508073.0,2025,Export
KOR,Rep. of Korea,S19,"Other Asia, nes",automotive,87,"Vehicles; other than railway or tramway rolling stock, and parts and accessories thereof",526396343.0,2025,Export
KOR,Rep. of Korea,SAU,Saudi Arabia,automotive,87,"Vehicles; other than railway or tramway rolling stock, and parts and accessories thereof",1389910756.0,2025,Export
KOR,Rep. of Korea,SDN,Sudan,automotive,87,"Vehicles; other than railway or tramway rolling stock, and parts and accessories thereof",12951580.0,2025,Export
KOR,Rep. of Korea,SEN,Senegal,automotive,87,"Vehicles; other than railway or tramway rolling stock, and parts and accessories thereof",67716343.0,2025,Export
KOR,Rep. of Korea,SGP,Singapore,automotive,87,"Vehicles; other than railway or tramway rolling stock, and parts and accessories thereof",94726843.0,2025,Export
KOR,Rep. of Korea,SGS,South Georgia and the South Sandwich Islands,automotive,87,"Vehicles; other than railway or tramway rolling stock, and parts and accessories thereof",10981.0,2025,Export
KOR,Rep. of Korea,SLB,Solomon Isds,automotive,87,"Vehicles; other than railway or tramway rolling stock, and parts and accessories thereof",1482908.0,2025,Export
KOR,Rep. of Korea,SLE,Sierra Leone,automotive,87,"Vehicles; other than railway or tramway rolling stock, and parts and accessories thereof",547769.0,2025,Export
KOR,Rep. of Korea,SLV,El Salvador,automotive,87,"Vehicles; other than railway or tramway rolling stock, and parts and accessories thereof",53988937.0,2025,Export
KOR,Rep. of Korea,SOM,Somalia,automotive,87,"Vehicles; other than railway or tramway rolling stock, and parts and accessories thereof",397647.0,2025,Export
KOR,Rep. of Korea,SRB,Serbia,automotive,87,"Vehicles; other than railway or tramway rolling stock, and parts and accessories thereof",2445621.0,2025,Export
KOR,Rep. of Korea,SSD,South Sudan,automotive,87,"Vehicles; other than railway or tramway rolling stock, and parts and accessories thereof",714.0,2025,Export
KOR,Rep. of Korea,STP,Sao Tome and Principe,automotive,87,"Vehicles; other than railway or tramway rolling stock, and parts and accessories thereof",18958.0,2025,Export
KOR,Rep. of Korea,SUR,Suriname,automotive,87,"Vehicles; other than railway or tramway rolling stock, and parts and accessories thereof",830903.0,2025,Export
KOR,Rep. of Korea,SVK,Slovakia,automotive,87,"Vehicles; other than railway or tramway rolling stock, and parts and accessories thereof",882824474.0,2025,Export
KOR,Rep. of Korea,SVN,Slovenia,automotive,87,"Vehicles; other than railway or tramway rolling stock, and parts and accessories thereof",129898097.0,2025,Export
KOR,Rep. of Korea,SWE,Sweden,automotive,87,"Vehicles; other than railway or tramway rolling stock, and parts and accessories thereof",727957621.0,2025,Export
KOR,Rep. of Korea,SWZ,Eswatini,automotive,87,"Vehicles; other than railway or tramway rolling stock, and parts and accessories thereof",3575.0,2025,Export
KOR,Rep. of Korea,SXM,Sint Maarten,automotive,87,"Vehicles; other than railway or tramway rolling stock, and parts and accessories thereof",38078.0,2025,Export
KOR,Rep. of Korea,SYC,Seychelles,automotive,87,"Vehicles; other than railway or tramway rolling stock, and parts and accessories thereof",5139626.0,2025,Export
KOR,Rep. of Korea,SYR,Syria,automotive,87,"Vehicles; other than railway or tramway rolling stock, and parts and accessories thereof",175209649.0,2025,Export
KOR,Rep. of Korea,TCA,Turks and Caicos Isds,automotive,87,"Vehicles; other than railway or tramway rolling stock, and parts and accessories thereof",1916483.0,2025,Export
KOR,Rep. of Korea,TCD,Chad,automotive,87,"Vehicles; other than railway or tramway rolling stock, and parts and accessories thereof",690426.0,2025,Export
KOR,Rep. of Korea,TGO,Togo,automotive,87,"Vehicles; other than railway or tramway rolling stock, and parts and accessories thereof",3191271.0,2025,Export
KOR,Rep. of Korea,THA,Thailand,automotive,87,"Vehicles; other than railway or tramway rolling stock, and parts and accessories thereof",150333045.0,2025,Export
KOR,Rep. of Korea,TJK,Tajikistan,automotive,87,"Vehicles; other than railway or tramway rolling stock, and parts and accessories thereof",316093882.0,2025,Export
KOR,Rep. of Korea,TKL,Tokelau,automotive,87,"Vehicles; other than railway or tramway rolling stock, and parts and accessories thereof",4602.0,2025,Export
KOR,Rep. of Korea,TKM,Turkmenistan,automotive,87,"Vehicles; other than railway or tramway rolling stock, and parts and accessories thereof",7539089.0,2025,Export
KOR,Rep. of Korea,TLS,Timor-Leste,automotive,87,"Vehicles; other than railway or tramway rolling stock, and parts and accessories thereof",1335.0,2025,Export
KOR,Rep. of Korea,TON,Tonga,automotive,87,"Vehicles; other than railway or tramway rolling stock, and parts and accessories thereof",27614.0,2025,Export
KOR,Rep. of Korea,TTO,Trinidad and Tobago,automotive,87,"Vehicles; other than railway or tramway rolling stock, and parts and accessories thereof",43693510.0,2025,Export
KOR,Rep. of Korea,TUN,Tunisia,automotive,87,"Vehicles; other than railway or tramway rolling stock, and parts and accessories thereof",73614316.0,2025,Export
KOR,Rep. of Korea,TUR,Türkiye,automotive,87,"Vehicles; other than railway or tramway rolling stock, and parts and accessories thereof",1676073256.0,2025,Export
KOR,Rep. of Korea,TUV,Tuvalu,automotive,87,"Vehicles; other than railway or tramway rolling stock, and parts and accessories thereof",3181.0,2025,Export
KOR,Rep. of Korea,TZA,United Rep. of Tanzania,automotive,87,"Vehicles; other than railway or tramway rolling stock, and parts and accessories thereof",16113475.0,2025,Export
KOR,Rep. of Korea,UGA,Uganda,automotive,87,"Vehicles; other than railway or tramway rolling stock, and parts and accessories thereof",3428603.0,2025,Export
KOR,Rep. of Korea,UKR,Ukraine,automotive,87,"Vehicles; other than railway or tramway rolling stock, and parts and accessories thereof",185770866.0,2025,Export
KOR,Rep. of Korea,URY,Uruguay,automotive,87,"Vehicles; other than railway or tramway rolling stock, and parts and accessories thereof",63721478.0,2025,Export
KOR,Rep. of Korea,USA,USA,automotive,87,"Vehicles; other than railway or tramway rolling stock, and parts and accessories thereof",37769200571.0,2025,Export
KOR,Rep. of Korea,UZB,Uzbekistan,automotive,87,"Vehicles; other than railway or tramway rolling stock, and parts and accessories thereof",808879475.0,2025,Export
KOR,Rep. of Korea,VAT,Holy See (Vatican City State),automotive,87,"Vehicles; other than railway or tramway rolling stock, and parts and accessories thereof",10262.0,2025,Export
KOR,Rep. of Korea,VCT,Saint Vincent and the Grenadines,automotive,87,"Vehicles; other than railway or tramway rolling stock, and parts and accessories thereof",601463.0,2025,Export
KOR,Rep. of Korea,VEN,Venezuela,automotive,87,"Vehicles; other than railway or tramway rolling stock, and parts and accessories thereof",12016082.0,2025,Export
KOR,Rep. of Korea,VGB,Br. Virgin Isds,automotive,87,"Vehicles; other than railway or tramway rolling stock, and parts and accessories thereof",3534572.0,2025,Export
KOR,Rep. of Korea,VNM,Viet Nam,automotive,87,"Vehicles; other than railway or tramway rolling stock, and parts and accessories thereof",1029926650.0,2025,Export
KOR,Rep. of Korea,VUT,Vanuatu,automotive,87,"Vehicles; other than railway or tramway rolling stock, and parts and accessories thereof",5229002.0,2025,Export
KOR,Rep. of Korea,W00,World,automotive,87,"Vehicles; other than railway or tramway rolling stock, and parts and accessories thereof",92336324025.0,2025,Export
KOR,Rep. of Korea,WLF,Wallis and Futuna Isds,automotive,87,"Vehicles; other than railway or tramway rolling stock, and parts and accessories thereof",13537.0,2025,Export
KOR,Rep. of Korea,WSM,Samoa,automotive,87,"Vehicles; other than railway or tramway rolling stock, and parts and accessories thereof",1887561.0,2025,Export
KOR,Rep. of Korea,YEM,Yemen,automotive,87,"Vehicles; other than railway or tramway rolling stock, and parts and accessories thereof",21025537.0,2025,Export
KOR,Rep. of Korea,ZAF,South Africa,automotive,87,"Vehicles; other than railway or tramway rolling stock, and parts and accessories thereof",161504996.0,2025,Export
KOR,Rep. of Korea,ZMB,Zambia,automotive,87,"Vehicles; other than railway or tramway rolling stock, and parts and accessories thereof",134918.0,2025,Export
KOR,Rep. of Korea,ZWE,Zimbabwe,automotive,87,"Vehicles; other than railway or tramway rolling stock, and parts and accessories thereof",1301745.0,2025,Export
KOR,Rep. of Korea,_X,"Areas, nes",automotive,87,"Vehicles; other than railway or tramway rolling stock, and parts and accessories thereof",85460301.0,2025,Export
MEX,Mexico,ABW,Aruba,automotive,87,"Vehicles; other than railway or tramway rolling stock, and parts and accessories thereof",6115494.0,2025,Export
MEX,Mexico,ARE,United Arab Emirates,automotive,87,"Vehicles; other than railway or tramway rolling stock, and parts and accessories thereof",229389156.0,2025,Export
MEX,Mexico,ARG,Argentina,automotive,87,"Vehicles; other than railway or tramway rolling stock, and parts and accessories thereof",647360030.0,2025,Export
MEX,Mexico,AUS,Australia,automotive,87,"Vehicles; other than railway or tramway rolling stock, and parts and accessories thereof",495833891.0,2025,Export
MEX,Mexico,AUT,Austria,automotive,87,"Vehicles; other than railway or tramway rolling stock, and parts and accessories thereof",55856749.0,2025,Export
MEX,Mexico,BEL,Belgium,automotive,87,"Vehicles; other than railway or tramway rolling stock, and parts and accessories thereof",187603397.0,2025,Export
MEX,Mexico,BHR,Bahrain,automotive,87,"Vehicles; other than railway or tramway rolling stock, and parts and accessories thereof",4329717.0,2025,Export
MEX,Mexico,BHS,Bahamas,automotive,87,"Vehicles; other than railway or tramway rolling stock, and parts and accessories thereof",2509450.0,2025,Export
MEX,Mexico,BLZ,Belize,automotive,87,"Vehicles; other than railway or tramway rolling stock, and parts and accessories thereof",2808265.0,2025,Export
MEX,Mexico,BOL,Bolivia (Plurinational State of),automotive,87,"Vehicles; other than railway or tramway rolling stock, and parts and accessories thereof",25683658.0,2025,Export
MEX,Mexico,BRA,Brazil,automotive,87,"Vehicles; other than railway or tramway rolling stock, and parts and accessories thereof",1518437132.0,2025,Export
MEX,Mexico,BRB,Barbados,automotive,87,"Vehicles; other than railway or tramway rolling stock, and parts and accessories thereof",240101.0,2025,Export
MEX,Mexico,CAN,Canada,automotive,87,"Vehicles; other than railway or tramway rolling stock, and parts and accessories thereof",11327351854.0,2025,Export
MEX,Mexico,CHE,Switzerland,automotive,87,"Vehicles; other than railway or tramway rolling stock, and parts and accessories thereof",63305702.0,2025,Export
MEX,Mexico,CHL,Chile,automotive,87,"Vehicles; other than railway or tramway rolling stock, and parts and accessories thereof",197263172.0,2025,Export
MEX,Mexico,CHN,China,automotive,87,"Vehicles; other than railway or tramway rolling stock, and parts and accessories thereof",723265904.0,2025,Export
MEX,Mexico,COL,Colombia,automotive,87,"Vehicles; other than railway or tramway rolling stock, and parts and accessories thereof",915473303.0,2025,Export
MEX,Mexico,CRI,Costa Rica,automotive,87,"Vehicles; other than railway or tramway rolling stock, and parts and accessories thereof",151239088.0,2025,Export
MEX,Mexico,CUB,Cuba,automotive,87,"Vehicles; other than railway or tramway rolling stock, and parts and accessories thereof",5258356.0,2025,Export
MEX,Mexico,CUW,Curaçao,automotive,87,"Vehicles; other than railway or tramway rolling stock, and parts and accessories thereof",3473595.0,2025,Export
MEX,Mexico,CYM,Cayman Isds,automotive,87,"Vehicles; other than railway or tramway rolling stock, and parts and accessories thereof",354236.0,2025,Export
MEX,Mexico,CZE,Czechia,automotive,87,"Vehicles; other than railway or tramway rolling stock, and parts and accessories thereof",19002224.0,2025,Export
MEX,Mexico,DEU,Germany,automotive,87,"Vehicles; other than railway or tramway rolling stock, and parts and accessories thereof",4030566319.0,2025,Export
MEX,Mexico,DNK,Denmark,automotive,87,"Vehicles; other than railway or tramway rolling stock, and parts and accessories thereof",5618312.0,2025,Export
MEX,Mexico,DOM,Dominican Rep.,automotive,87,"Vehicles; other than railway or tramway rolling stock, and parts and accessories thereof",36095450.0,2025,Export
MEX,Mexico,ECU,Ecuador,automotive,87,"Vehicles; other than railway or tramway rolling stock, and parts and accessories thereof",42878328.0,2025,Export
MEX,Mexico,EGY,Egypt,automotive,87,"Vehicles; other than railway or tramway rolling stock, and parts and accessories thereof",3354451.0,2025,Export
MEX,Mexico,ESP,Spain,automotive,87,"Vehicles; other than railway or tramway rolling stock, and parts and accessories thereof",120620552.0,2025,Export
MEX,Mexico,FIN,Finland,automotive,87,"Vehicles; other than railway or tramway rolling stock, and parts and accessories thereof",40787356.0,2025,Export
MEX,Mexico,FRA,France,automotive,87,"Vehicles; other than railway or tramway rolling stock, and parts and accessories thereof",94981079.0,2025,Export
MEX,Mexico,GBR,United Kingdom,automotive,87,"Vehicles; other than railway or tramway rolling stock, and parts and accessories thereof",502074837.0,2025,Export
MEX,Mexico,GEO,Georgia,automotive,87,"Vehicles; other than railway or tramway rolling stock, and parts and accessories thereof",400503.0,2025,Export
MEX,Mexico,GTM,Guatemala,automotive,87,"Vehicles; other than railway or tramway rolling stock, and parts and accessories thereof",96018126.0,2025,Export
MEX,Mexico,GUM,Guam,automotive,87,"Vehicles; other than railway or tramway rolling stock, and parts and accessories thereof",131987.0,2025,Export
MEX,Mexico,HKG,"China, Hong Kong SAR",automotive,87,"Vehicles; other than railway or tramway rolling stock, and parts and accessories thereof",1959854.0,2025,Export
MEX,Mexico,HND,Honduras,automotive,87,"Vehicles; other than railway or tramway rolling stock, and parts and accessories thereof",70510790.0,2025,Export
MEX,Mexico,HTI,Haiti,automotive,87,"Vehicles; other than railway or tramway rolling stock, and parts and accessories thereof",2694306.0,2025,Export
MEX,Mexico,HUN,Hungary,automotive,87,"Vehicles; other than railway or tramway rolling stock, and parts and accessories thereof",13301330.0,2025,Export
MEX,Mexico,IDN,Indonesia,automotive,87,"Vehicles; other than railway or tramway rolling stock, and parts and accessories thereof",766110.0,2025,Export
MEX,Mexico,IND,India,automotive,87,"Vehicles; other than railway or tramway rolling stock, and parts and accessories thereof",26741806.0,2025,Export
MEX,Mexico,IRL,Ireland,automotive,87,"Vehicles; other than railway or tramway rolling stock, and parts and accessories thereof",17705978.0,2025,Export
MEX,Mexico,ISR,Israel,automotive,87,"Vehicles; other than railway or tramway rolling stock, and parts and accessories thereof",58807052.0,2025,Export
MEX,Mexico,ITA,Italy,automotive,87,"Vehicles; other than railway or tramway rolling stock, and parts and accessories thereof",57583119.0,2025,Export
MEX,Mexico,JAM,Jamaica,automotive,87,"Vehicles; other than railway or tramway rolling stock, and parts and accessories thereof",2881604.0,2025,Export
MEX,Mexico,JOR,Jordan,automotive,87,"Vehicles; other than railway or tramway rolling stock, and parts and accessories thereof",3132497.0,2025,Export
MEX,Mexico,JPN,Japan,automotive,87,"Vehicles; other than railway or tramway rolling stock, and parts and accessories thereof",645129119.0,2025,Export
MEX,Mexico,KAZ,Kazakhstan,automotive,87,"Vehicles; other than railway or tramway rolling stock, and parts and accessories thereof",815490.0,2025,Export
MEX,Mexico,KOR,Rep. of Korea,automotive,87,"Vehicles; other than railway or tramway rolling stock, and parts and accessories thereof",420821382.0,2025,Export
MEX,Mexico,KWT,Kuwait,automotive,87,"Vehicles; other than railway or tramway rolling stock, and parts and accessories thereof",85670853.0,2025,Export
MEX,Mexico,MAR,Morocco,automotive,87,"Vehicles; other than railway or tramway rolling stock, and parts and accessories thereof",1058843.0,2025,Export
MEX,Mexico,MYS,Malaysia,automotive,87,"Vehicles; other than railway or tramway rolling stock, and parts and accessories thereof",4549279.0,2025,Export
MEX,Mexico,NGA,Nigeria,automotive,87,"Vehicles; other than railway or tramway rolling stock, and parts and accessories thereof",367438.0,2025,Export
MEX,Mexico,NIC,Nicaragua,automotive,87,"Vehicles; other than railway or tramway rolling stock, and parts and accessories thereof",40587642.0,2025,Export
MEX,Mexico,NLD,Netherlands,automotive,87,"Vehicles; other than railway or tramway rolling stock, and parts and accessories thereof",49362773.0,2025,Export
MEX,Mexico,NOR,Norway,automotive,87,"Vehicles; other than railway or tramway rolling stock, and parts and accessories thereof",1032435.0,2025,Export
MEX,Mexico,NZL,New Zealand,automotive,87,"Vehicles; other than railway or tramway rolling stock, and parts and accessories thereof",55351442.0,2025,Export
MEX,Mexico,OMN,Oman,automotive,87,"Vehicles; other than railway or tramway rolling stock, and parts and accessories thereof",11878768.0,2025,Export
MEX,Mexico,PAN,Panama,automotive,87,"Vehicles; other than railway or tramway rolling stock, and parts and accessories thereof",60314165.0,2025,Export
MEX,Mexico,PER,Peru,automotive,87,"Vehicles; other than railway or tramway rolling stock, and parts and accessories thereof",207063089.0,2025,Export
MEX,Mexico,PHL,Philippines,automotive,87,"Vehicles; other than railway or tramway rolling stock, and parts and accessories thereof",5652566.0,2025,Export
MEX,Mexico,POL,Poland,automotive,87,"Vehicles; other than railway or tramway rolling stock, and parts and accessories thereof",109539240.0,2025,Export
MEX,Mexico,PRT,Portugal,automotive,87,"Vehicles; other than railway or tramway rolling stock, and parts and accessories thereof",4573730.0,2025,Export
MEX,Mexico,PRY,Paraguay,automotive,87,"Vehicles; other than railway or tramway rolling stock, and parts and accessories thereof",21549267.0,2025,Export
MEX,Mexico,QAT,Qatar,automotive,87,"Vehicles; other than railway or tramway rolling stock, and parts and accessories thereof",36405113.0,2025,Export
MEX,Mexico,ROU,Romania,automotive,87,"Vehicles; other than railway or tramway rolling stock, and parts and accessories thereof",28212182.0,2025,Export
MEX,Mexico,S19,"Other Asia, nes",automotive,87,"Vehicles; other than railway or tramway rolling stock, and parts and accessories thereof",73472167.0,2025,Export
MEX,Mexico,SAU,Saudi Arabia,automotive,87,"Vehicles; other than railway or tramway rolling stock, and parts and accessories thereof",299137761.0,2025,Export
MEX,Mexico,SGP,Singapore,automotive,87,"Vehicles; other than railway or tramway rolling stock, and parts and accessories thereof",57369530.0,2025,Export
MEX,Mexico,SLV,El Salvador,automotive,87,"Vehicles; other than railway or tramway rolling stock, and parts and accessories thereof",69744624.0,2025,Export
MEX,Mexico,SRB,Serbia,automotive,87,"Vehicles; other than railway or tramway rolling stock, and parts and accessories thereof",1529062.0,2025,Export
MEX,Mexico,SVK,Slovakia,automotive,87,"Vehicles; other than railway or tramway rolling stock, and parts and accessories thereof",10952638.0,2025,Export
MEX,Mexico,SWE,Sweden,automotive,87,"Vehicles; other than railway or tramway rolling stock, and parts and accessories thereof",8451434.0,2025,Export
MEX,Mexico,THA,Thailand,automotive,87,"Vehicles; other than railway or tramway rolling stock, and parts and accessories thereof",28812315.0,2025,Export
MEX,Mexico,TTO,Trinidad and Tobago,automotive,87,"Vehicles; other than railway or tramway rolling stock, and parts and accessories thereof",2030181.0,2025,Export
MEX,Mexico,TUR,Türkiye,automotive,87,"Vehicles; other than railway or tramway rolling stock, and parts and accessories thereof",4284840.0,2025,Export
MEX,Mexico,URY,Uruguay,automotive,87,"Vehicles; other than railway or tramway rolling stock, and parts and accessories thereof",47944323.0,2025,Export
MEX,Mexico,USA,USA,automotive,87,"Vehicles; other than railway or tramway rolling stock, and parts and accessories thereof",127570031805.0,2025,Export
MEX,Mexico,UZB,Uzbekistan,automotive,87,"Vehicles; other than railway or tramway rolling stock, and parts and accessories thereof",64142520.0,2025,Export
MEX,Mexico,VEN,Venezuela,automotive,87,"Vehicles; other than railway or tramway rolling stock, and parts and accessories thereof",1958484.0,2025,Export
MEX,Mexico,VNM,Viet Nam,automotive,87,"Vehicles; other than railway or tramway rolling stock, and parts and accessories thereof",25403568.0,2025,Export
MEX,Mexico,W00,World,automotive,87,"Vehicles; other than railway or tramway rolling stock, and parts and accessories thereof",152136676701.0,2025,Export
MEX,Mexico,ZAF,South Africa,automotive,87,"Vehicles; other than railway or tramway rolling stock, and parts and accessories thereof",83099206.0,2025,Export
MEX,Mexico,_X,"Areas, nes",automotive,87,"Vehicles; other than railway or tramway rolling stock, and parts and accessories thereof",186611207.0,2025,Export
TUR,Türkiye,ABW,Aruba,automotive,87,"Vehicles; other than railway or tramway rolling stock, and parts and accessories thereof",24803.0,2025,Export
TUR,Türkiye,ABW,Aruba,automotive,87,"Vehicles; other than railway or tramway rolling stock, and parts and accessories thereof",24803.0,2025,Export
TUR,Türkiye,AFG,Afghanistan,automotive,87,"Vehicles; other than railway or tramway rolling stock, and parts and accessories thereof",8422601.0,2025,Export
TUR,Türkiye,AFG,Afghanistan,automotive,87,"Vehicles; other than railway or tramway rolling stock, and parts and accessories thereof",8422601.0,2025,Export
TUR,Türkiye,AGO,Angola,automotive,87,"Vehicles; other than railway or tramway rolling stock, and parts and accessories thereof",2519611.0,2025,Export
TUR,Türkiye,AGO,Angola,automotive,87,"Vehicles; other than railway or tramway rolling stock, and parts and accessories thereof",2519611.0,2025,Export
TUR,Türkiye,ALB,Albania,automotive,87,"Vehicles; other than railway or tramway rolling stock, and parts and accessories thereof",13157561.0,2025,Export
TUR,Türkiye,ALB,Albania,automotive,87,"Vehicles; other than railway or tramway rolling stock, and parts and accessories thereof",13157561.0,2025,Export
TUR,Türkiye,AND,Andorra,automotive,87,"Vehicles; other than railway or tramway rolling stock, and parts and accessories thereof",218826.0,2025,Export
TUR,Türkiye,AND,Andorra,automotive,87,"Vehicles; other than railway or tramway rolling stock, and parts and accessories thereof",218826.0,2025,Export
TUR,Türkiye,ARE,United Arab Emirates,automotive,87,"Vehicles; other than railway or tramway rolling stock, and parts and accessories thereof",197227960.0,2025,Export
TUR,Türkiye,ARE,United Arab Emirates,automotive,87,"Vehicles; other than railway or tramway rolling stock, and parts and accessories thereof",197227960.0,2025,Export
TUR,Türkiye,ARG,Argentina,automotive,87,"Vehicles; other than railway or tramway rolling stock, and parts and accessories thereof",37917477.0,2025,Export
TUR,Türkiye,ARG,Argentina,automotive,87,"Vehicles; other than railway or tramway rolling stock, and parts and accessories thereof",37917477.0,2025,Export
TUR,Türkiye,ARM,Armenia,automotive,87,"Vehicles; other than railway or tramway rolling stock, and parts and accessories thereof",524.0,2025,Export
TUR,Türkiye,ARM,Armenia,automotive,87,"Vehicles; other than railway or tramway rolling stock, and parts and accessories thereof",524.0,2025,Export
TUR,Türkiye,ASM,American Samoa,automotive,87,"Vehicles; other than railway or tramway rolling stock, and parts and accessories thereof",32000.0,2025,Export
TUR,Türkiye,ASM,American Samoa,automotive,87,"Vehicles; other than railway or tramway rolling stock, and parts and accessories thereof",32000.0,2025,Export
TUR,Türkiye,ATG,Antigua and Barbuda,automotive,87,"Vehicles; other than railway or tramway rolling stock, and parts and accessories thereof",792733.0,2025,Export
TUR,Türkiye,ATG,Antigua and Barbuda,automotive,87,"Vehicles; other than railway or tramway rolling stock, and parts and accessories thereof",792733.0,2025,Export
TUR,Türkiye,AUS,Australia,automotive,87,"Vehicles; other than railway or tramway rolling stock, and parts and accessories thereof",224919537.0,2025,Export
TUR,Türkiye,AUS,Australia,automotive,87,"Vehicles; other than railway or tramway rolling stock, and parts and accessories thereof",224919537.0,2025,Export
TUR,Türkiye,AUT,Austria,automotive,87,"Vehicles; other than railway or tramway rolling stock, and parts and accessories thereof",409825699.0,2025,Export
TUR,Türkiye,AUT,Austria,automotive,87,"Vehicles; other than railway or tramway rolling stock, and parts and accessories thereof",409825699.0,2025,Export
TUR,Türkiye,AZE,Azerbaijan,automotive,87,"Vehicles; other than railway or tramway rolling stock, and parts and accessories thereof",170047546.0,2025,Export
TUR,Türkiye,AZE,Azerbaijan,automotive,87,"Vehicles; other than railway or tramway rolling stock, and parts and accessories thereof",170047546.0,2025,Export
TUR,Türkiye,BDI,Burundi,automotive,87,"Vehicles; other than railway or tramway rolling stock, and parts and accessories thereof",536.0,2025,Export
TUR,Türkiye,BDI,Burundi,automotive,87,"Vehicles; other than railway or tramway rolling stock, and parts and accessories thereof",536.0,2025,Export
TUR,Türkiye,BEL,Belgium,automotive,87,"Vehicles; other than railway or tramway rolling stock, and parts and accessories thereof",1530033420.0,2025,Export
TUR,Türkiye,BEL,Belgium,automotive,87,"Vehicles; other than railway or tramway rolling stock, and parts and accessories thereof",1530033420.0,2025,Export
TUR,Türkiye,BEN,Benin,automotive,87,"Vehicles; other than railway or tramway rolling stock, and parts and accessories thereof",2476644.0,2025,Export
TUR,Türkiye,BEN,Benin,automotive,87,"Vehicles; other than railway or tramway rolling stock, and parts and accessories thereof",2476644.0,2025,Export
TUR,Türkiye,BFA,Burkina Faso,automotive,87,"Vehicles; other than railway or tramway rolling stock, and parts and accessories thereof",3907782.0,2025,Export
TUR,Türkiye,BFA,Burkina Faso,automotive,87,"Vehicles; other than railway or tramway rolling stock, and parts and accessories thereof",3907782.0,2025,Export
TUR,Türkiye,BGD,Bangladesh,automotive,87,"Vehicles; other than railway or tramway rolling stock, and parts and accessories thereof",2672548.0,2025,Export
TUR,Türkiye,BGD,Bangladesh,automotive,87,"Vehicles; other than railway or tramway rolling stock, and parts and accessories thereof",2672548.0,2025,Export
TUR,Türkiye,BGR,Bulgaria,automotive,87,"Vehicles; other than railway or tramway rolling stock, and parts and accessories thereof",231367215.0,2025,Export
TUR,Türkiye,BGR,Bulgaria,automotive,87,"Vehicles; other than railway or tramway rolling stock, and parts and accessories thereof",231367215.0,2025,Export
TUR,Türkiye,BHR,Bahrain,automotive,87,"Vehicles; other than railway or tramway rolling stock, and parts and accessories thereof",5944415.0,2025,Export
TUR,Türkiye,BHR,Bahrain,automotive,87,"Vehicles; other than railway or tramway rolling stock, and parts and accessories thereof",5944415.0,2025,Export
TUR,Türkiye,BHS,Bahamas,automotive,87,"Vehicles; other than railway or tramway rolling stock, and parts and accessories thereof",22200.0,2025,Export
TUR,Türkiye,BHS,Bahamas,automotive,87,"Vehicles; other than railway or tramway rolling stock, and parts and accessories thereof",22200.0,2025,Export
TUR,Türkiye,BIH,Bosnia Herzegovina,automotive,87,"Vehicles; other than railway or tramway rolling stock, and parts and accessories thereof",26844689.0,2025,Export
TUR,Türkiye,BIH,Bosnia Herzegovina,automotive,87,"Vehicles; other than railway or tramway rolling stock, and parts and accessories thereof",26844689.0,2025,Export
TUR,Türkiye,BLR,Belarus,automotive,87,"Vehicles; other than railway or tramway rolling stock, and parts and accessories thereof",98549936.0,2025,Export
TUR,Türkiye,BLR,Belarus,automotive,87,"Vehicles; other than railway or tramway rolling stock, and parts and accessories thereof",98549936.0,2025,Export
TUR,Türkiye,BLZ,Belize,automotive,87,"Vehicles; other than railway or tramway rolling stock, and parts and accessories thereof",7819.0,2025,Export
TUR,Türkiye,BLZ,Belize,automotive,87,"Vehicles; other than railway or tramway rolling stock, and parts and accessories thereof",7819.0,2025,Export
TUR,Türkiye,BMU,Bermuda,automotive,87,"Vehicles; other than railway or tramway rolling stock, and parts and accessories thereof",213.0,2025,Export
TUR,Türkiye,BMU,Bermuda,automotive,87,"Vehicles; other than railway or tramway rolling stock, and parts and accessories thereof",213.0,2025,Export
TUR,Türkiye,BOL,Bolivia (Plurinational State of),automotive,87,"Vehicles; other than railway or tramway rolling stock, and parts and accessories thereof",2718122.0,2025,Export
TUR,Türkiye,BOL,Bolivia (Plurinational State of),automotive,87,"Vehicles; other than railway or tramway rolling stock, and parts and accessories thereof",2718122.0,2025,Export
TUR,Türkiye,BRA,Brazil,automotive,87,"Vehicles; other than railway or tramway rolling stock, and parts and accessories thereof",135584952.0,2025,Export
TUR,Türkiye,BRA,Brazil,automotive,87,"Vehicles; other than railway or tramway rolling stock, and parts and accessories thereof",135584952.0,2025,Export
TUR,Türkiye,BRB,Barbados,automotive,87,"Vehicles; other than railway or tramway rolling stock, and parts and accessories thereof",59127.0,2025,Export
TUR,Türkiye,BRB,Barbados,automotive,87,"Vehicles; other than railway or tramway rolling stock, and parts and accessories thereof",59127.0,2025,Export
TUR,Türkiye,BRN,Brunei Darussalam,automotive,87,"Vehicles; other than railway or tramway rolling stock, and parts and accessories thereof",38670.0,2025,Export
TUR,Türkiye,BRN,Brunei Darussalam,automotive,87,"Vehicles; other than railway or tramway rolling stock, and parts and accessories thereof",38670.0,2025,Export
TUR,Türkiye,BWA,Botswana,automotive,87,"Vehicles; other than railway or tramway rolling stock, and parts and accessories thereof",31829.0,2025,Export
TUR,Türkiye,BWA,Botswana,automotive,87,"Vehicles; other than railway or tramway rolling stock, and parts and accessories thereof",31829.0,2025,Export
TUR,Türkiye,CAF,Central African Rep.,automotive,87,"Vehicles; other than railway or tramway rolling stock, and parts and accessories thereof",14304.0,2025,Export
TUR,Türkiye,CAF,Central African Rep.,automotive,87,"Vehicles; other than railway or tramway rolling stock, and parts and accessories thereof",14304.0,2025,Export
TUR,Türkiye,CAN,Canada,automotive,87,"Vehicles; other than railway or tramway rolling stock, and parts and accessories thereof",56890606.0,2025,Export
TUR,Türkiye,CAN,Canada,automotive,87,"Vehicles; other than railway or tramway rolling stock, and parts and accessories thereof",56890606.0,2025,Export
TUR,Türkiye,CHE,Switzerland,automotive,87,"Vehicles; other than railway or tramway rolling stock, and parts and accessories thereof",231636892.0,2025,Export
TUR,Türkiye,CHE,Switzerland,automotive,87,"Vehicles; other than railway or tramway rolling stock, and parts and accessories thereof",231636892.0,2025,Export
TUR,Türkiye,CHL,Chile,automotive,87,"Vehicles; other than railway or tramway rolling stock, and parts and accessories thereof",55295914.0,2025,Export
TUR,Türkiye,CHL,Chile,automotive,87,"Vehicles; other than railway or tramway rolling stock, and parts and accessories thereof",55295914.0,2025,Export
TUR,Türkiye,CHN,China,automotive,87,"Vehicles; other than railway or tramway rolling stock, and parts and accessories thereof",34731117.0,2025,Export
TUR,Türkiye,CHN,China,automotive,87,"Vehicles; other than railway or tramway rolling stock, and parts and accessories thereof",34731117.0,2025,Export
TUR,Türkiye,CIV,Côte d'Ivoire,automotive,87,"Vehicles; other than railway or tramway rolling stock, and parts and accessories thereof",8056246.0,2025,Export
TUR,Türkiye,CIV,Côte d'Ivoire,automotive,87,"Vehicles; other than railway or tramway rolling stock, and parts and accessories thereof",8056246.0,2025,Export
TUR,Türkiye,CMR,Cameroon,automotive,87,"Vehicles; other than railway or tramway rolling stock, and parts and accessories thereof",943833.0,2025,Export
TUR,Türkiye,CMR,Cameroon,automotive,87,"Vehicles; other than railway or tramway rolling stock, and parts and accessories thereof",943833.0,2025,Export
TUR,Türkiye,COD,Dem. Rep. of the Congo,automotive,87,"Vehicles; other than railway or tramway rolling stock, and parts and accessories thereof",3088823.0,2025,Export
TUR,Türkiye,COD,Dem. Rep. of the Congo,automotive,87,"Vehicles; other than railway or tramway rolling stock, and parts and accessories thereof",3088823.0,2025,Export
TUR,Türkiye,COG,Congo,automotive,87,"Vehicles; other than railway or tramway rolling stock, and parts and accessories thereof",932101.0,2025,Export
TUR,Türkiye,COG,Congo,automotive,87,"Vehicles; other than railway or tramway rolling stock, and parts and accessories thereof",932101.0,2025,Export
TUR,Türkiye,COL,Colombia,automotive,87,"Vehicles; other than railway or tramway rolling stock, and parts and accessories thereof",11417184.0,2025,Export
TUR,Türkiye,COL,Colombia,automotive,87,"Vehicles; other than railway or tramway rolling stock, and parts and accessories thereof",11417184.0,2025,Export
TUR,Türkiye,COM,Comoros,automotive,87,"Vehicles; other than railway or tramway rolling stock, and parts and accessories thereof",180.0,2025,Export
TUR,Türkiye,COM,Comoros,automotive,87,"Vehicles; other than railway or tramway rolling stock, and parts and accessories thereof",180.0,2025,Export
TUR,Türkiye,CPV,Cabo Verde,automotive,87,"Vehicles; other than railway or tramway rolling stock, and parts and accessories thereof",79943.0,2025,Export
TUR,Türkiye,CPV,Cabo Verde,automotive,87,"Vehicles; other than railway or tramway rolling stock, and parts and accessories thereof",79943.0,2025,Export
TUR,Türkiye,CRI,Costa Rica,automotive,87,"Vehicles; other than railway or tramway rolling stock, and parts and accessories thereof",1333743.0,2025,Export
TUR,Türkiye,CRI,Costa Rica,automotive,87,"Vehicles; other than railway or tramway rolling stock, and parts and accessories thereof",1333743.0,2025,Export
TUR,Türkiye,CUB,Cuba,automotive,87,"Vehicles; other than railway or tramway rolling stock, and parts and accessories thereof",441276.0,2025,Export
TUR,Türkiye,CUB,Cuba,automotive,87,"Vehicles; other than railway or tramway rolling stock, and parts and accessories thereof",441276.0,2025,Export
TUR,Türkiye,CUW,Curaçao,automotive,87,"Vehicles; other than railway or tramway rolling stock, and parts and accessories thereof",21531.0,2025,Export
TUR,Türkiye,CUW,Curaçao,automotive,87,"Vehicles; other than railway or tramway rolling stock, and parts and accessories thereof",21531.0,2025,Export
TUR,Türkiye,CYM,Cayman Isds,automotive,87,"Vehicles; other than railway or tramway rolling stock, and parts and accessories thereof",14423.0,2025,Export
TUR,Türkiye,CYM,Cayman Isds,automotive,87,"Vehicles; other than railway or tramway rolling stock, and parts and accessories thereof",14423.0,2025,Export
TUR,Türkiye,CYP,Cyprus,automotive,87,"Vehicles; other than railway or tramway rolling stock, and parts and accessories thereof",31461688.0,2025,Export
TUR,Türkiye,CYP,Cyprus,automotive,87,"Vehicles; other than railway or tramway rolling stock, and parts and accessories thereof",31461688.0,2025,Export
TUR,Türkiye,CZE,Czechia,automotive,87,"Vehicles; other than railway or tramway rolling stock, and parts and accessories thereof",468047348.0,2025,Export
TUR,Türkiye,CZE,Czechia,automotive,87,"Vehicles; other than railway or tramway rolling stock, and parts and accessories thereof",468047348.0,2025,Export
TUR,Türkiye,DEU,Germany,automotive,87,"Vehicles; other than railway or tramway rolling stock, and parts and accessories thereof",5022981479.0,2025,Export
TUR,Türkiye,DEU,Germany,automotive,87,"Vehicles; other than railway or tramway rolling stock, and parts and accessories thereof",5022981479.0,2025,Export
TUR,Türkiye,DJI,Djibouti,automotive,87,"Vehicles; other than railway or tramway rolling stock, and parts and accessories thereof",45309.0,2025,Export
TUR,Türkiye,DJI,Djibouti,automotive,87,"Vehicles; other than railway or tramway rolling stock, and parts and accessories thereof",45309.0,2025,Export
TUR,Türkiye,DMA,Dominica,automotive,87,"Vehicles; other than railway or tramway rolling stock, and parts and accessories thereof",546426.0,2025,Export
TUR,Türkiye,DMA,Dominica,automotive,87,"Vehicles; other than railway or tramway rolling stock, and parts and accessories thereof",546426.0,2025,Export
TUR,Türkiye,DNK,Denmark,automotive,87,"Vehicles; other than railway or tramway rolling stock, and parts and accessories thereof",192033356.0,2025,Export
TUR,Türkiye,DNK,Denmark,automotive,87,"Vehicles; other than railway or tramway rolling stock, and parts and accessories thereof",192033356.0,2025,Export
TUR,Türkiye,DOM,Dominican Rep.,automotive,87,"Vehicles; other than railway or tramway rolling stock, and parts and accessories thereof",592899.0,2025,Export
TUR,Türkiye,DOM,Dominican Rep.,automotive,87,"Vehicles; other than railway or tramway rolling stock, and parts and accessories thereof",592899.0,2025,Export
TUR,Türkiye,DZA,Algeria,automotive,87,"Vehicles; other than railway or tramway rolling stock, and parts and accessories thereof",68192168.0,2025,Export
TUR,Türkiye,DZA,Algeria,automotive,87,"Vehicles; other than railway or tramway rolling stock, and parts and accessories thereof",68192168.0,2025,Export
TUR,Türkiye,ECU,Ecuador,automotive,87,"Vehicles; other than railway or tramway rolling stock, and parts and accessories thereof",3369474.0,2025,Export
TUR,Türkiye,ECU,Ecuador,automotive,87,"Vehicles; other than railway or tramway rolling stock, and parts and accessories thereof",3369474.0,2025,Export
TUR,Türkiye,EGY,Egypt,automotive,87,"Vehicles; other than railway or tramway rolling stock, and parts and accessories thereof",147220934.0,2025,Export
TUR,Türkiye,EGY,Egypt,automotive,87,"Vehicles; other than railway or tramway rolling stock, and parts and accessories thereof",147220934.0,2025,Export
TUR,Türkiye,ERI,Eritrea,automotive,87,"Vehicles; other than railway or tramway rolling stock, and parts and accessories thereof",304851.0,2025,Export
TUR,Türkiye,ERI,Eritrea,automotive,87,"Vehicles; other than railway or tramway rolling stock, and parts and accessories thereof",304851.0,2025,Export
TUR,Türkiye,ESP,Spain,automotive,87,"Vehicles; other than railway or tramway rolling stock, and parts and accessories thereof",3056619019.0,2025,Export
TUR,Türkiye,ESP,Spain,automotive,87,"Vehicles; other than railway or tramway rolling stock, and parts and accessories thereof",3056619019.0,2025,Export
TUR,Türkiye,EST,Estonia,automotive,87,"Vehicles; other than railway or tramway rolling stock, and parts and accessories thereof",151063167.0,2025,Export
TUR,Türkiye,EST,Estonia,automotive,87,"Vehicles; other than railway or tramway rolling stock, and parts and accessories thereof",151063167.0,2025,Export
TUR,Türkiye,ETH,Ethiopia,automotive,87,"Vehicles; other than railway or tramway rolling stock, and parts and accessories thereof",837727.0,2025,Export
TUR,Türkiye,ETH,Ethiopia,automotive,87,"Vehicles; other than railway or tramway rolling stock, and parts and accessories thereof",837727.0,2025,Export
TUR,Türkiye,FIN,Finland,automotive,87,"Vehicles; other than railway or tramway rolling stock, and parts and accessories thereof",42587801.0,2025,Export
TUR,Türkiye,FIN,Finland,automotive,87,"Vehicles; other than railway or tramway rolling stock, and parts and accessories thereof",42587801.0,2025,Export
TUR,Türkiye,FJI,Fiji,automotive,87,"Vehicles; other than railway or tramway rolling stock, and parts and accessories thereof",10354.0,2025,Export
TUR,Türkiye,FJI,Fiji,automotive,87,"Vehicles; other than railway or tramway rolling stock, and parts and accessories thereof",10354.0,2025,Export
TUR,Türkiye,FRA,France,automotive,87,"Vehicles; other than railway or tramway rolling stock, and parts and accessories thereof",4799307780.0,2025,Export
TUR,Türkiye,FRA,France,automotive,87,"Vehicles; other than railway or tramway rolling stock, and parts and accessories thereof",4799307780.0,2025,Export
TUR,Türkiye,FRO,Faroe Isds,automotive,87,"Vehicles; other than railway or tramway rolling stock, and parts and accessories thereof",8.0,2025,Export
TUR,Türkiye,FRO,Faroe Isds,automotive,87,"Vehicles; other than railway or tramway rolling stock, and parts and accessories thereof",8.0,2025,Export
TUR,Türkiye,GAB,Gabon,automotive,87,"Vehicles; other than railway or tramway rolling stock, and parts and accessories thereof",3173837.0,2025,Export
TUR,Türkiye,GAB,Gabon,automotive,87,"Vehicles; other than railway or tramway rolling stock, and parts and accessories thereof",3173837.0,2025,Export
TUR,Türkiye,GBR,United Kingdom,automotive,87,"Vehicles; other than railway or tramway rolling stock, and parts and accessories thereof",3918112029.0,2025,Export
TUR,Türkiye,GBR,United Kingdom,automotive,87,"Vehicles; other than railway or tramway rolling stock, and parts and accessories thereof",3918112029.0,2025,Export
TUR,Türkiye,GEO,Georgia,automotive,87,"Vehicles; other than railway or tramway rolling stock, and parts and accessories thereof",81683334.0,2025,Export
TUR,Türkiye,GEO,Georgia,automotive,87,"Vehicles; other than railway or tramway rolling stock, and parts and accessories thereof",81683334.0,2025,Export
TUR,Türkiye,GHA,Ghana,automotive,87,"Vehicles; other than railway or tramway rolling stock, and parts and accessories thereof",6141720.0,2025,Export
TUR,Türkiye,GHA,Ghana,automotive,87,"Vehicles; other than railway or tramway rolling stock, and parts and accessories thereof",6141720.0,2025,Export
TUR,Türkiye,GIB,Gibraltar,automotive,87,"Vehicles; other than railway or tramway rolling stock, and parts and accessories thereof",318456.0,2025,Export
TUR,Türkiye,GIB,Gibraltar,automotive,87,"Vehicles; other than railway or tramway rolling stock, and parts and accessories thereof",318456.0,2025,Export
TUR,Türkiye,GIN,Guinea,automotive,87,"Vehicles; other than railway or tramway rolling stock, and parts and accessories thereof",5764771.0,2025,Export
TUR,Türkiye,GIN,Guinea,automotive,87,"Vehicles; other than railway or tramway rolling stock, and parts and accessories thereof",5764771.0,2025,Export
TUR,Türkiye,GMB,Gambia,automotive,87,"Vehicles; other than railway or tramway rolling stock, and parts and accessories thereof",143110.0,2025,Export
TUR,Türkiye,GMB,Gambia,automotive,87,"Vehicles; other than railway or tramway rolling stock, and parts and accessories thereof",143110.0,2025,Export
TUR,Türkiye,GNB,Guinea-Bissau,automotive,87,"Vehicles; other than railway or tramway rolling stock, and parts and accessories thereof",53477.0,2025,Export
TUR,Türkiye,GNB,Guinea-Bissau,automotive,87,"Vehicles; other than railway or tramway rolling stock, and parts and accessories thereof",53477.0,2025,Export
TUR,Türkiye,GNQ,Equatorial Guinea,automotive,87,"Vehicles; other than railway or tramway rolling stock, and parts and accessories thereof",83076.0,2025,Export
TUR,Türkiye,GNQ,Equatorial Guinea,automotive,87,"Vehicles; other than railway or tramway rolling stock, and parts and accessories thereof",83076.0,2025,Export
TUR,Türkiye,GRC,Greece,automotive,87,"Vehicles; other than railway or tramway rolling stock, and parts and accessories thereof",351914958.0,2025,Export
TUR,Türkiye,GRC,Greece,automotive,87,"Vehicles; other than railway or tramway rolling stock, and parts and accessories thereof",351914958.0,2025,Export
TUR,Türkiye,GRD,Grenada,automotive,87,"Vehicles; other than railway or tramway rolling stock, and parts and accessories thereof",52216.0,2025,Export
TUR,Türkiye,GRD,Grenada,automotive,87,"Vehicles; other than railway or tramway rolling stock, and parts and accessories thereof",52216.0,2025,Export
TUR,Türkiye,GTM,Guatemala,automotive,87,"Vehicles; other than railway or tramway rolling stock, and parts and accessories thereof",553426.0,2025,Export
TUR,Türkiye,GTM,Guatemala,automotive,87,"Vehicles; other than railway or tramway rolling stock, and parts and accessories thereof",553426.0,2025,Export
TUR,Türkiye,GUM,Guam,automotive,87,"Vehicles; other than railway or tramway rolling stock, and parts and accessories thereof",422.0,2025,Export
TUR,Türkiye,GUM,Guam,automotive,87,"Vehicles; other than railway or tramway rolling stock, and parts and accessories thereof",422.0,2025,Export
TUR,Türkiye,GUY,Guyana,automotive,87,"Vehicles; other than railway or tramway rolling stock, and parts and accessories thereof",670484.0,2025,Export
TUR,Türkiye,GUY,Guyana,automotive,87,"Vehicles; other than railway or tramway rolling stock, and parts and accessories thereof",670484.0,2025,Export
TUR,Türkiye,HKG,"China, Hong Kong SAR",automotive,87,"Vehicles; other than railway or tramway rolling stock, and parts and accessories thereof",4797944.0,2025,Export
TUR,Türkiye,HKG,"China, Hong Kong SAR",automotive,87,"Vehicles; other than railway or tramway rolling stock, and parts and accessories thereof",4797944.0,2025,Export
TUR,Türkiye,HND,Honduras,automotive,87,"Vehicles; other than railway or tramway rolling stock, and parts and accessories thereof",300953.0,2025,Export
TUR,Türkiye,HND,Honduras,automotive,87,"Vehicles; other than railway or tramway rolling stock, and parts and accessories thereof",300953.0,2025,Export
TUR,Türkiye,HRV,Croatia,automotive,87,"Vehicles; other than railway or tramway rolling stock, and parts and accessories thereof",96957066.0,2025,Export
TUR,Türkiye,HRV,Croatia,automotive,87,"Vehicles; other than railway or tramway rolling stock, and parts and accessories thereof",96957066.0,2025,Export
TUR,Türkiye,HTI,Haiti,automotive,87,"Vehicles; other than railway or tramway rolling stock, and parts and accessories thereof",356183.0,2025,Export
TUR,Türkiye,HTI,Haiti,automotive,87,"Vehicles; other than railway or tramway rolling stock, and parts and accessories thereof",356183.0,2025,Export
TUR,Türkiye,HUN,Hungary,automotive,87,"Vehicles; other than railway or tramway rolling stock, and parts and accessories thereof",221387387.0,2025,Export
TUR,Türkiye,HUN,Hungary,automotive,87,"Vehicles; other than railway or tramway rolling stock, and parts and accessories thereof",221387387.0,2025,Export
TUR,Türkiye,IDN,Indonesia,automotive,87,"Vehicles; other than railway or tramway rolling stock, and parts and accessories thereof",9375362.0,2025,Export
TUR,Türkiye,IDN,Indonesia,automotive,87,"Vehicles; other than railway or tramway rolling stock, and parts and accessories thereof",9375362.0,2025,Export
TUR,Türkiye,IND,India,automotive,87,"Vehicles; other than railway or tramway rolling stock, and parts and accessories thereof",22965138.0,2025,Export
TUR,Türkiye,IND,India,automotive,87,"Vehicles; other than railway or tramway rolling stock, and parts and accessories thereof",22965138.0,2025,Export
TUR,Türkiye,IRL,Ireland,automotive,87,"Vehicles; other than railway or tramway rolling stock, and parts and accessories thereof",282542085.0,2025,Export
TUR,Türkiye,IRL,Ireland,automotive,87,"Vehicles; other than railway or tramway rolling stock, and parts and accessories thereof",282542085.0,2025,Export
TUR,Türkiye,IRN,Iran,automotive,87,"Vehicles; other than railway or tramway rolling stock, and parts and accessories thereof",92541078.0,2025,Export
TUR,Türkiye,IRN,Iran,automotive,87,"Vehicles; other than railway or tramway rolling stock, and parts and accessories thereof",92541078.0,2025,Export
TUR,Türkiye,IRQ,Iraq,automotive,87,"Vehicles; other than railway or tramway rolling stock, and parts and accessories thereof",296394748.0,2025,Export
TUR,Türkiye,IRQ,Iraq,automotive,87,"Vehicles; other than railway or tramway rolling stock, and parts and accessories thereof",296394748.0,2025,Export
TUR,Türkiye,ISL,Iceland,automotive,87,"Vehicles; other than railway or tramway rolling stock, and parts and accessories thereof",10930689.0,2025,Export
TUR,Türkiye,ISL,Iceland,automotive,87,"Vehicles; other than railway or tramway rolling stock, and parts and accessories thereof",10930689.0,2025,Export
TUR,Türkiye,ITA,Italy,automotive,87,"Vehicles; other than railway or tramway rolling stock, and parts and accessories thereof",3063975387.0,2025,Export
TUR,Türkiye,ITA,Italy,automotive,87,"Vehicles; other than railway or tramway rolling stock, and parts and accessories thereof",3063975387.0,2025,Export
TUR,Türkiye,JAM,Jamaica,automotive,87,"Vehicles; other than railway or tramway rolling stock, and parts and accessories thereof",238943.0,2025,Export
TUR,Türkiye,JAM,Jamaica,automotive,87,"Vehicles; other than railway or tramway rolling stock, and parts and accessories thereof",238943.0,2025,Export
TUR,Türkiye,JOR,Jordan,automotive,87,"Vehicles; other than railway or tramway rolling stock, and parts and accessories thereof",67255442.0,2025,Export
TUR,Türkiye,JOR,Jordan,automotive,87,"Vehicles; other than railway or tramway rolling stock, and parts and accessories thereof",67255442.0,2025,Export
TUR,Türkiye,JPN,Japan,automotive,87,"Vehicles; other than railway or tramway rolling stock, and parts and accessories thereof",34969417.0,2025,Export
TUR,Türkiye,JPN,Japan,automotive,87,"Vehicles; other than railway or tramway rolling stock, and parts and accessories thereof",34969417.0,2025,Export
TUR,Türkiye,KAZ,Kazakhstan,automotive,87,"Vehicles; other than railway or tramway rolling stock, and parts and accessories thereof",195427817.0,2025,Export
TUR,Türkiye,KAZ,Kazakhstan,automotive,87,"Vehicles; other than railway or tramway rolling stock, and parts and accessories thereof",195427817.0,2025,Export
TUR,Türkiye,KEN,Kenya,automotive,87,"Vehicles; other than railway or tramway rolling stock, and parts and accessories thereof",11053996.0,2025,Export
TUR,Türkiye,KEN,Kenya,automotive,87,"Vehicles; other than railway or tramway rolling stock, and parts and accessories thereof",11053996.0,2025,Export
TUR,Türkiye,KGZ,Kyrgyzstan,automotive,87,"Vehicles; other than railway or tramway rolling stock, and parts and accessories thereof",48179400.0,2025,Export
TUR,Türkiye,KGZ,Kyrgyzstan,automotive,87,"Vehicles; other than railway or tramway rolling stock, and parts and accessories thereof",48179400.0,2025,Export
TUR,Türkiye,KHM,Cambodia,automotive,87,"Vehicles; other than railway or tramway rolling stock, and parts and accessories thereof",4171005.0,2025,Export
TUR,Türkiye,KHM,Cambodia,automotive,87,"Vehicles; other than railway or tramway rolling stock, and parts and accessories thereof",4171005.0,2025,Export
TUR,Türkiye,KOR,Rep. of Korea,automotive,87,"Vehicles; other than railway or tramway rolling stock, and parts and accessories thereof",35990689.0,2025,Export
TUR,Türkiye,KOR,Rep. of Korea,automotive,87,"Vehicles; other than railway or tramway rolling stock, and parts and accessories thereof",35990689.0,2025,Export
TUR,Türkiye,KWT,Kuwait,automotive,87,"Vehicles; other than railway or tramway rolling stock, and parts and accessories thereof",11895959.0,2025,Export
TUR,Türkiye,KWT,Kuwait,automotive,87,"Vehicles; other than railway or tramway rolling stock, and parts and accessories thereof",11895959.0,2025,Export
TUR,Türkiye,LAO,Lao People's Dem. Rep.,automotive,87,"Vehicles; other than railway or tramway rolling stock, and parts and accessories thereof",738.0,2025,Export
TUR,Türkiye,LAO,Lao People's Dem. Rep.,automotive,87,"Vehicles; other than railway or tramway rolling stock, and parts and accessories thereof",738.0,2025,Export
TUR,Türkiye,LBN,Lebanon,automotive,87,"Vehicles; other than railway or tramway rolling stock, and parts and accessories thereof",10749532.0,2025,Export
TUR,Türkiye,LBN,Lebanon,automotive,87,"Vehicles; other than railway or tramway rolling stock, and parts and accessories thereof",10749532.0,2025,Export
TUR,Türkiye,LBR,Liberia,automotive,87,"Vehicles; other than railway or tramway rolling stock, and parts and accessories thereof",12689955.0,2025,Export
TUR,Türkiye,LBR,Liberia,automotive,87,"Vehicles; other than railway or tramway rolling stock, and parts and accessories thereof",12689955.0,2025,Export
TUR,Türkiye,LBY,Libya,automotive,87,"Vehicles; other than railway or tramway rolling stock, and parts and accessories thereof",61209693.0,2025,Export
TUR,Türkiye,LBY,Libya,automotive,87,"Vehicles; other than railway or tramway rolling stock, and parts and accessories thereof",61209693.0,2025,Export
TUR,Türkiye,LCA,Saint Lucia,automotive,87,"Vehicles; other than railway or tramway rolling stock, and parts and accessories thereof",7718.0,2025,Export
TUR,Türkiye,LCA,Saint Lucia,automotive,87,"Vehicles; other than railway or tramway rolling stock, and parts and accessories thereof",7718.0,2025,Export
TUR,Türkiye,LKA,Sri Lanka,automotive,87,"Vehicles; other than railway or tramway rolling stock, and parts and accessories thereof",3236414.0,2025,Export
TUR,Türkiye,LKA,Sri Lanka,automotive,87,"Vehicles; other than railway or tramway rolling stock, and parts and accessories thereof",3236414.0,2025,Export
TUR,Türkiye,LSO,Lesotho,automotive,87,"Vehicles; other than railway or tramway rolling stock, and parts and accessories thereof",849.0,2025,Export
TUR,Türkiye,LSO,Lesotho,automotive,87,"Vehicles; other than railway or tramway rolling stock, and parts and accessories thereof",849.0,2025,Export
TUR,Türkiye,LTU,Lithuania,automotive,87,"Vehicles; other than railway or tramway rolling stock, and parts and accessories thereof",37807875.0,2025,Export
TUR,Türkiye,LTU,Lithuania,automotive,87,"Vehicles; other than railway or tramway rolling stock, and parts and accessories thereof",37807875.0,2025,Export
TUR,Türkiye,LUX,Luxembourg,automotive,87,"Vehicles; other than railway or tramway rolling stock, and parts and accessories thereof",16359883.0,2025,Export
TUR,Türkiye,LUX,Luxembourg,automotive,87,"Vehicles; other than railway or tramway rolling stock, and parts and accessories thereof",16359883.0,2025,Export
TUR,Türkiye,LVA,Latvia,automotive,87,"Vehicles; other than railway or tramway rolling stock, and parts and accessories thereof",20047238.0,2025,Export
TUR,Türkiye,LVA,Latvia,automotive,87,"Vehicles; other than railway or tramway rolling stock, and parts and accessories thereof",20047238.0,2025,Export
TUR,Türkiye,MAC,"China, Macao SAR",automotive,87,"Vehicles; other than railway or tramway rolling stock, and parts and accessories thereof",408274.0,2025,Export
TUR,Türkiye,MAC,"China, Macao SAR",automotive,87,"Vehicles; other than railway or tramway rolling stock, and parts and accessories thereof",408274.0,2025,Export
TUR,Türkiye,MAR,Morocco,automotive,87,"Vehicles; other than railway or tramway rolling stock, and parts and accessories thereof",483601356.0,2025,Export
TUR,Türkiye,MAR,Morocco,automotive,87,"Vehicles; other than railway or tramway rolling stock, and parts and accessories thereof",483601356.0,2025,Export
TUR,Türkiye,MDA,Rep. of Moldova,automotive,87,"Vehicles; other than railway or tramway rolling stock, and parts and accessories thereof",13547742.0,2025,Export
TUR,Türkiye,MDA,Rep. of Moldova,automotive,87,"Vehicles; other than railway or tramway rolling stock, and parts and accessories thereof",13547742.0,2025,Export
TUR,Türkiye,MDG,Madagascar,automotive,87,"Vehicles; other than railway or tramway rolling stock, and parts and accessories thereof",1154482.0,2025,Export
TUR,Türkiye,MDG,Madagascar,automotive,87,"Vehicles; other than railway or tramway rolling stock, and parts and accessories thereof",1154482.0,2025,Export
TUR,Türkiye,MDV,Maldives,automotive,87,"Vehicles; other than railway or tramway rolling stock, and parts and accessories thereof",73653.0,2025,Export
TUR,Türkiye,MDV,Maldives,automotive,87,"Vehicles; other than railway or tramway rolling stock, and parts and accessories thereof",73653.0,2025,Export
TUR,Türkiye,MEX,Mexico,automotive,87,"Vehicles; other than railway or tramway rolling stock, and parts and accessories thereof",201104464.0,2025,Export
TUR,Türkiye,MEX,Mexico,automotive,87,"Vehicles; other than railway or tramway rolling stock, and parts and accessories thereof",201104464.0,2025,Export
TUR,Türkiye,MHL,Marshall Isds,automotive,87,"Vehicles; other than railway or tramway rolling stock, and parts and accessories thereof",2886.0,2025,Export
TUR,Türkiye,MHL,Marshall Isds,automotive,87,"Vehicles; other than railway or tramway rolling stock, and parts and accessories thereof",2886.0,2025,Export
TUR,Türkiye,MKD,North Macedonia,automotive,87,"Vehicles; other than railway or tramway rolling stock, and parts and accessories thereof",24684562.0,2025,Export
TUR,Türkiye,MKD,North Macedonia,automotive,87,"Vehicles; other than railway or tramway rolling stock, and parts and accessories thereof",24684562.0,2025,Export
TUR,Türkiye,MLI,Mali,automotive,87,"Vehicles; other than railway or tramway rolling stock, and parts and accessories thereof",2683338.0,2025,Export
TUR,Türkiye,MLI,Mali,automotive,87,"Vehicles; other than railway or tramway rolling stock, and parts and accessories thereof",2683338.0,2025,Export
TUR,Türkiye,MLT,Malta,automotive,87,"Vehicles; other than railway or tramway rolling stock, and parts and accessories thereof",15055152.0,2025,Export
TUR,Türkiye,MLT,Malta,automotive,87,"Vehicles; other than railway or tramway rolling stock, and parts and accessories thereof",15055152.0,2025,Export
TUR,Türkiye,MMR,Myanmar,automotive,87,"Vehicles; other than railway or tramway rolling stock, and parts and accessories thereof",203118.0,2025,Export
TUR,Türkiye,MMR,Myanmar,automotive,87,"Vehicles; other than railway or tramway rolling stock, and parts and accessories thereof",203118.0,2025,Export
TUR,Türkiye,MNE,Montenegro,automotive,87,"Vehicles; other than railway or tramway rolling stock, and parts and accessories thereof",3582526.0,2025,Export
TUR,Türkiye,MNE,Montenegro,automotive,87,"Vehicles; other than railway or tramway rolling stock, and parts and accessories thereof",3582526.0,2025,Export
TUR,Türkiye,MNG,Mongolia,automotive,87,"Vehicles; other than railway or tramway rolling stock, and parts and accessories thereof",409237.0,2025,Export
TUR,Türkiye,MNG,Mongolia,automotive,87,"Vehicles; other than railway or tramway rolling stock, and parts and accessories thereof",409237.0,2025,Export
TUR,Türkiye,MNP,N. Mariana Isds,automotive,87,"Vehicles; other than railway or tramway rolling stock, and parts and accessories thereof",362728.0,2025,Export
TUR,Türkiye,MNP,N. Mariana Isds,automotive,87,"Vehicles; other than railway or tramway rolling stock, and parts and accessories thereof",362728.0,2025,Export
TUR,Türkiye,MOZ,Mozambique,automotive,87,"Vehicles; other than railway or tramway rolling stock, and parts and accessories thereof",240419.0,2025,Export
TUR,Türkiye,MOZ,Mozambique,automotive,87,"Vehicles; other than railway or tramway rolling stock, and parts and accessories thereof",240419.0,2025,Export
TUR,Türkiye,MRT,Mauritania,automotive,87,"Vehicles; other than railway or tramway rolling stock, and parts and accessories thereof",1486885.0,2025,Export
TUR,Türkiye,MRT,Mauritania,automotive,87,"Vehicles; other than railway or tramway rolling stock, and parts and accessories thereof",1486885.0,2025,Export
TUR,Türkiye,MSR,Montserrat,automotive,87,"Vehicles; other than railway or tramway rolling stock, and parts and accessories thereof",100.0,2025,Export
TUR,Türkiye,MSR,Montserrat,automotive,87,"Vehicles; other than railway or tramway rolling stock, and parts and accessories thereof",100.0,2025,Export
TUR,Türkiye,MUS,Mauritius,automotive,87,"Vehicles; other than railway or tramway rolling stock, and parts and accessories thereof",607663.0,2025,Export
TUR,Türkiye,MUS,Mauritius,automotive,87,"Vehicles; other than railway or tramway rolling stock, and parts and accessories thereof",607663.0,2025,Export
TUR,Türkiye,MWI,Malawi,automotive,87,"Vehicles; other than railway or tramway rolling stock, and parts and accessories thereof",1874.0,2025,Export
TUR,Türkiye,MWI,Malawi,automotive,87,"Vehicles; other than railway or tramway rolling stock, and parts and accessories thereof",1874.0,2025,Export
TUR,Türkiye,MYS,Malaysia,automotive,87,"Vehicles; other than railway or tramway rolling stock, and parts and accessories thereof",8608591.0,2025,Export
TUR,Türkiye,MYS,Malaysia,automotive,87,"Vehicles; other than railway or tramway rolling stock, and parts and accessories thereof",8608591.0,2025,Export
TUR,Türkiye,NAM,Namibia,automotive,87,"Vehicles; other than railway or tramway rolling stock, and parts and accessories thereof",113609.0,2025,Export
TUR,Türkiye,NAM,Namibia,automotive,87,"Vehicles; other than railway or tramway rolling stock, and parts and accessories thereof",113609.0,2025,Export
TUR,Türkiye,NCL,New Caledonia,automotive,87,"Vehicles; other than railway or tramway rolling stock, and parts and accessories thereof",270201.0,2025,Export
TUR,Türkiye,NCL,New Caledonia,automotive,87,"Vehicles; other than railway or tramway rolling stock, and parts and accessories thereof",270201.0,2025,Export
TUR,Türkiye,NER,Niger,automotive,87,"Vehicles; other than railway or tramway rolling stock, and parts and accessories thereof",53027995.0,2025,Export
TUR,Türkiye,NER,Niger,automotive,87,"Vehicles; other than railway or tramway rolling stock, and parts and accessories thereof",53027995.0,2025,Export
TUR,Türkiye,NGA,Nigeria,automotive,87,"Vehicles; other than railway or tramway rolling stock, and parts and accessories thereof",12454592.0,2025,Export
TUR,Türkiye,NGA,Nigeria,automotive,87,"Vehicles; other than railway or tramway rolling stock, and parts and accessories thereof",12454592.0,2025,Export
TUR,Türkiye,NIC,Nicaragua,automotive,87,"Vehicles; other than railway or tramway rolling stock, and parts and accessories thereof",1327543.0,2025,Export
TUR,Türkiye,NIC,Nicaragua,automotive,87,"Vehicles; other than railway or tramway rolling stock, and parts and accessories thereof",1327543.0,2025,Export
TUR,Türkiye,NLD,Netherlands,automotive,87,"Vehicles; other than railway or tramway rolling stock, and parts and accessories thereof",503125291.0,2025,Export
TUR,Türkiye,NLD,Netherlands,automotive,87,"Vehicles; other than railway or tramway rolling stock, and parts and accessories thereof",503125291.0,2025,Export
TUR,Türkiye,NOR,Norway,automotive,87,"Vehicles; other than railway or tramway rolling stock, and parts and accessories thereof",121448242.0,2025,Export
TUR,Türkiye,NOR,Norway,automotive,87,"Vehicles; other than railway or tramway rolling stock, and parts and accessories thereof",121448242.0,2025,Export
TUR,Türkiye,NPL,Nepal,automotive,87,"Vehicles; other than railway or tramway rolling stock, and parts and accessories thereof",26273.0,2025,Export
TUR,Türkiye,NPL,Nepal,automotive,87,"Vehicles; other than railway or tramway rolling stock, and parts and accessories thereof",26273.0,2025,Export
TUR,Türkiye,NZL,New Zealand,automotive,87,"Vehicles; other than railway or tramway rolling stock, and parts and accessories thereof",53821379.0,2025,Export
TUR,Türkiye,NZL,New Zealand,automotive,87,"Vehicles; other than railway or tramway rolling stock, and parts and accessories thereof",53821379.0,2025,Export
TUR,Türkiye,OMN,Oman,automotive,87,"Vehicles; other than railway or tramway rolling stock, and parts and accessories thereof",4878759.0,2025,Export
TUR,Türkiye,OMN,Oman,automotive,87,"Vehicles; other than railway or tramway rolling stock, and parts and accessories thereof",4878759.0,2025,Export
TUR,Türkiye,PAK,Pakistan,automotive,87,"Vehicles; other than railway or tramway rolling stock, and parts and accessories thereof",2016592.0,2025,Export
TUR,Türkiye,PAK,Pakistan,automotive,87,"Vehicles; other than railway or tramway rolling stock, and parts and accessories thereof",2016592.0,2025,Export
TUR,Türkiye,PAN,Panama,automotive,87,"Vehicles; other than railway or tramway rolling stock, and parts and accessories thereof",2644655.0,2025,Export
TUR,Türkiye,PAN,Panama,automotive,87,"Vehicles; other than railway or tramway rolling stock, and parts and accessories thereof",2644655.0,2025,Export
TUR,Türkiye,PER,Peru,automotive,87,"Vehicles; other than railway or tramway rolling stock, and parts and accessories thereof",15344491.0,2025,Export
TUR,Türkiye,PER,Peru,automotive,87,"Vehicles; other than railway or tramway rolling stock, and parts and accessories thereof",15344491.0,2025,Export
TUR,Türkiye,PHL,Philippines,automotive,87,"Vehicles; other than railway or tramway rolling stock, and parts and accessories thereof",24035375.0,2025,Export
TUR,Türkiye,PHL,Philippines,automotive,87,"Vehicles; other than railway or tramway rolling stock, and parts and accessories thereof",24035375.0,2025,Export
TUR,Türkiye,PLW,Palau,automotive,87,"Vehicles; other than railway or tramway rolling stock, and parts and accessories thereof",569.0,2025,Export
TUR,Türkiye,PLW,Palau,automotive,87,"Vehicles; other than railway or tramway rolling stock, and parts and accessories thereof",569.0,2025,Export
TUR,Türkiye,PNG,Papua New Guinea,automotive,87,"Vehicles; other than railway or tramway rolling stock, and parts and accessories thereof",51701.0,2025,Export
TUR,Türkiye,PNG,Papua New Guinea,automotive,87,"Vehicles; other than railway or tramway rolling stock, and parts and accessories thereof",51701.0,2025,Export
TUR,Türkiye,POL,Poland,automotive,87,"Vehicles; other than railway or tramway rolling stock, and parts and accessories thereof",1602984055.0,2025,Export
TUR,Türkiye,POL,Poland,automotive,87,"Vehicles; other than railway or tramway rolling stock, and parts and accessories thereof",1602984055.0,2025,Export
TUR,Türkiye,PRT,Portugal,automotive,87,"Vehicles; other than railway or tramway rolling stock, and parts and accessories thereof",469764309.0,2025,Export
TUR,Türkiye,PRT,Portugal,automotive,87,"Vehicles; other than railway or tramway rolling stock, and parts and accessories thereof",469764309.0,2025,Export
TUR,Türkiye,PRY,Paraguay,automotive,87,"Vehicles; other than railway or tramway rolling stock, and parts and accessories thereof",3302766.0,2025,Export
TUR,Türkiye,PRY,Paraguay,automotive,87,"Vehicles; other than railway or tramway rolling stock, and parts and accessories thereof",3302766.0,2025,Export
TUR,Türkiye,PSE,State of Palestine,automotive,87,"Vehicles; other than railway or tramway rolling stock, and parts and accessories thereof",2775227.0,2025,Export
TUR,Türkiye,PSE,State of Palestine,automotive,87,"Vehicles; other than railway or tramway rolling stock, and parts and accessories thereof",2775227.0,2025,Export
TUR,Türkiye,PYF,French Polynesia,automotive,87,"Vehicles; other than railway or tramway rolling stock, and parts and accessories thereof",1041159.0,2025,Export
TUR,Türkiye,PYF,French Polynesia,automotive,87,"Vehicles; other than railway or tramway rolling stock, and parts and accessories thereof",1041159.0,2025,Export
TUR,Türkiye,QAT,Qatar,automotive,87,"Vehicles; other than railway or tramway rolling stock, and parts and accessories thereof",34023730.0,2025,Export
TUR,Türkiye,QAT,Qatar,automotive,87,"Vehicles; other than railway or tramway rolling stock, and parts and accessories thereof",34023730.0,2025,Export
TUR,Türkiye,ROU,Romania,automotive,87,"Vehicles; other than railway or tramway rolling stock, and parts and accessories thereof",1298923946.0,2025,Export
TUR,Türkiye,ROU,Romania,automotive,87,"Vehicles; other than railway or tramway rolling stock, and parts and accessories thereof",1298923946.0,2025,Export
TUR,Türkiye,RUS,Russian Federation,automotive,87,"Vehicles; other than railway or tramway rolling stock, and parts and accessories thereof",302893331.0,2025,Export
TUR,Türkiye,RUS,Russian Federation,automotive,87,"Vehicles; other than railway or tramway rolling stock, and parts and accessories thereof",302893331.0,2025,Export
TUR,Türkiye,RWA,Rwanda,automotive,87,"Vehicles; other than railway or tramway rolling stock, and parts and accessories thereof",18430932.0,2025,Export
TUR,Türkiye,RWA,Rwanda,automotive,87,"Vehicles; other than railway or tramway rolling stock, and parts and accessories thereof",18430932.0,2025,Export
TUR,Türkiye,S19,"Other Asia, nes",automotive,87,"Vehicles; other than railway or tramway rolling stock, and parts and accessories thereof",32900934.0,2025,Export
TUR,Türkiye,S19,"Other Asia, nes",automotive,87,"Vehicles; other than railway or tramway rolling stock, and parts and accessories thereof",32900934.0,2025,Export
TUR,Türkiye,SAU,Saudi Arabia,automotive,87,"Vehicles; other than railway or tramway rolling stock, and parts and accessories thereof",274513434.0,2025,Export
TUR,Türkiye,SAU,Saudi Arabia,automotive,87,"Vehicles; other than railway or tramway rolling stock, and parts and accessories thereof",274513434.0,2025,Export
TUR,Türkiye,SDN,Sudan,automotive,87,"Vehicles; other than railway or tramway rolling stock, and parts and accessories thereof",9681353.0,2025,Export
TUR,Türkiye,SDN,Sudan,automotive,87,"Vehicles; other than railway or tramway rolling stock, and parts and accessories thereof",9681353.0,2025,Export
TUR,Türkiye,SEN,Senegal,automotive,87,"Vehicles; other than railway or tramway rolling stock, and parts and accessories thereof",5755513.0,2025,Export
TUR,Türkiye,SEN,Senegal,automotive,87,"Vehicles; other than railway or tramway rolling stock, and parts and accessories thereof",5755513.0,2025,Export
TUR,Türkiye,SGP,Singapore,automotive,87,"Vehicles; other than railway or tramway rolling stock, and parts and accessories thereof",5221611.0,2025,Export
TUR,Türkiye,SGP,Singapore,automotive,87,"Vehicles; other than railway or tramway rolling stock, and parts and accessories thereof",5221611.0,2025,Export
TUR,Türkiye,SLB,Solomon Isds,automotive,87,"Vehicles; other than railway or tramway rolling stock, and parts and accessories thereof",1480.0,2025,Export
TUR,Türkiye,SLB,Solomon Isds,automotive,87,"Vehicles; other than railway or tramway rolling stock, and parts and accessories thereof",1480.0,2025,Export
TUR,Türkiye,SLE,Sierra Leone,automotive,87,"Vehicles; other than railway or tramway rolling stock, and parts and accessories thereof",139645.0,2025,Export
TUR,Türkiye,SLE,Sierra Leone,automotive,87,"Vehicles; other than railway or tramway rolling stock, and parts and accessories thereof",139645.0,2025,Export
TUR,Türkiye,SLV,El Salvador,automotive,87,"Vehicles; other than railway or tramway rolling stock, and parts and accessories thereof",64010.0,2025,Export
TUR,Türkiye,SLV,El Salvador,automotive,87,"Vehicles; other than railway or tramway rolling stock, and parts and accessories thereof",64010.0,2025,Export
TUR,Türkiye,SMR,San Marino,automotive,87,"Vehicles; other than railway or tramway rolling stock, and parts and accessories thereof",9385.0,2025,Export
TUR,Türkiye,SMR,San Marino,automotive,87,"Vehicles; other than railway or tramway rolling stock, and parts and accessories thereof",9385.0,2025,Export
TUR,Türkiye,SOM,Somalia,automotive,87,"Vehicles; other than railway or tramway rolling stock, and parts and accessories thereof",3013677.0,2025,Export
TUR,Türkiye,SOM,Somalia,automotive,87,"Vehicles; other than railway or tramway rolling stock, and parts and accessories thereof",3013677.0,2025,Export
TUR,Türkiye,SRB,Serbia,automotive,87,"Vehicles; other than railway or tramway rolling stock, and parts and accessories thereof",182876412.0,2025,Export
TUR,Türkiye,SRB,Serbia,automotive,87,"Vehicles; other than railway or tramway rolling stock, and parts and accessories thereof",182876412.0,2025,Export
TUR,Türkiye,SSD,South Sudan,automotive,87,"Vehicles; other than railway or tramway rolling stock, and parts and accessories thereof",40065.0,2025,Export
TUR,Türkiye,SSD,South Sudan,automotive,87,"Vehicles; other than railway or tramway rolling stock, and parts and accessories thereof",40065.0,2025,Export
TUR,Türkiye,SUR,Suriname,automotive,87,"Vehicles; other than railway or tramway rolling stock, and parts and accessories thereof",519100.0,2025,Export
TUR,Türkiye,SUR,Suriname,automotive,87,"Vehicles; other than railway or tramway rolling stock, and parts and accessories thereof",519100.0,2025,Export
TUR,Türkiye,SVK,Slovakia,automotive,87,"Vehicles; other than railway or tramway rolling stock, and parts and accessories thereof",210206616.0,2025,Export
TUR,Türkiye,SVK,Slovakia,automotive,87,"Vehicles; other than railway or tramway rolling stock, and parts and accessories thereof",210206616.0,2025,Export
TUR,Türkiye,SVN,Slovenia,automotive,87,"Vehicles; other than railway or tramway rolling stock, and parts and accessories thereof",2193952825.0,2025,Export
TUR,Türkiye,SVN,Slovenia,automotive,87,"Vehicles; other than railway or tramway rolling stock, and parts and accessories thereof",2193952825.0,2025,Export
TUR,Türkiye,SWE,Sweden,automotive,87,"Vehicles; other than railway or tramway rolling stock, and parts and accessories thereof",240981014.0,2025,Export
TUR,Türkiye,SWE,Sweden,automotive,87,"Vehicles; other than railway or tramway rolling stock, and parts and accessories thereof",240981014.0,2025,Export
TUR,Türkiye,SWZ,Eswatini,automotive,87,"Vehicles; other than railway or tramway rolling stock, and parts and accessories thereof",20.0,2025,Export
TUR,Türkiye,SWZ,Eswatini,automotive,87,"Vehicles; other than railway or tramway rolling stock, and parts and accessories thereof",20.0,2025,Export
TUR,Türkiye,SYC,Seychelles,automotive,87,"Vehicles; other than railway or tramway rolling stock, and parts and accessories thereof",233565.0,2025,Export
TUR,Türkiye,SYC,Seychelles,automotive,87,"Vehicles; other than railway or tramway rolling stock, and parts and accessories thereof",233565.0,2025,Export
TUR,Türkiye,SYR,Syria,automotive,87,"Vehicles; other than railway or tramway rolling stock, and parts and accessories thereof",198535960.0,2025,Export
TUR,Türkiye,SYR,Syria,automotive,87,"Vehicles; other than railway or tramway rolling stock, and parts and accessories thereof",198535960.0,2025,Export
TUR,Türkiye,TCA,Turks and Caicos Isds,automotive,87,"Vehicles; other than railway or tramway rolling stock, and parts and accessories thereof",725250.0,2025,Export
TUR,Türkiye,TCA,Turks and Caicos Isds,automotive,87,"Vehicles; other than railway or tramway rolling stock, and parts and accessories thereof",725250.0,2025,Export
TUR,Türkiye,TCD,Chad,automotive,87,"Vehicles; other than railway or tramway rolling stock, and parts and accessories thereof",17655533.0,2025,Export
TUR,Türkiye,TCD,Chad,automotive,87,"Vehicles; other than railway or tramway rolling stock, and parts and accessories thereof",17655533.0,2025,Export
TUR,Türkiye,TGO,Togo,automotive,87,"Vehicles; other than railway or tramway rolling stock, and parts and accessories thereof",406234.0,2025,Export
TUR,Türkiye,TGO,Togo,automotive,87,"Vehicles; other than railway or tramway rolling stock, and parts and accessories thereof",406234.0,2025,Export
TUR,Türkiye,THA,Thailand,automotive,87,"Vehicles; other than railway or tramway rolling stock, and parts and accessories thereof",19665067.0,2025,Export
TUR,Türkiye,THA,Thailand,automotive,87,"Vehicles; other than railway or tramway rolling stock, and parts and accessories thereof",19665067.0,2025,Export
TUR,Türkiye,TJK,Tajikistan,automotive,87,"Vehicles; other than railway or tramway rolling stock, and parts and accessories thereof",11538389.0,2025,Export
TUR,Türkiye,TJK,Tajikistan,automotive,87,"Vehicles; other than railway or tramway rolling stock, and parts and accessories thereof",11538389.0,2025,Export
TUR,Türkiye,TKM,Turkmenistan,automotive,87,"Vehicles; other than railway or tramway rolling stock, and parts and accessories thereof",10492000.0,2025,Export
TUR,Türkiye,TKM,Turkmenistan,automotive,87,"Vehicles; other than railway or tramway rolling stock, and parts and accessories thereof",10492000.0,2025,Export
TUR,Türkiye,TLS,Timor-Leste,automotive,87,"Vehicles; other than railway or tramway rolling stock, and parts and accessories thereof",1768843.0,2025,Export
TUR,Türkiye,TLS,Timor-Leste,automotive,87,"Vehicles; other than railway or tramway rolling stock, and parts and accessories thereof",1768843.0,2025,Export
TUR,Türkiye,TTO,Trinidad and Tobago,automotive,87,"Vehicles; other than railway or tramway rolling stock, and parts and accessories thereof",85085.0,2025,Export
TUR,Türkiye,TTO,Trinidad and Tobago,automotive,87,"Vehicles; other than railway or tramway rolling stock, and parts and accessories thereof",85085.0,2025,Export
TUR,Türkiye,TUN,Tunisia,automotive,87,"Vehicles; other than railway or tramway rolling stock, and parts and accessories thereof",95892041.0,2025,Export
TUR,Türkiye,TUN,Tunisia,automotive,87,"Vehicles; other than railway or tramway rolling stock, and parts and accessories thereof",95892041.0,2025,Export
TUR,Türkiye,TZA,United Rep. of Tanzania,automotive,87,"Vehicles; other than railway or tramway rolling stock, and parts and accessories thereof",19331018.0,2025,Export
TUR,Türkiye,TZA,United Rep. of Tanzania,automotive,87,"Vehicles; other than railway or tramway rolling stock, and parts and accessories thereof",19331018.0,2025,Export
TUR,Türkiye,UGA,Uganda,automotive,87,"Vehicles; other than railway or tramway rolling stock, and parts and accessories thereof",2905678.0,2025,Export
TUR,Türkiye,UGA,Uganda,automotive,87,"Vehicles; other than railway or tramway rolling stock, and parts and accessories thereof",2905678.0,2025,Export
TUR,Türkiye,UKR,Ukraine,automotive,87,"Vehicles; other than railway or tramway rolling stock, and parts and accessories thereof",231432516.0,2025,Export
TUR,Türkiye,UKR,Ukraine,automotive,87,"Vehicles; other than railway or tramway rolling stock, and parts and accessories thereof",231432516.0,2025,Export
TUR,Türkiye,UMI,United States Minor Outlying Islands,automotive,87,"Vehicles; other than railway or tramway rolling stock, and parts and accessories thereof",64287.0,2025,Export
TUR,Türkiye,UMI,United States Minor Outlying Islands,automotive,87,"Vehicles; other than railway or tramway rolling stock, and parts and accessories thereof",64287.0,2025,Export
TUR,Türkiye,URY,Uruguay,automotive,87,"Vehicles; other than railway or tramway rolling stock, and parts and accessories thereof",47557082.0,2025,Export
TUR,Türkiye,URY,Uruguay,automotive,87,"Vehicles; other than railway or tramway rolling stock, and parts and accessories thereof",47557082.0,2025,Export
TUR,Türkiye,USA,USA,automotive,87,"Vehicles; other than railway or tramway rolling stock, and parts and accessories thereof",899895032.0,2025,Export
TUR,Türkiye,USA,USA,automotive,87,"Vehicles; other than railway or tramway rolling stock, and parts and accessories thereof",899895032.0,2025,Export
TUR,Türkiye,UZB,Uzbekistan,automotive,87,"Vehicles; other than railway or tramway rolling stock, and parts and accessories thereof",82138379.0,2025,Export
TUR,Türkiye,UZB,Uzbekistan,automotive,87,"Vehicles; other than railway or tramway rolling stock, and parts and accessories thereof",82138379.0,2025,Export
TUR,Türkiye,VEN,Venezuela,automotive,87,"Vehicles; other than railway or tramway rolling stock, and parts and accessories thereof",1236458.0,2025,Export
TUR,Türkiye,VEN,Venezuela,automotive,87,"Vehicles; other than railway or tramway rolling stock, and parts and accessories thereof",1236458.0,2025,Export
TUR,Türkiye,VGB,Br. Virgin Isds,automotive,87,"Vehicles; other than railway or tramway rolling stock, and parts and accessories thereof",98.0,2025,Export
TUR,Türkiye,VGB,Br. Virgin Isds,automotive,87,"Vehicles; other than railway or tramway rolling stock, and parts and accessories thereof",98.0,2025,Export
TUR,Türkiye,VNM,Viet Nam,automotive,87,"Vehicles; other than railway or tramway rolling stock, and parts and accessories thereof",15648840.0,2025,Export
TUR,Türkiye,VNM,Viet Nam,automotive,87,"Vehicles; other than railway or tramway rolling stock, and parts and accessories thereof",15648840.0,2025,Export
TUR,Türkiye,VUT,Vanuatu,automotive,87,"Vehicles; other than railway or tramway rolling stock, and parts and accessories thereof",8687.0,2025,Export
TUR,Türkiye,VUT,Vanuatu,automotive,87,"Vehicles; other than railway or tramway rolling stock, and parts and accessories thereof",8687.0,2025,Export
TUR,Türkiye,W00,World,automotive,87,"Vehicles; other than railway or tramway rolling stock, and parts and accessories thereof",1298923946.0,2025,Export
TUR,Türkiye,W00,World,automotive,87,"Vehicles; other than railway or tramway rolling stock, and parts and accessories thereof",34731117.0,2025,Export
TUR,Türkiye,W00,World,automotive,87,"Vehicles; other than railway or tramway rolling stock, and parts and accessories thereof",8422601.0,2025,Export
TUR,Türkiye,W00,World,automotive,87,"Vehicles; other than railway or tramway rolling stock, and parts and accessories thereof",135584952.0,2025,Export
TUR,Türkiye,W00,World,automotive,87,"Vehicles; other than railway or tramway rolling stock, and parts and accessories thereof",11538389.0,2025,Export
TUR,Türkiye,W00,World,automotive,87,"Vehicles; other than railway or tramway rolling stock, and parts and accessories thereof",409825699.0,2025,Export
TUR,Türkiye,W00,World,automotive,87,"Vehicles; other than railway or tramway rolling stock, and parts and accessories thereof",170047546.0,2025,Export
TUR,Türkiye,W00,World,automotive,87,"Vehicles; other than railway or tramway rolling stock, and parts and accessories thereof",19665067.0,2025,Export
TUR,Türkiye,W00,World,automotive,87,"Vehicles; other than railway or tramway rolling stock, and parts and accessories thereof",98549936.0,2025,Export
TUR,Türkiye,W00,World,automotive,87,"Vehicles; other than railway or tramway rolling stock, and parts and accessories thereof",2319750.0,2025,Export
TUR,Türkiye,W00,World,automotive,87,"Vehicles; other than railway or tramway rolling stock, and parts and accessories thereof",56890606.0,2025,Export
TUR,Türkiye,W00,World,automotive,87,"Vehicles; other than railway or tramway rolling stock, and parts and accessories thereof",81683334.0,2025,Export
TUR,Türkiye,W00,World,automotive,87,"Vehicles; other than railway or tramway rolling stock, and parts and accessories thereof",351914958.0,2025,Export
TUR,Türkiye,W00,World,automotive,87,"Vehicles; other than railway or tramway rolling stock, and parts and accessories thereof",5755513.0,2025,Export
TUR,Türkiye,W00,World,automotive,87,"Vehicles; other than railway or tramway rolling stock, and parts and accessories thereof",2672548.0,2025,Export
TUR,Türkiye,W00,World,automotive,87,"Vehicles; other than railway or tramway rolling stock, and parts and accessories thereof",47557082.0,2025,Export
TUR,Türkiye,W00,World,automotive,87,"Vehicles; other than railway or tramway rolling stock, and parts and accessories thereof",61209693.0,2025,Export
TUR,Türkiye,W00,World,automotive,87,"Vehicles; other than railway or tramway rolling stock, and parts and accessories thereof",4171005.0,2025,Export
TUR,Türkiye,W00,World,automotive,87,"Vehicles; other than railway or tramway rolling stock, and parts and accessories thereof",738.0,2025,Export
TUR,Türkiye,W00,World,automotive,87,"Vehicles; other than railway or tramway rolling stock, and parts and accessories thereof",2775227.0,2025,Export
TUR,Türkiye,W00,World,automotive,87,"Vehicles; other than railway or tramway rolling stock, and parts and accessories thereof",16359883.0,2025,Export
TUR,Türkiye,W00,World,automotive,87,"Vehicles; other than railway or tramway rolling stock, and parts and accessories thereof",296394748.0,2025,Export
TUR,Türkiye,W00,World,automotive,87,"Vehicles; other than railway or tramway rolling stock, and parts and accessories thereof",151063167.0,2025,Export
TUR,Türkiye,W00,World,automotive,87,"Vehicles; other than railway or tramway rolling stock, and parts and accessories thereof",24803.0,2025,Export
TUR,Türkiye,W00,World,automotive,87,"Vehicles; other than railway or tramway rolling stock, and parts and accessories thereof",408274.0,2025,Export
TUR,Türkiye,W00,World,automotive,87,"Vehicles; other than railway or tramway rolling stock, and parts and accessories thereof",4797944.0,2025,Export
TUR,Türkiye,W00,World,automotive,87,"Vehicles; other than railway or tramway rolling stock, and parts and accessories thereof",240419.0,2025,Export
TUR,Türkiye,W00,World,automotive,87,"Vehicles; other than railway or tramway rolling stock, and parts and accessories thereof",9681353.0,2025,Export
TUR,Türkiye,W00,World,automotive,87,"Vehicles; other than railway or tramway rolling stock, and parts and accessories thereof",64010.0,2025,Export
TUR,Türkiye,W00,World,automotive,87,"Vehicles; other than railway or tramway rolling stock, and parts and accessories thereof",100.0,2025,Export
TUR,Türkiye,W00,World,automotive,87,"Vehicles; other than railway or tramway rolling stock, and parts and accessories thereof",503125291.0,2025,Export
TUR,Türkiye,W00,World,automotive,87,"Vehicles; other than railway or tramway rolling stock, and parts and accessories thereof",3236414.0,2025,Export
TUR,Türkiye,W00,World,automotive,87,"Vehicles; other than railway or tramway rolling stock, and parts and accessories thereof",231432516.0,2025,Export
TUR,Türkiye,W00,World,automotive,87,"Vehicles; other than railway or tramway rolling stock, and parts and accessories thereof",52216.0,2025,Export
TUR,Türkiye,W00,World,automotive,87,"Vehicles; other than railway or tramway rolling stock, and parts and accessories thereof",198535960.0,2025,Export
TUR,Türkiye,W00,World,automotive,87,"Vehicles; other than railway or tramway rolling stock, and parts and accessories thereof",36727817462.0,2025,Export
TUR,Türkiye,W00,World,automotive,87,"Vehicles; other than railway or tramway rolling stock, and parts and accessories thereof",42587801.0,2025,Export
TUR,Türkiye,W00,World,automotive,87,"Vehicles; other than railway or tramway rolling stock, and parts and accessories thereof",7718.0,2025,Export
TUR,Türkiye,W00,World,automotive,87,"Vehicles; other than railway or tramway rolling stock, and parts and accessories thereof",40065.0,2025,Export
TUR,Türkiye,W00,World,automotive,87,"Vehicles; other than railway or tramway rolling stock, and parts and accessories thereof",670484.0,2025,Export
TUR,Türkiye,W00,World,automotive,87,"Vehicles; other than railway or tramway rolling stock, and parts and accessories thereof",19331018.0,2025,Export
TUR,Türkiye,W00,World,automotive,87,"Vehicles; other than railway or tramway rolling stock, and parts and accessories thereof",95892041.0,2025,Export
TUR,Türkiye,W00,World,automotive,87,"Vehicles; other than railway or tramway rolling stock, and parts and accessories thereof",8608591.0,2025,Export
TUR,Türkiye,W00,World,automotive,87,"Vehicles; other than railway or tramway rolling stock, and parts and accessories thereof",55295914.0,2025,Export
TUR,Türkiye,W00,World,automotive,87,"Vehicles; other than railway or tramway rolling stock, and parts and accessories thereof",8687.0,2025,Export
TUR,Türkiye,W00,World,automotive,87,"Vehicles; other than railway or tramway rolling stock, and parts and accessories thereof",5944415.0,2025,Export
TUR,Türkiye,W00,World,automotive,87,"Vehicles; other than railway or tramway rolling stock, and parts and accessories thereof",10930689.0,2025,Export
TUR,Türkiye,W00,World,automotive,87,"Vehicles; other than railway or tramway rolling stock, and parts and accessories thereof",12689955.0,2025,Export
TUR,Türkiye,W00,World,automotive,87,"Vehicles; other than railway or tramway rolling stock, and parts and accessories thereof",1154482.0,2025,Export
TUR,Türkiye,W00,World,automotive,87,"Vehicles; other than railway or tramway rolling stock, and parts and accessories thereof",9385.0,2025,Export
TUR,Türkiye,W00,World,automotive,87,"Vehicles; other than railway or tramway rolling stock, and parts and accessories thereof",3063975387.0,2025,Export
TUR,Türkiye,W00,World,automotive,87,"Vehicles; other than railway or tramway rolling stock, and parts and accessories thereof",3369474.0,2025,Export
TUR,Türkiye,W00,World,automotive,87,"Vehicles; other than railway or tramway rolling stock, and parts and accessories thereof",2683338.0,2025,Export
TUR,Türkiye,W00,World,automotive,87,"Vehicles; other than railway or tramway rolling stock, and parts and accessories thereof",38670.0,2025,Export
TUR,Türkiye,W00,World,automotive,87,"Vehicles; other than railway or tramway rolling stock, and parts and accessories thereof",37807875.0,2025,Export
TUR,Türkiye,W00,World,automotive,87,"Vehicles; other than railway or tramway rolling stock, and parts and accessories thereof",6141720.0,2025,Export
TUR,Türkiye,W00,World,automotive,87,"Vehicles; other than railway or tramway rolling stock, and parts and accessories thereof",13547742.0,2025,Export
TUR,Türkiye,W00,World,automotive,87,"Vehicles; other than railway or tramway rolling stock, and parts and accessories thereof",221387387.0,2025,Export
TUR,Türkiye,W00,World,automotive,87,"Vehicles; other than railway or tramway rolling stock, and parts and accessories thereof",11895959.0,2025,Export
TUR,Türkiye,W00,World,automotive,87,"Vehicles; other than railway or tramway rolling stock, and parts and accessories thereof",441276.0,2025,Export
TUR,Türkiye,W00,World,automotive,87,"Vehicles; other than railway or tramway rolling stock, and parts and accessories thereof",67255442.0,2025,Export
TUR,Türkiye,W00,World,automotive,87,"Vehicles; other than railway or tramway rolling stock, and parts and accessories thereof",3173837.0,2025,Export
TUR,Türkiye,W00,World,automotive,87,"Vehicles; other than railway or tramway rolling stock, and parts and accessories thereof",64287.0,2025,Export
TUR,Türkiye,W00,World,automotive,87,"Vehicles; other than railway or tramway rolling stock, and parts and accessories thereof",14304.0,2025,Export
TUR,Türkiye,W00,World,automotive,87,"Vehicles; other than railway or tramway rolling stock, and parts and accessories thereof",51701.0,2025,Export
TUR,Türkiye,W00,World,automotive,87,"Vehicles; other than railway or tramway rolling stock, and parts and accessories thereof",231636892.0,2025,Export
TUR,Türkiye,W00,World,automotive,87,"Vehicles; other than railway or tramway rolling stock, and parts and accessories thereof",3013677.0,2025,Export
TUR,Türkiye,W00,World,automotive,87,"Vehicles; other than railway or tramway rolling stock, and parts and accessories thereof",837727.0,2025,Export
TUR,Türkiye,W00,World,automotive,87,"Vehicles; other than railway or tramway rolling stock, and parts and accessories thereof",15344491.0,2025,Export
TUR,Türkiye,W00,World,automotive,87,"Vehicles; other than railway or tramway rolling stock, and parts and accessories thereof",8822645.0,2025,Export
TUR,Türkiye,W00,World,automotive,87,"Vehicles; other than railway or tramway rolling stock, and parts and accessories thereof",143110.0,2025,Export
TUR,Türkiye,W00,World,automotive,87,"Vehicles; other than railway or tramway rolling stock, and parts and accessories thereof",53027995.0,2025,Export
TUR,Türkiye,W00,World,automotive,87,"Vehicles; other than railway or tramway rolling stock, and parts and accessories thereof",31829.0,2025,Export
TUR,Türkiye,W00,World,automotive,87,"Vehicles; other than railway or tramway rolling stock, and parts and accessories thereof",1530033420.0,2025,Export
TUR,Türkiye,W00,World,automotive,87,"Vehicles; other than railway or tramway rolling stock, and parts and accessories thereof",356183.0,2025,Export
TUR,Türkiye,W00,World,automotive,87,"Vehicles; other than railway or tramway rolling stock, and parts and accessories thereof",92541078.0,2025,Export
TUR,Türkiye,W00,World,automotive,87,"Vehicles; other than railway or tramway rolling stock, and parts and accessories thereof",197227960.0,2025,Export
TUR,Türkiye,W00,World,automotive,87,"Vehicles; other than railway or tramway rolling stock, and parts and accessories thereof",210206616.0,2025,Export
TUR,Türkiye,W00,World,automotive,87,"Vehicles; other than railway or tramway rolling stock, and parts and accessories thereof",792733.0,2025,Export
TUR,Türkiye,W00,World,automotive,87,"Vehicles; other than railway or tramway rolling stock, and parts and accessories thereof",82138379.0,2025,Export
TUR,Türkiye,W00,World,automotive,87,"Vehicles; other than railway or tramway rolling stock, and parts and accessories thereof",899895032.0,2025,Export
TUR,Türkiye,W00,World,automotive,87,"Vehicles; other than railway or tramway rolling stock, and parts and accessories thereof",3907782.0,2025,Export
TUR,Türkiye,W00,World,automotive,87,"Vehicles; other than railway or tramway rolling stock, and parts and accessories thereof",14423.0,2025,Export
TUR,Türkiye,W00,World,automotive,87,"Vehicles; other than railway or tramway rolling stock, and parts and accessories thereof",59127.0,2025,Export
TUR,Türkiye,W00,World,automotive,87,"Vehicles; other than railway or tramway rolling stock, and parts and accessories thereof",569.0,2025,Export
TUR,Türkiye,W00,World,automotive,87,"Vehicles; other than railway or tramway rolling stock, and parts and accessories thereof",2193952825.0,2025,Export
TUR,Türkiye,W00,World,automotive,87,"Vehicles; other than railway or tramway rolling stock, and parts and accessories thereof",70263919.0,2025,Export
TUR,Türkiye,W00,World,automotive,87,"Vehicles; other than railway or tramway rolling stock, and parts and accessories thereof",24035375.0,2025,Export
TUR,Türkiye,W00,World,automotive,87,"Vehicles; other than railway or tramway rolling stock, and parts and accessories thereof",37917477.0,2025,Export
TUR,Türkiye,W00,World,automotive,87,"Vehicles; other than railway or tramway rolling stock, and parts and accessories thereof",180.0,2025,Export
TUR,Türkiye,W00,World,automotive,87,"Vehicles; other than railway or tramway rolling stock, and parts and accessories thereof",11417184.0,2025,Export
TUR,Türkiye,W00,World,automotive,87,"Vehicles; other than railway or tramway rolling stock, and parts and accessories thereof",85085.0,2025,Export
TUR,Türkiye,W00,World,automotive,87,"Vehicles; other than railway or tramway rolling stock, and parts and accessories thereof",10749532.0,2025,Export
TUR,Türkiye,W00,World,automotive,87,"Vehicles; other than railway or tramway rolling stock, and parts and accessories thereof",139645.0,2025,Export
TUR,Türkiye,W00,World,automotive,87,"Vehicles; other than railway or tramway rolling stock, and parts and accessories thereof",24684562.0,2025,Export
TUR,Türkiye,W00,World,automotive,87,"Vehicles; other than railway or tramway rolling stock, and parts and accessories thereof",1333743.0,2025,Export
TUR,Türkiye,W00,World,automotive,87,"Vehicles; other than railway or tramway rolling stock, and parts and accessories thereof",240981014.0,2025,Export
TUR,Türkiye,W00,World,automotive,87,"Vehicles; other than railway or tramway rolling stock, and parts and accessories thereof",121448242.0,2025,Export
TUR,Türkiye,W00,World,automotive,87,"Vehicles; other than railway or tramway rolling stock, and parts and accessories thereof",4799307780.0,2025,Export
TUR,Türkiye,W00,World,automotive,87,"Vehicles; other than railway or tramway rolling stock, and parts and accessories thereof",1508448.0,2025,Export
TUR,Türkiye,W00,World,automotive,87,"Vehicles; other than railway or tramway rolling stock, and parts and accessories thereof",195427817.0,2025,Export
TUR,Türkiye,W00,World,automotive,87,"Vehicles; other than railway or tramway rolling stock, and parts and accessories thereof",270201.0,2025,Export
TUR,Türkiye,W00,World,automotive,87,"Vehicles; other than railway or tramway rolling stock, and parts and accessories thereof",17655533.0,2025,Export
TUR,Türkiye,W00,World,automotive,87,"Vehicles; other than railway or tramway rolling stock, and parts and accessories thereof",32900934.0,2025,Export
TUR,Türkiye,W00,World,automotive,87,"Vehicles; other than railway or tramway rolling stock, and parts and accessories thereof",68192168.0,2025,Export
TUR,Türkiye,W00,World,automotive,87,"Vehicles; other than railway or tramway rolling stock, and parts and accessories thereof",218826.0,2025,Export
TUR,Türkiye,W00,World,automotive,87,"Vehicles; other than railway or tramway rolling stock, and parts and accessories thereof",15055152.0,2025,Export
TUR,Türkiye,W00,World,automotive,87,"Vehicles; other than railway or tramway rolling stock, and parts and accessories thereof",5764771.0,2025,Export
TUR,Türkiye,W00,World,automotive,87,"Vehicles; other than railway or tramway rolling stock, and parts and accessories thereof",233565.0,2025,Export
TUR,Türkiye,W00,World,automotive,87,"Vehicles; other than railway or tramway rolling stock, and parts and accessories thereof",3209194.0,2025,Export
TUR,Türkiye,W00,World,automotive,87,"Vehicles; other than railway or tramway rolling stock, and parts and accessories thereof",1327543.0,2025,Export
TUR,Türkiye,W00,World,automotive,87,"Vehicles; other than railway or tramway rolling stock, and parts and accessories thereof",2886.0,2025,Export
TUR,Türkiye,W00,World,automotive,87,"Vehicles; other than railway or tramway rolling stock, and parts and accessories thereof",607663.0,2025,Export
TUR,Türkiye,W00,World,automotive,87,"Vehicles; other than railway or tramway rolling stock, and parts and accessories thereof",20047238.0,2025,Export
TUR,Türkiye,W00,World,automotive,87,"Vehicles; other than railway or tramway rolling stock, and parts and accessories thereof",15648840.0,2025,Export
TUR,Türkiye,W00,World,automotive,87,"Vehicles; other than railway or tramway rolling stock, and parts and accessories thereof",231367215.0,2025,Export
TUR,Türkiye,W00,World,automotive,87,"Vehicles; other than railway or tramway rolling stock, and parts and accessories thereof",5022981479.0,2025,Export
TUR,Türkiye,W00,World,automotive,87,"Vehicles; other than railway or tramway rolling stock, and parts and accessories thereof",483601356.0,2025,Export
TUR,Türkiye,W00,World,automotive,87,"Vehicles; other than railway or tramway rolling stock, and parts and accessories thereof",113609.0,2025,Export
TUR,Türkiye,W00,World,automotive,87,"Vehicles; other than railway or tramway rolling stock, and parts and accessories thereof",274513434.0,2025,Export
TUR,Türkiye,W00,World,automotive,87,"Vehicles; other than railway or tramway rolling stock, and parts and accessories thereof",32000.0,2025,Export
TUR,Türkiye,W00,World,automotive,87,"Vehicles; other than railway or tramway rolling stock, and parts and accessories thereof",3056619019.0,2025,Export
TUR,Türkiye,W00,World,automotive,87,"Vehicles; other than railway or tramway rolling stock, and parts and accessories thereof",1480.0,2025,Export
TUR,Türkiye,W00,World,automotive,87,"Vehicles; other than railway or tramway rolling stock, and parts and accessories thereof",3582526.0,2025,Export
TUR,Türkiye,W00,World,automotive,87,"Vehicles; other than railway or tramway rolling stock, and parts and accessories thereof",2519611.0,2025,Export
TUR,Türkiye,W00,World,automotive,87,"Vehicles; other than railway or tramway rolling stock, and parts and accessories thereof",34023730.0,2025,Export
TUR,Türkiye,W00,World,automotive,87,"Vehicles; other than railway or tramway rolling stock, and parts and accessories thereof",73653.0,2025,Export
TUR,Türkiye,W00,World,automotive,87,"Vehicles; other than railway or tramway rolling stock, and parts and accessories thereof",21531.0,2025,Export
TUR,Türkiye,W00,World,automotive,87,"Vehicles; other than railway or tramway rolling stock, and parts and accessories thereof",4878759.0,2025,Export
TUR,Türkiye,W00,World,automotive,87,"Vehicles; other than railway or tramway rolling stock, and parts and accessories thereof",22965138.0,2025,Export
TUR,Türkiye,W00,World,automotive,87,"Vehicles; other than railway or tramway rolling stock, and parts and accessories thereof",1236458.0,2025,Export
TUR,Türkiye,W00,World,automotive,87,"Vehicles; other than railway or tramway rolling stock, and parts and accessories thereof",2718122.0,2025,Export
TUR,Türkiye,W00,World,automotive,87,"Vehicles; other than railway or tramway rolling stock, and parts and accessories thereof",45309.0,2025,Export
TUR,Türkiye,W00,World,automotive,87,"Vehicles; other than railway or tramway rolling stock, and parts and accessories thereof",3918112029.0,2025,Export
TUR,Türkiye,W00,World,automotive,87,"Vehicles; other than railway or tramway rolling stock, and parts and accessories thereof",96957066.0,2025,Export
TUR,Türkiye,W00,World,automotive,87,"Vehicles; other than railway or tramway rolling stock, and parts and accessories thereof",932101.0,2025,Export
TUR,Türkiye,W00,World,automotive,87,"Vehicles; other than railway or tramway rolling stock, and parts and accessories thereof",213.0,2025,Export
TUR,Türkiye,W00,World,automotive,87,"Vehicles; other than railway or tramway rolling stock, and parts and accessories thereof",3302766.0,2025,Export
TUR,Türkiye,W00,World,automotive,87,"Vehicles; other than railway or tramway rolling stock, and parts and accessories thereof",238943.0,2025,Export
TUR,Türkiye,W00,World,automotive,87,"Vehicles; other than railway or tramway rolling stock, and parts and accessories thereof",12454592.0,2025,Export
TUR,Türkiye,W00,World,automotive,87,"Vehicles; other than railway or tramway rolling stock, and parts and accessories thereof",34969417.0,2025,Export
TUR,Türkiye,W00,World,automotive,87,"Vehicles; other than railway or tramway rolling stock, and parts and accessories thereof",536.0,2025,Export
TUR,Türkiye,W00,World,automotive,87,"Vehicles; other than railway or tramway rolling stock, and parts and accessories thereof",282542085.0,2025,Export
TUR,Türkiye,W00,World,automotive,87,"Vehicles; other than railway or tramway rolling stock, and parts and accessories thereof",849.0,2025,Export
TUR,Türkiye,W00,World,automotive,87,"Vehicles; other than railway or tramway rolling stock, and parts and accessories thereof",224919537.0,2025,Export
TUR,Türkiye,W00,World,automotive,87,"Vehicles; other than railway or tramway rolling stock, and parts and accessories thereof",48179400.0,2025,Export
TUR,Türkiye,W00,World,automotive,87,"Vehicles; other than railway or tramway rolling stock, and parts and accessories thereof",2016592.0,2025,Export
TUR,Türkiye,W00,World,automotive,87,"Vehicles; other than railway or tramway rolling stock, and parts and accessories thereof",318456.0,2025,Export
TUR,Türkiye,W00,World,automotive,87,"Vehicles; other than railway or tramway rolling stock, and parts and accessories thereof",300953.0,2025,Export
TUR,Türkiye,W00,World,automotive,87,"Vehicles; other than railway or tramway rolling stock, and parts and accessories thereof",1486885.0,2025,Export
TUR,Türkiye,W00,World,automotive,87,"Vehicles; other than railway or tramway rolling stock, and parts and accessories thereof",1874.0,2025,Export
TUR,Türkiye,W00,World,automotive,87,"Vehicles; other than railway or tramway rolling stock, and parts and accessories thereof",203118.0,2025,Export
TUR,Türkiye,W00,World,automotive,87,"Vehicles; other than railway or tramway rolling stock, and parts and accessories thereof",304851.0,2025,Export
TUR,Türkiye,W00,World,automotive,87,"Vehicles; other than railway or tramway rolling stock, and parts and accessories thereof",468047348.0,2025,Export
TUR,Türkiye,W00,World,automotive,87,"Vehicles; other than railway or tramway rolling stock, and parts and accessories thereof",147220934.0,2025,Export
TUR,Türkiye,W00,World,automotive,87,"Vehicles; other than railway or tramway rolling stock, and parts and accessories thereof",5221611.0,2025,Export
TUR,Türkiye,W00,World,automotive,87,"Vehicles; other than railway or tramway rolling stock, and parts and accessories thereof",182876412.0,2025,Export
TUR,Türkiye,W00,World,automotive,87,"Vehicles; other than railway or tramway rolling stock, and parts and accessories thereof",13157561.0,2025,Export
TUR,Türkiye,W00,World,automotive,87,"Vehicles; other than railway or tramway rolling stock, and parts and accessories thereof",7819.0,2025,Export
TUR,Türkiye,W00,World,automotive,87,"Vehicles; other than railway or tramway rolling stock, and parts and accessories thereof",2476644.0,2025,Export
TUR,Türkiye,W00,World,automotive,87,"Vehicles; other than railway or tramway rolling stock, and parts and accessories thereof",98.0,2025,Export
TUR,Türkiye,W00,World,automotive,87,"Vehicles; other than railway or tramway rolling stock, and parts and accessories thereof",10492000.0,2025,Export
TUR,Türkiye,W00,World,automotive,87,"Vehicles; other than railway or tramway rolling stock, and parts and accessories thereof",943833.0,2025,Export
TUR,Türkiye,W00,World,automotive,87,"Vehicles; other than railway or tramway rolling stock, and parts and accessories thereof",10354.0,2025,Export
TUR,Türkiye,W00,World,automotive,87,"Vehicles; other than railway or tramway rolling stock, and parts and accessories thereof",519100.0,2025,Export
TUR,Türkiye,W00,World,automotive,87,"Vehicles; other than railway or tramway rolling stock, and parts and accessories thereof",592899.0,2025,Export
TUR,Türkiye,W00,World,automotive,87,"Vehicles; other than railway or tramway rolling stock, and parts and accessories thereof",9375362.0,2025,Export
TUR,Türkiye,W00,World,automotive,87,"Vehicles; other than railway or tramway rolling stock, and parts and accessories thereof",201104464.0,2025,Export
TUR,Türkiye,W00,World,automotive,87,"Vehicles; other than railway or tramway rolling stock, and parts and accessories thereof",53477.0,2025,Export
TUR,Türkiye,W00,World,automotive,87,"Vehicles; other than railway or tramway rolling stock, and parts and accessories thereof",35990689.0,2025,Export
TUR,Türkiye,W00,World,automotive,87,"Vehicles; other than railway or tramway rolling stock, and parts and accessories thereof",2905678.0,2025,Export
TUR,Türkiye,W00,World,automotive,87,"Vehicles; other than railway or tramway rolling stock, and parts and accessories thereof",8.0,2025,Export
TUR,Türkiye,W00,World,automotive,87,"Vehicles; other than railway or tramway rolling stock, and parts and accessories thereof",524.0,2025,Export
TUR,Türkiye,W00,World,automotive,87,"Vehicles; other than railway or tramway rolling stock, and parts and accessories thereof",18430932.0,2025,Export
TUR,Türkiye,W00,World,automotive,87,"Vehicles; other than railway or tramway rolling stock, and parts and accessories thereof",406234.0,2025,Export
TUR,Türkiye,W00,World,automotive,87,"Vehicles; other than railway or tramway rolling stock, and parts and accessories thereof",362728.0,2025,Export
TUR,Türkiye,W00,World,automotive,87,"Vehicles; other than railway or tramway rolling stock, and parts and accessories thereof",8056246.0,2025,Export
TUR,Türkiye,W00,World,automotive,87,"Vehicles; other than railway or tramway rolling stock, and parts and accessories thereof",85800.0,2025,Export
TUR,Türkiye,W00,World,automotive,87,"Vehicles; other than railway or tramway rolling stock, and parts and accessories thereof",3088823.0,2025,Export
TUR,Türkiye,W00,World,automotive,87,"Vehicles; other than railway or tramway rolling stock, and parts and accessories thereof",1768843.0,2025,Export
TUR,Türkiye,W00,World,automotive,87,"Vehicles; other than railway or tramway rolling stock, and parts and accessories thereof",31461688.0,2025,Export
TUR,Türkiye,W00,World,automotive,87,"Vehicles; other than railway or tramway rolling stock, and parts and accessories thereof",79943.0,2025,Export
TUR,Türkiye,W00,World,automotive,87,"Vehicles; other than railway or tramway rolling stock, and parts and accessories thereof",53821379.0,2025,Export
TUR,Türkiye,W00,World,automotive,87,"Vehicles; other than railway or tramway rolling stock, and parts and accessories thereof",26273.0,2025,Export
TUR,Türkiye,W00,World,automotive,87,"Vehicles; other than railway or tramway rolling stock, and parts and accessories thereof",1041159.0,2025,Export
TUR,Türkiye,W00,World,automotive,87,"Vehicles; other than railway or tramway rolling stock, and parts and accessories thereof",553426.0,2025,Export
TUR,Türkiye,W00,World,automotive,87,"Vehicles; other than railway or tramway rolling stock, and parts and accessories thereof",469764309.0,2025,Export
TUR,Türkiye,W00,World,automotive,87,"Vehicles; other than railway or tramway rolling stock, and parts and accessories thereof",26844689.0,2025,Export
TUR,Türkiye,W00,World,automotive,87,"Vehicles; other than railway or tramway rolling stock, and parts and accessories thereof",302893331.0,2025,Export
TUR,Türkiye,W00,World,automotive,87,"Vehicles; other than railway or tramway rolling stock, and parts and accessories thereof",2644655.0,2025,Export
TUR,Türkiye,W00,World,automotive,87,"Vehicles; other than railway or tramway rolling stock, and parts and accessories thereof",725250.0,2025,Export
TUR,Türkiye,W00,World,automotive,87,"Vehicles; other than railway or tramway rolling stock, and parts and accessories thereof",1602984055.0,2025,Export
TUR,Türkiye,W00,World,automotive,87,"Vehicles; other than railway or tramway rolling stock, and parts and accessories thereof",22200.0,2025,Export
TUR,Türkiye,W00,World,automotive,87,"Vehicles; other than railway or tramway rolling stock, and parts and accessories thereof",422.0,2025,Export
TUR,Türkiye,W00,World,automotive,87,"Vehicles; other than railway or tramway rolling stock, and parts and accessories thereof",546426.0,2025,Export
TUR,Türkiye,W00,World,automotive,87,"Vehicles; other than railway or tramway rolling stock, and parts and accessories thereof",409237.0,2025,Export
TUR,Türkiye,W00,World,automotive,87,"Vehicles; other than railway or tramway rolling stock, and parts and accessories thereof",83076.0,2025,Export
TUR,Türkiye,W00,World,automotive,87,"Vehicles; other than railway or tramway rolling stock, and parts and accessories thereof",192033356.0,2025,Export
TUR,Türkiye,W00,World,automotive,87,"Vehicles; other than railway or tramway rolling stock, and parts and accessories thereof",20.0,2025,Export
TUR,Türkiye,W00,World,automotive,87,"Vehicles; other than railway or tramway rolling stock, and parts and accessories thereof",11053996.0,2025,Export
TUR,Türkiye,WSM,Samoa,automotive,87,"Vehicles; other than railway or tramway rolling stock, and parts and accessories thereof",85800.0,2025,Export
TUR,Türkiye,WSM,Samoa,automotive,87,"Vehicles; other than railway or tramway rolling stock, and parts and accessories thereof",85800.0,2025,Export
TUR,Türkiye,YEM,Yemen,automotive,87,"Vehicles; other than railway or tramway rolling stock, and parts and accessories thereof",2319750.0,2025,Export
TUR,Türkiye,YEM,Yemen,automotive,87,"Vehicles; other than railway or tramway rolling stock, and parts and accessories thereof",2319750.0,2025,Export
TUR,Türkiye,ZAF,South Africa,automotive,87,"Vehicles; other than railway or tramway rolling stock, and parts and accessories thereof",70263919.0,2025,Export
TUR,Türkiye,ZAF,South Africa,automotive,87,"Vehicles; other than railway or tramway rolling stock, and parts and accessories thereof",70263919.0,2025,Export
TUR,Türkiye,ZMB,Zambia,automotive,87,"Vehicles; other than railway or tramway rolling stock, and parts and accessories thereof",1508448.0,2025,Export
TUR,Türkiye,ZMB,Zambia,automotive,87,"Vehicles; other than railway or tramway rolling stock, and parts and accessories thereof",1508448.0,2025,Export
TUR,Türkiye,ZWE,Zimbabwe,automotive,87,"Vehicles; other than railway or tramway rolling stock, and parts and accessories thereof",3209194.0,2025,Export
TUR,Türkiye,ZWE,Zimbabwe,automotive,87,"Vehicles; other than railway or tramway rolling stock, and parts and accessories thereof",3209194.0,2025,Export
TUR,Türkiye,_X,"Areas, nes",automotive,87,"Vehicles; other than railway or tramway rolling stock, and parts and accessories thereof",8822645.0,2025,Export
TUR,Türkiye,_X,"Areas, nes",automotive,87,"Vehicles; other than railway or tramway rolling stock, and parts and accessories thereof",8822645.0,2025,Export
USA,USA,ABW,Aruba,automotive,87,"Vehicles; other than railway or tramway rolling stock, and parts and accessories thereof",22224330.0,2025,Export
USA,USA,AFG,Afghanistan,automotive,87,"Vehicles; other than railway or tramway rolling stock, and parts and accessories thereof",25840.0,2025,Export
USA,USA,AGO,Angola,automotive,87,"Vehicles; other than railway or tramway rolling stock, and parts and accessories thereof",10666623.0,2025,Export
USA,USA,AIA,Anguilla,automotive,87,"Vehicles; other than railway or tramway rolling stock, and parts and accessories thereof",3363903.0,2025,Export
USA,USA,ALB,Albania,automotive,87,"Vehicles; other than railway or tramway rolling stock, and parts and accessories thereof",86229755.0,2025,Export
USA,USA,AND,Andorra,automotive,87,"Vehicles; other than railway or tramway rolling stock, and parts and accessories thereof",87523.0,2025,Export
USA,USA,ARE,United Arab Emirates,automotive,87,"Vehicles; other than railway or tramway rolling stock, and parts and accessories thereof",4114300213.0,2025,Export
USA,USA,ARG,Argentina,automotive,87,"Vehicles; other than railway or tramway rolling stock, and parts and accessories thereof",531456723.0,2025,Export
USA,USA,ARM,Armenia,automotive,87,"Vehicles; other than railway or tramway rolling stock, and parts and accessories thereof",81923744.0,2025,Export
USA,USA,ATF,Fr. South Antarctic Terr.,automotive,87,"Vehicles; other than railway or tramway rolling stock, and parts and accessories thereof",5506.0,2025,Export
USA,USA,ATG,Antigua and Barbuda,automotive,87,"Vehicles; other than railway or tramway rolling stock, and parts and accessories thereof",10656373.0,2025,Export
USA,USA,AUS,Australia,automotive,87,"Vehicles; other than railway or tramway rolling stock, and parts and accessories thereof",4141767710.0,2025,Export
USA,USA,AUT,Austria,automotive,87,"Vehicles; other than railway or tramway rolling stock, and parts and accessories thereof",77890908.0,2025,Export
USA,USA,AZE,Azerbaijan,automotive,87,"Vehicles; other than railway or tramway rolling stock, and parts and accessories thereof",9142745.0,2025,Export
USA,USA,BDI,Burundi,automotive,87,"Vehicles; other than railway or tramway rolling stock, and parts and accessories thereof",5685.0,2025,Export
USA,USA,BEL,Belgium,automotive,87,"Vehicles; other than railway or tramway rolling stock, and parts and accessories thereof",2033968245.0,2025,Export
USA,USA,BEN,Benin,automotive,87,"Vehicles; other than railway or tramway rolling stock, and parts and accessories thereof",275903432.0,2025,Export
USA,USA,BFA,Burkina Faso,automotive,87,"Vehicles; other than railway or tramway rolling stock, and parts and accessories thereof",17723221.0,2025,Export
USA,USA,BGD,Bangladesh,automotive,87,"Vehicles; other than railway or tramway rolling stock, and parts and accessories thereof",435503.0,2025,Export
USA,USA,BGR,Bulgaria,automotive,87,"Vehicles; other than railway or tramway rolling stock, and parts and accessories thereof",30072089.0,2025,Export
USA,USA,BHR,Bahrain,automotive,87,"Vehicles; other than railway or tramway rolling stock, and parts and accessories thereof",61108059.0,2025,Export
USA,USA,BHS,Bahamas,automotive,87,"Vehicles; other than railway or tramway rolling stock, and parts and accessories thereof",141669700.0,2025,Export
USA,USA,BIH,Bosnia Herzegovina,automotive,87,"Vehicles; other than railway or tramway rolling stock, and parts and accessories thereof",3027702.0,2025,Export
USA,USA,BLZ,Belize,automotive,87,"Vehicles; other than railway or tramway rolling stock, and parts and accessories thereof",53792620.0,2025,Export
USA,USA,BMU,Bermuda,automotive,87,"Vehicles; other than railway or tramway rolling stock, and parts and accessories thereof",7024482.0,2025,Export
USA,USA,BOL,Bolivia (Plurinational State of),automotive,87,"Vehicles; other than railway or tramway rolling stock, and parts and accessories thereof",24985590.0,2025,Export
USA,USA,BRA,Brazil,automotive,87,"Vehicles; other than railway or tramway rolling stock, and parts and accessories thereof",1359016576.0,2025,Export
USA,USA,BRB,Barbados,automotive,87,"Vehicles; other than railway or tramway rolling stock, and parts and accessories thereof",11763631.0,2025,Export
USA,USA,BRN,Brunei Darussalam,automotive,87,"Vehicles; other than railway or tramway rolling stock, and parts and accessories thereof",1505626.0,2025,Export
USA,USA,BTN,Bhutan,automotive,87,"Vehicles; other than railway or tramway rolling stock, and parts and accessories thereof",9634.0,2025,Export
USA,USA,BWA,Botswana,automotive,87,"Vehicles; other than railway or tramway rolling stock, and parts and accessories thereof",53667.0,2025,Export
USA,USA,CAF,Central African Rep.,automotive,87,"Vehicles; other than railway or tramway rolling stock, and parts and accessories thereof",33000.0,2025,Export
USA,USA,CAN,Canada,automotive,87,"Vehicles; other than railway or tramway rolling stock, and parts and accessories thereof",46322882459.0,2025,Export
USA,USA,CHE,Switzerland,automotive,87,"Vehicles; other than railway or tramway rolling stock, and parts and accessories thereof",70959556.0,2025,Export
USA,USA,CHL,Chile,automotive,87,"Vehicles; other than railway or tramway rolling stock, and parts and accessories thereof",1396695721.0,2025,Export
USA,USA,CHN,China,automotive,87,"Vehicles; other than railway or tramway rolling stock, and parts and accessories thereof",3019436008.0,2025,Export
USA,USA,CIV,Côte d'Ivoire,automotive,87,"Vehicles; other than railway or tramway rolling stock, and parts and accessories thereof",28759034.0,2025,Export
USA,USA,CMR,Cameroon,automotive,87,"Vehicles; other than railway or tramway rolling stock, and parts and accessories thereof",19448830.0,2025,Export
USA,USA,COD,Dem. Rep. of the Congo,automotive,87,"Vehicles; other than railway or tramway rolling stock, and parts and accessories thereof",10033752.0,2025,Export
USA,USA,COG,Congo,automotive,87,"Vehicles; other than railway or tramway rolling stock, and parts and accessories thereof",8351644.0,2025,Export
USA,USA,COK,Cook Isds,automotive,87,"Vehicles; other than railway or tramway rolling stock, and parts and accessories thereof",9467.0,2025,Export
USA,USA,COL,Colombia,automotive,87,"Vehicles; other than railway or tramway rolling stock, and parts and accessories thereof",541053096.0,2025,Export
USA,USA,COM,Comoros,automotive,87,"Vehicles; other than railway or tramway rolling stock, and parts and accessories thereof",342038.0,2025,Export
USA,USA,CPV,Cabo Verde,automotive,87,"Vehicles; other than railway or tramway rolling stock, and parts and accessories thereof",1198115.0,2025,Export
USA,USA,CRI,Costa Rica,automotive,87,"Vehicles; other than railway or tramway rolling stock, and parts and accessories thereof",272696056.0,2025,Export
USA,USA,CUB,Cuba,automotive,87,"Vehicles; other than railway or tramway rolling stock, and parts and accessories thereof",150622038.0,2025,Export
USA,USA,CUW,Curaçao,automotive,87,"Vehicles; other than railway or tramway rolling stock, and parts and accessories thereof",34124013.0,2025,Export
USA,USA,CYM,Cayman Isds,automotive,87,"Vehicles; other than railway or tramway rolling stock, and parts and accessories thereof",41698600.0,2025,Export
USA,USA,CYP,Cyprus,automotive,87,"Vehicles; other than railway or tramway rolling stock, and parts and accessories thereof",6330472.0,2025,Export
USA,USA,CZE,Czechia,automotive,87,"Vehicles; other than railway or tramway rolling stock, and parts and accessories thereof",58418838.0,2025,Export
USA,USA,DEU,Germany,automotive,87,"Vehicles; other than railway or tramway rolling stock, and parts and accessories thereof",9063195709.0,2025,Export
USA,USA,DJI,Djibouti,automotive,87,"Vehicles; other than railway or tramway rolling stock, and parts and accessories thereof",6909232.0,2025,Export
USA,USA,DMA,Dominica,automotive,87,"Vehicles; other than railway or tramway rolling stock, and parts and accessories thereof",3620047.0,2025,Export
USA,USA,DNK,Denmark,automotive,87,"Vehicles; other than railway or tramway rolling stock, and parts and accessories thereof",42810452.0,2025,Export
USA,USA,DOM,Dominican Rep.,automotive,87,"Vehicles; other than railway or tramway rolling stock, and parts and accessories thereof",944260027.0,2025,Export
USA,USA,DZA,Algeria,automotive,87,"Vehicles; other than railway or tramway rolling stock, and parts and accessories thereof",15395757.0,2025,Export
USA,USA,ECU,Ecuador,automotive,87,"Vehicles; other than railway or tramway rolling stock, and parts and accessories thereof",126664302.0,2025,Export
USA,USA,EGY,Egypt,automotive,87,"Vehicles; other than railway or tramway rolling stock, and parts and accessories thereof",281151686.0,2025,Export
USA,USA,ERI,Eritrea,automotive,87,"Vehicles; other than railway or tramway rolling stock, and parts and accessories thereof",1878562.0,2025,Export
USA,USA,ESP,Spain,automotive,87,"Vehicles; other than railway or tramway rolling stock, and parts and accessories thereof",342838143.0,2025,Export
USA,USA,EST,Estonia,automotive,87,"Vehicles; other than railway or tramway rolling stock, and parts and accessories thereof",21508001.0,2025,Export
USA,USA,ETH,Ethiopia,automotive,87,"Vehicles; other than railway or tramway rolling stock, and parts and accessories thereof",3526451.0,2025,Export
USA,USA,FIN,Finland,automotive,87,"Vehicles; other than railway or tramway rolling stock, and parts and accessories thereof",45537776.0,2025,Export
USA,USA,FJI,Fiji,automotive,87,"Vehicles; other than railway or tramway rolling stock, and parts and accessories thereof",188414.0,2025,Export
USA,USA,FLK,Falkland Isds (Malvinas),automotive,87,"Vehicles; other than railway or tramway rolling stock, and parts and accessories thereof",125000.0,2025,Export
USA,USA,FRA,France,automotive,87,"Vehicles; other than railway or tramway rolling stock, and parts and accessories thereof",315072970.0,2025,Export
USA,USA,FRO,Faroe Isds,automotive,87,"Vehicles; other than railway or tramway rolling stock, and parts and accessories thereof",3150.0,2025,Export
USA,USA,FSM,FS Micronesia,automotive,87,"Vehicles; other than railway or tramway rolling stock, and parts and accessories thereof",789272.0,2025,Export
USA,USA,GAB,Gabon,automotive,87,"Vehicles; other than railway or tramway rolling stock, and parts and accessories thereof",6209827.0,2025,Export
USA,USA,GBR,United Kingdom,automotive,87,"Vehicles; other than railway or tramway rolling stock, and parts and accessories thereof",1337540246.0,2025,Export
USA,USA,GEO,Georgia,automotive,87,"Vehicles; other than railway or tramway rolling stock, and parts and accessories thereof",1728720643.0,2025,Export
USA,USA,GHA,Ghana,automotive,87,"Vehicles; other than railway or tramway rolling stock, and parts and accessories thereof",406003155.0,2025,Export
USA,USA,GIB,Gibraltar,automotive,87,"Vehicles; other than railway or tramway rolling stock, and parts and accessories thereof",3153.0,2025,Export
USA,USA,GIN,Guinea,automotive,87,"Vehicles; other than railway or tramway rolling stock, and parts and accessories thereof",41390584.0,2025,Export
USA,USA,GMB,Gambia,automotive,87,"Vehicles; other than railway or tramway rolling stock, and parts and accessories thereof",15158874.0,2025,Export
USA,USA,GNB,Guinea-Bissau,automotive,87,"Vehicles; other than railway or tramway rolling stock, and parts and accessories thereof",270056.0,2025,Export
USA,USA,GNQ,Equatorial Guinea,automotive,87,"Vehicles; other than railway or tramway rolling stock, and parts and accessories thereof",4736291.0,2025,Export
USA,USA,GRC,Greece,automotive,87,"Vehicles; other than railway or tramway rolling stock, and parts and accessories thereof",26747279.0,2025,Export
USA,USA,GRD,Grenada,automotive,87,"Vehicles; other than railway or tramway rolling stock, and parts and accessories thereof",4466691.0,2025,Export
USA,USA,GRL,Greenland,automotive,87,"Vehicles; other than railway or tramway rolling stock, and parts and accessories thereof",729230.0,2025,Export
USA,USA,GTM,Guatemala,automotive,87,"Vehicles; other than railway or tramway rolling stock, and parts and accessories thereof",531291041.0,2025,Export
USA,USA,GUY,Guyana,automotive,87,"Vehicles; other than railway or tramway rolling stock, and parts and accessories thereof",37861941.0,2025,Export
USA,USA,HKG,"China, Hong Kong SAR",automotive,87,"Vehicles; other than railway or tramway rolling stock, and parts and accessories thereof",65951093.0,2025,Export
USA,USA,HND,Honduras,automotive,87,"Vehicles; other than railway or tramway rolling stock, and parts and accessories thereof",351599968.0,2025,Export
USA,USA,HRV,Croatia,automotive,87,"Vehicles; other than railway or tramway rolling stock, and parts and accessories thereof",20424433.0,2025,Export
USA,USA,HTI,Haiti,automotive,87,"Vehicles; other than railway or tramway rolling stock, and parts and accessories thereof",24436659.0,2025,Export
USA,USA,HUN,Hungary,automotive,87,"Vehicles; other than railway or tramway rolling stock, and parts and accessories thereof",192666775.0,2025,Export
USA,USA,IDN,Indonesia,automotive,87,"Vehicles; other than railway or tramway rolling stock, and parts and accessories thereof",62000316.0,2025,Export
USA,USA,IND,India,automotive,87,"Vehicles; other than railway or tramway rolling stock, and parts and accessories thereof",483169289.0,2025,Export
USA,USA,IOT,Br. Indian Ocean Terr.,automotive,87,"Vehicles; other than railway or tramway rolling stock, and parts and accessories thereof",5369.0,2025,Export
USA,USA,IRL,Ireland,automotive,87,"Vehicles; other than railway or tramway rolling stock, and parts and accessories thereof",26843852.0,2025,Export
USA,USA,IRQ,Iraq,automotive,87,"Vehicles; other than railway or tramway rolling stock, and parts and accessories thereof",284434907.0,2025,Export
USA,USA,ISL,Iceland,automotive,87,"Vehicles; other than railway or tramway rolling stock, and parts and accessories thereof",25471113.0,2025,Export
USA,USA,ISR,Israel,automotive,87,"Vehicles; other than railway or tramway rolling stock, and parts and accessories thereof",850498002.0,2025,Export
USA,USA,ITA,Italy,automotive,87,"Vehicles; other than railway or tramway rolling stock, and parts and accessories thereof",394277241.0,2025,Export
USA,USA,JAM,Jamaica,automotive,87,"Vehicles; other than railway or tramway rolling stock, and parts and accessories thereof",56347220.0,2025,Export
USA,USA,JOR,Jordan,automotive,87,"Vehicles; other than railway or tramway rolling stock, and parts and accessories thereof",624050802.0,2025,Export
USA,USA,JPN,Japan,automotive,87,"Vehicles; other than railway or tramway rolling stock, and parts and accessories thereof",1626279040.0,2025,Export
USA,USA,KAZ,Kazakhstan,automotive,87,"Vehicles; other than railway or tramway rolling stock, and parts and accessories thereof",70585723.0,2025,Export
USA,USA,KEN,Kenya,automotive,87,"Vehicles; other than railway or tramway rolling stock, and parts and accessories thereof",65806512.0,2025,Export
USA,USA,KGZ,Kyrgyzstan,automotive,87,"Vehicles; other than railway or tramway rolling stock, and parts and accessories thereof",88065176.0,2025,Export
USA,USA,KHM,Cambodia,automotive,87,"Vehicles; other than railway or tramway rolling stock, and parts and accessories thereof",145436327.0,2025,Export
USA,USA,KNA,Saint Kitts and Nevis,automotive,87,"Vehicles; other than railway or tramway rolling stock, and parts and accessories thereof",6250855.0,2025,Export
USA,USA,KOR,Rep. of Korea,automotive,87,"Vehicles; other than railway or tramway rolling stock, and parts and accessories thereof",2452363099.0,2025,Export
USA,USA,KWT,Kuwait,automotive,87,"Vehicles; other than railway or tramway rolling stock, and parts and accessories thereof",646402584.0,2025,Export
USA,USA,LAO,Lao People's Dem. Rep.,automotive,87,"Vehicles; other than railway or tramway rolling stock, and parts and accessories thereof",279692.0,2025,Export
USA,USA,LBN,Lebanon,automotive,87,"Vehicles; other than railway or tramway rolling stock, and parts and accessories thereof",261349926.0,2025,Export
USA,USA,LBR,Liberia,automotive,87,"Vehicles; other than railway or tramway rolling stock, and parts and accessories thereof",22795578.0,2025,Export
USA,USA,LBY,Libya,automotive,87,"Vehicles; other than railway or tramway rolling stock, and parts and accessories thereof",299188357.0,2025,Export
USA,USA,LCA,Saint Lucia,automotive,87,"Vehicles; other than railway or tramway rolling stock, and parts and accessories thereof",7771400.0,2025,Export
USA,USA,LKA,Sri Lanka,automotive,87,"Vehicles; other than railway or tramway rolling stock, and parts and accessories thereof",6123574.0,2025,Export
USA,USA,LTU,Lithuania,automotive,87,"Vehicles; other than railway or tramway rolling stock, and parts and accessories thereof",1154456387.0,2025,Export
USA,USA,LUX,Luxembourg,automotive,87,"Vehicles; other than railway or tramway rolling stock, and parts and accessories thereof",13251469.0,2025,Export
USA,USA,LVA,Latvia,automotive,87,"Vehicles; other than railway or tramway rolling stock, and parts and accessories thereof",4518768.0,2025,Export
USA,USA,MAC,"China, Macao SAR",automotive,87,"Vehicles; other than railway or tramway rolling stock, and parts and accessories thereof",288739.0,2025,Export
USA,USA,MAR,Morocco,automotive,87,"Vehicles; other than railway or tramway rolling stock, and parts and accessories thereof",94157467.0,2025,Export
USA,USA,MDA,Rep. of Moldova,automotive,87,"Vehicles; other than railway or tramway rolling stock, and parts and accessories thereof",42015361.0,2025,Export
USA,USA,MDG,Madagascar,automotive,87,"Vehicles; other than railway or tramway rolling stock, and parts and accessories thereof",765364.0,2025,Export
USA,USA,MDV,Maldives,automotive,87,"Vehicles; other than railway or tramway rolling stock, and parts and accessories thereof",1515688.0,2025,Export
USA,USA,MEX,Mexico,automotive,87,"Vehicles; other than railway or tramway rolling stock, and parts and accessories thereof",26049264840.0,2025,Export
USA,USA,MHL,Marshall Isds,automotive,87,"Vehicles; other than railway or tramway rolling stock, and parts and accessories thereof",839179.0,2025,Export
USA,USA,MKD,North Macedonia,automotive,87,"Vehicles; other than railway or tramway rolling stock, and parts and accessories thereof",28614267.0,2025,Export
USA,USA,MLI,Mali,automotive,87,"Vehicles; other than railway or tramway rolling stock, and parts and accessories thereof",4737050.0,2025,Export
USA,USA,MLT,Malta,automotive,87,"Vehicles; other than railway or tramway rolling stock, and parts and accessories thereof",716030.0,2025,Export
USA,USA,MMR,Myanmar,automotive,87,"Vehicles; other than railway or tramway rolling stock, and parts and accessories thereof",126720.0,2025,Export
USA,USA,MNE,Montenegro,automotive,87,"Vehicles; other than railway or tramway rolling stock, and parts and accessories thereof",7113577.0,2025,Export
USA,USA,MNG,Mongolia,automotive,87,"Vehicles; other than railway or tramway rolling stock, and parts and accessories thereof",63212887.0,2025,Export
USA,USA,MOZ,Mozambique,automotive,87,"Vehicles; other than railway or tramway rolling stock, and parts and accessories thereof",393902.0,2025,Export
USA,USA,MRT,Mauritania,automotive,87,"Vehicles; other than railway or tramway rolling stock, and parts and accessories thereof",28191813.0,2025,Export
USA,USA,MSR,Montserrat,automotive,87,"Vehicles; other than railway or tramway rolling stock, and parts and accessories thereof",191105.0,2025,Export
USA,USA,MUS,Mauritius,automotive,87,"Vehicles; other than railway or tramway rolling stock, and parts and accessories thereof",2653142.0,2025,Export
USA,USA,MWI,Malawi,automotive,87,"Vehicles; other than railway or tramway rolling stock, and parts and accessories thereof",805697.0,2025,Export
USA,USA,MYS,Malaysia,automotive,87,"Vehicles; other than railway or tramway rolling stock, and parts and accessories thereof",90783290.0,2025,Export
USA,USA,NAM,Namibia,automotive,87,"Vehicles; other than railway or tramway rolling stock, and parts and accessories thereof",2858163.0,2025,Export
USA,USA,NCL,New Caledonia,automotive,87,"Vehicles; other than railway or tramway rolling stock, and parts and accessories thereof",581279.0,2025,Export
USA,USA,NER,Niger,automotive,87,"Vehicles; other than railway or tramway rolling stock, and parts and accessories thereof",9613915.0,2025,Export
USA,USA,NGA,Nigeria,automotive,87,"Vehicles; other than railway or tramway rolling stock, and parts and accessories thereof",1237036078.0,2025,Export
USA,USA,NIC,Nicaragua,automotive,87,"Vehicles; other than railway or tramway rolling stock, and parts and accessories thereof",49126912.0,2025,Export
USA,USA,NIU,Niue,automotive,87,"Vehicles; other than railway or tramway rolling stock, and parts and accessories thereof",7557.0,2025,Export
USA,USA,NLD,Netherlands,automotive,87,"Vehicles; other than railway or tramway rolling stock, and parts and accessories thereof",1228156358.0,2025,Export
USA,USA,NOR,Norway,automotive,87,"Vehicles; other than railway or tramway rolling stock, and parts and accessories thereof",158715933.0,2025,Export
USA,USA,NPL,Nepal,automotive,87,"Vehicles; other than railway or tramway rolling stock, and parts and accessories thereof",103508.0,2025,Export
USA,USA,NZL,New Zealand,automotive,87,"Vehicles; other than railway or tramway rolling stock, and parts and accessories thereof",200776605.0,2025,Export
USA,USA,OMN,Oman,automotive,87,"Vehicles; other than railway or tramway rolling stock, and parts and accessories thereof",644002054.0,2025,Export
USA,USA,PAK,Pakistan,automotive,87,"Vehicles; other than railway or tramway rolling stock, and parts and accessories thereof",3414108.0,2025,Export
USA,USA,PAN,Panama,automotive,87,"Vehicles; other than railway or tramway rolling stock, and parts and accessories thereof",157843577.0,2025,Export
USA,USA,PER,Peru,automotive,87,"Vehicles; other than railway or tramway rolling stock, and parts and accessories thereof",538911900.0,2025,Export
USA,USA,PHL,Philippines,automotive,87,"Vehicles; other than railway or tramway rolling stock, and parts and accessories thereof",56857896.0,2025,Export
USA,USA,PLW,Palau,automotive,87,"Vehicles; other than railway or tramway rolling stock, and parts and accessories thereof",1179481.0,2025,Export
USA,USA,PNG,Papua New Guinea,automotive,87,"Vehicles; other than railway or tramway rolling stock, and parts and accessories thereof",2382295.0,2025,Export
USA,USA,POL,Poland,automotive,87,"Vehicles; other than railway or tramway rolling stock, and parts and accessories thereof",1383661330.0,2025,Export
USA,USA,PRT,Portugal,automotive,87,"Vehicles; other than railway or tramway rolling stock, and parts and accessories thereof",38735930.0,2025,Export
USA,USA,PRY,Paraguay,automotive,87,"Vehicles; other than railway or tramway rolling stock, and parts and accessories thereof",55409023.0,2025,Export
USA,USA,PSE,State of Palestine,automotive,87,"Vehicles; other than railway or tramway rolling stock, and parts and accessories thereof",888200.0,2025,Export
USA,USA,PYF,French Polynesia,automotive,87,"Vehicles; other than railway or tramway rolling stock, and parts and accessories thereof",3843024.0,2025,Export
USA,USA,QAT,Qatar,automotive,87,"Vehicles; other than railway or tramway rolling stock, and parts and accessories thereof",215633327.0,2025,Export
USA,USA,ROU,Romania,automotive,87,"Vehicles; other than railway or tramway rolling stock, and parts and accessories thereof",191309172.0,2025,Export
USA,USA,RUS,Russian Federation,automotive,87,"Vehicles; other than railway or tramway rolling stock, and parts and accessories thereof",43609.0,2025,Export
USA,USA,RWA,Rwanda,automotive,87,"Vehicles; other than railway or tramway rolling stock, and parts and accessories thereof",3259354.0,2025,Export
USA,USA,S19,"Other Asia, nes",automotive,87,"Vehicles; other than railway or tramway rolling stock, and parts and accessories thereof",976559746.0,2025,Export
USA,USA,SAU,Saudi Arabia,automotive,87,"Vehicles; other than railway or tramway rolling stock, and parts and accessories thereof",2402089046.0,2025,Export
USA,USA,SDN,Sudan,automotive,87,"Vehicles; other than railway or tramway rolling stock, and parts and accessories thereof",34668.0,2025,Export
USA,USA,SEN,Senegal,automotive,87,"Vehicles; other than railway or tramway rolling stock, and parts and accessories thereof",91493433.0,2025,Export
USA,USA,SGP,Singapore,automotive,87,"Vehicles; other than railway or tramway rolling stock, and parts and accessories thereof",135447801.0,2025,Export
USA,USA,SLB,Solomon Isds,automotive,87,"Vehicles; other than railway or tramway rolling stock, and parts and accessories thereof",238288.0,2025,Export
USA,USA,SLE,Sierra Leone,automotive,87,"Vehicles; other than railway or tramway rolling stock, and parts and accessories thereof",37370745.0,2025,Export
USA,USA,SLV,El Salvador,automotive,87,"Vehicles; other than railway or tramway rolling stock, and parts and accessories thereof",252189125.0,2025,Export
USA,USA,SMR,San Marino,automotive,87,"Vehicles; other than railway or tramway rolling stock, and parts and accessories thereof",64499.0,2025,Export
USA,USA,SOM,Somalia,automotive,87,"Vehicles; other than railway or tramway rolling stock, and parts and accessories thereof",420974.0,2025,Export
USA,USA,SRB,Serbia,automotive,87,"Vehicles; other than railway or tramway rolling stock, and parts and accessories thereof",7105979.0,2025,Export
USA,USA,SSD,South Sudan,automotive,87,"Vehicles; other than railway or tramway rolling stock, and parts and accessories thereof",142470.0,2025,Export
USA,USA,SUR,Suriname,automotive,87,"Vehicles; other than railway or tramway rolling stock, and parts and accessories thereof",21035413.0,2025,Export
USA,USA,SVK,Slovakia,automotive,87,"Vehicles; other than railway or tramway rolling stock, and parts and accessories thereof",85950322.0,2025,Export
USA,USA,SVN,Slovenia,automotive,87,"Vehicles; other than railway or tramway rolling stock, and parts and accessories thereof",34342893.0,2025,Export
USA,USA,SWE,Sweden,automotive,87,"Vehicles; other than railway or tramway rolling stock, and parts and accessories thereof",469835000.0,2025,Export
USA,USA,SWZ,Eswatini,automotive,87,"Vehicles; other than railway or tramway rolling stock, and parts and accessories thereof",116753.0,2025,Export
USA,USA,SXM,Sint Maarten,automotive,87,"Vehicles; other than railway or tramway rolling stock, and parts and accessories thereof",24855974.0,2025,Export
USA,USA,SYC,Seychelles,automotive,87,"Vehicles; other than railway or tramway rolling stock, and parts and accessories thereof",637482.0,2025,Export
USA,USA,TCA,Turks and Caicos Isds,automotive,87,"Vehicles; other than railway or tramway rolling stock, and parts and accessories thereof",27819381.0,2025,Export
USA,USA,TCD,Chad,automotive,87,"Vehicles; other than railway or tramway rolling stock, and parts and accessories thereof",218555.0,2025,Export
USA,USA,TGO,Togo,automotive,87,"Vehicles; other than railway or tramway rolling stock, and parts and accessories thereof",65832758.0,2025,Export
USA,USA,THA,Thailand,automotive,87,"Vehicles; other than railway or tramway rolling stock, and parts and accessories thereof",751611205.0,2025,Export
USA,USA,TJK,Tajikistan,automotive,87,"Vehicles; other than railway or tramway rolling stock, and parts and accessories thereof",1924217.0,2025,Export
USA,USA,TKM,Turkmenistan,automotive,87,"Vehicles; other than railway or tramway rolling stock, and parts and accessories thereof",46878.0,2025,Export
USA,USA,TLS,Timor-Leste,automotive,87,"Vehicles; other than railway or tramway rolling stock, and parts and accessories thereof",581802.0,2025,Export
USA,USA,TON,Tonga,automotive,87,"Vehicles; other than railway or tramway rolling stock, and parts and accessories thereof",36438.0,2025,Export
USA,USA,TTO,Trinidad and Tobago,automotive,87,"Vehicles; other than railway or tramway rolling stock, and parts and accessories thereof",17306148.0,2025,Export
USA,USA,TUN,Tunisia,automotive,87,"Vehicles; other than railway or tramway rolling stock, and parts and accessories thereof",25689236.0,2025,Export
USA,USA,TUR,Türkiye,automotive,87,"Vehicles; other than railway or tramway rolling stock, and parts and accessories thereof",794760151.0,2025,Export
USA,USA,TZA,United Rep. of Tanzania,automotive,87,"Vehicles; other than railway or tramway rolling stock, and parts and accessories thereof",4356217.0,2025,Export
USA,USA,UGA,Uganda,automotive,87,"Vehicles; other than railway or tramway rolling stock, and parts and accessories thereof",1015798.0,2025,Export
USA,USA,UKR,Ukraine,automotive,87,"Vehicles; other than railway or tramway rolling stock, and parts and accessories thereof",555437568.0,2025,Export
USA,USA,URY,Uruguay,automotive,87,"Vehicles; other than railway or tramway rolling stock, and parts and accessories thereof",43374505.0,2025,Export
USA,USA,UZB,Uzbekistan,automotive,87,"Vehicles; other than railway or tramway rolling stock, and parts and accessories thereof",50145565.0,2025,Export
USA,USA,VAT,Holy See (Vatican City State),automotive,87,"Vehicles; other than railway or tramway rolling stock, and parts and accessories thereof",17746.0,2025,Export
USA,USA,VCT,Saint Vincent and the Grenadines,automotive,87,"Vehicles; other than railway or tramway rolling stock, and parts and accessories thereof",7034746.0,2025,Export
USA,USA,VEN,Venezuela,automotive,87,"Vehicles; other than railway or tramway rolling stock, and parts and accessories thereof",196057860.0,2025,Export
USA,USA,VGB,Br. Virgin Isds,automotive,87,"Vehicles; other than railway or tramway rolling stock, and parts and accessories thereof",14774692.0,2025,Export
USA,USA,VNM,Viet Nam,automotive,87,"Vehicles; other than railway or tramway rolling stock, and parts and accessories thereof",75819893.0,2025,Export
USA,USA,VUT,Vanuatu,automotive,87,"Vehicles; other than railway or tramway rolling stock, and parts and accessories thereof",493891.0,2025,Export
USA,USA,W00,World,automotive,87,"Vehicles; other than railway or tramway rolling stock, and parts and accessories thereof",131444701653.0,2025,Export
USA,USA,WLF,Wallis and Futuna Isds,automotive,87,"Vehicles; other than railway or tramway rolling stock, and parts and accessories thereof",132331.0,2025,Export
USA,USA,WSM,Samoa,automotive,87,"Vehicles; other than railway or tramway rolling stock, and parts and accessories thereof",1876848.0,2025,Export
USA,USA,YEM,Yemen,automotive,87,"Vehicles; other than railway or tramway rolling stock, and parts and accessories thereof",8476248.0,2025,Export
USA,USA,ZAF,South Africa,automotive,87,"Vehicles; other than railway or tramway rolling stock, and parts and accessories thereof",866743752.0,2025,Export
USA,USA,ZMB,Zambia,automotive,87,"Vehicles; other than railway or tramway rolling stock, and parts and accessories thereof",3120031.0,2025,Export
USA,USA,ZWE,Zimbabwe,automotive,87,"Vehicles; other than railway or tramway rolling stock, and parts and accessories thereof",4724313.0,2025,Export
ZAF,South Africa,ABW,Aruba,automotive,87,"Vehicles; other than railway or tramway rolling stock, and parts and accessories thereof",707932.599,2025,Export
ZAF,South Africa,AGO,Angola,automotive,87,"Vehicles; other than railway or tramway rolling stock, and parts and accessories thereof",28076771.828,2025,Export
ZAF,South Africa,ARE,United Arab Emirates,automotive,87,"Vehicles; other than railway or tramway rolling stock, and parts and accessories thereof",317714026.173,2025,Export
ZAF,South Africa,ARG,Argentina,automotive,87,"Vehicles; other than railway or tramway rolling stock, and parts and accessories thereof",22773851.569,2025,Export
ZAF,South Africa,ATA,Antarctica,automotive,87,"Vehicles; other than railway or tramway rolling stock, and parts and accessories thereof",246936.719,2025,Export
ZAF,South Africa,ATG,Antigua and Barbuda,automotive,87,"Vehicles; other than railway or tramway rolling stock, and parts and accessories thereof",1651185.84,2025,Export
ZAF,South Africa,AUS,Australia,automotive,87,"Vehicles; other than railway or tramway rolling stock, and parts and accessories thereof",521981372.949,2025,Export
ZAF,South Africa,AUT,Austria,automotive,87,"Vehicles; other than railway or tramway rolling stock, and parts and accessories thereof",150389.97,2025,Export
ZAF,South Africa,BDI,Burundi,automotive,87,"Vehicles; other than railway or tramway rolling stock, and parts and accessories thereof",75149.813,2025,Export
ZAF,South Africa,BEL,Belgium,automotive,87,"Vehicles; other than railway or tramway rolling stock, and parts and accessories thereof",2712583107.698,2025,Export
ZAF,South Africa,BEN,Benin,automotive,87,"Vehicles; other than railway or tramway rolling stock, and parts and accessories thereof",5282403.349,2025,Export
ZAF,South Africa,BFA,Burkina Faso,automotive,87,"Vehicles; other than railway or tramway rolling stock, and parts and accessories thereof",876861.415,2025,Export
ZAF,South Africa,BGR,Bulgaria,automotive,87,"Vehicles; other than railway or tramway rolling stock, and parts and accessories thereof",30223.097,2025,Export
ZAF,South Africa,BHR,Bahrain,automotive,87,"Vehicles; other than railway or tramway rolling stock, and parts and accessories thereof",148766.973,2025,Export
ZAF,South Africa,BHS,Bahamas,automotive,87,"Vehicles; other than railway or tramway rolling stock, and parts and accessories thereof",369405.882,2025,Export
ZAF,South Africa,BLZ,Belize,automotive,87,"Vehicles; other than railway or tramway rolling stock, and parts and accessories thereof",2214234.654,2025,Export
ZAF,South Africa,BMU,Bermuda,automotive,87,"Vehicles; other than railway or tramway rolling stock, and parts and accessories thereof",110028.915,2025,Export
ZAF,South Africa,BOL,Bolivia (Plurinational State of),automotive,87,"Vehicles; other than railway or tramway rolling stock, and parts and accessories thereof",949.004,2025,Export
ZAF,South Africa,BRA,Brazil,automotive,87,"Vehicles; other than railway or tramway rolling stock, and parts and accessories thereof",5294923.911,2025,Export
ZAF,South Africa,BRB,Barbados,automotive,87,"Vehicles; other than railway or tramway rolling stock, and parts and accessories thereof",633.0,2025,Export
ZAF,South Africa,BRN,Brunei Darussalam,automotive,87,"Vehicles; other than railway or tramway rolling stock, and parts and accessories thereof",45.066,2025,Export
ZAF,South Africa,BWA,Botswana,automotive,87,"Vehicles; other than railway or tramway rolling stock, and parts and accessories thereof",283042950.1,2025,Export
ZAF,South Africa,CAF,Central African Rep.,automotive,87,"Vehicles; other than railway or tramway rolling stock, and parts and accessories thereof",119420.425,2025,Export
ZAF,South Africa,CAN,Canada,automotive,87,"Vehicles; other than railway or tramway rolling stock, and parts and accessories thereof",2607204.257,2025,Export
ZAF,South Africa,CHE,Switzerland,automotive,87,"Vehicles; other than railway or tramway rolling stock, and parts and accessories thereof",143984.05,2025,Export
ZAF,South Africa,CHL,Chile,automotive,87,"Vehicles; other than railway or tramway rolling stock, and parts and accessories thereof",1523576.626,2025,Export
ZAF,South Africa,CHN,China,automotive,87,"Vehicles; other than railway or tramway rolling stock, and parts and accessories thereof",30731698.744,2025,Export
ZAF,South Africa,CIV,Côte d'Ivoire,automotive,87,"Vehicles; other than railway or tramway rolling stock, and parts and accessories thereof",29665904.595,2025,Export
ZAF,South Africa,CMR,Cameroon,automotive,87,"Vehicles; other than railway or tramway rolling stock, and parts and accessories thereof",6112557.091,2025,Export
ZAF,South Africa,COD,Dem. Rep. of the Congo,automotive,87,"Vehicles; other than railway or tramway rolling stock, and parts and accessories thereof",40944796.236,2025,Export
ZAF,South Africa,COG,Congo,automotive,87,"Vehicles; other than railway or tramway rolling stock, and parts and accessories thereof",3051042.926,2025,Export
ZAF,South Africa,COL,Colombia,automotive,87,"Vehicles; other than railway or tramway rolling stock, and parts and accessories thereof",4131843.501,2025,Export
ZAF,South Africa,CPV,Cabo Verde,automotive,87,"Vehicles; other than railway or tramway rolling stock, and parts and accessories thereof",19717322.139,2025,Export
ZAF,South Africa,CRI,Costa Rica,automotive,87,"Vehicles; other than railway or tramway rolling stock, and parts and accessories thereof",1325279.667,2025,Export
ZAF,South Africa,CUB,Cuba,automotive,87,"Vehicles; other than railway or tramway rolling stock, and parts and accessories thereof",68.72,2025,Export
ZAF,South Africa,CUW,Curaçao,automotive,87,"Vehicles; other than railway or tramway rolling stock, and parts and accessories thereof",556464.056,2025,Export
ZAF,South Africa,CYM,Cayman Isds,automotive,87,"Vehicles; other than railway or tramway rolling stock, and parts and accessories thereof",48327.507,2025,Export
ZAF,South Africa,CYP,Cyprus,automotive,87,"Vehicles; other than railway or tramway rolling stock, and parts and accessories thereof",464385.223,2025,Export
ZAF,South Africa,CZE,Czechia,automotive,87,"Vehicles; other than railway or tramway rolling stock, and parts and accessories thereof",5276478.468,2025,Export
ZAF,South Africa,DEU,Germany,automotive,87,"Vehicles; other than railway or tramway rolling stock, and parts and accessories thereof",4981301441.542,2025,Export
ZAF,South Africa,DJI,Djibouti,automotive,87,"Vehicles; other than railway or tramway rolling stock, and parts and accessories thereof",3218264.312,2025,Export
ZAF,South Africa,DMA,Dominica,automotive,87,"Vehicles; other than railway or tramway rolling stock, and parts and accessories thereof",103977.362,2025,Export
ZAF,South Africa,DNK,Denmark,automotive,87,"Vehicles; other than railway or tramway rolling stock, and parts and accessories thereof",167180.787,2025,Export
ZAF,South Africa,DOM,Dominican Rep.,automotive,87,"Vehicles; other than railway or tramway rolling stock, and parts and accessories thereof",5764127.183,2025,Export
ZAF,South Africa,DZA,Algeria,automotive,87,"Vehicles; other than railway or tramway rolling stock, and parts and accessories thereof",5218566.756,2025,Export
ZAF,South Africa,ECU,Ecuador,automotive,87,"Vehicles; other than railway or tramway rolling stock, and parts and accessories thereof",122458.764,2025,Export
ZAF,South Africa,EGY,Egypt,automotive,87,"Vehicles; other than railway or tramway rolling stock, and parts and accessories thereof",34626774.109,2025,Export
ZAF,South Africa,ERI,Eritrea,automotive,87,"Vehicles; other than railway or tramway rolling stock, and parts and accessories thereof",72412.457,2025,Export
ZAF,South Africa,ESP,Spain,automotive,87,"Vehicles; other than railway or tramway rolling stock, and parts and accessories thereof",793688558.687,2025,Export
ZAF,South Africa,EST,Estonia,automotive,87,"Vehicles; other than railway or tramway rolling stock, and parts and accessories thereof",133.139,2025,Export
ZAF,South Africa,ETH,Ethiopia,automotive,87,"Vehicles; other than railway or tramway rolling stock, and parts and accessories thereof",1562011.678,2025,Export
ZAF,South Africa,FIN,Finland,automotive,87,"Vehicles; other than railway or tramway rolling stock, and parts and accessories thereof",185233.326,2025,Export
ZAF,South Africa,FJI,Fiji,automotive,87,"Vehicles; other than railway or tramway rolling stock, and parts and accessories thereof",1642.773,2025,Export
ZAF,South Africa,FRA,France,automotive,87,"Vehicles; other than railway or tramway rolling stock, and parts and accessories thereof",252149034.984,2025,Export
ZAF,South Africa,GAB,Gabon,automotive,87,"Vehicles; other than railway or tramway rolling stock, and parts and accessories thereof",11355017.017,2025,Export
ZAF,South Africa,GBR,United Kingdom,automotive,87,"Vehicles; other than railway or tramway rolling stock, and parts and accessories thereof",1333976249.905,2025,Export
ZAF,South Africa,GEO,Georgia,automotive,87,"Vehicles; other than railway or tramway rolling stock, and parts and accessories thereof",3859337.756,2025,Export
ZAF,South Africa,GHA,Ghana,automotive,87,"Vehicles; other than railway or tramway rolling stock, and parts and accessories thereof",57444014.135,2025,Export
ZAF,South Africa,GIB,Gibraltar,automotive,87,"Vehicles; other than railway or tramway rolling stock, and parts and accessories thereof",76.715,2025,Export
ZAF,South Africa,GIN,Guinea,automotive,87,"Vehicles; other than railway or tramway rolling stock, and parts and accessories thereof",565273.413,2025,Export
ZAF,South Africa,GMB,Gambia,automotive,87,"Vehicles; other than railway or tramway rolling stock, and parts and accessories thereof",22148.566,2025,Export
ZAF,South Africa,GNB,Guinea-Bissau,automotive,87,"Vehicles; other than railway or tramway rolling stock, and parts and accessories thereof",20037.09,2025,Export
ZAF,South Africa,GNQ,Equatorial Guinea,automotive,87,"Vehicles; other than railway or tramway rolling stock, and parts and accessories thereof",4111.282,2025,Export
ZAF,South Africa,GRC,Greece,automotive,87,"Vehicles; other than railway or tramway rolling stock, and parts and accessories thereof",120215.076,2025,Export
ZAF,South Africa,GRD,Grenada,automotive,87,"Vehicles; other than railway or tramway rolling stock, and parts and accessories thereof",83469.294,2025,Export
ZAF,South Africa,GTM,Guatemala,automotive,87,"Vehicles; other than railway or tramway rolling stock, and parts and accessories thereof",8560171.279,2025,Export
ZAF,South Africa,GUY,Guyana,automotive,87,"Vehicles; other than railway or tramway rolling stock, and parts and accessories thereof",3325549.433,2025,Export
ZAF,South Africa,HKG,"China, Hong Kong SAR",automotive,87,"Vehicles; other than railway or tramway rolling stock, and parts and accessories thereof",5721556.848,2025,Export
ZAF,South Africa,HND,Honduras,automotive,87,"Vehicles; other than railway or tramway rolling stock, and parts and accessories thereof",5305124.243,2025,Export
ZAF,South Africa,HRV,Croatia,automotive,87,"Vehicles; other than railway or tramway rolling stock, and parts and accessories thereof",10791.428,2025,Export
ZAF,South Africa,HTI,Haiti,automotive,87,"Vehicles; other than railway or tramway rolling stock, and parts and accessories thereof",7844568.232,2025,Export
ZAF,South Africa,HUN,Hungary,automotive,87,"Vehicles; other than railway or tramway rolling stock, and parts and accessories thereof",1147667.857,2025,Export
ZAF,South Africa,IDN,Indonesia,automotive,87,"Vehicles; other than railway or tramway rolling stock, and parts and accessories thereof",2393397.174,2025,Export
ZAF,South Africa,IND,India,automotive,87,"Vehicles; other than railway or tramway rolling stock, and parts and accessories thereof",7252470.843,2025,Export
ZAF,South Africa,IRL,Ireland,automotive,87,"Vehicles; other than railway or tramway rolling stock, and parts and accessories thereof",310806.301,2025,Export
ZAF,South Africa,IRN,Iran,automotive,87,"Vehicles; other than railway or tramway rolling stock, and parts and accessories thereof",178781.545,2025,Export
ZAF,South Africa,IRQ,Iraq,automotive,87,"Vehicles; other than railway or tramway rolling stock, and parts and accessories thereof",14523496.449,2025,Export
ZAF,South Africa,ISL,Iceland,automotive,87,"Vehicles; other than railway or tramway rolling stock, and parts and accessories thereof",743.57,2025,Export
ZAF,South Africa,ISR,Israel,automotive,87,"Vehicles; other than railway or tramway rolling stock, and parts and accessories thereof",12682792.219,2025,Export
ZAF,South Africa,ITA,Italy,automotive,87,"Vehicles; other than railway or tramway rolling stock, and parts and accessories thereof",4633286.309,2025,Export
ZAF,South Africa,JAM,Jamaica,automotive,87,"Vehicles; other than railway or tramway rolling stock, and parts and accessories thereof",4032013.484,2025,Export
ZAF,South Africa,JOR,Jordan,automotive,87,"Vehicles; other than railway or tramway rolling stock, and parts and accessories thereof",1561182.553,2025,Export
ZAF,South Africa,JPN,Japan,automotive,87,"Vehicles; other than railway or tramway rolling stock, and parts and accessories thereof",205415523.564,2025,Export
ZAF,South Africa,KAZ,Kazakhstan,automotive,87,"Vehicles; other than railway or tramway rolling stock, and parts and accessories thereof",1487269.599,2025,Export
ZAF,South Africa,KEN,Kenya,automotive,87,"Vehicles; other than railway or tramway rolling stock, and parts and accessories thereof",95845417.787,2025,Export
ZAF,South Africa,KGZ,Kyrgyzstan,automotive,87,"Vehicles; other than railway or tramway rolling stock, and parts and accessories thereof",1993771.619,2025,Export
ZAF,South Africa,KIR,Kiribati,automotive,87,"Vehicles; other than railway or tramway rolling stock, and parts and accessories thereof",11221.567,2025,Export
ZAF,South Africa,KOR,Rep. of Korea,automotive,87,"Vehicles; other than railway or tramway rolling stock, and parts and accessories thereof",10291569.479,2025,Export
ZAF,South Africa,KWT,Kuwait,automotive,87,"Vehicles; other than railway or tramway rolling stock, and parts and accessories thereof",9887363.122,2025,Export
ZAF,South Africa,LBN,Lebanon,automotive,87,"Vehicles; other than railway or tramway rolling stock, and parts and accessories thereof",620917.379,2025,Export
ZAF,South Africa,LBR,Liberia,automotive,87,"Vehicles; other than railway or tramway rolling stock, and parts and accessories thereof",810532.116,2025,Export
ZAF,South Africa,LBY,Libya,automotive,87,"Vehicles; other than railway or tramway rolling stock, and parts and accessories thereof",712.999,2025,Export
ZAF,South Africa,LKA,Sri Lanka,automotive,87,"Vehicles; other than railway or tramway rolling stock, and parts and accessories thereof",222212.119,2025,Export
ZAF,South Africa,LSO,Lesotho,automotive,87,"Vehicles; other than railway or tramway rolling stock, and parts and accessories thereof",69921795.242,2025,Export
ZAF,South Africa,LTU,Lithuania,automotive,87,"Vehicles; other than railway or tramway rolling stock, and parts and accessories thereof",120623.09,2025,Export
ZAF,South Africa,LUX,Luxembourg,automotive,87,"Vehicles; other than railway or tramway rolling stock, and parts and accessories thereof",38997.106,2025,Export
ZAF,South Africa,LVA,Latvia,automotive,87,"Vehicles; other than railway or tramway rolling stock, and parts and accessories thereof",328.543,2025,Export
ZAF,South Africa,MAR,Morocco,automotive,87,"Vehicles; other than railway or tramway rolling stock, and parts and accessories thereof",6044545.553,2025,Export
ZAF,South Africa,MDA,Rep. of Moldova,automotive,87,"Vehicles; other than railway or tramway rolling stock, and parts and accessories thereof",76.671,2025,Export
ZAF,South Africa,MDG,Madagascar,automotive,87,"Vehicles; other than railway or tramway rolling stock, and parts and accessories thereof",26167906.695,2025,Export
ZAF,South Africa,MDV,Maldives,automotive,87,"Vehicles; other than railway or tramway rolling stock, and parts and accessories thereof",127601.018,2025,Export
ZAF,South Africa,MEX,Mexico,automotive,87,"Vehicles; other than railway or tramway rolling stock, and parts and accessories thereof",165692862.04,2025,Export
ZAF,South Africa,MKD,North Macedonia,automotive,87,"Vehicles; other than railway or tramway rolling stock, and parts and accessories thereof",45957.775,2025,Export
ZAF,South Africa,MLI,Mali,automotive,87,"Vehicles; other than railway or tramway rolling stock, and parts and accessories thereof",504067.776,2025,Export
ZAF,South Africa,MLT,Malta,automotive,87,"Vehicles; other than railway or tramway rolling stock, and parts and accessories thereof",11641.811,2025,Export
ZAF,South Africa,MNG,Mongolia,automotive,87,"Vehicles; other than railway or tramway rolling stock, and parts and accessories thereof",81070.481,2025,Export
ZAF,South Africa,MOZ,Mozambique,automotive,87,"Vehicles; other than railway or tramway rolling stock, and parts and accessories thereof",120024949.638,2025,Export
ZAF,South Africa,MRT,Mauritania,automotive,87,"Vehicles; other than railway or tramway rolling stock, and parts and accessories thereof",1994655.78,2025,Export
ZAF,South Africa,MUS,Mauritius,automotive,87,"Vehicles; other than railway or tramway rolling stock, and parts and accessories thereof",26616326.768,2025,Export
ZAF,South Africa,MWI,Malawi,automotive,87,"Vehicles; other than railway or tramway rolling stock, and parts and accessories thereof",62757946.331,2025,Export
ZAF,South Africa,MYS,Malaysia,automotive,87,"Vehicles; other than railway or tramway rolling stock, and parts and accessories thereof",3852841.375,2025,Export
ZAF,South Africa,NAM,Namibia,automotive,87,"Vehicles; other than railway or tramway rolling stock, and parts and accessories thereof",445641777.695,2025,Export
ZAF,South Africa,NCL,New Caledonia,automotive,87,"Vehicles; other than railway or tramway rolling stock, and parts and accessories thereof",8433.053,2025,Export
ZAF,South Africa,NER,Niger,automotive,87,"Vehicles; other than railway or tramway rolling stock, and parts and accessories thereof",3228.206,2025,Export
ZAF,South Africa,NFK,Norfolk Isds,automotive,87,"Vehicles; other than railway or tramway rolling stock, and parts and accessories thereof",174924.654,2025,Export
ZAF,South Africa,NGA,Nigeria,automotive,87,"Vehicles; other than railway or tramway rolling stock, and parts and accessories thereof",80796366.957,2025,Export
ZAF,South Africa,NIC,Nicaragua,automotive,87,"Vehicles; other than railway or tramway rolling stock, and parts and accessories thereof",899469.29,2025,Export
ZAF,South Africa,NLD,Netherlands,automotive,87,"Vehicles; other than railway or tramway rolling stock, and parts and accessories thereof",7050123.759,2025,Export
ZAF,South Africa,NOR,Norway,automotive,87,"Vehicles; other than railway or tramway rolling stock, and parts and accessories thereof",503702.58,2025,Export
ZAF,South Africa,NZL,New Zealand,automotive,87,"Vehicles; other than railway or tramway rolling stock, and parts and accessories thereof",51650059.732,2025,Export
ZAF,South Africa,OMN,Oman,automotive,87,"Vehicles; other than railway or tramway rolling stock, and parts and accessories thereof",2160775.641,2025,Export
ZAF,South Africa,PAK,Pakistan,automotive,87,"Vehicles; other than railway or tramway rolling stock, and parts and accessories thereof",1149906.736,2025,Export
ZAF,South Africa,PAN,Panama,automotive,87,"Vehicles; other than railway or tramway rolling stock, and parts and accessories thereof",9562374.667,2025,Export
ZAF,South Africa,PER,Peru,automotive,87,"Vehicles; other than railway or tramway rolling stock, and parts and accessories thereof",757155.002,2025,Export
ZAF,South Africa,PHL,Philippines,automotive,87,"Vehicles; other than railway or tramway rolling stock, and parts and accessories thereof",623794.49,2025,Export
ZAF,South Africa,PNG,Papua New Guinea,automotive,87,"Vehicles; other than railway or tramway rolling stock, and parts and accessories thereof",742410.625,2025,Export
ZAF,South Africa,POL,Poland,automotive,87,"Vehicles; other than railway or tramway rolling stock, and parts and accessories thereof",2817868.814,2025,Export
ZAF,South Africa,PRT,Portugal,automotive,87,"Vehicles; other than railway or tramway rolling stock, and parts and accessories thereof",6361061.924,2025,Export
ZAF,South Africa,PYF,French Polynesia,automotive,87,"Vehicles; other than railway or tramway rolling stock, and parts and accessories thereof",17905.41,2025,Export
ZAF,South Africa,QAT,Qatar,automotive,87,"Vehicles; other than railway or tramway rolling stock, and parts and accessories thereof",3775447.155,2025,Export
ZAF,South Africa,ROU,Romania,automotive,87,"Vehicles; other than railway or tramway rolling stock, and parts and accessories thereof",788485.257,2025,Export
ZAF,South Africa,RUS,Russian Federation,automotive,87,"Vehicles; other than railway or tramway rolling stock, and parts and accessories thereof",140904.413,2025,Export
ZAF,South Africa,RWA,Rwanda,automotive,87,"Vehicles; other than railway or tramway rolling stock, and parts and accessories thereof",2739589.24,2025,Export
ZAF,South Africa,S19,"Other Asia, nes",automotive,87,"Vehicles; other than railway or tramway rolling stock, and parts and accessories thereof",46096508.148,2025,Export
ZAF,South Africa,SAU,Saudi Arabia,automotive,87,"Vehicles; other than railway or tramway rolling stock, and parts and accessories thereof",52754429.112,2025,Export
ZAF,South Africa,SDN,Sudan,automotive,87,"Vehicles; other than railway or tramway rolling stock, and parts and accessories thereof",1119783.571,2025,Export
ZAF,South Africa,SEN,Senegal,automotive,87,"Vehicles; other than railway or tramway rolling stock, and parts and accessories thereof",10855485.853,2025,Export
ZAF,South Africa,SGP,Singapore,automotive,87,"Vehicles; other than railway or tramway rolling stock, and parts and accessories thereof",29219993.584,2025,Export
ZAF,South Africa,SHN,Saint Helena,automotive,87,"Vehicles; other than railway or tramway rolling stock, and parts and accessories thereof",985548.935,2025,Export
ZAF,South Africa,SLE,Sierra Leone,automotive,87,"Vehicles; other than railway or tramway rolling stock, and parts and accessories thereof",361423.813,2025,Export
ZAF,South Africa,SLV,El Salvador,automotive,87,"Vehicles; other than railway or tramway rolling stock, and parts and accessories thereof",15763.539,2025,Export
ZAF,South Africa,SOM,Somalia,automotive,87,"Vehicles; other than railway or tramway rolling stock, and parts and accessories thereof",133682.542,2025,Export
ZAF,South Africa,SRB,Serbia,automotive,87,"Vehicles; other than railway or tramway rolling stock, and parts and accessories thereof",11.049,2025,Export
ZAF,South Africa,SSD,South Sudan,automotive,87,"Vehicles; other than railway or tramway rolling stock, and parts and accessories thereof",400720.157,2025,Export
ZAF,South Africa,STP,Sao Tome and Principe,automotive,87,"Vehicles; other than railway or tramway rolling stock, and parts and accessories thereof",20930.244,2025,Export
ZAF,South Africa,SUR,Suriname,automotive,87,"Vehicles; other than railway or tramway rolling stock, and parts and accessories thereof",7952064.453,2025,Export
ZAF,South Africa,SVK,Slovakia,automotive,87,"Vehicles; other than railway or tramway rolling stock, and parts and accessories thereof",3448.108,2025,Export
ZAF,South Africa,SVN,Slovenia,automotive,87,"Vehicles; other than railway or tramway rolling stock, and parts and accessories thereof",961.63,2025,Export
ZAF,South Africa,SWE,Sweden,automotive,87,"Vehicles; other than railway or tramway rolling stock, and parts and accessories thereof",926720.489,2025,Export
ZAF,South Africa,SWZ,Eswatini,automotive,87,"Vehicles; other than railway or tramway rolling stock, and parts and accessories thereof",112590268.707,2025,Export
ZAF,South Africa,SXM,Sint Maarten,automotive,87,"Vehicles; other than railway or tramway rolling stock, and parts and accessories thereof",68365.248,2025,Export
ZAF,South Africa,SYC,Seychelles,automotive,87,"Vehicles; other than railway or tramway rolling stock, and parts and accessories thereof",2641299.771,2025,Export
ZAF,South Africa,TCD,Chad,automotive,87,"Vehicles; other than railway or tramway rolling stock, and parts and accessories thereof",299513.11,2025,Export
ZAF,South Africa,TGO,Togo,automotive,87,"Vehicles; other than railway or tramway rolling stock, and parts and accessories thereof",1309236.434,2025,Export
ZAF,South Africa,THA,Thailand,automotive,87,"Vehicles; other than railway or tramway rolling stock, and parts and accessories thereof",8464802.151,2025,Export
ZAF,South Africa,TLS,Timor-Leste,automotive,87,"Vehicles; other than railway or tramway rolling stock, and parts and accessories thereof",10033.475,2025,Export
ZAF,South Africa,TTO,Trinidad and Tobago,automotive,87,"Vehicles; other than railway or tramway rolling stock, and parts and accessories thereof",2870134.707,2025,Export
ZAF,South Africa,TUN,Tunisia,automotive,87,"Vehicles; other than railway or tramway rolling stock, and parts and accessories thereof",5485583.073,2025,Export
ZAF,South Africa,TUR,Türkiye,automotive,87,"Vehicles; other than railway or tramway rolling stock, and parts and accessories thereof",62413254.631,2025,Export
ZAF,South Africa,TZA,United Rep. of Tanzania,automotive,87,"Vehicles; other than railway or tramway rolling stock, and parts and accessories thereof",100372989.889,2025,Export
ZAF,South Africa,UGA,Uganda,automotive,87,"Vehicles; other than railway or tramway rolling stock, and parts and accessories thereof",10051667.861,2025,Export
ZAF,South Africa,URY,Uruguay,automotive,87,"Vehicles; other than railway or tramway rolling stock, and parts and accessories thereof",778841.413,2025,Export
ZAF,South Africa,USA,USA,automotive,87,"Vehicles; other than railway or tramway rolling stock, and parts and accessories thereof",1008779699.874,2025,Export
ZAF,South Africa,UZB,Uzbekistan,automotive,87,"Vehicles; other than railway or tramway rolling stock, and parts and accessories thereof",50.763,2025,Export
ZAF,South Africa,VCT,Saint Vincent and the Grenadines,automotive,87,"Vehicles; other than railway or tramway rolling stock, and parts and accessories thereof",10634.427,2025,Export
ZAF,South Africa,VEN,Venezuela,automotive,87,"Vehicles; other than railway or tramway rolling stock, and parts and accessories thereof",6037235.004,2025,Export
ZAF,South Africa,VGB,Br. Virgin Isds,automotive,87,"Vehicles; other than railway or tramway rolling stock, and parts and accessories thereof",7092.341,2025,Export
ZAF,South Africa,VNM,Viet Nam,automotive,87,"Vehicles; other than railway or tramway rolling stock, and parts and accessories thereof",1408555.763,2025,Export
ZAF,South Africa,W00,World,automotive,87,"Vehicles; other than railway or tramway rolling stock, and parts and accessories thereof",15254675513.2,2025,Export
ZAF,South Africa,X1,Bunkers,automotive,87,"Vehicles; other than railway or tramway rolling stock, and parts and accessories thereof",28188.896,2025,Export
ZAF,South Africa,XX,Special Categories,automotive,87,"Vehicles; other than railway or tramway rolling stock, and parts and accessories thereof",15423471.355,2025,Export
ZAF,South Africa,ZMB,Zambia,automotive,87,"Vehicles; other than railway or tramway rolling stock, and parts and accessories thereof",401801664.34,2025,Export
ZAF,South Africa,ZWE,Zimbabwe,automotive,87,"Vehicles; other than railway or tramway rolling stock, and parts and accessories thereof",319147571.515,2025,Export
ZAF,South Africa,_X,"Areas, nes",automotive,87,"Vehicles; other than railway or tramway rolling stock, and parts and accessories thereof",2740.25,2025,Export
