reporterISO,reporter,partnerISO,partner,sector,commodity_code,commodity,trade_value_usd,year,flow
ARG,Argentina,AUS,Australia,energy,27,"Mineral fuels, mineral oils and products of their distillation; bituminous substances; mineral waxes",68604431.82,2025,Export
ARG,Argentina,AUS,Australia,energy,27,"Mineral fuels, mineral oils and products of their distillation; bituminous substances; mineral waxes",68604431.82,2025,Export
ARG,Argentina,BOL,Bolivia (Plurinational State of),energy,27,"Mineral fuels, mineral oils and products of their distillation; bituminous substances; mineral waxes",10532286.58,2025,Export
ARG,Argentina,BOL,Bolivia (Plurinational State of),energy,27,"Mineral fuels, mineral oils and products of their distillation; bituminous substances; mineral waxes",10532286.58,2025,Export
ARG,Argentina,BRA,Brazil,energy,27,"Mineral fuels, mineral oils and products of their distillation; bituminous substances; mineral waxes",682656175.26,2025,Export
ARG,Argentina,BRA,Brazil,energy,27,"Mineral fuels, mineral oils and products of their distillation; bituminous substances; mineral waxes",682656175.26,2025,Export
ARG,Argentina,CHL,Chile,energy,27,"Mineral fuels, mineral oils and products of their distillation; bituminous substances; mineral waxes",2749276197.29,2025,Export
ARG,Argentina,CHL,Chile,energy,27,"Mineral fuels, mineral oils and products of their distillation; bituminous substances; mineral waxes",2749276197.29,2025,Export
ARG,Argentina,CHN,China,energy,27,"Mineral fuels, mineral oils and products of their distillation; bituminous substances; mineral waxes",309750431.43,2025,Export
ARG,Argentina,CHN,China,energy,27,"Mineral fuels, mineral oils and products of their distillation; bituminous substances; mineral waxes",309750431.43,2025,Export
ARG,Argentina,COL,Colombia,energy,27,"Mineral fuels, mineral oils and products of their distillation; bituminous substances; mineral waxes",294192.52,2025,Export
ARG,Argentina,COL,Colombia,energy,27,"Mineral fuels, mineral oils and products of their distillation; bituminous substances; mineral waxes",294192.52,2025,Export
ARG,Argentina,ECU,Ecuador,energy,27,"Mineral fuels, mineral oils and products of their distillation; bituminous substances; mineral waxes",411303.79,2025,Export
ARG,Argentina,ECU,Ecuador,energy,27,"Mineral fuels, mineral oils and products of their distillation; bituminous substances; mineral waxes",411303.79,2025,Export
ARG,Argentina,IND,India,energy,27,"Mineral fuels, mineral oils and products of their distillation; bituminous substances; mineral waxes",95507936.24,2025,Export
ARG,Argentina,IND,India,energy,27,"Mineral fuels, mineral oils and products of their distillation; bituminous substances; mineral waxes",95507936.24,2025,Export
ARG,Argentina,NLD,Netherlands,energy,27,"Mineral fuels, mineral oils and products of their distillation; bituminous substances; mineral waxes",170364433.85,2025,Export
ARG,Argentina,NLD,Netherlands,energy,27,"Mineral fuels, mineral oils and products of their distillation; bituminous substances; mineral waxes",170364433.85,2025,Export
ARG,Argentina,PER,Peru,energy,27,"Mineral fuels, mineral oils and products of their distillation; bituminous substances; mineral waxes",30786727.89,2025,Export
ARG,Argentina,PER,Peru,energy,27,"Mineral fuels, mineral oils and products of their distillation; bituminous substances; mineral waxes",30786727.89,2025,Export
ARG,Argentina,PRY,Paraguay,energy,27,"Mineral fuels, mineral oils and products of their distillation; bituminous substances; mineral waxes",403694989.87,2025,Export
ARG,Argentina,PRY,Paraguay,energy,27,"Mineral fuels, mineral oils and products of their distillation; bituminous substances; mineral waxes",403694989.87,2025,Export
ARG,Argentina,SGP,Singapore,energy,27,"Mineral fuels, mineral oils and products of their distillation; bituminous substances; mineral waxes",750982.28,2025,Export
ARG,Argentina,SGP,Singapore,energy,27,"Mineral fuels, mineral oils and products of their distillation; bituminous substances; mineral waxes",750982.28,2025,Export
ARG,Argentina,URY,Uruguay,energy,27,"Mineral fuels, mineral oils and products of their distillation; bituminous substances; mineral waxes",478030779.81,2025,Export
ARG,Argentina,URY,Uruguay,energy,27,"Mineral fuels, mineral oils and products of their distillation; bituminous substances; mineral waxes",478030779.81,2025,Export
ARG,Argentina,USA,USA,energy,27,"Mineral fuels, mineral oils and products of their distillation; bituminous substances; mineral waxes",3835153500.16,2025,Export
ARG,Argentina,USA,USA,energy,27,"Mineral fuels, mineral oils and products of their distillation; bituminous substances; mineral waxes",3835153500.16,2025,Export
ARG,Argentina,W00,World,energy,27,"Mineral fuels, mineral oils and products of their distillation; bituminous substances; mineral waxes",8944385464.1,2025,Export
ARG,Argentina,W00,World,energy,27,"Mineral fuels, mineral oils and products of their distillation; bituminous substances; mineral waxes",8944385464.1,2025,Export
ARG,Argentina,_X,"Areas, nes",energy,27,"Mineral fuels, mineral oils and products of their distillation; bituminous substances; mineral waxes",108571095.31,2025,Export
ARG,Argentina,_X,"Areas, nes",energy,27,"Mineral fuels, mineral oils and products of their distillation; bituminous substances; mineral waxes",108571095.31,2025,Export
AUS,Australia,ARE,United Arab Emirates,energy,27,"Mineral fuels, mineral oils and products of their distillation; bituminous substances; mineral waxes",315037511.939,2025,Export
AUS,Australia,ARG,Argentina,energy,27,"Mineral fuels, mineral oils and products of their distillation; bituminous substances; mineral waxes",59739261.361,2025,Export
AUS,Australia,ASM,American Samoa,energy,27,"Mineral fuels, mineral oils and products of their distillation; bituminous substances; mineral waxes",98541.371,2025,Export
AUS,Australia,ATA,Antarctica,energy,27,"Mineral fuels, mineral oils and products of their distillation; bituminous substances; mineral waxes",861677.714,2025,Export
AUS,Australia,AUT,Austria,energy,27,"Mineral fuels, mineral oils and products of their distillation; bituminous substances; mineral waxes",16281792.681,2025,Export
AUS,Australia,BEL,Belgium,energy,27,"Mineral fuels, mineral oils and products of their distillation; bituminous substances; mineral waxes",196988695.407,2025,Export
AUS,Australia,BFA,Burkina Faso,energy,27,"Mineral fuels, mineral oils and products of their distillation; bituminous substances; mineral waxes",888.532,2025,Export
AUS,Australia,BRA,Brazil,energy,27,"Mineral fuels, mineral oils and products of their distillation; bituminous substances; mineral waxes",689681577.586,2025,Export
AUS,Australia,BRN,Brunei Darussalam,energy,27,"Mineral fuels, mineral oils and products of their distillation; bituminous substances; mineral waxes",423325163.184,2025,Export
AUS,Australia,CAN,Canada,energy,27,"Mineral fuels, mineral oils and products of their distillation; bituminous substances; mineral waxes",42153.408,2025,Export
AUS,Australia,CCK,Cocos Isds,energy,27,"Mineral fuels, mineral oils and products of their distillation; bituminous substances; mineral waxes",297896.667,2025,Export
AUS,Australia,CHL,Chile,energy,27,"Mineral fuels, mineral oils and products of their distillation; bituminous substances; mineral waxes",26988851.648,2025,Export
AUS,Australia,CHN,China,energy,27,"Mineral fuels, mineral oils and products of their distillation; bituminous substances; mineral waxes",7089965265.679,2025,Export
AUS,Australia,CIV,Côte d'Ivoire,energy,27,"Mineral fuels, mineral oils and products of their distillation; bituminous substances; mineral waxes",49417.593,2025,Export
AUS,Australia,COK,Cook Isds,energy,27,"Mineral fuels, mineral oils and products of their distillation; bituminous substances; mineral waxes",1784510.15,2025,Export
AUS,Australia,CXR,Christmas Isds,energy,27,"Mineral fuels, mineral oils and products of their distillation; bituminous substances; mineral waxes",14323484.615,2025,Export
AUS,Australia,DEU,Germany,energy,27,"Mineral fuels, mineral oils and products of their distillation; bituminous substances; mineral waxes",213107657.97,2025,Export
AUS,Australia,DJI,Djibouti,energy,27,"Mineral fuels, mineral oils and products of their distillation; bituminous substances; mineral waxes",17284.173,2025,Export
AUS,Australia,DNK,Denmark,energy,27,"Mineral fuels, mineral oils and products of their distillation; bituminous substances; mineral waxes",20396.291,2025,Export
AUS,Australia,EGY,Egypt,energy,27,"Mineral fuels, mineral oils and products of their distillation; bituminous substances; mineral waxes",63837.715,2025,Export
AUS,Australia,ESP,Spain,energy,27,"Mineral fuels, mineral oils and products of their distillation; bituminous substances; mineral waxes",149596175.002,2025,Export
AUS,Australia,FIN,Finland,energy,27,"Mineral fuels, mineral oils and products of their distillation; bituminous substances; mineral waxes",54424508.026,2025,Export
AUS,Australia,FJI,Fiji,energy,27,"Mineral fuels, mineral oils and products of their distillation; bituminous substances; mineral waxes",20442489.041,2025,Export
AUS,Australia,FRA,France,energy,27,"Mineral fuels, mineral oils and products of their distillation; bituminous substances; mineral waxes",365666240.337,2025,Export
AUS,Australia,FSM,FS Micronesia,energy,27,"Mineral fuels, mineral oils and products of their distillation; bituminous substances; mineral waxes",33706.231,2025,Export
AUS,Australia,GAB,Gabon,energy,27,"Mineral fuels, mineral oils and products of their distillation; bituminous substances; mineral waxes",27081.867,2025,Export
AUS,Australia,GBR,United Kingdom,energy,27,"Mineral fuels, mineral oils and products of their distillation; bituminous substances; mineral waxes",47393661.514,2025,Export
AUS,Australia,GEO,Georgia,energy,27,"Mineral fuels, mineral oils and products of their distillation; bituminous substances; mineral waxes",13424612.907,2025,Export
AUS,Australia,GHA,Ghana,energy,27,"Mineral fuels, mineral oils and products of their distillation; bituminous substances; mineral waxes",354057.181,2025,Export
AUS,Australia,GIN,Guinea,energy,27,"Mineral fuels, mineral oils and products of their distillation; bituminous substances; mineral waxes",64599.314,2025,Export
AUS,Australia,GRC,Greece,energy,27,"Mineral fuels, mineral oils and products of their distillation; bituminous substances; mineral waxes",49517.464,2025,Export
AUS,Australia,HKG,"China, Hong Kong SAR",energy,27,"Mineral fuels, mineral oils and products of their distillation; bituminous substances; mineral waxes",267934279.298,2025,Export
AUS,Australia,IDN,Indonesia,energy,27,"Mineral fuels, mineral oils and products of their distillation; bituminous substances; mineral waxes",1096612830.024,2025,Export
AUS,Australia,IND,India,energy,27,"Mineral fuels, mineral oils and products of their distillation; bituminous substances; mineral waxes",6740277965.164,2025,Export
AUS,Australia,IRQ,Iraq,energy,27,"Mineral fuels, mineral oils and products of their distillation; bituminous substances; mineral waxes",7024.494,2025,Export
AUS,Australia,ISR,Israel,energy,27,"Mineral fuels, mineral oils and products of their distillation; bituminous substances; mineral waxes",2958.123,2025,Export
AUS,Australia,ITA,Italy,energy,27,"Mineral fuels, mineral oils and products of their distillation; bituminous substances; mineral waxes",16492166.033,2025,Export
AUS,Australia,JPN,Japan,energy,27,"Mineral fuels, mineral oils and products of their distillation; bituminous substances; mineral waxes",13121782211.572,2025,Export
AUS,Australia,KEN,Kenya,energy,27,"Mineral fuels, mineral oils and products of their distillation; bituminous substances; mineral waxes",4609110.627,2025,Export
AUS,Australia,KHM,Cambodia,energy,27,"Mineral fuels, mineral oils and products of their distillation; bituminous substances; mineral waxes",218910.09,2025,Export
AUS,Australia,KIR,Kiribati,energy,27,"Mineral fuels, mineral oils and products of their distillation; bituminous substances; mineral waxes",194657.48,2025,Export
AUS,Australia,KOR,Rep. of Korea,energy,27,"Mineral fuels, mineral oils and products of their distillation; bituminous substances; mineral waxes",4852248504.75,2025,Export
AUS,Australia,LAO,Lao People's Dem. Rep.,energy,27,"Mineral fuels, mineral oils and products of their distillation; bituminous substances; mineral waxes",10512.901,2025,Export
AUS,Australia,LBN,Lebanon,energy,27,"Mineral fuels, mineral oils and products of their distillation; bituminous substances; mineral waxes",515.465,2025,Export
AUS,Australia,LBY,Libya,energy,27,"Mineral fuels, mineral oils and products of their distillation; bituminous substances; mineral waxes",837.63,2025,Export
AUS,Australia,LKA,Sri Lanka,energy,27,"Mineral fuels, mineral oils and products of their distillation; bituminous substances; mineral waxes",916.238,2025,Export
AUS,Australia,LUX,Luxembourg,energy,27,"Mineral fuels, mineral oils and products of their distillation; bituminous substances; mineral waxes",39072873.822,2025,Export
AUS,Australia,MDV,Maldives,energy,27,"Mineral fuels, mineral oils and products of their distillation; bituminous substances; mineral waxes",45637.948,2025,Export
AUS,Australia,MEX,Mexico,energy,27,"Mineral fuels, mineral oils and products of their distillation; bituminous substances; mineral waxes",20467971.678,2025,Export
AUS,Australia,MHL,Marshall Isds,energy,27,"Mineral fuels, mineral oils and products of their distillation; bituminous substances; mineral waxes",97859.669,2025,Export
AUS,Australia,MLT,Malta,energy,27,"Mineral fuels, mineral oils and products of their distillation; bituminous substances; mineral waxes",17735.204,2025,Export
AUS,Australia,MMR,Myanmar,energy,27,"Mineral fuels, mineral oils and products of their distillation; bituminous substances; mineral waxes",567495.614,2025,Export
AUS,Australia,MNG,Mongolia,energy,27,"Mineral fuels, mineral oils and products of their distillation; bituminous substances; mineral waxes",10632.746,2025,Export
AUS,Australia,MOZ,Mozambique,energy,27,"Mineral fuels, mineral oils and products of their distillation; bituminous substances; mineral waxes",32603.137,2025,Export
AUS,Australia,MRT,Mauritania,energy,27,"Mineral fuels, mineral oils and products of their distillation; bituminous substances; mineral waxes",5131.45,2025,Export
AUS,Australia,MYS,Malaysia,energy,27,"Mineral fuels, mineral oils and products of their distillation; bituminous substances; mineral waxes",1362721806.592,2025,Export
AUS,Australia,NAM,Namibia,energy,27,"Mineral fuels, mineral oils and products of their distillation; bituminous substances; mineral waxes",5280.935,2025,Export
AUS,Australia,NCL,New Caledonia,energy,27,"Mineral fuels, mineral oils and products of their distillation; bituminous substances; mineral waxes",37266250.884,2025,Export
AUS,Australia,NFK,Norfolk Isds,energy,27,"Mineral fuels, mineral oils and products of their distillation; bituminous substances; mineral waxes",178236.066,2025,Export
AUS,Australia,NGA,Nigeria,energy,27,"Mineral fuels, mineral oils and products of their distillation; bituminous substances; mineral waxes",29639.215,2025,Export
AUS,Australia,NLD,Netherlands,energy,27,"Mineral fuels, mineral oils and products of their distillation; bituminous substances; mineral waxes",1438530846.171,2025,Export
AUS,Australia,NOR,Norway,energy,27,"Mineral fuels, mineral oils and products of their distillation; bituminous substances; mineral waxes",31870.533,2025,Export
AUS,Australia,NPL,Nepal,energy,27,"Mineral fuels, mineral oils and products of their distillation; bituminous substances; mineral waxes",319227.237,2025,Export
AUS,Australia,NRU,Nauru,energy,27,"Mineral fuels, mineral oils and products of their distillation; bituminous substances; mineral waxes",358925.744,2025,Export
AUS,Australia,NZL,New Zealand,energy,27,"Mineral fuels, mineral oils and products of their distillation; bituminous substances; mineral waxes",109277988.926,2025,Export
AUS,Australia,OMN,Oman,energy,27,"Mineral fuels, mineral oils and products of their distillation; bituminous substances; mineral waxes",5240.342,2025,Export
AUS,Australia,PAK,Pakistan,energy,27,"Mineral fuels, mineral oils and products of their distillation; bituminous substances; mineral waxes",33230.715,2025,Export
AUS,Australia,PER,Peru,energy,27,"Mineral fuels, mineral oils and products of their distillation; bituminous substances; mineral waxes",80137.995,2025,Export
AUS,Australia,PHL,Philippines,energy,27,"Mineral fuels, mineral oils and products of their distillation; bituminous substances; mineral waxes",39175065.97,2025,Export
AUS,Australia,PNG,Papua New Guinea,energy,27,"Mineral fuels, mineral oils and products of their distillation; bituminous substances; mineral waxes",98764347.747,2025,Export
AUS,Australia,POL,Poland,energy,27,"Mineral fuels, mineral oils and products of their distillation; bituminous substances; mineral waxes",36601644.313,2025,Export
AUS,Australia,PRT,Portugal,energy,27,"Mineral fuels, mineral oils and products of their distillation; bituminous substances; mineral waxes",96721.781,2025,Export
AUS,Australia,PYF,French Polynesia,energy,27,"Mineral fuels, mineral oils and products of their distillation; bituminous substances; mineral waxes",3293479.978,2025,Export
AUS,Australia,ROU,Romania,energy,27,"Mineral fuels, mineral oils and products of their distillation; bituminous substances; mineral waxes",78.608,2025,Export
AUS,Australia,S19,"Other Asia, nes",energy,27,"Mineral fuels, mineral oils and products of their distillation; bituminous substances; mineral waxes",3049617882.349,2025,Export
AUS,Australia,SAU,Saudi Arabia,energy,27,"Mineral fuels, mineral oils and products of their distillation; bituminous substances; mineral waxes",114095.515,2025,Export
AUS,Australia,SEN,Senegal,energy,27,"Mineral fuels, mineral oils and products of their distillation; bituminous substances; mineral waxes",11598.598,2025,Export
AUS,Australia,SGP,Singapore,energy,27,"Mineral fuels, mineral oils and products of their distillation; bituminous substances; mineral waxes",2261549693.996,2025,Export
AUS,Australia,SLB,Solomon Isds,energy,27,"Mineral fuels, mineral oils and products of their distillation; bituminous substances; mineral waxes",2353728.705,2025,Export
AUS,Australia,SVN,Slovenia,energy,27,"Mineral fuels, mineral oils and products of their distillation; bituminous substances; mineral waxes",91331111.515,2025,Export
AUS,Australia,SWE,Sweden,energy,27,"Mineral fuels, mineral oils and products of their distillation; bituminous substances; mineral waxes",171053631.913,2025,Export
AUS,Australia,THA,Thailand,energy,27,"Mineral fuels, mineral oils and products of their distillation; bituminous substances; mineral waxes",529089568.741,2025,Export
AUS,Australia,TLS,Timor-Leste,energy,27,"Mineral fuels, mineral oils and products of their distillation; bituminous substances; mineral waxes",4491021.549,2025,Export
AUS,Australia,TON,Tonga,energy,27,"Mineral fuels, mineral oils and products of their distillation; bituminous substances; mineral waxes",2302664.847,2025,Export
AUS,Australia,TUR,Türkiye,energy,27,"Mineral fuels, mineral oils and products of their distillation; bituminous substances; mineral waxes",242026238.393,2025,Export
AUS,Australia,TUV,Tuvalu,energy,27,"Mineral fuels, mineral oils and products of their distillation; bituminous substances; mineral waxes",231.959,2025,Export
AUS,Australia,TZA,United Rep. of Tanzania,energy,27,"Mineral fuels, mineral oils and products of their distillation; bituminous substances; mineral waxes",139185.111,2025,Export
AUS,Australia,UKR,Ukraine,energy,27,"Mineral fuels, mineral oils and products of their distillation; bituminous substances; mineral waxes",162132390.443,2025,Export
AUS,Australia,USA,USA,energy,27,"Mineral fuels, mineral oils and products of their distillation; bituminous substances; mineral waxes",85015.579,2025,Export
AUS,Australia,UZB,Uzbekistan,energy,27,"Mineral fuels, mineral oils and products of their distillation; bituminous substances; mineral waxes",10909012.849,2025,Export
AUS,Australia,VNM,Viet Nam,energy,27,"Mineral fuels, mineral oils and products of their distillation; bituminous substances; mineral waxes",2418712627.319,2025,Export
AUS,Australia,VUT,Vanuatu,energy,27,"Mineral fuels, mineral oils and products of their distillation; bituminous substances; mineral waxes",7212686.964,2025,Export
AUS,Australia,W00,World,energy,27,"Mineral fuels, mineral oils and products of their distillation; bituminous substances; mineral waxes",90323028492.955,2025,Export
AUS,Australia,WLF,Wallis and Futuna Isds,energy,27,"Mineral fuels, mineral oils and products of their distillation; bituminous substances; mineral waxes",99124.49,2025,Export
AUS,Australia,WSM,Samoa,energy,27,"Mineral fuels, mineral oils and products of their distillation; bituminous substances; mineral waxes",1754940.522,2025,Export
AUS,Australia,X1,Bunkers,energy,27,"Mineral fuels, mineral oils and products of their distillation; bituminous substances; mineral waxes",2220841112.417,2025,Export
AUS,Australia,ZAF,South Africa,energy,27,"Mineral fuels, mineral oils and products of their distillation; bituminous substances; mineral waxes",39249818.649,2025,Export
AUS,Australia,_X,"Areas, nes",energy,27,"Mineral fuels, mineral oils and products of their distillation; bituminous substances; mineral waxes",40120317235.051,2025,Export
BRA,Brazil,ABW,Aruba,energy,27,"Mineral fuels, mineral oils and products of their distillation; bituminous substances; mineral waxes",23257383.0,2025,Export
BRA,Brazil,AGO,Angola,energy,27,"Mineral fuels, mineral oils and products of their distillation; bituminous substances; mineral waxes",10111859.0,2025,Export
BRA,Brazil,AIA,Anguilla,energy,27,"Mineral fuels, mineral oils and products of their distillation; bituminous substances; mineral waxes",11647.0,2025,Export
BRA,Brazil,ARE,United Arab Emirates,energy,27,"Mineral fuels, mineral oils and products of their distillation; bituminous substances; mineral waxes",114322827.0,2025,Export
BRA,Brazil,ARG,Argentina,energy,27,"Mineral fuels, mineral oils and products of their distillation; bituminous substances; mineral waxes",442912694.0,2025,Export
BRA,Brazil,ATG,Antigua and Barbuda,energy,27,"Mineral fuels, mineral oils and products of their distillation; bituminous substances; mineral waxes",20378096.0,2025,Export
BRA,Brazil,AUS,Australia,energy,27,"Mineral fuels, mineral oils and products of their distillation; bituminous substances; mineral waxes",159444.0,2025,Export
BRA,Brazil,AUT,Austria,energy,27,"Mineral fuels, mineral oils and products of their distillation; bituminous substances; mineral waxes",20243.0,2025,Export
BRA,Brazil,AZE,Azerbaijan,energy,27,"Mineral fuels, mineral oils and products of their distillation; bituminous substances; mineral waxes",109583.0,2025,Export
BRA,Brazil,BEL,Belgium,energy,27,"Mineral fuels, mineral oils and products of their distillation; bituminous substances; mineral waxes",18819785.0,2025,Export
BRA,Brazil,BES,Bonaire,energy,27,"Mineral fuels, mineral oils and products of their distillation; bituminous substances; mineral waxes",4960.0,2025,Export
BRA,Brazil,BFA,Burkina Faso,energy,27,"Mineral fuels, mineral oils and products of their distillation; bituminous substances; mineral waxes",685419.0,2025,Export
BRA,Brazil,BGD,Bangladesh,energy,27,"Mineral fuels, mineral oils and products of their distillation; bituminous substances; mineral waxes",732913.0,2025,Export
BRA,Brazil,BGR,Bulgaria,energy,27,"Mineral fuels, mineral oils and products of their distillation; bituminous substances; mineral waxes",60808006.0,2025,Export
BRA,Brazil,BHR,Bahrain,energy,27,"Mineral fuels, mineral oils and products of their distillation; bituminous substances; mineral waxes",638.0,2025,Export
BRA,Brazil,BHS,Bahamas,energy,27,"Mineral fuels, mineral oils and products of their distillation; bituminous substances; mineral waxes",156481835.0,2025,Export
BRA,Brazil,BLZ,Belize,energy,27,"Mineral fuels, mineral oils and products of their distillation; bituminous substances; mineral waxes",877718.0,2025,Export
BRA,Brazil,BMU,Bermuda,energy,27,"Mineral fuels, mineral oils and products of their distillation; bituminous substances; mineral waxes",10152061.0,2025,Export
BRA,Brazil,BOL,Bolivia (Plurinational State of),energy,27,"Mineral fuels, mineral oils and products of their distillation; bituminous substances; mineral waxes",34951134.0,2025,Export
BRA,Brazil,BRB,Barbados,energy,27,"Mineral fuels, mineral oils and products of their distillation; bituminous substances; mineral waxes",11189141.0,2025,Export
BRA,Brazil,BWA,Botswana,energy,27,"Mineral fuels, mineral oils and products of their distillation; bituminous substances; mineral waxes",4923.0,2025,Export
BRA,Brazil,CAN,Canada,energy,27,"Mineral fuels, mineral oils and products of their distillation; bituminous substances; mineral waxes",75976360.0,2025,Export
BRA,Brazil,CHE,Switzerland,energy,27,"Mineral fuels, mineral oils and products of their distillation; bituminous substances; mineral waxes",45964010.0,2025,Export
BRA,Brazil,CHL,Chile,energy,27,"Mineral fuels, mineral oils and products of their distillation; bituminous substances; mineral waxes",1922077686.0,2025,Export
BRA,Brazil,CHN,China,energy,27,"Mineral fuels, mineral oils and products of their distillation; bituminous substances; mineral waxes",20590861647.0,2025,Export
BRA,Brazil,CIV,Côte d'Ivoire,energy,27,"Mineral fuels, mineral oils and products of their distillation; bituminous substances; mineral waxes",162723.0,2025,Export
BRA,Brazil,CMR,Cameroon,energy,27,"Mineral fuels, mineral oils and products of their distillation; bituminous substances; mineral waxes",134522.0,2025,Export
BRA,Brazil,COD,Dem. Rep. of the Congo,energy,27,"Mineral fuels, mineral oils and products of their distillation; bituminous substances; mineral waxes",16725.0,2025,Export
BRA,Brazil,COG,Congo,energy,27,"Mineral fuels, mineral oils and products of their distillation; bituminous substances; mineral waxes",25989.0,2025,Export
BRA,Brazil,COK,Cook Isds,energy,27,"Mineral fuels, mineral oils and products of their distillation; bituminous substances; mineral waxes",44.0,2025,Export
BRA,Brazil,COL,Colombia,energy,27,"Mineral fuels, mineral oils and products of their distillation; bituminous substances; mineral waxes",58521542.0,2025,Export
BRA,Brazil,COM,Comoros,energy,27,"Mineral fuels, mineral oils and products of their distillation; bituminous substances; mineral waxes",181874.0,2025,Export
BRA,Brazil,CPV,Cabo Verde,energy,27,"Mineral fuels, mineral oils and products of their distillation; bituminous substances; mineral waxes",761387.0,2025,Export
BRA,Brazil,CRI,Costa Rica,energy,27,"Mineral fuels, mineral oils and products of their distillation; bituminous substances; mineral waxes",829141.0,2025,Export
BRA,Brazil,CUB,Cuba,energy,27,"Mineral fuels, mineral oils and products of their distillation; bituminous substances; mineral waxes",96956.0,2025,Export
BRA,Brazil,CUW,Curaçao,energy,27,"Mineral fuels, mineral oils and products of their distillation; bituminous substances; mineral waxes",1481993.0,2025,Export
BRA,Brazil,CYM,Cayman Isds,energy,27,"Mineral fuels, mineral oils and products of their distillation; bituminous substances; mineral waxes",3527223.0,2025,Export
BRA,Brazil,CYP,Cyprus,energy,27,"Mineral fuels, mineral oils and products of their distillation; bituminous substances; mineral waxes",43170408.0,2025,Export
BRA,Brazil,CZE,Czechia,energy,27,"Mineral fuels, mineral oils and products of their distillation; bituminous substances; mineral waxes",324695.0,2025,Export
BRA,Brazil,DEU,Germany,energy,27,"Mineral fuels, mineral oils and products of their distillation; bituminous substances; mineral waxes",66442084.0,2025,Export
BRA,Brazil,DJI,Djibouti,energy,27,"Mineral fuels, mineral oils and products of their distillation; bituminous substances; mineral waxes",20142.0,2025,Export
BRA,Brazil,DMA,Dominica,energy,27,"Mineral fuels, mineral oils and products of their distillation; bituminous substances; mineral waxes",9512.0,2025,Export
BRA,Brazil,DNK,Denmark,energy,27,"Mineral fuels, mineral oils and products of their distillation; bituminous substances; mineral waxes",12332551.0,2025,Export
BRA,Brazil,DOM,Dominican Rep.,energy,27,"Mineral fuels, mineral oils and products of their distillation; bituminous substances; mineral waxes",6828930.0,2025,Export
BRA,Brazil,DZA,Algeria,energy,27,"Mineral fuels, mineral oils and products of their distillation; bituminous substances; mineral waxes",16344.0,2025,Export
BRA,Brazil,ECU,Ecuador,energy,27,"Mineral fuels, mineral oils and products of their distillation; bituminous substances; mineral waxes",10309236.0,2025,Export
BRA,Brazil,EGY,Egypt,energy,27,"Mineral fuels, mineral oils and products of their distillation; bituminous substances; mineral waxes",413648.0,2025,Export
BRA,Brazil,ESP,Spain,energy,27,"Mineral fuels, mineral oils and products of their distillation; bituminous substances; mineral waxes",3357990392.0,2025,Export
BRA,Brazil,EST,Estonia,energy,27,"Mineral fuels, mineral oils and products of their distillation; bituminous substances; mineral waxes",93158.0,2025,Export
BRA,Brazil,ETH,Ethiopia,energy,27,"Mineral fuels, mineral oils and products of their distillation; bituminous substances; mineral waxes",27497357.0,2025,Export
BRA,Brazil,FIN,Finland,energy,27,"Mineral fuels, mineral oils and products of their distillation; bituminous substances; mineral waxes",12086.0,2025,Export
BRA,Brazil,FJI,Fiji,energy,27,"Mineral fuels, mineral oils and products of their distillation; bituminous substances; mineral waxes",49920.0,2025,Export
BRA,Brazil,FLK,Falkland Isds (Malvinas),energy,27,"Mineral fuels, mineral oils and products of their distillation; bituminous substances; mineral waxes",111664.0,2025,Export
BRA,Brazil,FRA,France,energy,27,"Mineral fuels, mineral oils and products of their distillation; bituminous substances; mineral waxes",648216611.0,2025,Export
BRA,Brazil,GAB,Gabon,energy,27,"Mineral fuels, mineral oils and products of their distillation; bituminous substances; mineral waxes",80780.0,2025,Export
BRA,Brazil,GBR,United Kingdom,energy,27,"Mineral fuels, mineral oils and products of their distillation; bituminous substances; mineral waxes",354144154.0,2025,Export
BRA,Brazil,GHA,Ghana,energy,27,"Mineral fuels, mineral oils and products of their distillation; bituminous substances; mineral waxes",1877212.0,2025,Export
BRA,Brazil,GIB,Gibraltar,energy,27,"Mineral fuels, mineral oils and products of their distillation; bituminous substances; mineral waxes",28214039.0,2025,Export
BRA,Brazil,GIN,Guinea,energy,27,"Mineral fuels, mineral oils and products of their distillation; bituminous substances; mineral waxes",90434.0,2025,Export
BRA,Brazil,GMB,Gambia,energy,27,"Mineral fuels, mineral oils and products of their distillation; bituminous substances; mineral waxes",555841.0,2025,Export
BRA,Brazil,GNB,Guinea-Bissau,energy,27,"Mineral fuels, mineral oils and products of their distillation; bituminous substances; mineral waxes",462004.0,2025,Export
BRA,Brazil,GNQ,Equatorial Guinea,energy,27,"Mineral fuels, mineral oils and products of their distillation; bituminous substances; mineral waxes",11067.0,2025,Export
BRA,Brazil,GRC,Greece,energy,27,"Mineral fuels, mineral oils and products of their distillation; bituminous substances; mineral waxes",36416588.0,2025,Export
BRA,Brazil,GRD,Grenada,energy,27,"Mineral fuels, mineral oils and products of their distillation; bituminous substances; mineral waxes",57972.0,2025,Export
BRA,Brazil,GTM,Guatemala,energy,27,"Mineral fuels, mineral oils and products of their distillation; bituminous substances; mineral waxes",571919.0,2025,Export
BRA,Brazil,GUY,Guyana,energy,27,"Mineral fuels, mineral oils and products of their distillation; bituminous substances; mineral waxes",1348427.0,2025,Export
BRA,Brazil,HKG,"China, Hong Kong SAR",energy,27,"Mineral fuels, mineral oils and products of their distillation; bituminous substances; mineral waxes",134216000.0,2025,Export
BRA,Brazil,HMD,Heard Island and McDonald Islands,energy,27,"Mineral fuels, mineral oils and products of their distillation; bituminous substances; mineral waxes",190256.0,2025,Export
BRA,Brazil,HND,Honduras,energy,27,"Mineral fuels, mineral oils and products of their distillation; bituminous substances; mineral waxes",2495862.0,2025,Export
BRA,Brazil,HRV,Croatia,energy,27,"Mineral fuels, mineral oils and products of their distillation; bituminous substances; mineral waxes",1903686.0,2025,Export
BRA,Brazil,HTI,Haiti,energy,27,"Mineral fuels, mineral oils and products of their distillation; bituminous substances; mineral waxes",44623.0,2025,Export
BRA,Brazil,HUN,Hungary,energy,27,"Mineral fuels, mineral oils and products of their distillation; bituminous substances; mineral waxes",32528.0,2025,Export
BRA,Brazil,IDN,Indonesia,energy,27,"Mineral fuels, mineral oils and products of their distillation; bituminous substances; mineral waxes",745751630.0,2025,Export
BRA,Brazil,IND,India,energy,27,"Mineral fuels, mineral oils and products of their distillation; bituminous substances; mineral waxes",2005058270.0,2025,Export
BRA,Brazil,IRL,Ireland,energy,27,"Mineral fuels, mineral oils and products of their distillation; bituminous substances; mineral waxes",11945.0,2025,Export
BRA,Brazil,IRN,Iran,energy,27,"Mineral fuels, mineral oils and products of their distillation; bituminous substances; mineral waxes",256334.0,2025,Export
BRA,Brazil,ISL,Iceland,energy,27,"Mineral fuels, mineral oils and products of their distillation; bituminous substances; mineral waxes",2955658.0,2025,Export
BRA,Brazil,ISR,Israel,energy,27,"Mineral fuels, mineral oils and products of their distillation; bituminous substances; mineral waxes",342549.0,2025,Export
BRA,Brazil,ITA,Italy,energy,27,"Mineral fuels, mineral oils and products of their distillation; bituminous substances; mineral waxes",777732151.0,2025,Export
BRA,Brazil,JAM,Jamaica,energy,27,"Mineral fuels, mineral oils and products of their distillation; bituminous substances; mineral waxes",456617.0,2025,Export
BRA,Brazil,JOR,Jordan,energy,27,"Mineral fuels, mineral oils and products of their distillation; bituminous substances; mineral waxes",48311.0,2025,Export
BRA,Brazil,JPN,Japan,energy,27,"Mineral fuels, mineral oils and products of their distillation; bituminous substances; mineral waxes",9567136.0,2025,Export
BRA,Brazil,KEN,Kenya,energy,27,"Mineral fuels, mineral oils and products of their distillation; bituminous substances; mineral waxes",249782.0,2025,Export
BRA,Brazil,KIR,Kiribati,energy,27,"Mineral fuels, mineral oils and products of their distillation; bituminous substances; mineral waxes",20750.0,2025,Export
BRA,Brazil,KNA,Saint Kitts and Nevis,energy,27,"Mineral fuels, mineral oils and products of their distillation; bituminous substances; mineral waxes",948240.0,2025,Export
BRA,Brazil,KOR,Rep. of Korea,energy,27,"Mineral fuels, mineral oils and products of their distillation; bituminous substances; mineral waxes",1802938065.0,2025,Export
BRA,Brazil,LBN,Lebanon,energy,27,"Mineral fuels, mineral oils and products of their distillation; bituminous substances; mineral waxes",2497485.0,2025,Export
BRA,Brazil,LBR,Liberia,energy,27,"Mineral fuels, mineral oils and products of their distillation; bituminous substances; mineral waxes",400188913.0,2025,Export
BRA,Brazil,LBY,Libya,energy,27,"Mineral fuels, mineral oils and products of their distillation; bituminous substances; mineral waxes",135015.0,2025,Export
BRA,Brazil,LCA,Saint Lucia,energy,27,"Mineral fuels, mineral oils and products of their distillation; bituminous substances; mineral waxes",60283085.0,2025,Export
BRA,Brazil,LKA,Sri Lanka,energy,27,"Mineral fuels, mineral oils and products of their distillation; bituminous substances; mineral waxes",8029.0,2025,Export
BRA,Brazil,LTU,Lithuania,energy,27,"Mineral fuels, mineral oils and products of their distillation; bituminous substances; mineral waxes",297008.0,2025,Export
BRA,Brazil,LUX,Luxembourg,energy,27,"Mineral fuels, mineral oils and products of their distillation; bituminous substances; mineral waxes",18088629.0,2025,Export
BRA,Brazil,LVA,Latvia,energy,27,"Mineral fuels, mineral oils and products of their distillation; bituminous substances; mineral waxes",390106.0,2025,Export
BRA,Brazil,MAR,Morocco,energy,27,"Mineral fuels, mineral oils and products of their distillation; bituminous substances; mineral waxes",5016856.0,2025,Export
BRA,Brazil,MEX,Mexico,energy,27,"Mineral fuels, mineral oils and products of their distillation; bituminous substances; mineral waxes",27676877.0,2025,Export
BRA,Brazil,MHL,Marshall Isds,energy,27,"Mineral fuels, mineral oils and products of their distillation; bituminous substances; mineral waxes",262708230.0,2025,Export
BRA,Brazil,MKD,North Macedonia,energy,27,"Mineral fuels, mineral oils and products of their distillation; bituminous substances; mineral waxes",367523.0,2025,Export
BRA,Brazil,MLI,Mali,energy,27,"Mineral fuels, mineral oils and products of their distillation; bituminous substances; mineral waxes",7429.0,2025,Export
BRA,Brazil,MLT,Malta,energy,27,"Mineral fuels, mineral oils and products of their distillation; bituminous substances; mineral waxes",93474839.0,2025,Export
BRA,Brazil,MMR,Myanmar,energy,27,"Mineral fuels, mineral oils and products of their distillation; bituminous substances; mineral waxes",14561.0,2025,Export
BRA,Brazil,MOZ,Mozambique,energy,27,"Mineral fuels, mineral oils and products of their distillation; bituminous substances; mineral waxes",31101.0,2025,Export
BRA,Brazil,MRT,Mauritania,energy,27,"Mineral fuels, mineral oils and products of their distillation; bituminous substances; mineral waxes",1859156.0,2025,Export
BRA,Brazil,MUS,Mauritius,energy,27,"Mineral fuels, mineral oils and products of their distillation; bituminous substances; mineral waxes",30997.0,2025,Export
BRA,Brazil,MWI,Malawi,energy,27,"Mineral fuels, mineral oils and products of their distillation; bituminous substances; mineral waxes",63982.0,2025,Export
BRA,Brazil,MYS,Malaysia,energy,27,"Mineral fuels, mineral oils and products of their distillation; bituminous substances; mineral waxes",564395114.0,2025,Export
BRA,Brazil,NAM,Namibia,energy,27,"Mineral fuels, mineral oils and products of their distillation; bituminous substances; mineral waxes",5491.0,2025,Export
BRA,Brazil,NGA,Nigeria,energy,27,"Mineral fuels, mineral oils and products of their distillation; bituminous substances; mineral waxes",113333891.0,2025,Export
BRA,Brazil,NIC,Nicaragua,energy,27,"Mineral fuels, mineral oils and products of their distillation; bituminous substances; mineral waxes",627832.0,2025,Export
BRA,Brazil,NIU,Niue,energy,27,"Mineral fuels, mineral oils and products of their distillation; bituminous substances; mineral waxes",11348434.0,2025,Export
BRA,Brazil,NLD,Netherlands,energy,27,"Mineral fuels, mineral oils and products of their distillation; bituminous substances; mineral waxes",3476286116.0,2025,Export
BRA,Brazil,NOR,Norway,energy,27,"Mineral fuels, mineral oils and products of their distillation; bituminous substances; mineral waxes",92122629.0,2025,Export
BRA,Brazil,NRU,Nauru,energy,27,"Mineral fuels, mineral oils and products of their distillation; bituminous substances; mineral waxes",252942.0,2025,Export
BRA,Brazil,NZL,New Zealand,energy,27,"Mineral fuels, mineral oils and products of their distillation; bituminous substances; mineral waxes",404.0,2025,Export
BRA,Brazil,OMN,Oman,energy,27,"Mineral fuels, mineral oils and products of their distillation; bituminous substances; mineral waxes",28687319.0,2025,Export
BRA,Brazil,PAK,Pakistan,energy,27,"Mineral fuels, mineral oils and products of their distillation; bituminous substances; mineral waxes",8171.0,2025,Export
BRA,Brazil,PAN,Panama,energy,27,"Mineral fuels, mineral oils and products of their distillation; bituminous substances; mineral waxes",1260893174.0,2025,Export
BRA,Brazil,PCN,Pitcairn,energy,27,"Mineral fuels, mineral oils and products of their distillation; bituminous substances; mineral waxes",348363.0,2025,Export
BRA,Brazil,PER,Peru,energy,27,"Mineral fuels, mineral oils and products of their distillation; bituminous substances; mineral waxes",338456972.0,2025,Export
BRA,Brazil,PHL,Philippines,energy,27,"Mineral fuels, mineral oils and products of their distillation; bituminous substances; mineral waxes",5842948.0,2025,Export
BRA,Brazil,PLW,Palau,energy,27,"Mineral fuels, mineral oils and products of their distillation; bituminous substances; mineral waxes",1037604.0,2025,Export
BRA,Brazil,PNG,Papua New Guinea,energy,27,"Mineral fuels, mineral oils and products of their distillation; bituminous substances; mineral waxes",26475.0,2025,Export
BRA,Brazil,POL,Poland,energy,27,"Mineral fuels, mineral oils and products of their distillation; bituminous substances; mineral waxes",1376472.0,2025,Export
BRA,Brazil,PRT,Portugal,energy,27,"Mineral fuels, mineral oils and products of their distillation; bituminous substances; mineral waxes",2280333642.0,2025,Export
BRA,Brazil,PRY,Paraguay,energy,27,"Mineral fuels, mineral oils and products of their distillation; bituminous substances; mineral waxes",66243120.0,2025,Export
BRA,Brazil,QAT,Qatar,energy,27,"Mineral fuels, mineral oils and products of their distillation; bituminous substances; mineral waxes",56333703.0,2025,Export
BRA,Brazil,ROU,Romania,energy,27,"Mineral fuels, mineral oils and products of their distillation; bituminous substances; mineral waxes",29522747.0,2025,Export
BRA,Brazil,RUS,Russian Federation,energy,27,"Mineral fuels, mineral oils and products of their distillation; bituminous substances; mineral waxes",1181595.0,2025,Export
BRA,Brazil,S19,"Other Asia, nes",energy,27,"Mineral fuels, mineral oils and products of their distillation; bituminous substances; mineral waxes",135772131.0,2025,Export
BRA,Brazil,SAU,Saudi Arabia,energy,27,"Mineral fuels, mineral oils and products of their distillation; bituminous substances; mineral waxes",17403501.0,2025,Export
BRA,Brazil,SEN,Senegal,energy,27,"Mineral fuels, mineral oils and products of their distillation; bituminous substances; mineral waxes",3934456.0,2025,Export
BRA,Brazil,SGP,Singapore,energy,27,"Mineral fuels, mineral oils and products of their distillation; bituminous substances; mineral waxes",4710978392.0,2025,Export
BRA,Brazil,SLE,Sierra Leone,energy,27,"Mineral fuels, mineral oils and products of their distillation; bituminous substances; mineral waxes",419336.0,2025,Export
BRA,Brazil,SLV,El Salvador,energy,27,"Mineral fuels, mineral oils and products of their distillation; bituminous substances; mineral waxes",312114.0,2025,Export
BRA,Brazil,SMR,San Marino,energy,27,"Mineral fuels, mineral oils and products of their distillation; bituminous substances; mineral waxes",75838.0,2025,Export
BRA,Brazil,STP,Sao Tome and Principe,energy,27,"Mineral fuels, mineral oils and products of their distillation; bituminous substances; mineral waxes",16996.0,2025,Export
BRA,Brazil,SUR,Suriname,energy,27,"Mineral fuels, mineral oils and products of their distillation; bituminous substances; mineral waxes",560456.0,2025,Export
BRA,Brazil,SVK,Slovakia,energy,27,"Mineral fuels, mineral oils and products of their distillation; bituminous substances; mineral waxes",15824.0,2025,Export
BRA,Brazil,SVN,Slovenia,energy,27,"Mineral fuels, mineral oils and products of their distillation; bituminous substances; mineral waxes",89.0,2025,Export
BRA,Brazil,SWE,Sweden,energy,27,"Mineral fuels, mineral oils and products of their distillation; bituminous substances; mineral waxes",31922779.0,2025,Export
BRA,Brazil,SXM,Sint Maarten,energy,27,"Mineral fuels, mineral oils and products of their distillation; bituminous substances; mineral waxes",259861.0,2025,Export
BRA,Brazil,SYC,Seychelles,energy,27,"Mineral fuels, mineral oils and products of their distillation; bituminous substances; mineral waxes",32428.0,2025,Export
BRA,Brazil,TCA,Turks and Caicos Isds,energy,27,"Mineral fuels, mineral oils and products of their distillation; bituminous substances; mineral waxes",73584.0,2025,Export
BRA,Brazil,TCD,Chad,energy,27,"Mineral fuels, mineral oils and products of their distillation; bituminous substances; mineral waxes",8168.0,2025,Export
BRA,Brazil,TGO,Togo,energy,27,"Mineral fuels, mineral oils and products of their distillation; bituminous substances; mineral waxes",232534327.0,2025,Export
BRA,Brazil,THA,Thailand,energy,27,"Mineral fuels, mineral oils and products of their distillation; bituminous substances; mineral waxes",321706275.0,2025,Export
BRA,Brazil,TON,Tonga,energy,27,"Mineral fuels, mineral oils and products of their distillation; bituminous substances; mineral waxes",371849.0,2025,Export
BRA,Brazil,TTO,Trinidad and Tobago,energy,27,"Mineral fuels, mineral oils and products of their distillation; bituminous substances; mineral waxes",57387.0,2025,Export
BRA,Brazil,TUR,Türkiye,energy,27,"Mineral fuels, mineral oils and products of their distillation; bituminous substances; mineral waxes",154132999.0,2025,Export
BRA,Brazil,TZA,United Rep. of Tanzania,energy,27,"Mineral fuels, mineral oils and products of their distillation; bituminous substances; mineral waxes",711407.0,2025,Export
BRA,Brazil,UKR,Ukraine,energy,27,"Mineral fuels, mineral oils and products of their distillation; bituminous substances; mineral waxes",1213748.0,2025,Export
BRA,Brazil,URY,Uruguay,energy,27,"Mineral fuels, mineral oils and products of their distillation; bituminous substances; mineral waxes",512688515.0,2025,Export
BRA,Brazil,USA,USA,energy,27,"Mineral fuels, mineral oils and products of their distillation; bituminous substances; mineral waxes",6583439791.0,2025,Export
BRA,Brazil,VCT,Saint Vincent and the Grenadines,energy,27,"Mineral fuels, mineral oils and products of their distillation; bituminous substances; mineral waxes",1051793.0,2025,Export
BRA,Brazil,VEN,Venezuela,energy,27,"Mineral fuels, mineral oils and products of their distillation; bituminous substances; mineral waxes",6519523.0,2025,Export
BRA,Brazil,VGB,Br. Virgin Isds,energy,27,"Mineral fuels, mineral oils and products of their distillation; bituminous substances; mineral waxes",84458.0,2025,Export
BRA,Brazil,VNM,Viet Nam,energy,27,"Mineral fuels, mineral oils and products of their distillation; bituminous substances; mineral waxes",1742301.0,2025,Export
BRA,Brazil,VUT,Vanuatu,energy,27,"Mineral fuels, mineral oils and products of their distillation; bituminous substances; mineral waxes",242326.0,2025,Export
BRA,Brazil,W00,World,energy,27,"Mineral fuels, mineral oils and products of their distillation; bituminous substances; mineral waxes",56196331689.0,2025,Export
BRA,Brazil,YEM,Yemen,energy,27,"Mineral fuels, mineral oils and products of their distillation; bituminous substances; mineral waxes",688.0,2025,Export
BRA,Brazil,ZAF,South Africa,energy,27,"Mineral fuels, mineral oils and products of their distillation; bituminous substances; mineral waxes",213148964.0,2025,Export
BRA,Brazil,_X,"Areas, nes",energy,27,"Mineral fuels, mineral oils and products of their distillation; bituminous substances; mineral waxes",373592707.0,2025,Export
CAN,Canada,ABW,Aruba,energy,27,"Mineral fuels, mineral oils and products of their distillation; bituminous substances; mineral waxes",157.943,2025,Export
CAN,Canada,ABW,Aruba,energy,27,"Mineral fuels, mineral oils and products of their distillation; bituminous substances; mineral waxes",157.943,2025,Export
CAN,Canada,AIA,Anguilla,energy,27,"Mineral fuels, mineral oils and products of their distillation; bituminous substances; mineral waxes",48.542,2025,Export
CAN,Canada,AIA,Anguilla,energy,27,"Mineral fuels, mineral oils and products of their distillation; bituminous substances; mineral waxes",48.542,2025,Export
CAN,Canada,ARE,United Arab Emirates,energy,27,"Mineral fuels, mineral oils and products of their distillation; bituminous substances; mineral waxes",2958285.85,2025,Export
CAN,Canada,ARE,United Arab Emirates,energy,27,"Mineral fuels, mineral oils and products of their distillation; bituminous substances; mineral waxes",2958285.85,2025,Export
CAN,Canada,ARG,Argentina,energy,27,"Mineral fuels, mineral oils and products of their distillation; bituminous substances; mineral waxes",39747047.022,2025,Export
CAN,Canada,ARG,Argentina,energy,27,"Mineral fuels, mineral oils and products of their distillation; bituminous substances; mineral waxes",39747047.022,2025,Export
CAN,Canada,ARM,Armenia,energy,27,"Mineral fuels, mineral oils and products of their distillation; bituminous substances; mineral waxes",21440.356,2025,Export
CAN,Canada,ARM,Armenia,energy,27,"Mineral fuels, mineral oils and products of their distillation; bituminous substances; mineral waxes",21440.356,2025,Export
CAN,Canada,ATG,Antigua and Barbuda,energy,27,"Mineral fuels, mineral oils and products of their distillation; bituminous substances; mineral waxes",252771.311,2025,Export
CAN,Canada,ATG,Antigua and Barbuda,energy,27,"Mineral fuels, mineral oils and products of their distillation; bituminous substances; mineral waxes",252771.311,2025,Export
CAN,Canada,AUS,Australia,energy,27,"Mineral fuels, mineral oils and products of their distillation; bituminous substances; mineral waxes",4896069.306,2025,Export
CAN,Canada,AUS,Australia,energy,27,"Mineral fuels, mineral oils and products of their distillation; bituminous substances; mineral waxes",4896069.306,2025,Export
CAN,Canada,AUT,Austria,energy,27,"Mineral fuels, mineral oils and products of their distillation; bituminous substances; mineral waxes",5977.188,2025,Export
CAN,Canada,AUT,Austria,energy,27,"Mineral fuels, mineral oils and products of their distillation; bituminous substances; mineral waxes",5977.188,2025,Export
CAN,Canada,AZE,Azerbaijan,energy,27,"Mineral fuels, mineral oils and products of their distillation; bituminous substances; mineral waxes",976793.571,2025,Export
CAN,Canada,AZE,Azerbaijan,energy,27,"Mineral fuels, mineral oils and products of their distillation; bituminous substances; mineral waxes",976793.571,2025,Export
CAN,Canada,BEL,Belgium,energy,27,"Mineral fuels, mineral oils and products of their distillation; bituminous substances; mineral waxes",10037803.227,2025,Export
CAN,Canada,BEL,Belgium,energy,27,"Mineral fuels, mineral oils and products of their distillation; bituminous substances; mineral waxes",10037803.227,2025,Export
CAN,Canada,BES,Bonaire,energy,27,"Mineral fuels, mineral oils and products of their distillation; bituminous substances; mineral waxes",228747634.655,2025,Export
CAN,Canada,BES,Bonaire,energy,27,"Mineral fuels, mineral oils and products of their distillation; bituminous substances; mineral waxes",228747634.655,2025,Export
CAN,Canada,BFA,Burkina Faso,energy,27,"Mineral fuels, mineral oils and products of their distillation; bituminous substances; mineral waxes",58039.586,2025,Export
CAN,Canada,BFA,Burkina Faso,energy,27,"Mineral fuels, mineral oils and products of their distillation; bituminous substances; mineral waxes",58039.586,2025,Export
CAN,Canada,BGD,Bangladesh,energy,27,"Mineral fuels, mineral oils and products of their distillation; bituminous substances; mineral waxes",241.261,2025,Export
CAN,Canada,BGD,Bangladesh,energy,27,"Mineral fuels, mineral oils and products of their distillation; bituminous substances; mineral waxes",241.261,2025,Export
CAN,Canada,BHR,Bahrain,energy,27,"Mineral fuels, mineral oils and products of their distillation; bituminous substances; mineral waxes",36473.166,2025,Export
CAN,Canada,BHR,Bahrain,energy,27,"Mineral fuels, mineral oils and products of their distillation; bituminous substances; mineral waxes",36473.166,2025,Export
CAN,Canada,BHS,Bahamas,energy,27,"Mineral fuels, mineral oils and products of their distillation; bituminous substances; mineral waxes",154096437.573,2025,Export
CAN,Canada,BHS,Bahamas,energy,27,"Mineral fuels, mineral oils and products of their distillation; bituminous substances; mineral waxes",154096437.573,2025,Export
CAN,Canada,BLZ,Belize,energy,27,"Mineral fuels, mineral oils and products of their distillation; bituminous substances; mineral waxes",45106.399,2025,Export
CAN,Canada,BLZ,Belize,energy,27,"Mineral fuels, mineral oils and products of their distillation; bituminous substances; mineral waxes",45106.399,2025,Export
CAN,Canada,BMU,Bermuda,energy,27,"Mineral fuels, mineral oils and products of their distillation; bituminous substances; mineral waxes",57371391.866,2025,Export
CAN,Canada,BMU,Bermuda,energy,27,"Mineral fuels, mineral oils and products of their distillation; bituminous substances; mineral waxes",57371391.866,2025,Export
CAN,Canada,BOL,Bolivia (Plurinational State of),energy,27,"Mineral fuels, mineral oils and products of their distillation; bituminous substances; mineral waxes",20252.888,2025,Export
CAN,Canada,BOL,Bolivia (Plurinational State of),energy,27,"Mineral fuels, mineral oils and products of their distillation; bituminous substances; mineral waxes",20252.888,2025,Export
CAN,Canada,BRA,Brazil,energy,27,"Mineral fuels, mineral oils and products of their distillation; bituminous substances; mineral waxes",25553469.916,2025,Export
CAN,Canada,BRA,Brazil,energy,27,"Mineral fuels, mineral oils and products of their distillation; bituminous substances; mineral waxes",25553469.916,2025,Export
CAN,Canada,BRB,Barbados,energy,27,"Mineral fuels, mineral oils and products of their distillation; bituminous substances; mineral waxes",146673.682,2025,Export
CAN,Canada,BRB,Barbados,energy,27,"Mineral fuels, mineral oils and products of their distillation; bituminous substances; mineral waxes",146673.682,2025,Export
CAN,Canada,BWA,Botswana,energy,27,"Mineral fuels, mineral oils and products of their distillation; bituminous substances; mineral waxes",320.957,2025,Export
CAN,Canada,BWA,Botswana,energy,27,"Mineral fuels, mineral oils and products of their distillation; bituminous substances; mineral waxes",320.957,2025,Export
CAN,Canada,CHE,Switzerland,energy,27,"Mineral fuels, mineral oils and products of their distillation; bituminous substances; mineral waxes",19056.726,2025,Export
CAN,Canada,CHE,Switzerland,energy,27,"Mineral fuels, mineral oils and products of their distillation; bituminous substances; mineral waxes",19056.726,2025,Export
CAN,Canada,CHL,Chile,energy,27,"Mineral fuels, mineral oils and products of their distillation; bituminous substances; mineral waxes",12815820.699,2025,Export
CAN,Canada,CHL,Chile,energy,27,"Mineral fuels, mineral oils and products of their distillation; bituminous substances; mineral waxes",12815820.699,2025,Export
CAN,Canada,CHN,China,energy,27,"Mineral fuels, mineral oils and products of their distillation; bituminous substances; mineral waxes",6932124578.117,2025,Export
CAN,Canada,CHN,China,energy,27,"Mineral fuels, mineral oils and products of their distillation; bituminous substances; mineral waxes",6932124578.117,2025,Export
CAN,Canada,CIV,Côte d'Ivoire,energy,27,"Mineral fuels, mineral oils and products of their distillation; bituminous substances; mineral waxes",130591.785,2025,Export
CAN,Canada,CIV,Côte d'Ivoire,energy,27,"Mineral fuels, mineral oils and products of their distillation; bituminous substances; mineral waxes",130591.785,2025,Export
CAN,Canada,CMR,Cameroon,energy,27,"Mineral fuels, mineral oils and products of their distillation; bituminous substances; mineral waxes",6135.856,2025,Export
CAN,Canada,CMR,Cameroon,energy,27,"Mineral fuels, mineral oils and products of their distillation; bituminous substances; mineral waxes",6135.856,2025,Export
CAN,Canada,COD,Dem. Rep. of the Congo,energy,27,"Mineral fuels, mineral oils and products of their distillation; bituminous substances; mineral waxes",3227.682,2025,Export
CAN,Canada,COD,Dem. Rep. of the Congo,energy,27,"Mineral fuels, mineral oils and products of their distillation; bituminous substances; mineral waxes",3227.682,2025,Export
CAN,Canada,COL,Colombia,energy,27,"Mineral fuels, mineral oils and products of their distillation; bituminous substances; mineral waxes",3623125.976,2025,Export
CAN,Canada,COL,Colombia,energy,27,"Mineral fuels, mineral oils and products of their distillation; bituminous substances; mineral waxes",3623125.976,2025,Export
CAN,Canada,CRI,Costa Rica,energy,27,"Mineral fuels, mineral oils and products of their distillation; bituminous substances; mineral waxes",4543175.381,2025,Export
CAN,Canada,CRI,Costa Rica,energy,27,"Mineral fuels, mineral oils and products of their distillation; bituminous substances; mineral waxes",4543175.381,2025,Export
CAN,Canada,CUB,Cuba,energy,27,"Mineral fuels, mineral oils and products of their distillation; bituminous substances; mineral waxes",1317846.867,2025,Export
CAN,Canada,CUB,Cuba,energy,27,"Mineral fuels, mineral oils and products of their distillation; bituminous substances; mineral waxes",1317846.867,2025,Export
CAN,Canada,CUW,Curaçao,energy,27,"Mineral fuels, mineral oils and products of their distillation; bituminous substances; mineral waxes",17386.735,2025,Export
CAN,Canada,CUW,Curaçao,energy,27,"Mineral fuels, mineral oils and products of their distillation; bituminous substances; mineral waxes",17386.735,2025,Export
CAN,Canada,CYM,Cayman Isds,energy,27,"Mineral fuels, mineral oils and products of their distillation; bituminous substances; mineral waxes",38354.712,2025,Export
CAN,Canada,CYM,Cayman Isds,energy,27,"Mineral fuels, mineral oils and products of their distillation; bituminous substances; mineral waxes",38354.712,2025,Export
CAN,Canada,CZE,Czechia,energy,27,"Mineral fuels, mineral oils and products of their distillation; bituminous substances; mineral waxes",180182.162,2025,Export
CAN,Canada,CZE,Czechia,energy,27,"Mineral fuels, mineral oils and products of their distillation; bituminous substances; mineral waxes",180182.162,2025,Export
CAN,Canada,DEU,Germany,energy,27,"Mineral fuels, mineral oils and products of their distillation; bituminous substances; mineral waxes",814566700.079,2025,Export
CAN,Canada,DEU,Germany,energy,27,"Mineral fuels, mineral oils and products of their distillation; bituminous substances; mineral waxes",814566700.079,2025,Export
CAN,Canada,DMA,Dominica,energy,27,"Mineral fuels, mineral oils and products of their distillation; bituminous substances; mineral waxes",28159.44,2025,Export
CAN,Canada,DMA,Dominica,energy,27,"Mineral fuels, mineral oils and products of their distillation; bituminous substances; mineral waxes",28159.44,2025,Export
CAN,Canada,DNK,Denmark,energy,27,"Mineral fuels, mineral oils and products of their distillation; bituminous substances; mineral waxes",152534998.908,2025,Export
CAN,Canada,DNK,Denmark,energy,27,"Mineral fuels, mineral oils and products of their distillation; bituminous substances; mineral waxes",152534998.908,2025,Export
CAN,Canada,DOM,Dominican Rep.,energy,27,"Mineral fuels, mineral oils and products of their distillation; bituminous substances; mineral waxes",794153.879,2025,Export
CAN,Canada,DOM,Dominican Rep.,energy,27,"Mineral fuels, mineral oils and products of their distillation; bituminous substances; mineral waxes",794153.879,2025,Export
CAN,Canada,DZA,Algeria,energy,27,"Mineral fuels, mineral oils and products of their distillation; bituminous substances; mineral waxes",22650.284,2025,Export
CAN,Canada,DZA,Algeria,energy,27,"Mineral fuels, mineral oils and products of their distillation; bituminous substances; mineral waxes",22650.284,2025,Export
CAN,Canada,ECU,Ecuador,energy,27,"Mineral fuels, mineral oils and products of their distillation; bituminous substances; mineral waxes",37753924.221,2025,Export
CAN,Canada,ECU,Ecuador,energy,27,"Mineral fuels, mineral oils and products of their distillation; bituminous substances; mineral waxes",37753924.221,2025,Export
CAN,Canada,EGY,Egypt,energy,27,"Mineral fuels, mineral oils and products of their distillation; bituminous substances; mineral waxes",236035.184,2025,Export
CAN,Canada,EGY,Egypt,energy,27,"Mineral fuels, mineral oils and products of their distillation; bituminous substances; mineral waxes",236035.184,2025,Export
CAN,Canada,ERI,Eritrea,energy,27,"Mineral fuels, mineral oils and products of their distillation; bituminous substances; mineral waxes",14.49,2025,Export
CAN,Canada,ERI,Eritrea,energy,27,"Mineral fuels, mineral oils and products of their distillation; bituminous substances; mineral waxes",14.49,2025,Export
CAN,Canada,ESP,Spain,energy,27,"Mineral fuels, mineral oils and products of their distillation; bituminous substances; mineral waxes",251312679.202,2025,Export
CAN,Canada,ESP,Spain,energy,27,"Mineral fuels, mineral oils and products of their distillation; bituminous substances; mineral waxes",251312679.202,2025,Export
CAN,Canada,EST,Estonia,energy,27,"Mineral fuels, mineral oils and products of their distillation; bituminous substances; mineral waxes",60095.739,2025,Export
CAN,Canada,EST,Estonia,energy,27,"Mineral fuels, mineral oils and products of their distillation; bituminous substances; mineral waxes",60095.739,2025,Export
CAN,Canada,FIN,Finland,energy,27,"Mineral fuels, mineral oils and products of their distillation; bituminous substances; mineral waxes",41510309.619,2025,Export
CAN,Canada,FIN,Finland,energy,27,"Mineral fuels, mineral oils and products of their distillation; bituminous substances; mineral waxes",41510309.619,2025,Export
CAN,Canada,FJI,Fiji,energy,27,"Mineral fuels, mineral oils and products of their distillation; bituminous substances; mineral waxes",3166.823,2025,Export
CAN,Canada,FJI,Fiji,energy,27,"Mineral fuels, mineral oils and products of their distillation; bituminous substances; mineral waxes",3166.823,2025,Export
CAN,Canada,FRA,France,energy,27,"Mineral fuels, mineral oils and products of their distillation; bituminous substances; mineral waxes",206276448.629,2025,Export
CAN,Canada,FRA,France,energy,27,"Mineral fuels, mineral oils and products of their distillation; bituminous substances; mineral waxes",206276448.629,2025,Export
CAN,Canada,GAB,Gabon,energy,27,"Mineral fuels, mineral oils and products of their distillation; bituminous substances; mineral waxes",25693.216,2025,Export
CAN,Canada,GAB,Gabon,energy,27,"Mineral fuels, mineral oils and products of their distillation; bituminous substances; mineral waxes",25693.216,2025,Export
CAN,Canada,GBR,United Kingdom,energy,27,"Mineral fuels, mineral oils and products of their distillation; bituminous substances; mineral waxes",821158123.876,2025,Export
CAN,Canada,GBR,United Kingdom,energy,27,"Mineral fuels, mineral oils and products of their distillation; bituminous substances; mineral waxes",821158123.876,2025,Export
CAN,Canada,GEO,Georgia,energy,27,"Mineral fuels, mineral oils and products of their distillation; bituminous substances; mineral waxes",907867.533,2025,Export
CAN,Canada,GEO,Georgia,energy,27,"Mineral fuels, mineral oils and products of their distillation; bituminous substances; mineral waxes",907867.533,2025,Export
CAN,Canada,GHA,Ghana,energy,27,"Mineral fuels, mineral oils and products of their distillation; bituminous substances; mineral waxes",4355877.829,2025,Export
CAN,Canada,GHA,Ghana,energy,27,"Mineral fuels, mineral oils and products of their distillation; bituminous substances; mineral waxes",4355877.829,2025,Export
CAN,Canada,GIN,Guinea,energy,27,"Mineral fuels, mineral oils and products of their distillation; bituminous substances; mineral waxes",72.451,2025,Export
CAN,Canada,GIN,Guinea,energy,27,"Mineral fuels, mineral oils and products of their distillation; bituminous substances; mineral waxes",72.451,2025,Export
CAN,Canada,GRC,Greece,energy,27,"Mineral fuels, mineral oils and products of their distillation; bituminous substances; mineral waxes",24244.2,2025,Export
CAN,Canada,GRC,Greece,energy,27,"Mineral fuels, mineral oils and products of their distillation; bituminous substances; mineral waxes",24244.2,2025,Export
CAN,Canada,GRD,Grenada,energy,27,"Mineral fuels, mineral oils and products of their distillation; bituminous substances; mineral waxes",57021.652,2025,Export
CAN,Canada,GRD,Grenada,energy,27,"Mineral fuels, mineral oils and products of their distillation; bituminous substances; mineral waxes",57021.652,2025,Export
CAN,Canada,GRL,Greenland,energy,27,"Mineral fuels, mineral oils and products of their distillation; bituminous substances; mineral waxes",46967.659,2025,Export
CAN,Canada,GRL,Greenland,energy,27,"Mineral fuels, mineral oils and products of their distillation; bituminous substances; mineral waxes",46967.659,2025,Export
CAN,Canada,GTM,Guatemala,energy,27,"Mineral fuels, mineral oils and products of their distillation; bituminous substances; mineral waxes",204851181.182,2025,Export
CAN,Canada,GTM,Guatemala,energy,27,"Mineral fuels, mineral oils and products of their distillation; bituminous substances; mineral waxes",204851181.182,2025,Export
CAN,Canada,GUM,Guam,energy,27,"Mineral fuels, mineral oils and products of their distillation; bituminous substances; mineral waxes",88166.789,2025,Export
CAN,Canada,GUM,Guam,energy,27,"Mineral fuels, mineral oils and products of their distillation; bituminous substances; mineral waxes",88166.789,2025,Export
CAN,Canada,GUY,Guyana,energy,27,"Mineral fuels, mineral oils and products of their distillation; bituminous substances; mineral waxes",280356.941,2025,Export
CAN,Canada,GUY,Guyana,energy,27,"Mineral fuels, mineral oils and products of their distillation; bituminous substances; mineral waxes",280356.941,2025,Export
CAN,Canada,HKG,"China, Hong Kong SAR",energy,27,"Mineral fuels, mineral oils and products of their distillation; bituminous substances; mineral waxes",898056054.05,2025,Export
CAN,Canada,HKG,"China, Hong Kong SAR",energy,27,"Mineral fuels, mineral oils and products of their distillation; bituminous substances; mineral waxes",898056054.05,2025,Export
CAN,Canada,HND,Honduras,energy,27,"Mineral fuels, mineral oils and products of their distillation; bituminous substances; mineral waxes",192103.211,2025,Export
CAN,Canada,HND,Honduras,energy,27,"Mineral fuels, mineral oils and products of their distillation; bituminous substances; mineral waxes",192103.211,2025,Export
CAN,Canada,HRV,Croatia,energy,27,"Mineral fuels, mineral oils and products of their distillation; bituminous substances; mineral waxes",8878.842,2025,Export
CAN,Canada,HRV,Croatia,energy,27,"Mineral fuels, mineral oils and products of their distillation; bituminous substances; mineral waxes",8878.842,2025,Export
CAN,Canada,HTI,Haiti,energy,27,"Mineral fuels, mineral oils and products of their distillation; bituminous substances; mineral waxes",177371.797,2025,Export
CAN,Canada,HTI,Haiti,energy,27,"Mineral fuels, mineral oils and products of their distillation; bituminous substances; mineral waxes",177371.797,2025,Export
CAN,Canada,HUN,Hungary,energy,27,"Mineral fuels, mineral oils and products of their distillation; bituminous substances; mineral waxes",706184.156,2025,Export
CAN,Canada,HUN,Hungary,energy,27,"Mineral fuels, mineral oils and products of their distillation; bituminous substances; mineral waxes",706184.156,2025,Export
CAN,Canada,IDN,Indonesia,energy,27,"Mineral fuels, mineral oils and products of their distillation; bituminous substances; mineral waxes",146630559.088,2025,Export
CAN,Canada,IDN,Indonesia,energy,27,"Mineral fuels, mineral oils and products of their distillation; bituminous substances; mineral waxes",146630559.088,2025,Export
CAN,Canada,IND,India,energy,27,"Mineral fuels, mineral oils and products of their distillation; bituminous substances; mineral waxes",276392142.867,2025,Export
CAN,Canada,IND,India,energy,27,"Mineral fuels, mineral oils and products of their distillation; bituminous substances; mineral waxes",276392142.867,2025,Export
CAN,Canada,IRL,Ireland,energy,27,"Mineral fuels, mineral oils and products of their distillation; bituminous substances; mineral waxes",942440.315,2025,Export
CAN,Canada,IRL,Ireland,energy,27,"Mineral fuels, mineral oils and products of their distillation; bituminous substances; mineral waxes",942440.315,2025,Export
CAN,Canada,IRQ,Iraq,energy,27,"Mineral fuels, mineral oils and products of their distillation; bituminous substances; mineral waxes",131702.455,2025,Export
CAN,Canada,IRQ,Iraq,energy,27,"Mineral fuels, mineral oils and products of their distillation; bituminous substances; mineral waxes",131702.455,2025,Export
CAN,Canada,ISL,Iceland,energy,27,"Mineral fuels, mineral oils and products of their distillation; bituminous substances; mineral waxes",76074.031,2025,Export
CAN,Canada,ISL,Iceland,energy,27,"Mineral fuels, mineral oils and products of their distillation; bituminous substances; mineral waxes",76074.031,2025,Export
CAN,Canada,ISR,Israel,energy,27,"Mineral fuels, mineral oils and products of their distillation; bituminous substances; mineral waxes",1146688.448,2025,Export
CAN,Canada,ISR,Israel,energy,27,"Mineral fuels, mineral oils and products of their distillation; bituminous substances; mineral waxes",1146688.448,2025,Export
CAN,Canada,ITA,Italy,energy,27,"Mineral fuels, mineral oils and products of their distillation; bituminous substances; mineral waxes",236897004.267,2025,Export
CAN,Canada,ITA,Italy,energy,27,"Mineral fuels, mineral oils and products of their distillation; bituminous substances; mineral waxes",236897004.267,2025,Export
CAN,Canada,JAM,Jamaica,energy,27,"Mineral fuels, mineral oils and products of their distillation; bituminous substances; mineral waxes",1011120.745,2025,Export
CAN,Canada,JAM,Jamaica,energy,27,"Mineral fuels, mineral oils and products of their distillation; bituminous substances; mineral waxes",1011120.745,2025,Export
CAN,Canada,JOR,Jordan,energy,27,"Mineral fuels, mineral oils and products of their distillation; bituminous substances; mineral waxes",12510.799,2025,Export
CAN,Canada,JOR,Jordan,energy,27,"Mineral fuels, mineral oils and products of their distillation; bituminous substances; mineral waxes",12510.799,2025,Export
CAN,Canada,JPN,Japan,energy,27,"Mineral fuels, mineral oils and products of their distillation; bituminous substances; mineral waxes",1978914580.348,2025,Export
CAN,Canada,JPN,Japan,energy,27,"Mineral fuels, mineral oils and products of their distillation; bituminous substances; mineral waxes",1978914580.348,2025,Export
CAN,Canada,KAZ,Kazakhstan,energy,27,"Mineral fuels, mineral oils and products of their distillation; bituminous substances; mineral waxes",954452.652,2025,Export
CAN,Canada,KAZ,Kazakhstan,energy,27,"Mineral fuels, mineral oils and products of their distillation; bituminous substances; mineral waxes",954452.652,2025,Export
CAN,Canada,KEN,Kenya,energy,27,"Mineral fuels, mineral oils and products of their distillation; bituminous substances; mineral waxes",10800.96,2025,Export
CAN,Canada,KEN,Kenya,energy,27,"Mineral fuels, mineral oils and products of their distillation; bituminous substances; mineral waxes",10800.96,2025,Export
CAN,Canada,KHM,Cambodia,energy,27,"Mineral fuels, mineral oils and products of their distillation; bituminous substances; mineral waxes",3898.576,2025,Export
CAN,Canada,KHM,Cambodia,energy,27,"Mineral fuels, mineral oils and products of their distillation; bituminous substances; mineral waxes",3898.576,2025,Export
CAN,Canada,KNA,Saint Kitts and Nevis,energy,27,"Mineral fuels, mineral oils and products of their distillation; bituminous substances; mineral waxes",14030.816,2025,Export
CAN,Canada,KNA,Saint Kitts and Nevis,energy,27,"Mineral fuels, mineral oils and products of their distillation; bituminous substances; mineral waxes",14030.816,2025,Export
CAN,Canada,KOR,Rep. of Korea,energy,27,"Mineral fuels, mineral oils and products of their distillation; bituminous substances; mineral waxes",1617118602.395,2025,Export
CAN,Canada,KOR,Rep. of Korea,energy,27,"Mineral fuels, mineral oils and products of their distillation; bituminous substances; mineral waxes",1617118602.395,2025,Export
CAN,Canada,KWT,Kuwait,energy,27,"Mineral fuels, mineral oils and products of their distillation; bituminous substances; mineral waxes",179421.429,2025,Export
CAN,Canada,KWT,Kuwait,energy,27,"Mineral fuels, mineral oils and products of their distillation; bituminous substances; mineral waxes",179421.429,2025,Export
CAN,Canada,LBN,Lebanon,energy,27,"Mineral fuels, mineral oils and products of their distillation; bituminous substances; mineral waxes",55915.329,2025,Export
CAN,Canada,LBN,Lebanon,energy,27,"Mineral fuels, mineral oils and products of their distillation; bituminous substances; mineral waxes",55915.329,2025,Export
CAN,Canada,LBY,Libya,energy,27,"Mineral fuels, mineral oils and products of their distillation; bituminous substances; mineral waxes",317644.453,2025,Export
CAN,Canada,LBY,Libya,energy,27,"Mineral fuels, mineral oils and products of their distillation; bituminous substances; mineral waxes",317644.453,2025,Export
CAN,Canada,LKA,Sri Lanka,energy,27,"Mineral fuels, mineral oils and products of their distillation; bituminous substances; mineral waxes",5021.563,2025,Export
CAN,Canada,LKA,Sri Lanka,energy,27,"Mineral fuels, mineral oils and products of their distillation; bituminous substances; mineral waxes",5021.563,2025,Export
CAN,Canada,LTU,Lithuania,energy,27,"Mineral fuels, mineral oils and products of their distillation; bituminous substances; mineral waxes",47248.044,2025,Export
CAN,Canada,LTU,Lithuania,energy,27,"Mineral fuels, mineral oils and products of their distillation; bituminous substances; mineral waxes",47248.044,2025,Export
CAN,Canada,LUX,Luxembourg,energy,27,"Mineral fuels, mineral oils and products of their distillation; bituminous substances; mineral waxes",19237.128,2025,Export
CAN,Canada,LUX,Luxembourg,energy,27,"Mineral fuels, mineral oils and products of their distillation; bituminous substances; mineral waxes",19237.128,2025,Export
CAN,Canada,LVA,Latvia,energy,27,"Mineral fuels, mineral oils and products of their distillation; bituminous substances; mineral waxes",571077.964,2025,Export
CAN,Canada,LVA,Latvia,energy,27,"Mineral fuels, mineral oils and products of their distillation; bituminous substances; mineral waxes",571077.964,2025,Export
CAN,Canada,MAR,Morocco,energy,27,"Mineral fuels, mineral oils and products of their distillation; bituminous substances; mineral waxes",36723.121,2025,Export
CAN,Canada,MAR,Morocco,energy,27,"Mineral fuels, mineral oils and products of their distillation; bituminous substances; mineral waxes",36723.121,2025,Export
CAN,Canada,MDG,Madagascar,energy,27,"Mineral fuels, mineral oils and products of their distillation; bituminous substances; mineral waxes",1763.452,2025,Export
CAN,Canada,MDG,Madagascar,energy,27,"Mineral fuels, mineral oils and products of their distillation; bituminous substances; mineral waxes",1763.452,2025,Export
CAN,Canada,MDV,Maldives,energy,27,"Mineral fuels, mineral oils and products of their distillation; bituminous substances; mineral waxes",103741.53,2025,Export
CAN,Canada,MDV,Maldives,energy,27,"Mineral fuels, mineral oils and products of their distillation; bituminous substances; mineral waxes",103741.53,2025,Export
CAN,Canada,MEX,Mexico,energy,27,"Mineral fuels, mineral oils and products of their distillation; bituminous substances; mineral waxes",214682293.235,2025,Export
CAN,Canada,MEX,Mexico,energy,27,"Mineral fuels, mineral oils and products of their distillation; bituminous substances; mineral waxes",214682293.235,2025,Export
CAN,Canada,MKD,North Macedonia,energy,27,"Mineral fuels, mineral oils and products of their distillation; bituminous substances; mineral waxes",1367.87,2025,Export
CAN,Canada,MKD,North Macedonia,energy,27,"Mineral fuels, mineral oils and products of their distillation; bituminous substances; mineral waxes",1367.87,2025,Export
CAN,Canada,MLI,Mali,energy,27,"Mineral fuels, mineral oils and products of their distillation; bituminous substances; mineral waxes",66049.743,2025,Export
CAN,Canada,MLI,Mali,energy,27,"Mineral fuels, mineral oils and products of their distillation; bituminous substances; mineral waxes",66049.743,2025,Export
CAN,Canada,MMR,Myanmar,energy,27,"Mineral fuels, mineral oils and products of their distillation; bituminous substances; mineral waxes",200771.221,2025,Export
CAN,Canada,MMR,Myanmar,energy,27,"Mineral fuels, mineral oils and products of their distillation; bituminous substances; mineral waxes",200771.221,2025,Export
CAN,Canada,MNG,Mongolia,energy,27,"Mineral fuels, mineral oils and products of their distillation; bituminous substances; mineral waxes",307667.982,2025,Export
CAN,Canada,MNG,Mongolia,energy,27,"Mineral fuels, mineral oils and products of their distillation; bituminous substances; mineral waxes",307667.982,2025,Export
CAN,Canada,MRT,Mauritania,energy,27,"Mineral fuels, mineral oils and products of their distillation; bituminous substances; mineral waxes",8249.244,2025,Export
CAN,Canada,MRT,Mauritania,energy,27,"Mineral fuels, mineral oils and products of their distillation; bituminous substances; mineral waxes",8249.244,2025,Export
CAN,Canada,MSR,Montserrat,energy,27,"Mineral fuels, mineral oils and products of their distillation; bituminous substances; mineral waxes",3108.138,2025,Export
CAN,Canada,MSR,Montserrat,energy,27,"Mineral fuels, mineral oils and products of their distillation; bituminous substances; mineral waxes",3108.138,2025,Export
CAN,Canada,MYS,Malaysia,energy,27,"Mineral fuels, mineral oils and products of their distillation; bituminous substances; mineral waxes",100566442.663,2025,Export
CAN,Canada,MYS,Malaysia,energy,27,"Mineral fuels, mineral oils and products of their distillation; bituminous substances; mineral waxes",100566442.663,2025,Export
CAN,Canada,NAM,Namibia,energy,27,"Mineral fuels, mineral oils and products of their distillation; bituminous substances; mineral waxes",107655.321,2025,Export
CAN,Canada,NAM,Namibia,energy,27,"Mineral fuels, mineral oils and products of their distillation; bituminous substances; mineral waxes",107655.321,2025,Export
CAN,Canada,NGA,Nigeria,energy,27,"Mineral fuels, mineral oils and products of their distillation; bituminous substances; mineral waxes",190176.745,2025,Export
CAN,Canada,NGA,Nigeria,energy,27,"Mineral fuels, mineral oils and products of their distillation; bituminous substances; mineral waxes",190176.745,2025,Export
CAN,Canada,NIC,Nicaragua,energy,27,"Mineral fuels, mineral oils and products of their distillation; bituminous substances; mineral waxes",28552849.842,2025,Export
CAN,Canada,NIC,Nicaragua,energy,27,"Mineral fuels, mineral oils and products of their distillation; bituminous substances; mineral waxes",28552849.842,2025,Export
CAN,Canada,NLD,Netherlands,energy,27,"Mineral fuels, mineral oils and products of their distillation; bituminous substances; mineral waxes",1789350187.359,2025,Export
CAN,Canada,NLD,Netherlands,energy,27,"Mineral fuels, mineral oils and products of their distillation; bituminous substances; mineral waxes",1789350187.359,2025,Export
CAN,Canada,NOR,Norway,energy,27,"Mineral fuels, mineral oils and products of their distillation; bituminous substances; mineral waxes",314356.637,2025,Export
CAN,Canada,NOR,Norway,energy,27,"Mineral fuels, mineral oils and products of their distillation; bituminous substances; mineral waxes",314356.637,2025,Export
CAN,Canada,NZL,New Zealand,energy,27,"Mineral fuels, mineral oils and products of their distillation; bituminous substances; mineral waxes",727326.015,2025,Export
CAN,Canada,NZL,New Zealand,energy,27,"Mineral fuels, mineral oils and products of their distillation; bituminous substances; mineral waxes",727326.015,2025,Export
CAN,Canada,OMN,Oman,energy,27,"Mineral fuels, mineral oils and products of their distillation; bituminous substances; mineral waxes",7726.15,2025,Export
CAN,Canada,OMN,Oman,energy,27,"Mineral fuels, mineral oils and products of their distillation; bituminous substances; mineral waxes",7726.15,2025,Export
CAN,Canada,PAK,Pakistan,energy,27,"Mineral fuels, mineral oils and products of their distillation; bituminous substances; mineral waxes",262144.991,2025,Export
CAN,Canada,PAK,Pakistan,energy,27,"Mineral fuels, mineral oils and products of their distillation; bituminous substances; mineral waxes",262144.991,2025,Export
CAN,Canada,PAN,Panama,energy,27,"Mineral fuels, mineral oils and products of their distillation; bituminous substances; mineral waxes",292846970.749,2025,Export
CAN,Canada,PAN,Panama,energy,27,"Mineral fuels, mineral oils and products of their distillation; bituminous substances; mineral waxes",292846970.749,2025,Export
CAN,Canada,PER,Peru,energy,27,"Mineral fuels, mineral oils and products of their distillation; bituminous substances; mineral waxes",245918506.519,2025,Export
CAN,Canada,PER,Peru,energy,27,"Mineral fuels, mineral oils and products of their distillation; bituminous substances; mineral waxes",245918506.519,2025,Export
CAN,Canada,PHL,Philippines,energy,27,"Mineral fuels, mineral oils and products of their distillation; bituminous substances; mineral waxes",366087.21,2025,Export
CAN,Canada,PHL,Philippines,energy,27,"Mineral fuels, mineral oils and products of their distillation; bituminous substances; mineral waxes",366087.21,2025,Export
CAN,Canada,PNG,Papua New Guinea,energy,27,"Mineral fuels, mineral oils and products of their distillation; bituminous substances; mineral waxes",8667.285,2025,Export
CAN,Canada,PNG,Papua New Guinea,energy,27,"Mineral fuels, mineral oils and products of their distillation; bituminous substances; mineral waxes",8667.285,2025,Export
CAN,Canada,POL,Poland,energy,27,"Mineral fuels, mineral oils and products of their distillation; bituminous substances; mineral waxes",95104737.895,2025,Export
CAN,Canada,POL,Poland,energy,27,"Mineral fuels, mineral oils and products of their distillation; bituminous substances; mineral waxes",95104737.895,2025,Export
CAN,Canada,PRT,Portugal,energy,27,"Mineral fuels, mineral oils and products of their distillation; bituminous substances; mineral waxes",203496.819,2025,Export
CAN,Canada,PRT,Portugal,energy,27,"Mineral fuels, mineral oils and products of their distillation; bituminous substances; mineral waxes",203496.819,2025,Export
CAN,Canada,QAT,Qatar,energy,27,"Mineral fuels, mineral oils and products of their distillation; bituminous substances; mineral waxes",99779.198,2025,Export
CAN,Canada,QAT,Qatar,energy,27,"Mineral fuels, mineral oils and products of their distillation; bituminous substances; mineral waxes",99779.198,2025,Export
CAN,Canada,ROU,Romania,energy,27,"Mineral fuels, mineral oils and products of their distillation; bituminous substances; mineral waxes",48516159.779,2025,Export
CAN,Canada,ROU,Romania,energy,27,"Mineral fuels, mineral oils and products of their distillation; bituminous substances; mineral waxes",48516159.779,2025,Export
CAN,Canada,RWA,Rwanda,energy,27,"Mineral fuels, mineral oils and products of their distillation; bituminous substances; mineral waxes",305464.755,2025,Export
CAN,Canada,RWA,Rwanda,energy,27,"Mineral fuels, mineral oils and products of their distillation; bituminous substances; mineral waxes",305464.755,2025,Export
CAN,Canada,S19,"Other Asia, nes",energy,27,"Mineral fuels, mineral oils and products of their distillation; bituminous substances; mineral waxes",269975018.229,2025,Export
CAN,Canada,S19,"Other Asia, nes",energy,27,"Mineral fuels, mineral oils and products of their distillation; bituminous substances; mineral waxes",269975018.229,2025,Export
CAN,Canada,SAU,Saudi Arabia,energy,27,"Mineral fuels, mineral oils and products of their distillation; bituminous substances; mineral waxes",910916.985,2025,Export
CAN,Canada,SAU,Saudi Arabia,energy,27,"Mineral fuels, mineral oils and products of their distillation; bituminous substances; mineral waxes",910916.985,2025,Export
CAN,Canada,SEN,Senegal,energy,27,"Mineral fuels, mineral oils and products of their distillation; bituminous substances; mineral waxes",48428.267,2025,Export
CAN,Canada,SEN,Senegal,energy,27,"Mineral fuels, mineral oils and products of their distillation; bituminous substances; mineral waxes",48428.267,2025,Export
CAN,Canada,SGP,Singapore,energy,27,"Mineral fuels, mineral oils and products of their distillation; bituminous substances; mineral waxes",824445824.531,2025,Export
CAN,Canada,SGP,Singapore,energy,27,"Mineral fuels, mineral oils and products of their distillation; bituminous substances; mineral waxes",824445824.531,2025,Export
CAN,Canada,SLE,Sierra Leone,energy,27,"Mineral fuels, mineral oils and products of their distillation; bituminous substances; mineral waxes",12695.548,2025,Export
CAN,Canada,SLE,Sierra Leone,energy,27,"Mineral fuels, mineral oils and products of their distillation; bituminous substances; mineral waxes",12695.548,2025,Export
CAN,Canada,SLV,El Salvador,energy,27,"Mineral fuels, mineral oils and products of their distillation; bituminous substances; mineral waxes",38517787.158,2025,Export
CAN,Canada,SLV,El Salvador,energy,27,"Mineral fuels, mineral oils and products of their distillation; bituminous substances; mineral waxes",38517787.158,2025,Export
CAN,Canada,SPM,Saint Pierre and Miquelon,energy,27,"Mineral fuels, mineral oils and products of their distillation; bituminous substances; mineral waxes",21964420.435,2025,Export
CAN,Canada,SPM,Saint Pierre and Miquelon,energy,27,"Mineral fuels, mineral oils and products of their distillation; bituminous substances; mineral waxes",21964420.435,2025,Export
CAN,Canada,SRB,Serbia,energy,27,"Mineral fuels, mineral oils and products of their distillation; bituminous substances; mineral waxes",83813.222,2025,Export
CAN,Canada,SRB,Serbia,energy,27,"Mineral fuels, mineral oils and products of their distillation; bituminous substances; mineral waxes",83813.222,2025,Export
CAN,Canada,SUR,Suriname,energy,27,"Mineral fuels, mineral oils and products of their distillation; bituminous substances; mineral waxes",178323.075,2025,Export
CAN,Canada,SUR,Suriname,energy,27,"Mineral fuels, mineral oils and products of their distillation; bituminous substances; mineral waxes",178323.075,2025,Export
CAN,Canada,SVK,Slovakia,energy,27,"Mineral fuels, mineral oils and products of their distillation; bituminous substances; mineral waxes",1574.355,2025,Export
CAN,Canada,SVK,Slovakia,energy,27,"Mineral fuels, mineral oils and products of their distillation; bituminous substances; mineral waxes",1574.355,2025,Export
CAN,Canada,SVN,Slovenia,energy,27,"Mineral fuels, mineral oils and products of their distillation; bituminous substances; mineral waxes",77503.485,2025,Export
CAN,Canada,SVN,Slovenia,energy,27,"Mineral fuels, mineral oils and products of their distillation; bituminous substances; mineral waxes",77503.485,2025,Export
CAN,Canada,SWE,Sweden,energy,27,"Mineral fuels, mineral oils and products of their distillation; bituminous substances; mineral waxes",158172819.176,2025,Export
CAN,Canada,SWE,Sweden,energy,27,"Mineral fuels, mineral oils and products of their distillation; bituminous substances; mineral waxes",158172819.176,2025,Export
CAN,Canada,SXM,Sint Maarten,energy,27,"Mineral fuels, mineral oils and products of their distillation; bituminous substances; mineral waxes",15900.046,2025,Export
CAN,Canada,SXM,Sint Maarten,energy,27,"Mineral fuels, mineral oils and products of their distillation; bituminous substances; mineral waxes",15900.046,2025,Export
CAN,Canada,SYR,Syria,energy,27,"Mineral fuels, mineral oils and products of their distillation; bituminous substances; mineral waxes",6100.355,2025,Export
CAN,Canada,SYR,Syria,energy,27,"Mineral fuels, mineral oils and products of their distillation; bituminous substances; mineral waxes",6100.355,2025,Export
CAN,Canada,TCA,Turks and Caicos Isds,energy,27,"Mineral fuels, mineral oils and products of their distillation; bituminous substances; mineral waxes",84260.243,2025,Export
CAN,Canada,TCA,Turks and Caicos Isds,energy,27,"Mineral fuels, mineral oils and products of their distillation; bituminous substances; mineral waxes",84260.243,2025,Export
CAN,Canada,TCD,Chad,energy,27,"Mineral fuels, mineral oils and products of their distillation; bituminous substances; mineral waxes",3486.331,2025,Export
CAN,Canada,TCD,Chad,energy,27,"Mineral fuels, mineral oils and products of their distillation; bituminous substances; mineral waxes",3486.331,2025,Export
CAN,Canada,THA,Thailand,energy,27,"Mineral fuels, mineral oils and products of their distillation; bituminous substances; mineral waxes",2281473.96,2025,Export
CAN,Canada,THA,Thailand,energy,27,"Mineral fuels, mineral oils and products of their distillation; bituminous substances; mineral waxes",2281473.96,2025,Export
CAN,Canada,TKM,Turkmenistan,energy,27,"Mineral fuels, mineral oils and products of their distillation; bituminous substances; mineral waxes",297319.839,2025,Export
CAN,Canada,TKM,Turkmenistan,energy,27,"Mineral fuels, mineral oils and products of their distillation; bituminous substances; mineral waxes",297319.839,2025,Export
CAN,Canada,TTO,Trinidad and Tobago,energy,27,"Mineral fuels, mineral oils and products of their distillation; bituminous substances; mineral waxes",449510.647,2025,Export
CAN,Canada,TTO,Trinidad and Tobago,energy,27,"Mineral fuels, mineral oils and products of their distillation; bituminous substances; mineral waxes",449510.647,2025,Export
CAN,Canada,TUN,Tunisia,energy,27,"Mineral fuels, mineral oils and products of their distillation; bituminous substances; mineral waxes",3689.918,2025,Export
CAN,Canada,TUN,Tunisia,energy,27,"Mineral fuels, mineral oils and products of their distillation; bituminous substances; mineral waxes",3689.918,2025,Export
CAN,Canada,TUR,Türkiye,energy,27,"Mineral fuels, mineral oils and products of their distillation; bituminous substances; mineral waxes",28684760.231,2025,Export
CAN,Canada,TUR,Türkiye,energy,27,"Mineral fuels, mineral oils and products of their distillation; bituminous substances; mineral waxes",28684760.231,2025,Export
CAN,Canada,UGA,Uganda,energy,27,"Mineral fuels, mineral oils and products of their distillation; bituminous substances; mineral waxes",173.882,2025,Export
CAN,Canada,UGA,Uganda,energy,27,"Mineral fuels, mineral oils and products of their distillation; bituminous substances; mineral waxes",173.882,2025,Export
CAN,Canada,UKR,Ukraine,energy,27,"Mineral fuels, mineral oils and products of their distillation; bituminous substances; mineral waxes",78110201.782,2025,Export
CAN,Canada,UKR,Ukraine,energy,27,"Mineral fuels, mineral oils and products of their distillation; bituminous substances; mineral waxes",78110201.782,2025,Export
CAN,Canada,UMI,United States Minor Outlying Islands,energy,27,"Mineral fuels, mineral oils and products of their distillation; bituminous substances; mineral waxes",53657.039,2025,Export
CAN,Canada,UMI,United States Minor Outlying Islands,energy,27,"Mineral fuels, mineral oils and products of their distillation; bituminous substances; mineral waxes",53657.039,2025,Export
CAN,Canada,URY,Uruguay,energy,27,"Mineral fuels, mineral oils and products of their distillation; bituminous substances; mineral waxes",264294.606,2025,Export
CAN,Canada,URY,Uruguay,energy,27,"Mineral fuels, mineral oils and products of their distillation; bituminous substances; mineral waxes",264294.606,2025,Export
CAN,Canada,USA,USA,energy,27,"Mineral fuels, mineral oils and products of their distillation; bituminous substances; mineral waxes",119563844248.224,2025,Export
CAN,Canada,USA,USA,energy,27,"Mineral fuels, mineral oils and products of their distillation; bituminous substances; mineral waxes",119563844248.224,2025,Export
CAN,Canada,VEN,Venezuela,energy,27,"Mineral fuels, mineral oils and products of their distillation; bituminous substances; mineral waxes",549523.136,2025,Export
CAN,Canada,VEN,Venezuela,energy,27,"Mineral fuels, mineral oils and products of their distillation; bituminous substances; mineral waxes",549523.136,2025,Export
CAN,Canada,VGB,Br. Virgin Isds,energy,27,"Mineral fuels, mineral oils and products of their distillation; bituminous substances; mineral waxes",40759.353,2025,Export
CAN,Canada,VGB,Br. Virgin Isds,energy,27,"Mineral fuels, mineral oils and products of their distillation; bituminous substances; mineral waxes",40759.353,2025,Export
CAN,Canada,VNM,Viet Nam,energy,27,"Mineral fuels, mineral oils and products of their distillation; bituminous substances; mineral waxes",10196258.128,2025,Export
CAN,Canada,VNM,Viet Nam,energy,27,"Mineral fuels, mineral oils and products of their distillation; bituminous substances; mineral waxes",10196258.128,2025,Export
CAN,Canada,VUT,Vanuatu,energy,27,"Mineral fuels, mineral oils and products of their distillation; bituminous substances; mineral waxes",732.477,2025,Export
CAN,Canada,VUT,Vanuatu,energy,27,"Mineral fuels, mineral oils and products of their distillation; bituminous substances; mineral waxes",732.477,2025,Export
CAN,Canada,W00,World,energy,27,"Mineral fuels, mineral oils and products of their distillation; bituminous substances; mineral waxes",138997093604.307,2025,Export
CAN,Canada,W00,World,energy,27,"Mineral fuels, mineral oils and products of their distillation; bituminous substances; mineral waxes",138997093604.307,2025,Export
CAN,Canada,ZAF,South Africa,energy,27,"Mineral fuels, mineral oils and products of their distillation; bituminous substances; mineral waxes",1678062.667,2025,Export
CAN,Canada,ZAF,South Africa,energy,27,"Mineral fuels, mineral oils and products of their distillation; bituminous substances; mineral waxes",1678062.667,2025,Export
DEU,Germany,ABW,Aruba,energy,27,"Mineral fuels, mineral oils and products of their distillation; bituminous substances; mineral waxes",108711.322,2025,Export
DEU,Germany,ABW,Aruba,energy,27,"Mineral fuels, mineral oils and products of their distillation; bituminous substances; mineral waxes",108711.322,2025,Export
DEU,Germany,AFG,Afghanistan,energy,27,"Mineral fuels, mineral oils and products of their distillation; bituminous substances; mineral waxes",259701.493,2025,Export
DEU,Germany,AFG,Afghanistan,energy,27,"Mineral fuels, mineral oils and products of their distillation; bituminous substances; mineral waxes",259701.493,2025,Export
DEU,Germany,AGO,Angola,energy,27,"Mineral fuels, mineral oils and products of their distillation; bituminous substances; mineral waxes",1221042.296,2025,Export
DEU,Germany,AGO,Angola,energy,27,"Mineral fuels, mineral oils and products of their distillation; bituminous substances; mineral waxes",1221042.296,2025,Export
DEU,Germany,ALB,Albania,energy,27,"Mineral fuels, mineral oils and products of their distillation; bituminous substances; mineral waxes",9645844.223,2025,Export
DEU,Germany,ALB,Albania,energy,27,"Mineral fuels, mineral oils and products of their distillation; bituminous substances; mineral waxes",9645844.223,2025,Export
DEU,Germany,ARE,United Arab Emirates,energy,27,"Mineral fuels, mineral oils and products of their distillation; bituminous substances; mineral waxes",32284516.75,2025,Export
DEU,Germany,ARE,United Arab Emirates,energy,27,"Mineral fuels, mineral oils and products of their distillation; bituminous substances; mineral waxes",32284516.75,2025,Export
DEU,Germany,ARG,Argentina,energy,27,"Mineral fuels, mineral oils and products of their distillation; bituminous substances; mineral waxes",14170596.491,2025,Export
DEU,Germany,ARG,Argentina,energy,27,"Mineral fuels, mineral oils and products of their distillation; bituminous substances; mineral waxes",14170596.491,2025,Export
DEU,Germany,ARM,Armenia,energy,27,"Mineral fuels, mineral oils and products of their distillation; bituminous substances; mineral waxes",5527982.928,2025,Export
DEU,Germany,ARM,Armenia,energy,27,"Mineral fuels, mineral oils and products of their distillation; bituminous substances; mineral waxes",5527982.928,2025,Export
DEU,Germany,ATA,Antarctica,energy,27,"Mineral fuels, mineral oils and products of their distillation; bituminous substances; mineral waxes",757.193,2025,Export
DEU,Germany,ATA,Antarctica,energy,27,"Mineral fuels, mineral oils and products of their distillation; bituminous substances; mineral waxes",757.193,2025,Export
DEU,Germany,ATF,Fr. South Antarctic Terr.,energy,27,"Mineral fuels, mineral oils and products of their distillation; bituminous substances; mineral waxes",2090.95,2025,Export
DEU,Germany,ATF,Fr. South Antarctic Terr.,energy,27,"Mineral fuels, mineral oils and products of their distillation; bituminous substances; mineral waxes",2090.95,2025,Export
DEU,Germany,ATG,Antigua and Barbuda,energy,27,"Mineral fuels, mineral oils and products of their distillation; bituminous substances; mineral waxes",61157.539,2025,Export
DEU,Germany,ATG,Antigua and Barbuda,energy,27,"Mineral fuels, mineral oils and products of their distillation; bituminous substances; mineral waxes",61157.539,2025,Export
DEU,Germany,AUS,Australia,energy,27,"Mineral fuels, mineral oils and products of their distillation; bituminous substances; mineral waxes",28036401.126,2025,Export
DEU,Germany,AUS,Australia,energy,27,"Mineral fuels, mineral oils and products of their distillation; bituminous substances; mineral waxes",28036401.126,2025,Export
DEU,Germany,AUT,Austria,energy,27,"Mineral fuels, mineral oils and products of their distillation; bituminous substances; mineral waxes",5260759928.142,2025,Export
DEU,Germany,AUT,Austria,energy,27,"Mineral fuels, mineral oils and products of their distillation; bituminous substances; mineral waxes",5260759928.142,2025,Export
DEU,Germany,AZE,Azerbaijan,energy,27,"Mineral fuels, mineral oils and products of their distillation; bituminous substances; mineral waxes",34701715.275,2025,Export
DEU,Germany,AZE,Azerbaijan,energy,27,"Mineral fuels, mineral oils and products of their distillation; bituminous substances; mineral waxes",34701715.275,2025,Export
DEU,Germany,BDI,Burundi,energy,27,"Mineral fuels, mineral oils and products of their distillation; bituminous substances; mineral waxes",5031.137,2025,Export
DEU,Germany,BDI,Burundi,energy,27,"Mineral fuels, mineral oils and products of their distillation; bituminous substances; mineral waxes",5031.137,2025,Export
DEU,Germany,BEL,Belgium,energy,27,"Mineral fuels, mineral oils and products of their distillation; bituminous substances; mineral waxes",1815715717.11,2025,Export
DEU,Germany,BEL,Belgium,energy,27,"Mineral fuels, mineral oils and products of their distillation; bituminous substances; mineral waxes",1815715717.11,2025,Export
DEU,Germany,BEN,Benin,energy,27,"Mineral fuels, mineral oils and products of their distillation; bituminous substances; mineral waxes",77061.538,2025,Export
DEU,Germany,BEN,Benin,energy,27,"Mineral fuels, mineral oils and products of their distillation; bituminous substances; mineral waxes",77061.538,2025,Export
DEU,Germany,BES,Bonaire,energy,27,"Mineral fuels, mineral oils and products of their distillation; bituminous substances; mineral waxes",5287.927,2025,Export
DEU,Germany,BES,Bonaire,energy,27,"Mineral fuels, mineral oils and products of their distillation; bituminous substances; mineral waxes",5287.927,2025,Export
DEU,Germany,BFA,Burkina Faso,energy,27,"Mineral fuels, mineral oils and products of their distillation; bituminous substances; mineral waxes",948447.804,2025,Export
DEU,Germany,BFA,Burkina Faso,energy,27,"Mineral fuels, mineral oils and products of their distillation; bituminous substances; mineral waxes",948447.804,2025,Export
DEU,Germany,BGD,Bangladesh,energy,27,"Mineral fuels, mineral oils and products of their distillation; bituminous substances; mineral waxes",2046738.612,2025,Export
DEU,Germany,BGD,Bangladesh,energy,27,"Mineral fuels, mineral oils and products of their distillation; bituminous substances; mineral waxes",2046738.612,2025,Export
DEU,Germany,BGR,Bulgaria,energy,27,"Mineral fuels, mineral oils and products of their distillation; bituminous substances; mineral waxes",44991459.765,2025,Export
DEU,Germany,BGR,Bulgaria,energy,27,"Mineral fuels, mineral oils and products of their distillation; bituminous substances; mineral waxes",44991459.765,2025,Export
DEU,Germany,BHR,Bahrain,energy,27,"Mineral fuels, mineral oils and products of their distillation; bituminous substances; mineral waxes",2937522.62,2025,Export
DEU,Germany,BHR,Bahrain,energy,27,"Mineral fuels, mineral oils and products of their distillation; bituminous substances; mineral waxes",2937522.62,2025,Export
DEU,Germany,BHS,Bahamas,energy,27,"Mineral fuels, mineral oils and products of their distillation; bituminous substances; mineral waxes",3239.329,2025,Export
DEU,Germany,BHS,Bahamas,energy,27,"Mineral fuels, mineral oils and products of their distillation; bituminous substances; mineral waxes",3239.329,2025,Export
DEU,Germany,BIH,Bosnia Herzegovina,energy,27,"Mineral fuels, mineral oils and products of their distillation; bituminous substances; mineral waxes",17809375.752,2025,Export
DEU,Germany,BIH,Bosnia Herzegovina,energy,27,"Mineral fuels, mineral oils and products of their distillation; bituminous substances; mineral waxes",17809375.752,2025,Export
DEU,Germany,BMU,Bermuda,energy,27,"Mineral fuels, mineral oils and products of their distillation; bituminous substances; mineral waxes",38899.998,2025,Export
DEU,Germany,BMU,Bermuda,energy,27,"Mineral fuels, mineral oils and products of their distillation; bituminous substances; mineral waxes",38899.998,2025,Export
DEU,Germany,BOL,Bolivia (Plurinational State of),energy,27,"Mineral fuels, mineral oils and products of their distillation; bituminous substances; mineral waxes",1171879.662,2025,Export
DEU,Germany,BOL,Bolivia (Plurinational State of),energy,27,"Mineral fuels, mineral oils and products of their distillation; bituminous substances; mineral waxes",1171879.662,2025,Export
DEU,Germany,BRA,Brazil,energy,27,"Mineral fuels, mineral oils and products of their distillation; bituminous substances; mineral waxes",37853267.422,2025,Export
DEU,Germany,BRA,Brazil,energy,27,"Mineral fuels, mineral oils and products of their distillation; bituminous substances; mineral waxes",37853267.422,2025,Export
DEU,Germany,BRB,Barbados,energy,27,"Mineral fuels, mineral oils and products of their distillation; bituminous substances; mineral waxes",26335.931,2025,Export
DEU,Germany,BRB,Barbados,energy,27,"Mineral fuels, mineral oils and products of their distillation; bituminous substances; mineral waxes",26335.931,2025,Export
DEU,Germany,BRN,Brunei Darussalam,energy,27,"Mineral fuels, mineral oils and products of their distillation; bituminous substances; mineral waxes",1097128.905,2025,Export
DEU,Germany,BRN,Brunei Darussalam,energy,27,"Mineral fuels, mineral oils and products of their distillation; bituminous substances; mineral waxes",1097128.905,2025,Export
DEU,Germany,BWA,Botswana,energy,27,"Mineral fuels, mineral oils and products of their distillation; bituminous substances; mineral waxes",20273.445,2025,Export
DEU,Germany,BWA,Botswana,energy,27,"Mineral fuels, mineral oils and products of their distillation; bituminous substances; mineral waxes",20273.445,2025,Export
DEU,Germany,CAN,Canada,energy,27,"Mineral fuels, mineral oils and products of their distillation; bituminous substances; mineral waxes",120241841.493,2025,Export
DEU,Germany,CAN,Canada,energy,27,"Mineral fuels, mineral oils and products of their distillation; bituminous substances; mineral waxes",120241841.493,2025,Export
DEU,Germany,CHE,Switzerland,energy,27,"Mineral fuels, mineral oils and products of their distillation; bituminous substances; mineral waxes",4003936825.023,2025,Export
DEU,Germany,CHE,Switzerland,energy,27,"Mineral fuels, mineral oils and products of their distillation; bituminous substances; mineral waxes",4003936825.023,2025,Export
DEU,Germany,CHL,Chile,energy,27,"Mineral fuels, mineral oils and products of their distillation; bituminous substances; mineral waxes",29765983.71,2025,Export
DEU,Germany,CHL,Chile,energy,27,"Mineral fuels, mineral oils and products of their distillation; bituminous substances; mineral waxes",29765983.71,2025,Export
DEU,Germany,CHN,China,energy,27,"Mineral fuels, mineral oils and products of their distillation; bituminous substances; mineral waxes",167950522.617,2025,Export
DEU,Germany,CHN,China,energy,27,"Mineral fuels, mineral oils and products of their distillation; bituminous substances; mineral waxes",167950522.617,2025,Export
DEU,Germany,CIV,Côte d'Ivoire,energy,27,"Mineral fuels, mineral oils and products of their distillation; bituminous substances; mineral waxes",8680925.375,2025,Export
DEU,Germany,CIV,Côte d'Ivoire,energy,27,"Mineral fuels, mineral oils and products of their distillation; bituminous substances; mineral waxes",8680925.375,2025,Export
DEU,Germany,CMR,Cameroon,energy,27,"Mineral fuels, mineral oils and products of their distillation; bituminous substances; mineral waxes",466607.54,2025,Export
DEU,Germany,CMR,Cameroon,energy,27,"Mineral fuels, mineral oils and products of their distillation; bituminous substances; mineral waxes",466607.54,2025,Export
DEU,Germany,COD,Dem. Rep. of the Congo,energy,27,"Mineral fuels, mineral oils and products of their distillation; bituminous substances; mineral waxes",936293.448,2025,Export
DEU,Germany,COD,Dem. Rep. of the Congo,energy,27,"Mineral fuels, mineral oils and products of their distillation; bituminous substances; mineral waxes",936293.448,2025,Export
DEU,Germany,COG,Congo,energy,27,"Mineral fuels, mineral oils and products of their distillation; bituminous substances; mineral waxes",106111.02,2025,Export
DEU,Germany,COG,Congo,energy,27,"Mineral fuels, mineral oils and products of their distillation; bituminous substances; mineral waxes",106111.02,2025,Export
DEU,Germany,COL,Colombia,energy,27,"Mineral fuels, mineral oils and products of their distillation; bituminous substances; mineral waxes",12590446.751,2025,Export
DEU,Germany,COL,Colombia,energy,27,"Mineral fuels, mineral oils and products of their distillation; bituminous substances; mineral waxes",12590446.751,2025,Export
DEU,Germany,COM,Comoros,energy,27,"Mineral fuels, mineral oils and products of their distillation; bituminous substances; mineral waxes",3675.217,2025,Export
DEU,Germany,COM,Comoros,energy,27,"Mineral fuels, mineral oils and products of their distillation; bituminous substances; mineral waxes",3675.217,2025,Export
DEU,Germany,CPV,Cabo Verde,energy,27,"Mineral fuels, mineral oils and products of their distillation; bituminous substances; mineral waxes",242414.377,2025,Export
DEU,Germany,CPV,Cabo Verde,energy,27,"Mineral fuels, mineral oils and products of their distillation; bituminous substances; mineral waxes",242414.377,2025,Export
DEU,Germany,CRI,Costa Rica,energy,27,"Mineral fuels, mineral oils and products of their distillation; bituminous substances; mineral waxes",2619057.57,2025,Export
DEU,Germany,CRI,Costa Rica,energy,27,"Mineral fuels, mineral oils and products of their distillation; bituminous substances; mineral waxes",2619057.57,2025,Export
DEU,Germany,CUB,Cuba,energy,27,"Mineral fuels, mineral oils and products of their distillation; bituminous substances; mineral waxes",280953.757,2025,Export
DEU,Germany,CUB,Cuba,energy,27,"Mineral fuels, mineral oils and products of their distillation; bituminous substances; mineral waxes",280953.757,2025,Export
DEU,Germany,CUW,Curaçao,energy,27,"Mineral fuels, mineral oils and products of their distillation; bituminous substances; mineral waxes",66232.91,2025,Export
DEU,Germany,CUW,Curaçao,energy,27,"Mineral fuels, mineral oils and products of their distillation; bituminous substances; mineral waxes",66232.91,2025,Export
DEU,Germany,CYM,Cayman Isds,energy,27,"Mineral fuels, mineral oils and products of their distillation; bituminous substances; mineral waxes",7483.72,2025,Export
DEU,Germany,CYM,Cayman Isds,energy,27,"Mineral fuels, mineral oils and products of their distillation; bituminous substances; mineral waxes",7483.72,2025,Export
DEU,Germany,CYP,Cyprus,energy,27,"Mineral fuels, mineral oils and products of their distillation; bituminous substances; mineral waxes",6196597.373,2025,Export
DEU,Germany,CYP,Cyprus,energy,27,"Mineral fuels, mineral oils and products of their distillation; bituminous substances; mineral waxes",6196597.373,2025,Export
DEU,Germany,CZE,Czechia,energy,27,"Mineral fuels, mineral oils and products of their distillation; bituminous substances; mineral waxes",3653731857.287,2025,Export
DEU,Germany,CZE,Czechia,energy,27,"Mineral fuels, mineral oils and products of their distillation; bituminous substances; mineral waxes",3653731857.287,2025,Export
DEU,Germany,DJI,Djibouti,energy,27,"Mineral fuels, mineral oils and products of their distillation; bituminous substances; mineral waxes",21394.947,2025,Export
DEU,Germany,DJI,Djibouti,energy,27,"Mineral fuels, mineral oils and products of their distillation; bituminous substances; mineral waxes",21394.947,2025,Export
DEU,Germany,DMA,Dominica,energy,27,"Mineral fuels, mineral oils and products of their distillation; bituminous substances; mineral waxes",9005.139,2025,Export
DEU,Germany,DMA,Dominica,energy,27,"Mineral fuels, mineral oils and products of their distillation; bituminous substances; mineral waxes",9005.139,2025,Export
DEU,Germany,DNK,Denmark,energy,27,"Mineral fuels, mineral oils and products of their distillation; bituminous substances; mineral waxes",545531730.084,2025,Export
DEU,Germany,DNK,Denmark,energy,27,"Mineral fuels, mineral oils and products of their distillation; bituminous substances; mineral waxes",545531730.084,2025,Export
DEU,Germany,DOM,Dominican Rep.,energy,27,"Mineral fuels, mineral oils and products of their distillation; bituminous substances; mineral waxes",1924967.388,2025,Export
DEU,Germany,DOM,Dominican Rep.,energy,27,"Mineral fuels, mineral oils and products of their distillation; bituminous substances; mineral waxes",1924967.388,2025,Export
DEU,Germany,DZA,Algeria,energy,27,"Mineral fuels, mineral oils and products of their distillation; bituminous substances; mineral waxes",45268510.005,2025,Export
DEU,Germany,DZA,Algeria,energy,27,"Mineral fuels, mineral oils and products of their distillation; bituminous substances; mineral waxes",45268510.005,2025,Export
DEU,Germany,ECU,Ecuador,energy,27,"Mineral fuels, mineral oils and products of their distillation; bituminous substances; mineral waxes",9968202.412,2025,Export
DEU,Germany,ECU,Ecuador,energy,27,"Mineral fuels, mineral oils and products of their distillation; bituminous substances; mineral waxes",9968202.412,2025,Export
DEU,Germany,EGY,Egypt,energy,27,"Mineral fuels, mineral oils and products of their distillation; bituminous substances; mineral waxes",22914323.212,2025,Export
DEU,Germany,EGY,Egypt,energy,27,"Mineral fuels, mineral oils and products of their distillation; bituminous substances; mineral waxes",22914323.212,2025,Export
DEU,Germany,ESP,Spain,energy,27,"Mineral fuels, mineral oils and products of their distillation; bituminous substances; mineral waxes",310207766.895,2025,Export
DEU,Germany,ESP,Spain,energy,27,"Mineral fuels, mineral oils and products of their distillation; bituminous substances; mineral waxes",310207766.895,2025,Export
DEU,Germany,EST,Estonia,energy,27,"Mineral fuels, mineral oils and products of their distillation; bituminous substances; mineral waxes",18144772.073,2025,Export
DEU,Germany,EST,Estonia,energy,27,"Mineral fuels, mineral oils and products of their distillation; bituminous substances; mineral waxes",18144772.073,2025,Export
DEU,Germany,ETH,Ethiopia,energy,27,"Mineral fuels, mineral oils and products of their distillation; bituminous substances; mineral waxes",188825.428,2025,Export
DEU,Germany,ETH,Ethiopia,energy,27,"Mineral fuels, mineral oils and products of their distillation; bituminous substances; mineral waxes",188825.428,2025,Export
DEU,Germany,FIN,Finland,energy,27,"Mineral fuels, mineral oils and products of their distillation; bituminous substances; mineral waxes",86715860.354,2025,Export
DEU,Germany,FIN,Finland,energy,27,"Mineral fuels, mineral oils and products of their distillation; bituminous substances; mineral waxes",86715860.354,2025,Export
DEU,Germany,FRA,France,energy,27,"Mineral fuels, mineral oils and products of their distillation; bituminous substances; mineral waxes",1501595125.533,2025,Export
DEU,Germany,FRA,France,energy,27,"Mineral fuels, mineral oils and products of their distillation; bituminous substances; mineral waxes",1501595125.533,2025,Export
DEU,Germany,FRO,Faroe Isds,energy,27,"Mineral fuels, mineral oils and products of their distillation; bituminous substances; mineral waxes",2307374.655,2025,Export
DEU,Germany,FRO,Faroe Isds,energy,27,"Mineral fuels, mineral oils and products of their distillation; bituminous substances; mineral waxes",2307374.655,2025,Export
DEU,Germany,GAB,Gabon,energy,27,"Mineral fuels, mineral oils and products of their distillation; bituminous substances; mineral waxes",599840.161,2025,Export
DEU,Germany,GAB,Gabon,energy,27,"Mineral fuels, mineral oils and products of their distillation; bituminous substances; mineral waxes",599840.161,2025,Export
DEU,Germany,GBR,United Kingdom,energy,27,"Mineral fuels, mineral oils and products of their distillation; bituminous substances; mineral waxes",392588080.937,2025,Export
DEU,Germany,GBR,United Kingdom,energy,27,"Mineral fuels, mineral oils and products of their distillation; bituminous substances; mineral waxes",392588080.937,2025,Export
DEU,Germany,GEO,Georgia,energy,27,"Mineral fuels, mineral oils and products of their distillation; bituminous substances; mineral waxes",22573892.516,2025,Export
DEU,Germany,GEO,Georgia,energy,27,"Mineral fuels, mineral oils and products of their distillation; bituminous substances; mineral waxes",22573892.516,2025,Export
DEU,Germany,GHA,Ghana,energy,27,"Mineral fuels, mineral oils and products of their distillation; bituminous substances; mineral waxes",5505095.042,2025,Export
DEU,Germany,GHA,Ghana,energy,27,"Mineral fuels, mineral oils and products of their distillation; bituminous substances; mineral waxes",5505095.042,2025,Export
DEU,Germany,GIB,Gibraltar,energy,27,"Mineral fuels, mineral oils and products of their distillation; bituminous substances; mineral waxes",43375149.543,2025,Export
DEU,Germany,GIB,Gibraltar,energy,27,"Mineral fuels, mineral oils and products of their distillation; bituminous substances; mineral waxes",43375149.543,2025,Export
DEU,Germany,GIN,Guinea,energy,27,"Mineral fuels, mineral oils and products of their distillation; bituminous substances; mineral waxes",1595950.166,2025,Export
DEU,Germany,GIN,Guinea,energy,27,"Mineral fuels, mineral oils and products of their distillation; bituminous substances; mineral waxes",1595950.166,2025,Export
DEU,Germany,GRC,Greece,energy,27,"Mineral fuels, mineral oils and products of their distillation; bituminous substances; mineral waxes",78284837.33,2025,Export
DEU,Germany,GRC,Greece,energy,27,"Mineral fuels, mineral oils and products of their distillation; bituminous substances; mineral waxes",78284837.33,2025,Export
DEU,Germany,GRD,Grenada,energy,27,"Mineral fuels, mineral oils and products of their distillation; bituminous substances; mineral waxes",153038.563,2025,Export
DEU,Germany,GRD,Grenada,energy,27,"Mineral fuels, mineral oils and products of their distillation; bituminous substances; mineral waxes",153038.563,2025,Export
DEU,Germany,GRL,Greenland,energy,27,"Mineral fuels, mineral oils and products of their distillation; bituminous substances; mineral waxes",5188.374,2025,Export
DEU,Germany,GRL,Greenland,energy,27,"Mineral fuels, mineral oils and products of their distillation; bituminous substances; mineral waxes",5188.374,2025,Export
DEU,Germany,GTM,Guatemala,energy,27,"Mineral fuels, mineral oils and products of their distillation; bituminous substances; mineral waxes",4389695.94,2025,Export
DEU,Germany,GTM,Guatemala,energy,27,"Mineral fuels, mineral oils and products of their distillation; bituminous substances; mineral waxes",4389695.94,2025,Export
DEU,Germany,GUY,Guyana,energy,27,"Mineral fuels, mineral oils and products of their distillation; bituminous substances; mineral waxes",1128705.361,2025,Export
DEU,Germany,GUY,Guyana,energy,27,"Mineral fuels, mineral oils and products of their distillation; bituminous substances; mineral waxes",1128705.361,2025,Export
DEU,Germany,HKG,"China, Hong Kong SAR",energy,27,"Mineral fuels, mineral oils and products of their distillation; bituminous substances; mineral waxes",6994415.172,2025,Export
DEU,Germany,HKG,"China, Hong Kong SAR",energy,27,"Mineral fuels, mineral oils and products of their distillation; bituminous substances; mineral waxes",6994415.172,2025,Export
DEU,Germany,HND,Honduras,energy,27,"Mineral fuels, mineral oils and products of their distillation; bituminous substances; mineral waxes",1164411.601,2025,Export
DEU,Germany,HND,Honduras,energy,27,"Mineral fuels, mineral oils and products of their distillation; bituminous substances; mineral waxes",1164411.601,2025,Export
DEU,Germany,HRV,Croatia,energy,27,"Mineral fuels, mineral oils and products of their distillation; bituminous substances; mineral waxes",40441314.181,2025,Export
DEU,Germany,HRV,Croatia,energy,27,"Mineral fuels, mineral oils and products of their distillation; bituminous substances; mineral waxes",40441314.181,2025,Export
DEU,Germany,HTI,Haiti,energy,27,"Mineral fuels, mineral oils and products of their distillation; bituminous substances; mineral waxes",51121.612,2025,Export
DEU,Germany,HTI,Haiti,energy,27,"Mineral fuels, mineral oils and products of their distillation; bituminous substances; mineral waxes",51121.612,2025,Export
DEU,Germany,HUN,Hungary,energy,27,"Mineral fuels, mineral oils and products of their distillation; bituminous substances; mineral waxes",293329955.023,2025,Export
DEU,Germany,HUN,Hungary,energy,27,"Mineral fuels, mineral oils and products of their distillation; bituminous substances; mineral waxes",293329955.023,2025,Export
DEU,Germany,IDN,Indonesia,energy,27,"Mineral fuels, mineral oils and products of their distillation; bituminous substances; mineral waxes",6596466.82,2025,Export
DEU,Germany,IDN,Indonesia,energy,27,"Mineral fuels, mineral oils and products of their distillation; bituminous substances; mineral waxes",6596466.82,2025,Export
DEU,Germany,IND,India,energy,27,"Mineral fuels, mineral oils and products of their distillation; bituminous substances; mineral waxes",58354836.755,2025,Export
DEU,Germany,IND,India,energy,27,"Mineral fuels, mineral oils and products of their distillation; bituminous substances; mineral waxes",58354836.755,2025,Export
DEU,Germany,IRL,Ireland,energy,27,"Mineral fuels, mineral oils and products of their distillation; bituminous substances; mineral waxes",86254431.772,2025,Export
DEU,Germany,IRL,Ireland,energy,27,"Mineral fuels, mineral oils and products of their distillation; bituminous substances; mineral waxes",86254431.772,2025,Export
DEU,Germany,IRN,Iran,energy,27,"Mineral fuels, mineral oils and products of their distillation; bituminous substances; mineral waxes",1279037.551,2025,Export
DEU,Germany,IRN,Iran,energy,27,"Mineral fuels, mineral oils and products of their distillation; bituminous substances; mineral waxes",1279037.551,2025,Export
DEU,Germany,IRQ,Iraq,energy,27,"Mineral fuels, mineral oils and products of their distillation; bituminous substances; mineral waxes",60682521.342,2025,Export
DEU,Germany,IRQ,Iraq,energy,27,"Mineral fuels, mineral oils and products of their distillation; bituminous substances; mineral waxes",60682521.342,2025,Export
DEU,Germany,ISL,Iceland,energy,27,"Mineral fuels, mineral oils and products of their distillation; bituminous substances; mineral waxes",3828302.29,2025,Export
DEU,Germany,ISL,Iceland,energy,27,"Mineral fuels, mineral oils and products of their distillation; bituminous substances; mineral waxes",3828302.29,2025,Export
DEU,Germany,ISR,Israel,energy,27,"Mineral fuels, mineral oils and products of their distillation; bituminous substances; mineral waxes",26022306.073,2025,Export
DEU,Germany,ISR,Israel,energy,27,"Mineral fuels, mineral oils and products of their distillation; bituminous substances; mineral waxes",26022306.073,2025,Export
DEU,Germany,ITA,Italy,energy,27,"Mineral fuels, mineral oils and products of their distillation; bituminous substances; mineral waxes",289417750.33,2025,Export
DEU,Germany,ITA,Italy,energy,27,"Mineral fuels, mineral oils and products of their distillation; bituminous substances; mineral waxes",289417750.33,2025,Export
DEU,Germany,JAM,Jamaica,energy,27,"Mineral fuels, mineral oils and products of their distillation; bituminous substances; mineral waxes",2736289.025,2025,Export
DEU,Germany,JAM,Jamaica,energy,27,"Mineral fuels, mineral oils and products of their distillation; bituminous substances; mineral waxes",2736289.025,2025,Export
DEU,Germany,JOR,Jordan,energy,27,"Mineral fuels, mineral oils and products of their distillation; bituminous substances; mineral waxes",13648456.695,2025,Export
DEU,Germany,JOR,Jordan,energy,27,"Mineral fuels, mineral oils and products of their distillation; bituminous substances; mineral waxes",13648456.695,2025,Export
DEU,Germany,JPN,Japan,energy,27,"Mineral fuels, mineral oils and products of their distillation; bituminous substances; mineral waxes",19734898.051,2025,Export
DEU,Germany,JPN,Japan,energy,27,"Mineral fuels, mineral oils and products of their distillation; bituminous substances; mineral waxes",19734898.051,2025,Export
DEU,Germany,KAZ,Kazakhstan,energy,27,"Mineral fuels, mineral oils and products of their distillation; bituminous substances; mineral waxes",65601544.99,2025,Export
DEU,Germany,KAZ,Kazakhstan,energy,27,"Mineral fuels, mineral oils and products of their distillation; bituminous substances; mineral waxes",65601544.99,2025,Export
DEU,Germany,KEN,Kenya,energy,27,"Mineral fuels, mineral oils and products of their distillation; bituminous substances; mineral waxes",2987102.193,2025,Export
DEU,Germany,KEN,Kenya,energy,27,"Mineral fuels, mineral oils and products of their distillation; bituminous substances; mineral waxes",2987102.193,2025,Export
DEU,Germany,KGZ,Kyrgyzstan,energy,27,"Mineral fuels, mineral oils and products of their distillation; bituminous substances; mineral waxes",15437585.726,2025,Export
DEU,Germany,KGZ,Kyrgyzstan,energy,27,"Mineral fuels, mineral oils and products of their distillation; bituminous substances; mineral waxes",15437585.726,2025,Export
DEU,Germany,KHM,Cambodia,energy,27,"Mineral fuels, mineral oils and products of their distillation; bituminous substances; mineral waxes",1982029.704,2025,Export
DEU,Germany,KHM,Cambodia,energy,27,"Mineral fuels, mineral oils and products of their distillation; bituminous substances; mineral waxes",1982029.704,2025,Export
DEU,Germany,KOR,Rep. of Korea,energy,27,"Mineral fuels, mineral oils and products of their distillation; bituminous substances; mineral waxes",26425168.552,2025,Export
DEU,Germany,KOR,Rep. of Korea,energy,27,"Mineral fuels, mineral oils and products of their distillation; bituminous substances; mineral waxes",26425168.552,2025,Export
DEU,Germany,KWT,Kuwait,energy,27,"Mineral fuels, mineral oils and products of their distillation; bituminous substances; mineral waxes",5676613.281,2025,Export
DEU,Germany,KWT,Kuwait,energy,27,"Mineral fuels, mineral oils and products of their distillation; bituminous substances; mineral waxes",5676613.281,2025,Export
DEU,Germany,LAO,Lao People's Dem. Rep.,energy,27,"Mineral fuels, mineral oils and products of their distillation; bituminous substances; mineral waxes",386634.6,2025,Export
DEU,Germany,LAO,Lao People's Dem. Rep.,energy,27,"Mineral fuels, mineral oils and products of their distillation; bituminous substances; mineral waxes",386634.6,2025,Export
DEU,Germany,LBN,Lebanon,energy,27,"Mineral fuels, mineral oils and products of their distillation; bituminous substances; mineral waxes",12721470.19,2025,Export
DEU,Germany,LBN,Lebanon,energy,27,"Mineral fuels, mineral oils and products of their distillation; bituminous substances; mineral waxes",12721470.19,2025,Export
DEU,Germany,LBR,Liberia,energy,27,"Mineral fuels, mineral oils and products of their distillation; bituminous substances; mineral waxes",32505.324,2025,Export
DEU,Germany,LBR,Liberia,energy,27,"Mineral fuels, mineral oils and products of their distillation; bituminous substances; mineral waxes",32505.324,2025,Export
DEU,Germany,LBY,Libya,energy,27,"Mineral fuels, mineral oils and products of their distillation; bituminous substances; mineral waxes",32358311.371,2025,Export
DEU,Germany,LBY,Libya,energy,27,"Mineral fuels, mineral oils and products of their distillation; bituminous substances; mineral waxes",32358311.371,2025,Export
DEU,Germany,LCA,Saint Lucia,energy,27,"Mineral fuels, mineral oils and products of their distillation; bituminous substances; mineral waxes",232402.892,2025,Export
DEU,Germany,LCA,Saint Lucia,energy,27,"Mineral fuels, mineral oils and products of their distillation; bituminous substances; mineral waxes",232402.892,2025,Export
DEU,Germany,LKA,Sri Lanka,energy,27,"Mineral fuels, mineral oils and products of their distillation; bituminous substances; mineral waxes",887871.318,2025,Export
DEU,Germany,LKA,Sri Lanka,energy,27,"Mineral fuels, mineral oils and products of their distillation; bituminous substances; mineral waxes",887871.318,2025,Export
DEU,Germany,LTU,Lithuania,energy,27,"Mineral fuels, mineral oils and products of their distillation; bituminous substances; mineral waxes",64247481.371,2025,Export
DEU,Germany,LTU,Lithuania,energy,27,"Mineral fuels, mineral oils and products of their distillation; bituminous substances; mineral waxes",64247481.371,2025,Export
DEU,Germany,LUX,Luxembourg,energy,27,"Mineral fuels, mineral oils and products of their distillation; bituminous substances; mineral waxes",464020344.007,2025,Export
DEU,Germany,LUX,Luxembourg,energy,27,"Mineral fuels, mineral oils and products of their distillation; bituminous substances; mineral waxes",464020344.007,2025,Export
DEU,Germany,LVA,Latvia,energy,27,"Mineral fuels, mineral oils and products of their distillation; bituminous substances; mineral waxes",38116051.765,2025,Export
DEU,Germany,LVA,Latvia,energy,27,"Mineral fuels, mineral oils and products of their distillation; bituminous substances; mineral waxes",38116051.765,2025,Export
DEU,Germany,MAR,Morocco,energy,27,"Mineral fuels, mineral oils and products of their distillation; bituminous substances; mineral waxes",22304506.351,2025,Export
DEU,Germany,MAR,Morocco,energy,27,"Mineral fuels, mineral oils and products of their distillation; bituminous substances; mineral waxes",22304506.351,2025,Export
DEU,Germany,MDA,Rep. of Moldova,energy,27,"Mineral fuels, mineral oils and products of their distillation; bituminous substances; mineral waxes",11734485.157,2025,Export
DEU,Germany,MDA,Rep. of Moldova,energy,27,"Mineral fuels, mineral oils and products of their distillation; bituminous substances; mineral waxes",11734485.157,2025,Export
DEU,Germany,MDG,Madagascar,energy,27,"Mineral fuels, mineral oils and products of their distillation; bituminous substances; mineral waxes",1165795.155,2025,Export
DEU,Germany,MDG,Madagascar,energy,27,"Mineral fuels, mineral oils and products of their distillation; bituminous substances; mineral waxes",1165795.155,2025,Export
DEU,Germany,MDV,Maldives,energy,27,"Mineral fuels, mineral oils and products of their distillation; bituminous substances; mineral waxes",2970.836,2025,Export
DEU,Germany,MDV,Maldives,energy,27,"Mineral fuels, mineral oils and products of their distillation; bituminous substances; mineral waxes",2970.836,2025,Export
DEU,Germany,MEX,Mexico,energy,27,"Mineral fuels, mineral oils and products of their distillation; bituminous substances; mineral waxes",29514616.718,2025,Export
DEU,Germany,MEX,Mexico,energy,27,"Mineral fuels, mineral oils and products of their distillation; bituminous substances; mineral waxes",29514616.718,2025,Export
DEU,Germany,MKD,North Macedonia,energy,27,"Mineral fuels, mineral oils and products of their distillation; bituminous substances; mineral waxes",4623988.392,2025,Export
DEU,Germany,MKD,North Macedonia,energy,27,"Mineral fuels, mineral oils and products of their distillation; bituminous substances; mineral waxes",4623988.392,2025,Export
DEU,Germany,MLI,Mali,energy,27,"Mineral fuels, mineral oils and products of their distillation; bituminous substances; mineral waxes",424439.504,2025,Export
DEU,Germany,MLI,Mali,energy,27,"Mineral fuels, mineral oils and products of their distillation; bituminous substances; mineral waxes",424439.504,2025,Export
DEU,Germany,MLT,Malta,energy,27,"Mineral fuels, mineral oils and products of their distillation; bituminous substances; mineral waxes",32430959.466,2025,Export
DEU,Germany,MLT,Malta,energy,27,"Mineral fuels, mineral oils and products of their distillation; bituminous substances; mineral waxes",32430959.466,2025,Export
DEU,Germany,MMR,Myanmar,energy,27,"Mineral fuels, mineral oils and products of their distillation; bituminous substances; mineral waxes",675437.642,2025,Export
DEU,Germany,MMR,Myanmar,energy,27,"Mineral fuels, mineral oils and products of their distillation; bituminous substances; mineral waxes",675437.642,2025,Export
DEU,Germany,MNE,Montenegro,energy,27,"Mineral fuels, mineral oils and products of their distillation; bituminous substances; mineral waxes",1604548.493,2025,Export
DEU,Germany,MNE,Montenegro,energy,27,"Mineral fuels, mineral oils and products of their distillation; bituminous substances; mineral waxes",1604548.493,2025,Export
DEU,Germany,MNG,Mongolia,energy,27,"Mineral fuels, mineral oils and products of their distillation; bituminous substances; mineral waxes",5222851.535,2025,Export
DEU,Germany,MNG,Mongolia,energy,27,"Mineral fuels, mineral oils and products of their distillation; bituminous substances; mineral waxes",5222851.535,2025,Export
DEU,Germany,MOZ,Mozambique,energy,27,"Mineral fuels, mineral oils and products of their distillation; bituminous substances; mineral waxes",180001.909,2025,Export
DEU,Germany,MOZ,Mozambique,energy,27,"Mineral fuels, mineral oils and products of their distillation; bituminous substances; mineral waxes",180001.909,2025,Export
DEU,Germany,MRT,Mauritania,energy,27,"Mineral fuels, mineral oils and products of their distillation; bituminous substances; mineral waxes",2217943.922,2025,Export
DEU,Germany,MRT,Mauritania,energy,27,"Mineral fuels, mineral oils and products of their distillation; bituminous substances; mineral waxes",2217943.922,2025,Export
DEU,Germany,MUS,Mauritius,energy,27,"Mineral fuels, mineral oils and products of their distillation; bituminous substances; mineral waxes",2378670.915,2025,Export
DEU,Germany,MUS,Mauritius,energy,27,"Mineral fuels, mineral oils and products of their distillation; bituminous substances; mineral waxes",2378670.915,2025,Export
DEU,Germany,MWI,Malawi,energy,27,"Mineral fuels, mineral oils and products of their distillation; bituminous substances; mineral waxes",46733.798,2025,Export
DEU,Germany,MWI,Malawi,energy,27,"Mineral fuels, mineral oils and products of their distillation; bituminous substances; mineral waxes",46733.798,2025,Export
DEU,Germany,MYS,Malaysia,energy,27,"Mineral fuels, mineral oils and products of their distillation; bituminous substances; mineral waxes",19677461.01,2025,Export
DEU,Germany,MYS,Malaysia,energy,27,"Mineral fuels, mineral oils and products of their distillation; bituminous substances; mineral waxes",19677461.01,2025,Export
DEU,Germany,NAM,Namibia,energy,27,"Mineral fuels, mineral oils and products of their distillation; bituminous substances; mineral waxes",775484.029,2025,Export
DEU,Germany,NAM,Namibia,energy,27,"Mineral fuels, mineral oils and products of their distillation; bituminous substances; mineral waxes",775484.029,2025,Export
DEU,Germany,NCL,New Caledonia,energy,27,"Mineral fuels, mineral oils and products of their distillation; bituminous substances; mineral waxes",93918.734,2025,Export
DEU,Germany,NCL,New Caledonia,energy,27,"Mineral fuels, mineral oils and products of their distillation; bituminous substances; mineral waxes",93918.734,2025,Export
DEU,Germany,NGA,Nigeria,energy,27,"Mineral fuels, mineral oils and products of their distillation; bituminous substances; mineral waxes",18750852.53,2025,Export
DEU,Germany,NGA,Nigeria,energy,27,"Mineral fuels, mineral oils and products of their distillation; bituminous substances; mineral waxes",18750852.53,2025,Export
DEU,Germany,NIC,Nicaragua,energy,27,"Mineral fuels, mineral oils and products of their distillation; bituminous substances; mineral waxes",1691422.999,2025,Export
DEU,Germany,NIC,Nicaragua,energy,27,"Mineral fuels, mineral oils and products of their distillation; bituminous substances; mineral waxes",1691422.999,2025,Export
DEU,Germany,NLD,Netherlands,energy,27,"Mineral fuels, mineral oils and products of their distillation; bituminous substances; mineral waxes",4792050250.401,2025,Export
DEU,Germany,NLD,Netherlands,energy,27,"Mineral fuels, mineral oils and products of their distillation; bituminous substances; mineral waxes",4792050250.401,2025,Export
DEU,Germany,NOR,Norway,energy,27,"Mineral fuels, mineral oils and products of their distillation; bituminous substances; mineral waxes",182942541.412,2025,Export
DEU,Germany,NOR,Norway,energy,27,"Mineral fuels, mineral oils and products of their distillation; bituminous substances; mineral waxes",182942541.412,2025,Export
DEU,Germany,NPL,Nepal,energy,27,"Mineral fuels, mineral oils and products of their distillation; bituminous substances; mineral waxes",82263.492,2025,Export
DEU,Germany,NPL,Nepal,energy,27,"Mineral fuels, mineral oils and products of their distillation; bituminous substances; mineral waxes",82263.492,2025,Export
DEU,Germany,NZL,New Zealand,energy,27,"Mineral fuels, mineral oils and products of their distillation; bituminous substances; mineral waxes",3769289.549,2025,Export
DEU,Germany,NZL,New Zealand,energy,27,"Mineral fuels, mineral oils and products of their distillation; bituminous substances; mineral waxes",3769289.549,2025,Export
DEU,Germany,OMN,Oman,energy,27,"Mineral fuels, mineral oils and products of their distillation; bituminous substances; mineral waxes",7367692.234,2025,Export
DEU,Germany,OMN,Oman,energy,27,"Mineral fuels, mineral oils and products of their distillation; bituminous substances; mineral waxes",7367692.234,2025,Export
DEU,Germany,PAK,Pakistan,energy,27,"Mineral fuels, mineral oils and products of their distillation; bituminous substances; mineral waxes",3535287.566,2025,Export
DEU,Germany,PAK,Pakistan,energy,27,"Mineral fuels, mineral oils and products of their distillation; bituminous substances; mineral waxes",3535287.566,2025,Export
DEU,Germany,PAN,Panama,energy,27,"Mineral fuels, mineral oils and products of their distillation; bituminous substances; mineral waxes",2906123.744,2025,Export
DEU,Germany,PAN,Panama,energy,27,"Mineral fuels, mineral oils and products of their distillation; bituminous substances; mineral waxes",2906123.744,2025,Export
DEU,Germany,PER,Peru,energy,27,"Mineral fuels, mineral oils and products of their distillation; bituminous substances; mineral waxes",18157317.537,2025,Export
DEU,Germany,PER,Peru,energy,27,"Mineral fuels, mineral oils and products of their distillation; bituminous substances; mineral waxes",18157317.537,2025,Export
DEU,Germany,PHL,Philippines,energy,27,"Mineral fuels, mineral oils and products of their distillation; bituminous substances; mineral waxes",2653229.175,2025,Export
DEU,Germany,PHL,Philippines,energy,27,"Mineral fuels, mineral oils and products of their distillation; bituminous substances; mineral waxes",2653229.175,2025,Export
DEU,Germany,PNG,Papua New Guinea,energy,27,"Mineral fuels, mineral oils and products of their distillation; bituminous substances; mineral waxes",1547.525,2025,Export
DEU,Germany,PNG,Papua New Guinea,energy,27,"Mineral fuels, mineral oils and products of their distillation; bituminous substances; mineral waxes",1547.525,2025,Export
DEU,Germany,POL,Poland,energy,27,"Mineral fuels, mineral oils and products of their distillation; bituminous substances; mineral waxes",4489931329.472,2025,Export
DEU,Germany,POL,Poland,energy,27,"Mineral fuels, mineral oils and products of their distillation; bituminous substances; mineral waxes",4489931329.472,2025,Export
DEU,Germany,PRT,Portugal,energy,27,"Mineral fuels, mineral oils and products of their distillation; bituminous substances; mineral waxes",34485554.484,2025,Export
DEU,Germany,PRT,Portugal,energy,27,"Mineral fuels, mineral oils and products of their distillation; bituminous substances; mineral waxes",34485554.484,2025,Export
DEU,Germany,PRY,Paraguay,energy,27,"Mineral fuels, mineral oils and products of their distillation; bituminous substances; mineral waxes",2677452.113,2025,Export
DEU,Germany,PRY,Paraguay,energy,27,"Mineral fuels, mineral oils and products of their distillation; bituminous substances; mineral waxes",2677452.113,2025,Export
DEU,Germany,PSE,State of Palestine,energy,27,"Mineral fuels, mineral oils and products of their distillation; bituminous substances; mineral waxes",3946413.94,2025,Export
DEU,Germany,PSE,State of Palestine,energy,27,"Mineral fuels, mineral oils and products of their distillation; bituminous substances; mineral waxes",3946413.94,2025,Export
DEU,Germany,PYF,French Polynesia,energy,27,"Mineral fuels, mineral oils and products of their distillation; bituminous substances; mineral waxes",34777.139,2025,Export
DEU,Germany,PYF,French Polynesia,energy,27,"Mineral fuels, mineral oils and products of their distillation; bituminous substances; mineral waxes",34777.139,2025,Export
DEU,Germany,QAT,Qatar,energy,27,"Mineral fuels, mineral oils and products of their distillation; bituminous substances; mineral waxes",6850929.239,2025,Export
DEU,Germany,QAT,Qatar,energy,27,"Mineral fuels, mineral oils and products of their distillation; bituminous substances; mineral waxes",6850929.239,2025,Export
DEU,Germany,ROU,Romania,energy,27,"Mineral fuels, mineral oils and products of their distillation; bituminous substances; mineral waxes",187602651.944,2025,Export
DEU,Germany,ROU,Romania,energy,27,"Mineral fuels, mineral oils and products of their distillation; bituminous substances; mineral waxes",187602651.944,2025,Export
DEU,Germany,RUS,Russian Federation,energy,27,"Mineral fuels, mineral oils and products of their distillation; bituminous substances; mineral waxes",386301.367,2025,Export
DEU,Germany,RUS,Russian Federation,energy,27,"Mineral fuels, mineral oils and products of their distillation; bituminous substances; mineral waxes",386301.367,2025,Export
DEU,Germany,RWA,Rwanda,energy,27,"Mineral fuels, mineral oils and products of their distillation; bituminous substances; mineral waxes",57896.152,2025,Export
DEU,Germany,RWA,Rwanda,energy,27,"Mineral fuels, mineral oils and products of their distillation; bituminous substances; mineral waxes",57896.152,2025,Export
DEU,Germany,S19,"Other Asia, nes",energy,27,"Mineral fuels, mineral oils and products of their distillation; bituminous substances; mineral waxes",31746986.93,2025,Export
DEU,Germany,S19,"Other Asia, nes",energy,27,"Mineral fuels, mineral oils and products of their distillation; bituminous substances; mineral waxes",31746986.93,2025,Export
DEU,Germany,SAU,Saudi Arabia,energy,27,"Mineral fuels, mineral oils and products of their distillation; bituminous substances; mineral waxes",19086582.331,2025,Export
DEU,Germany,SAU,Saudi Arabia,energy,27,"Mineral fuels, mineral oils and products of their distillation; bituminous substances; mineral waxes",19086582.331,2025,Export
DEU,Germany,SEN,Senegal,energy,27,"Mineral fuels, mineral oils and products of their distillation; bituminous substances; mineral waxes",81575824.378,2025,Export
DEU,Germany,SEN,Senegal,energy,27,"Mineral fuels, mineral oils and products of their distillation; bituminous substances; mineral waxes",81575824.378,2025,Export
DEU,Germany,SGP,Singapore,energy,27,"Mineral fuels, mineral oils and products of their distillation; bituminous substances; mineral waxes",10422643.916,2025,Export
DEU,Germany,SGP,Singapore,energy,27,"Mineral fuels, mineral oils and products of their distillation; bituminous substances; mineral waxes",10422643.916,2025,Export
DEU,Germany,SLE,Sierra Leone,energy,27,"Mineral fuels, mineral oils and products of their distillation; bituminous substances; mineral waxes",185372.36,2025,Export
DEU,Germany,SLE,Sierra Leone,energy,27,"Mineral fuels, mineral oils and products of their distillation; bituminous substances; mineral waxes",185372.36,2025,Export
DEU,Germany,SLV,El Salvador,energy,27,"Mineral fuels, mineral oils and products of their distillation; bituminous substances; mineral waxes",2583477.88,2025,Export
DEU,Germany,SLV,El Salvador,energy,27,"Mineral fuels, mineral oils and products of their distillation; bituminous substances; mineral waxes",2583477.88,2025,Export
DEU,Germany,SMR,San Marino,energy,27,"Mineral fuels, mineral oils and products of their distillation; bituminous substances; mineral waxes",1579.956,2025,Export
DEU,Germany,SMR,San Marino,energy,27,"Mineral fuels, mineral oils and products of their distillation; bituminous substances; mineral waxes",1579.956,2025,Export
DEU,Germany,SOM,Somalia,energy,27,"Mineral fuels, mineral oils and products of their distillation; bituminous substances; mineral waxes",61270.249,2025,Export
DEU,Germany,SOM,Somalia,energy,27,"Mineral fuels, mineral oils and products of their distillation; bituminous substances; mineral waxes",61270.249,2025,Export
DEU,Germany,SRB,Serbia,energy,27,"Mineral fuels, mineral oils and products of their distillation; bituminous substances; mineral waxes",33804257.097,2025,Export
DEU,Germany,SRB,Serbia,energy,27,"Mineral fuels, mineral oils and products of their distillation; bituminous substances; mineral waxes",33804257.097,2025,Export
DEU,Germany,SUR,Suriname,energy,27,"Mineral fuels, mineral oils and products of their distillation; bituminous substances; mineral waxes",643347.08,2025,Export
DEU,Germany,SUR,Suriname,energy,27,"Mineral fuels, mineral oils and products of their distillation; bituminous substances; mineral waxes",643347.08,2025,Export
DEU,Germany,SVK,Slovakia,energy,27,"Mineral fuels, mineral oils and products of their distillation; bituminous substances; mineral waxes",197079504.833,2025,Export
DEU,Germany,SVK,Slovakia,energy,27,"Mineral fuels, mineral oils and products of their distillation; bituminous substances; mineral waxes",197079504.833,2025,Export
DEU,Germany,SVN,Slovenia,energy,27,"Mineral fuels, mineral oils and products of their distillation; bituminous substances; mineral waxes",57822434.608,2025,Export
DEU,Germany,SVN,Slovenia,energy,27,"Mineral fuels, mineral oils and products of their distillation; bituminous substances; mineral waxes",57822434.608,2025,Export
DEU,Germany,SWE,Sweden,energy,27,"Mineral fuels, mineral oils and products of their distillation; bituminous substances; mineral waxes",241172414.336,2025,Export
DEU,Germany,SWE,Sweden,energy,27,"Mineral fuels, mineral oils and products of their distillation; bituminous substances; mineral waxes",241172414.336,2025,Export
DEU,Germany,SXM,Sint Maarten,energy,27,"Mineral fuels, mineral oils and products of their distillation; bituminous substances; mineral waxes",63597.853,2025,Export
DEU,Germany,SXM,Sint Maarten,energy,27,"Mineral fuels, mineral oils and products of their distillation; bituminous substances; mineral waxes",63597.853,2025,Export
DEU,Germany,SYC,Seychelles,energy,27,"Mineral fuels, mineral oils and products of their distillation; bituminous substances; mineral waxes",204127.116,2025,Export
DEU,Germany,SYC,Seychelles,energy,27,"Mineral fuels, mineral oils and products of their distillation; bituminous substances; mineral waxes",204127.116,2025,Export
DEU,Germany,SYR,Syria,energy,27,"Mineral fuels, mineral oils and products of their distillation; bituminous substances; mineral waxes",2234876.274,2025,Export
DEU,Germany,SYR,Syria,energy,27,"Mineral fuels, mineral oils and products of their distillation; bituminous substances; mineral waxes",2234876.274,2025,Export
DEU,Germany,TCD,Chad,energy,27,"Mineral fuels, mineral oils and products of their distillation; bituminous substances; mineral waxes",208377.125,2025,Export
DEU,Germany,TCD,Chad,energy,27,"Mineral fuels, mineral oils and products of their distillation; bituminous substances; mineral waxes",208377.125,2025,Export
DEU,Germany,TGO,Togo,energy,27,"Mineral fuels, mineral oils and products of their distillation; bituminous substances; mineral waxes",27663029.957,2025,Export
DEU,Germany,TGO,Togo,energy,27,"Mineral fuels, mineral oils and products of their distillation; bituminous substances; mineral waxes",27663029.957,2025,Export
DEU,Germany,THA,Thailand,energy,27,"Mineral fuels, mineral oils and products of their distillation; bituminous substances; mineral waxes",17496850.107,2025,Export
DEU,Germany,THA,Thailand,energy,27,"Mineral fuels, mineral oils and products of their distillation; bituminous substances; mineral waxes",17496850.107,2025,Export
DEU,Germany,TJK,Tajikistan,energy,27,"Mineral fuels, mineral oils and products of their distillation; bituminous substances; mineral waxes",6864251.581,2025,Export
DEU,Germany,TJK,Tajikistan,energy,27,"Mineral fuels, mineral oils and products of their distillation; bituminous substances; mineral waxes",6864251.581,2025,Export
DEU,Germany,TKM,Turkmenistan,energy,27,"Mineral fuels, mineral oils and products of their distillation; bituminous substances; mineral waxes",13312230.831,2025,Export
DEU,Germany,TKM,Turkmenistan,energy,27,"Mineral fuels, mineral oils and products of their distillation; bituminous substances; mineral waxes",13312230.831,2025,Export
DEU,Germany,TTO,Trinidad and Tobago,energy,27,"Mineral fuels, mineral oils and products of their distillation; bituminous substances; mineral waxes",1064289.594,2025,Export
DEU,Germany,TTO,Trinidad and Tobago,energy,27,"Mineral fuels, mineral oils and products of their distillation; bituminous substances; mineral waxes",1064289.594,2025,Export
DEU,Germany,TUN,Tunisia,energy,27,"Mineral fuels, mineral oils and products of their distillation; bituminous substances; mineral waxes",9915651.666,2025,Export
DEU,Germany,TUN,Tunisia,energy,27,"Mineral fuels, mineral oils and products of their distillation; bituminous substances; mineral waxes",9915651.666,2025,Export
DEU,Germany,TUR,Türkiye,energy,27,"Mineral fuels, mineral oils and products of their distillation; bituminous substances; mineral waxes",118993337.712,2025,Export
DEU,Germany,TUR,Türkiye,energy,27,"Mineral fuels, mineral oils and products of their distillation; bituminous substances; mineral waxes",118993337.712,2025,Export
DEU,Germany,TZA,United Rep. of Tanzania,energy,27,"Mineral fuels, mineral oils and products of their distillation; bituminous substances; mineral waxes",707141.047,2025,Export
DEU,Germany,TZA,United Rep. of Tanzania,energy,27,"Mineral fuels, mineral oils and products of their distillation; bituminous substances; mineral waxes",707141.047,2025,Export
DEU,Germany,UGA,Uganda,energy,27,"Mineral fuels, mineral oils and products of their distillation; bituminous substances; mineral waxes",1352551.233,2025,Export
DEU,Germany,UGA,Uganda,energy,27,"Mineral fuels, mineral oils and products of their distillation; bituminous substances; mineral waxes",1352551.233,2025,Export
DEU,Germany,UKR,Ukraine,energy,27,"Mineral fuels, mineral oils and products of their distillation; bituminous substances; mineral waxes",323288875.519,2025,Export
DEU,Germany,UKR,Ukraine,energy,27,"Mineral fuels, mineral oils and products of their distillation; bituminous substances; mineral waxes",323288875.519,2025,Export
DEU,Germany,URY,Uruguay,energy,27,"Mineral fuels, mineral oils and products of their distillation; bituminous substances; mineral waxes",2431016.225,2025,Export
DEU,Germany,URY,Uruguay,energy,27,"Mineral fuels, mineral oils and products of their distillation; bituminous substances; mineral waxes",2431016.225,2025,Export
DEU,Germany,USA,USA,energy,27,"Mineral fuels, mineral oils and products of their distillation; bituminous substances; mineral waxes",166141157.274,2025,Export
DEU,Germany,USA,USA,energy,27,"Mineral fuels, mineral oils and products of their distillation; bituminous substances; mineral waxes",166141157.274,2025,Export
DEU,Germany,UZB,Uzbekistan,energy,27,"Mineral fuels, mineral oils and products of their distillation; bituminous substances; mineral waxes",38184378.621,2025,Export
DEU,Germany,UZB,Uzbekistan,energy,27,"Mineral fuels, mineral oils and products of their distillation; bituminous substances; mineral waxes",38184378.621,2025,Export
DEU,Germany,VAT,Holy See (Vatican City State),energy,27,"Mineral fuels, mineral oils and products of their distillation; bituminous substances; mineral waxes",224936.569,2025,Export
DEU,Germany,VAT,Holy See (Vatican City State),energy,27,"Mineral fuels, mineral oils and products of their distillation; bituminous substances; mineral waxes",224936.569,2025,Export
DEU,Germany,VCT,Saint Vincent and the Grenadines,energy,27,"Mineral fuels, mineral oils and products of their distillation; bituminous substances; mineral waxes",49754.219,2025,Export
DEU,Germany,VCT,Saint Vincent and the Grenadines,energy,27,"Mineral fuels, mineral oils and products of their distillation; bituminous substances; mineral waxes",49754.219,2025,Export
DEU,Germany,VEN,Venezuela,energy,27,"Mineral fuels, mineral oils and products of their distillation; bituminous substances; mineral waxes",1443591.048,2025,Export
DEU,Germany,VEN,Venezuela,energy,27,"Mineral fuels, mineral oils and products of their distillation; bituminous substances; mineral waxes",1443591.048,2025,Export
DEU,Germany,VNM,Viet Nam,energy,27,"Mineral fuels, mineral oils and products of their distillation; bituminous substances; mineral waxes",6857636.171,2025,Export
DEU,Germany,VNM,Viet Nam,energy,27,"Mineral fuels, mineral oils and products of their distillation; bituminous substances; mineral waxes",6857636.171,2025,Export
DEU,Germany,W00,World,energy,27,"Mineral fuels, mineral oils and products of their distillation; bituminous substances; mineral waxes",33759373005.513,2025,Export
DEU,Germany,W00,World,energy,27,"Mineral fuels, mineral oils and products of their distillation; bituminous substances; mineral waxes",33759373005.513,2025,Export
DEU,Germany,X1,Bunkers,energy,27,"Mineral fuels, mineral oils and products of their distillation; bituminous substances; mineral waxes",64227959.269,2025,Export
DEU,Germany,X1,Bunkers,energy,27,"Mineral fuels, mineral oils and products of their distillation; bituminous substances; mineral waxes",64227959.269,2025,Export
DEU,Germany,YEM,Yemen,energy,27,"Mineral fuels, mineral oils and products of their distillation; bituminous substances; mineral waxes",6462988.257,2025,Export
DEU,Germany,YEM,Yemen,energy,27,"Mineral fuels, mineral oils and products of their distillation; bituminous substances; mineral waxes",6462988.257,2025,Export
DEU,Germany,ZAF,South Africa,energy,27,"Mineral fuels, mineral oils and products of their distillation; bituminous substances; mineral waxes",50607433.015,2025,Export
DEU,Germany,ZAF,South Africa,energy,27,"Mineral fuels, mineral oils and products of their distillation; bituminous substances; mineral waxes",50607433.015,2025,Export
DEU,Germany,ZMB,Zambia,energy,27,"Mineral fuels, mineral oils and products of their distillation; bituminous substances; mineral waxes",451105.157,2025,Export
DEU,Germany,ZMB,Zambia,energy,27,"Mineral fuels, mineral oils and products of their distillation; bituminous substances; mineral waxes",451105.157,2025,Export
DEU,Germany,ZWE,Zimbabwe,energy,27,"Mineral fuels, mineral oils and products of their distillation; bituminous substances; mineral waxes",64995.85,2025,Export
DEU,Germany,ZWE,Zimbabwe,energy,27,"Mineral fuels, mineral oils and products of their distillation; bituminous substances; mineral waxes",64995.85,2025,Export
DEU,Germany,_X,"Areas, nes",energy,27,"Mineral fuels, mineral oils and products of their distillation; bituminous substances; mineral waxes",2271716327.183,2025,Export
DEU,Germany,_X,"Areas, nes",energy,27,"Mineral fuels, mineral oils and products of their distillation; bituminous substances; mineral waxes",2271716327.183,2025,Export
EUR,European Union,ABW,Aruba,energy,27,"Mineral fuels, mineral oils and products of their distillation; bituminous substances; mineral waxes",666270.829,2025,Export
EUR,European Union,AFG,Afghanistan,energy,27,"Mineral fuels, mineral oils and products of their distillation; bituminous substances; mineral waxes",1452712.775,2025,Export
EUR,European Union,AGO,Angola,energy,27,"Mineral fuels, mineral oils and products of their distillation; bituminous substances; mineral waxes",201447242.718,2025,Export
EUR,European Union,ALB,Albania,energy,27,"Mineral fuels, mineral oils and products of their distillation; bituminous substances; mineral waxes",350274166.003,2025,Export
EUR,European Union,AND,Andorra,energy,27,"Mineral fuels, mineral oils and products of their distillation; bituminous substances; mineral waxes",149819086.411,2025,Export
EUR,European Union,ARE,United Arab Emirates,energy,27,"Mineral fuels, mineral oils and products of their distillation; bituminous substances; mineral waxes",514068439.754,2025,Export
EUR,European Union,ARG,Argentina,energy,27,"Mineral fuels, mineral oils and products of their distillation; bituminous substances; mineral waxes",880840243.145,2025,Export
EUR,European Union,ARM,Armenia,energy,27,"Mineral fuels, mineral oils and products of their distillation; bituminous substances; mineral waxes",24930240.742,2025,Export
EUR,European Union,ASM,American Samoa,energy,27,"Mineral fuels, mineral oils and products of their distillation; bituminous substances; mineral waxes",8207.068,2025,Export
EUR,European Union,ATA,Antarctica,energy,27,"Mineral fuels, mineral oils and products of their distillation; bituminous substances; mineral waxes",24654717.922,2025,Export
EUR,European Union,ATF,Fr. South Antarctic Terr.,energy,27,"Mineral fuels, mineral oils and products of their distillation; bituminous substances; mineral waxes",476272.229,2025,Export
EUR,European Union,ATG,Antigua and Barbuda,energy,27,"Mineral fuels, mineral oils and products of their distillation; bituminous substances; mineral waxes",20042515.993,2025,Export
EUR,European Union,AUS,Australia,energy,27,"Mineral fuels, mineral oils and products of their distillation; bituminous substances; mineral waxes",76116645.851,2025,Export
EUR,European Union,AZE,Azerbaijan,energy,27,"Mineral fuels, mineral oils and products of their distillation; bituminous substances; mineral waxes",88294484.627,2025,Export
EUR,European Union,BDI,Burundi,energy,27,"Mineral fuels, mineral oils and products of their distillation; bituminous substances; mineral waxes",203558.553,2025,Export
EUR,European Union,BEN,Benin,energy,27,"Mineral fuels, mineral oils and products of their distillation; bituminous substances; mineral waxes",23569216.088,2025,Export
EUR,European Union,BES,Bonaire,energy,27,"Mineral fuels, mineral oils and products of their distillation; bituminous substances; mineral waxes",24874332.421,2025,Export
EUR,European Union,BFA,Burkina Faso,energy,27,"Mineral fuels, mineral oils and products of their distillation; bituminous substances; mineral waxes",8153398.712,2025,Export
EUR,European Union,BGD,Bangladesh,energy,27,"Mineral fuels, mineral oils and products of their distillation; bituminous substances; mineral waxes",8846311.714,2025,Export
EUR,European Union,BHR,Bahrain,energy,27,"Mineral fuels, mineral oils and products of their distillation; bituminous substances; mineral waxes",81868951.711,2025,Export
EUR,European Union,BHS,Bahamas,energy,27,"Mineral fuels, mineral oils and products of their distillation; bituminous substances; mineral waxes",150479019.147,2025,Export
EUR,European Union,BIH,Bosnia Herzegovina,energy,27,"Mineral fuels, mineral oils and products of their distillation; bituminous substances; mineral waxes",1600642570.676,2025,Export
EUR,European Union,BLM,Saint Barthélemy,energy,27,"Mineral fuels, mineral oils and products of their distillation; bituminous substances; mineral waxes",30627.063,2025,Export
EUR,European Union,BLR,Belarus,energy,27,"Mineral fuels, mineral oils and products of their distillation; bituminous substances; mineral waxes",1524506.259,2025,Export
EUR,European Union,BLZ,Belize,energy,27,"Mineral fuels, mineral oils and products of their distillation; bituminous substances; mineral waxes",1538814.331,2025,Export
EUR,European Union,BMU,Bermuda,energy,27,"Mineral fuels, mineral oils and products of their distillation; bituminous substances; mineral waxes",20915504.298,2025,Export
EUR,European Union,BOL,Bolivia (Plurinational State of),energy,27,"Mineral fuels, mineral oils and products of their distillation; bituminous substances; mineral waxes",6834336.169,2025,Export
EUR,European Union,BRA,Brazil,energy,27,"Mineral fuels, mineral oils and products of their distillation; bituminous substances; mineral waxes",1056312407.084,2025,Export
EUR,European Union,BRB,Barbados,energy,27,"Mineral fuels, mineral oils and products of their distillation; bituminous substances; mineral waxes",9847071.898,2025,Export
EUR,European Union,BRN,Brunei Darussalam,energy,27,"Mineral fuels, mineral oils and products of their distillation; bituminous substances; mineral waxes",2184563.603,2025,Export
EUR,European Union,BTN,Bhutan,energy,27,"Mineral fuels, mineral oils and products of their distillation; bituminous substances; mineral waxes",198.18,2025,Export
EUR,European Union,BWA,Botswana,energy,27,"Mineral fuels, mineral oils and products of their distillation; bituminous substances; mineral waxes",304168.649,2025,Export
EUR,European Union,CAF,Central African Rep.,energy,27,"Mineral fuels, mineral oils and products of their distillation; bituminous substances; mineral waxes",889373.037,2025,Export
EUR,European Union,CAN,Canada,energy,27,"Mineral fuels, mineral oils and products of their distillation; bituminous substances; mineral waxes",1828329043.256,2025,Export
EUR,European Union,CHE,Switzerland,energy,27,"Mineral fuels, mineral oils and products of their distillation; bituminous substances; mineral waxes",7498234910.536,2025,Export
EUR,European Union,CHL,Chile,energy,27,"Mineral fuels, mineral oils and products of their distillation; bituminous substances; mineral waxes",80419337.398,2025,Export
EUR,European Union,CHN,China,energy,27,"Mineral fuels, mineral oils and products of their distillation; bituminous substances; mineral waxes",1326237411.726,2025,Export
EUR,European Union,CIV,Côte d'Ivoire,energy,27,"Mineral fuels, mineral oils and products of their distillation; bituminous substances; mineral waxes",498427332.92,2025,Export
EUR,European Union,CMR,Cameroon,energy,27,"Mineral fuels, mineral oils and products of their distillation; bituminous substances; mineral waxes",147011264.329,2025,Export
EUR,European Union,COD,Dem. Rep. of the Congo,energy,27,"Mineral fuels, mineral oils and products of their distillation; bituminous substances; mineral waxes",17462680.93,2025,Export
EUR,European Union,COG,Congo,energy,27,"Mineral fuels, mineral oils and products of their distillation; bituminous substances; mineral waxes",19252905.721,2025,Export
EUR,European Union,COK,Cook Isds,energy,27,"Mineral fuels, mineral oils and products of their distillation; bituminous substances; mineral waxes",179471.145,2025,Export
EUR,European Union,COL,Colombia,energy,27,"Mineral fuels, mineral oils and products of their distillation; bituminous substances; mineral waxes",405874115.881,2025,Export
EUR,European Union,COM,Comoros,energy,27,"Mineral fuels, mineral oils and products of their distillation; bituminous substances; mineral waxes",1347868.116,2025,Export
EUR,European Union,CPV,Cabo Verde,energy,27,"Mineral fuels, mineral oils and products of their distillation; bituminous substances; mineral waxes",85476392.726,2025,Export
EUR,European Union,CRI,Costa Rica,energy,27,"Mineral fuels, mineral oils and products of their distillation; bituminous substances; mineral waxes",14709516.598,2025,Export
EUR,European Union,CUB,Cuba,energy,27,"Mineral fuels, mineral oils and products of their distillation; bituminous substances; mineral waxes",13215013.728,2025,Export
EUR,European Union,CUW,Curaçao,energy,27,"Mineral fuels, mineral oils and products of their distillation; bituminous substances; mineral waxes",48054488.806,2025,Export
EUR,European Union,CYM,Cayman Isds,energy,27,"Mineral fuels, mineral oils and products of their distillation; bituminous substances; mineral waxes",4504840.59,2025,Export
EUR,European Union,DJI,Djibouti,energy,27,"Mineral fuels, mineral oils and products of their distillation; bituminous substances; mineral waxes",797683.901,2025,Export
EUR,European Union,DMA,Dominica,energy,27,"Mineral fuels, mineral oils and products of their distillation; bituminous substances; mineral waxes",653351.732,2025,Export
EUR,European Union,DOM,Dominican Rep.,energy,27,"Mineral fuels, mineral oils and products of their distillation; bituminous substances; mineral waxes",119293378.211,2025,Export
EUR,European Union,DZA,Algeria,energy,27,"Mineral fuels, mineral oils and products of their distillation; bituminous substances; mineral waxes",904758208.244,2025,Export
EUR,European Union,ECU,Ecuador,energy,27,"Mineral fuels, mineral oils and products of their distillation; bituminous substances; mineral waxes",142097095.114,2025,Export
EUR,European Union,EGY,Egypt,energy,27,"Mineral fuels, mineral oils and products of their distillation; bituminous substances; mineral waxes",1872594043.284,2025,Export
EUR,European Union,ERI,Eritrea,energy,27,"Mineral fuels, mineral oils and products of their distillation; bituminous substances; mineral waxes",191726.697,2025,Export
EUR,European Union,ESH,Western Sahara,energy,27,"Mineral fuels, mineral oils and products of their distillation; bituminous substances; mineral waxes",7267.875,2025,Export
EUR,European Union,ETH,Ethiopia,energy,27,"Mineral fuels, mineral oils and products of their distillation; bituminous substances; mineral waxes",4640099.955,2025,Export
EUR,European Union,F19,"Other Africa, nes",energy,27,"Mineral fuels, mineral oils and products of their distillation; bituminous substances; mineral waxes",153424023.565,2025,Export
EUR,European Union,FJI,Fiji,energy,27,"Mineral fuels, mineral oils and products of their distillation; bituminous substances; mineral waxes",1219930.099,2025,Export
EUR,European Union,FLK,Falkland Isds (Malvinas),energy,27,"Mineral fuels, mineral oils and products of their distillation; bituminous substances; mineral waxes",12013905.036,2025,Export
EUR,European Union,FRO,Faroe Isds,energy,27,"Mineral fuels, mineral oils and products of their distillation; bituminous substances; mineral waxes",54870310.866,2025,Export
EUR,European Union,GAB,Gabon,energy,27,"Mineral fuels, mineral oils and products of their distillation; bituminous substances; mineral waxes",18935783.46,2025,Export
EUR,European Union,GBR,United Kingdom,energy,27,"Mineral fuels, mineral oils and products of their distillation; bituminous substances; mineral waxes",16513404291.569,2025,Export
EUR,European Union,GEO,Georgia,energy,27,"Mineral fuels, mineral oils and products of their distillation; bituminous substances; mineral waxes",666692983.915,2025,Export
EUR,European Union,GHA,Ghana,energy,27,"Mineral fuels, mineral oils and products of their distillation; bituminous substances; mineral waxes",1113140391.214,2025,Export
EUR,European Union,GIB,Gibraltar,energy,27,"Mineral fuels, mineral oils and products of their distillation; bituminous substances; mineral waxes",7882624741.132,2025,Export
EUR,European Union,GIN,Guinea,energy,27,"Mineral fuels, mineral oils and products of their distillation; bituminous substances; mineral waxes",91159981.23,2025,Export
EUR,European Union,GMB,Gambia,energy,27,"Mineral fuels, mineral oils and products of their distillation; bituminous substances; mineral waxes",839088.19,2025,Export
EUR,European Union,GNB,Guinea-Bissau,energy,27,"Mineral fuels, mineral oils and products of their distillation; bituminous substances; mineral waxes",39097270.876,2025,Export
EUR,European Union,GNQ,Equatorial Guinea,energy,27,"Mineral fuels, mineral oils and products of their distillation; bituminous substances; mineral waxes",4339857.306,2025,Export
EUR,European Union,GRD,Grenada,energy,27,"Mineral fuels, mineral oils and products of their distillation; bituminous substances; mineral waxes",344078.736,2025,Export
EUR,European Union,GRL,Greenland,energy,27,"Mineral fuels, mineral oils and products of their distillation; bituminous substances; mineral waxes",168375900.667,2025,Export
EUR,European Union,GTM,Guatemala,energy,27,"Mineral fuels, mineral oils and products of their distillation; bituminous substances; mineral waxes",68252536.156,2025,Export
EUR,European Union,GUM,Guam,energy,27,"Mineral fuels, mineral oils and products of their distillation; bituminous substances; mineral waxes",373631.185,2025,Export
EUR,European Union,GUY,Guyana,energy,27,"Mineral fuels, mineral oils and products of their distillation; bituminous substances; mineral waxes",5240488.345,2025,Export
EUR,European Union,HKG,"China, Hong Kong SAR",energy,27,"Mineral fuels, mineral oils and products of their distillation; bituminous substances; mineral waxes",98314626.406,2025,Export
EUR,European Union,HND,Honduras,energy,27,"Mineral fuels, mineral oils and products of their distillation; bituminous substances; mineral waxes",15524733.884,2025,Export
EUR,European Union,HTI,Haiti,energy,27,"Mineral fuels, mineral oils and products of their distillation; bituminous substances; mineral waxes",366128.097,2025,Export
EUR,European Union,IDN,Indonesia,energy,27,"Mineral fuels, mineral oils and products of their distillation; bituminous substances; mineral waxes",21488245.465,2025,Export
EUR,European Union,IND,India,energy,27,"Mineral fuels, mineral oils and products of their distillation; bituminous substances; mineral waxes",486282107.111,2025,Export
EUR,European Union,IOT,Br. Indian Ocean Terr.,energy,27,"Mineral fuels, mineral oils and products of their distillation; bituminous substances; mineral waxes",24935722.145,2025,Export
EUR,European Union,IRN,Iran,energy,27,"Mineral fuels, mineral oils and products of their distillation; bituminous substances; mineral waxes",8796427.591,2025,Export
EUR,European Union,IRQ,Iraq,energy,27,"Mineral fuels, mineral oils and products of their distillation; bituminous substances; mineral waxes",115678947.63,2025,Export
EUR,European Union,ISL,Iceland,energy,27,"Mineral fuels, mineral oils and products of their distillation; bituminous substances; mineral waxes",113488570.971,2025,Export
EUR,European Union,ISR,Israel,energy,27,"Mineral fuels, mineral oils and products of their distillation; bituminous substances; mineral waxes",627474654.744,2025,Export
EUR,European Union,JAM,Jamaica,energy,27,"Mineral fuels, mineral oils and products of their distillation; bituminous substances; mineral waxes",20455854.532,2025,Export
EUR,European Union,JOR,Jordan,energy,27,"Mineral fuels, mineral oils and products of their distillation; bituminous substances; mineral waxes",46585750.975,2025,Export
EUR,European Union,JPN,Japan,energy,27,"Mineral fuels, mineral oils and products of their distillation; bituminous substances; mineral waxes",149478930.526,2025,Export
EUR,European Union,KAZ,Kazakhstan,energy,27,"Mineral fuels, mineral oils and products of their distillation; bituminous substances; mineral waxes",147729170.769,2025,Export
EUR,European Union,KEN,Kenya,energy,27,"Mineral fuels, mineral oils and products of their distillation; bituminous substances; mineral waxes",280344892.842,2025,Export
EUR,European Union,KGZ,Kyrgyzstan,energy,27,"Mineral fuels, mineral oils and products of their distillation; bituminous substances; mineral waxes",53003547.439,2025,Export
EUR,European Union,KHM,Cambodia,energy,27,"Mineral fuels, mineral oils and products of their distillation; bituminous substances; mineral waxes",3681259.371,2025,Export
EUR,European Union,KIR,Kiribati,energy,27,"Mineral fuels, mineral oils and products of their distillation; bituminous substances; mineral waxes",58614.485,2025,Export
EUR,European Union,KNA,Saint Kitts and Nevis,energy,27,"Mineral fuels, mineral oils and products of their distillation; bituminous substances; mineral waxes",3142446.066,2025,Export
EUR,European Union,KOR,Rep. of Korea,energy,27,"Mineral fuels, mineral oils and products of their distillation; bituminous substances; mineral waxes",141172535.063,2025,Export
EUR,European Union,KWT,Kuwait,energy,27,"Mineral fuels, mineral oils and products of their distillation; bituminous substances; mineral waxes",41488568.379,2025,Export
EUR,European Union,LAO,Lao People's Dem. Rep.,energy,27,"Mineral fuels, mineral oils and products of their distillation; bituminous substances; mineral waxes",470639.108,2025,Export
EUR,European Union,LBN,Lebanon,energy,27,"Mineral fuels, mineral oils and products of their distillation; bituminous substances; mineral waxes",2123707084.004,2025,Export
EUR,European Union,LBR,Liberia,energy,27,"Mineral fuels, mineral oils and products of their distillation; bituminous substances; mineral waxes",311114349.467,2025,Export
EUR,European Union,LBY,Libya,energy,27,"Mineral fuels, mineral oils and products of their distillation; bituminous substances; mineral waxes",3552923761.413,2025,Export
EUR,European Union,LCA,Saint Lucia,energy,27,"Mineral fuels, mineral oils and products of their distillation; bituminous substances; mineral waxes",1034387.257,2025,Export
EUR,European Union,LKA,Sri Lanka,energy,27,"Mineral fuels, mineral oils and products of their distillation; bituminous substances; mineral waxes",2516516.685,2025,Export
EUR,European Union,MAC,"China, Macao SAR",energy,27,"Mineral fuels, mineral oils and products of their distillation; bituminous substances; mineral waxes",12351.846,2025,Export
EUR,European Union,MAR,Morocco,energy,27,"Mineral fuels, mineral oils and products of their distillation; bituminous substances; mineral waxes",3465462683.129,2025,Export
EUR,European Union,MDA,Rep. of Moldova,energy,27,"Mineral fuels, mineral oils and products of their distillation; bituminous substances; mineral waxes",1954838066.072,2025,Export
EUR,European Union,MDG,Madagascar,energy,27,"Mineral fuels, mineral oils and products of their distillation; bituminous substances; mineral waxes",6809181.584,2025,Export
EUR,European Union,MDV,Maldives,energy,27,"Mineral fuels, mineral oils and products of their distillation; bituminous substances; mineral waxes",544237.647,2025,Export
EUR,European Union,MEX,Mexico,energy,27,"Mineral fuels, mineral oils and products of their distillation; bituminous substances; mineral waxes",98517786.879,2025,Export
EUR,European Union,MHL,Marshall Isds,energy,27,"Mineral fuels, mineral oils and products of their distillation; bituminous substances; mineral waxes",114237828.172,2025,Export
EUR,European Union,MKD,North Macedonia,energy,27,"Mineral fuels, mineral oils and products of their distillation; bituminous substances; mineral waxes",1485961476.423,2025,Export
EUR,European Union,MLI,Mali,energy,27,"Mineral fuels, mineral oils and products of their distillation; bituminous substances; mineral waxes",9087298.056,2025,Export
EUR,European Union,MMR,Myanmar,energy,27,"Mineral fuels, mineral oils and products of their distillation; bituminous substances; mineral waxes",908723.401,2025,Export
EUR,European Union,MNE,Montenegro,energy,27,"Mineral fuels, mineral oils and products of their distillation; bituminous substances; mineral waxes",536567475.412,2025,Export
EUR,European Union,MNG,Mongolia,energy,27,"Mineral fuels, mineral oils and products of their distillation; bituminous substances; mineral waxes",18608970.588,2025,Export
EUR,European Union,MNP,N. Mariana Isds,energy,27,"Mineral fuels, mineral oils and products of their distillation; bituminous substances; mineral waxes",764699.79,2025,Export
EUR,European Union,MOZ,Mozambique,energy,27,"Mineral fuels, mineral oils and products of their distillation; bituminous substances; mineral waxes",182756673.065,2025,Export
EUR,European Union,MRT,Mauritania,energy,27,"Mineral fuels, mineral oils and products of their distillation; bituminous substances; mineral waxes",241474291.656,2025,Export
EUR,European Union,MUS,Mauritius,energy,27,"Mineral fuels, mineral oils and products of their distillation; bituminous substances; mineral waxes",7339325.072,2025,Export
EUR,European Union,MWI,Malawi,energy,27,"Mineral fuels, mineral oils and products of their distillation; bituminous substances; mineral waxes",77906.15,2025,Export
EUR,European Union,MYS,Malaysia,energy,27,"Mineral fuels, mineral oils and products of their distillation; bituminous substances; mineral waxes",132697281.754,2025,Export
EUR,European Union,NAM,Namibia,energy,27,"Mineral fuels, mineral oils and products of their distillation; bituminous substances; mineral waxes",271062254.149,2025,Export
EUR,European Union,NCL,New Caledonia,energy,27,"Mineral fuels, mineral oils and products of their distillation; bituminous substances; mineral waxes",4131341.549,2025,Export
EUR,European Union,NER,Niger,energy,27,"Mineral fuels, mineral oils and products of their distillation; bituminous substances; mineral waxes",652349.437,2025,Export
EUR,European Union,NGA,Nigeria,energy,27,"Mineral fuels, mineral oils and products of their distillation; bituminous substances; mineral waxes",3334828766.022,2025,Export
EUR,European Union,NIC,Nicaragua,energy,27,"Mineral fuels, mineral oils and products of their distillation; bituminous substances; mineral waxes",7290728.193,2025,Export
EUR,European Union,NOR,Norway,energy,27,"Mineral fuels, mineral oils and products of their distillation; bituminous substances; mineral waxes",4090956256.057,2025,Export
EUR,European Union,NPL,Nepal,energy,27,"Mineral fuels, mineral oils and products of their distillation; bituminous substances; mineral waxes",214566.013,2025,Export
EUR,European Union,NZL,New Zealand,energy,27,"Mineral fuels, mineral oils and products of their distillation; bituminous substances; mineral waxes",10438371.454,2025,Export
EUR,European Union,OMN,Oman,energy,27,"Mineral fuels, mineral oils and products of their distillation; bituminous substances; mineral waxes",153173160.134,2025,Export
EUR,European Union,PAK,Pakistan,energy,27,"Mineral fuels, mineral oils and products of their distillation; bituminous substances; mineral waxes",40807061.014,2025,Export
EUR,European Union,PAN,Panama,energy,27,"Mineral fuels, mineral oils and products of their distillation; bituminous substances; mineral waxes",323127605.516,2025,Export
EUR,European Union,PER,Peru,energy,27,"Mineral fuels, mineral oils and products of their distillation; bituminous substances; mineral waxes",116521842.663,2025,Export
EUR,European Union,PHL,Philippines,energy,27,"Mineral fuels, mineral oils and products of their distillation; bituminous substances; mineral waxes",10871814.888,2025,Export
EUR,European Union,PLW,Palau,energy,27,"Mineral fuels, mineral oils and products of their distillation; bituminous substances; mineral waxes",4082697.01,2025,Export
EUR,European Union,PNG,Papua New Guinea,energy,27,"Mineral fuels, mineral oils and products of their distillation; bituminous substances; mineral waxes",922300.149,2025,Export
EUR,European Union,PRY,Paraguay,energy,27,"Mineral fuels, mineral oils and products of their distillation; bituminous substances; mineral waxes",13354117.993,2025,Export
EUR,European Union,PSE,State of Palestine,energy,27,"Mineral fuels, mineral oils and products of their distillation; bituminous substances; mineral waxes",7869871.98,2025,Export
EUR,European Union,PYF,French Polynesia,energy,27,"Mineral fuels, mineral oils and products of their distillation; bituminous substances; mineral waxes",4308409.897,2025,Export
EUR,European Union,QAT,Qatar,energy,27,"Mineral fuels, mineral oils and products of their distillation; bituminous substances; mineral waxes",61078536.243,2025,Export
EUR,European Union,RUS,Russian Federation,energy,27,"Mineral fuels, mineral oils and products of their distillation; bituminous substances; mineral waxes",9737400.643,2025,Export
EUR,European Union,RWA,Rwanda,energy,27,"Mineral fuels, mineral oils and products of their distillation; bituminous substances; mineral waxes",1078666.511,2025,Export
EUR,European Union,S19,"Other Asia, nes",energy,27,"Mineral fuels, mineral oils and products of their distillation; bituminous substances; mineral waxes",106064093.512,2025,Export
EUR,European Union,SAU,Saudi Arabia,energy,27,"Mineral fuels, mineral oils and products of their distillation; bituminous substances; mineral waxes",1611459804.535,2025,Export
EUR,European Union,SDN,Sudan,energy,27,"Mineral fuels, mineral oils and products of their distillation; bituminous substances; mineral waxes",54843504.646,2025,Export
EUR,European Union,SEN,Senegal,energy,27,"Mineral fuels, mineral oils and products of their distillation; bituminous substances; mineral waxes",1022644898.376,2025,Export
EUR,European Union,SGP,Singapore,energy,27,"Mineral fuels, mineral oils and products of their distillation; bituminous substances; mineral waxes",1223799361.035,2025,Export
EUR,European Union,SGS,South Georgia and the South Sandwich Islands,energy,27,"Mineral fuels, mineral oils and products of their distillation; bituminous substances; mineral waxes",47341.774,2025,Export
EUR,European Union,SHN,Saint Helena,energy,27,"Mineral fuels, mineral oils and products of their distillation; bituminous substances; mineral waxes",7211989.703,2025,Export
EUR,European Union,SLB,Solomon Isds,energy,27,"Mineral fuels, mineral oils and products of their distillation; bituminous substances; mineral waxes",55000.799,2025,Export
EUR,European Union,SLE,Sierra Leone,energy,27,"Mineral fuels, mineral oils and products of their distillation; bituminous substances; mineral waxes",42930386.299,2025,Export
EUR,European Union,SLV,El Salvador,energy,27,"Mineral fuels, mineral oils and products of their distillation; bituminous substances; mineral waxes",16682017.23,2025,Export
EUR,European Union,SMR,San Marino,energy,27,"Mineral fuels, mineral oils and products of their distillation; bituminous substances; mineral waxes",41857719.498,2025,Export
EUR,European Union,SOM,Somalia,energy,27,"Mineral fuels, mineral oils and products of their distillation; bituminous substances; mineral waxes",121671.765,2025,Export
EUR,European Union,SPM,Saint Pierre and Miquelon,energy,27,"Mineral fuels, mineral oils and products of their distillation; bituminous substances; mineral waxes",41413.882,2025,Export
EUR,European Union,SRB,Serbia,energy,27,"Mineral fuels, mineral oils and products of their distillation; bituminous substances; mineral waxes",2544067284.906,2025,Export
EUR,European Union,SSD,South Sudan,energy,27,"Mineral fuels, mineral oils and products of their distillation; bituminous substances; mineral waxes",33614.914,2025,Export
EUR,European Union,STP,Sao Tome and Principe,energy,27,"Mineral fuels, mineral oils and products of their distillation; bituminous substances; mineral waxes",1117926.22,2025,Export
EUR,European Union,SUR,Suriname,energy,27,"Mineral fuels, mineral oils and products of their distillation; bituminous substances; mineral waxes",2816905.092,2025,Export
EUR,European Union,SWZ,Eswatini,energy,27,"Mineral fuels, mineral oils and products of their distillation; bituminous substances; mineral waxes",260554.902,2025,Export
EUR,European Union,SXM,Sint Maarten,energy,27,"Mineral fuels, mineral oils and products of their distillation; bituminous substances; mineral waxes",613486.8,2025,Export
EUR,European Union,SYC,Seychelles,energy,27,"Mineral fuels, mineral oils and products of their distillation; bituminous substances; mineral waxes",2765369.461,2025,Export
EUR,European Union,SYR,Syria,energy,27,"Mineral fuels, mineral oils and products of their distillation; bituminous substances; mineral waxes",23799040.274,2025,Export
EUR,European Union,TCA,Turks and Caicos Isds,energy,27,"Mineral fuels, mineral oils and products of their distillation; bituminous substances; mineral waxes",2656.485,2025,Export
EUR,European Union,TCD,Chad,energy,27,"Mineral fuels, mineral oils and products of their distillation; bituminous substances; mineral waxes",5986275.521,2025,Export
EUR,European Union,TGO,Togo,energy,27,"Mineral fuels, mineral oils and products of their distillation; bituminous substances; mineral waxes",986320686.082,2025,Export
EUR,European Union,THA,Thailand,energy,27,"Mineral fuels, mineral oils and products of their distillation; bituminous substances; mineral waxes",46362324.159,2025,Export
EUR,European Union,TJK,Tajikistan,energy,27,"Mineral fuels, mineral oils and products of their distillation; bituminous substances; mineral waxes",17938068.253,2025,Export
EUR,European Union,TKM,Turkmenistan,energy,27,"Mineral fuels, mineral oils and products of their distillation; bituminous substances; mineral waxes",23948212.514,2025,Export
EUR,European Union,TLS,Timor-Leste,energy,27,"Mineral fuels, mineral oils and products of their distillation; bituminous substances; mineral waxes",647.48,2025,Export
EUR,European Union,TTO,Trinidad and Tobago,energy,27,"Mineral fuels, mineral oils and products of their distillation; bituminous substances; mineral waxes",65028699.541,2025,Export
EUR,European Union,TUN,Tunisia,energy,27,"Mineral fuels, mineral oils and products of their distillation; bituminous substances; mineral waxes",831068023.344,2025,Export
EUR,European Union,TUR,Türkiye,energy,27,"Mineral fuels, mineral oils and products of their distillation; bituminous substances; mineral waxes",2314487616.785,2025,Export
EUR,European Union,TUV,Tuvalu,energy,27,"Mineral fuels, mineral oils and products of their distillation; bituminous substances; mineral waxes",69318.816,2025,Export
EUR,European Union,TZA,United Rep. of Tanzania,energy,27,"Mineral fuels, mineral oils and products of their distillation; bituminous substances; mineral waxes",25055563.151,2025,Export
EUR,European Union,UGA,Uganda,energy,27,"Mineral fuels, mineral oils and products of their distillation; bituminous substances; mineral waxes",15023444.37,2025,Export
EUR,European Union,UKR,Ukraine,energy,27,"Mineral fuels, mineral oils and products of their distillation; bituminous substances; mineral waxes",8136487537.88,2025,Export
EUR,European Union,URY,Uruguay,energy,27,"Mineral fuels, mineral oils and products of their distillation; bituminous substances; mineral waxes",67203391.103,2025,Export
EUR,European Union,USA,USA,energy,27,"Mineral fuels, mineral oils and products of their distillation; bituminous substances; mineral waxes",10224452451.513,2025,Export
EUR,European Union,UZB,Uzbekistan,energy,27,"Mineral fuels, mineral oils and products of their distillation; bituminous substances; mineral waxes",78499531.245,2025,Export
EUR,European Union,VAT,Holy See (Vatican City State),energy,27,"Mineral fuels, mineral oils and products of their distillation; bituminous substances; mineral waxes",18133792.023,2025,Export
EUR,European Union,VCT,Saint Vincent and the Grenadines,energy,27,"Mineral fuels, mineral oils and products of their distillation; bituminous substances; mineral waxes",2738726.449,2025,Export
EUR,European Union,VEN,Venezuela,energy,27,"Mineral fuels, mineral oils and products of their distillation; bituminous substances; mineral waxes",47308746.439,2025,Export
EUR,European Union,VGB,Br. Virgin Isds,energy,27,"Mineral fuels, mineral oils and products of their distillation; bituminous substances; mineral waxes",128051.318,2025,Export
EUR,European Union,VNM,Viet Nam,energy,27,"Mineral fuels, mineral oils and products of their distillation; bituminous substances; mineral waxes",27143678.417,2025,Export
EUR,European Union,VUT,Vanuatu,energy,27,"Mineral fuels, mineral oils and products of their distillation; bituminous substances; mineral waxes",1224251.983,2025,Export
EUR,European Union,W00,World,energy,27,"Mineral fuels, mineral oils and products of their distillation; bituminous substances; mineral waxes",131071681913.51,2025,Export
EUR,European Union,WLF,Wallis and Futuna Isds,energy,27,"Mineral fuels, mineral oils and products of their distillation; bituminous substances; mineral waxes",11076.095,2025,Export
EUR,European Union,WSM,Samoa,energy,27,"Mineral fuels, mineral oils and products of their distillation; bituminous substances; mineral waxes",33957.123,2025,Export
EUR,European Union,X1,Bunkers,energy,27,"Mineral fuels, mineral oils and products of their distillation; bituminous substances; mineral waxes",19539564485.723,2025,Export
EUR,European Union,XX,Special Categories,energy,27,"Mineral fuels, mineral oils and products of their distillation; bituminous substances; mineral waxes",511840435.057,2025,Export
EUR,European Union,YEM,Yemen,energy,27,"Mineral fuels, mineral oils and products of their distillation; bituminous substances; mineral waxes",9696483.918,2025,Export
EUR,European Union,ZAF,South Africa,energy,27,"Mineral fuels, mineral oils and products of their distillation; bituminous substances; mineral waxes",710245316.414,2025,Export
EUR,European Union,ZMB,Zambia,energy,27,"Mineral fuels, mineral oils and products of their distillation; bituminous substances; mineral waxes",3212418.899,2025,Export
EUR,European Union,ZWE,Zimbabwe,energy,27,"Mineral fuels, mineral oils and products of their distillation; bituminous substances; mineral waxes",2834211.387,2025,Export
EUR,European Union,_X,"Areas, nes",energy,27,"Mineral fuels, mineral oils and products of their distillation; bituminous substances; mineral waxes",8381736783.145,2025,Export
GBR,United Kingdom,AGO,Angola,energy,27,"Mineral fuels, mineral oils and products of their distillation; bituminous substances; mineral waxes",6191687.123,2025,Export
GBR,United Kingdom,AGO,Angola,energy,27,"Mineral fuels, mineral oils and products of their distillation; bituminous substances; mineral waxes",6191687.123,2025,Export
GBR,United Kingdom,ALB,Albania,energy,27,"Mineral fuels, mineral oils and products of their distillation; bituminous substances; mineral waxes",648385.938,2025,Export
GBR,United Kingdom,ALB,Albania,energy,27,"Mineral fuels, mineral oils and products of their distillation; bituminous substances; mineral waxes",648385.938,2025,Export
GBR,United Kingdom,AND,Andorra,energy,27,"Mineral fuels, mineral oils and products of their distillation; bituminous substances; mineral waxes",6516.422,2025,Export
GBR,United Kingdom,AND,Andorra,energy,27,"Mineral fuels, mineral oils and products of their distillation; bituminous substances; mineral waxes",6516.422,2025,Export
GBR,United Kingdom,ARE,United Arab Emirates,energy,27,"Mineral fuels, mineral oils and products of their distillation; bituminous substances; mineral waxes",18723603.456,2025,Export
GBR,United Kingdom,ARE,United Arab Emirates,energy,27,"Mineral fuels, mineral oils and products of their distillation; bituminous substances; mineral waxes",18723603.456,2025,Export
GBR,United Kingdom,ARG,Argentina,energy,27,"Mineral fuels, mineral oils and products of their distillation; bituminous substances; mineral waxes",312697.789,2025,Export
GBR,United Kingdom,ARG,Argentina,energy,27,"Mineral fuels, mineral oils and products of their distillation; bituminous substances; mineral waxes",312697.789,2025,Export
GBR,United Kingdom,ARM,Armenia,energy,27,"Mineral fuels, mineral oils and products of their distillation; bituminous substances; mineral waxes",1783508.635,2025,Export
GBR,United Kingdom,ARM,Armenia,energy,27,"Mineral fuels, mineral oils and products of their distillation; bituminous substances; mineral waxes",1783508.635,2025,Export
GBR,United Kingdom,AUS,Australia,energy,27,"Mineral fuels, mineral oils and products of their distillation; bituminous substances; mineral waxes",5287232.042,2025,Export
GBR,United Kingdom,AUS,Australia,energy,27,"Mineral fuels, mineral oils and products of their distillation; bituminous substances; mineral waxes",5287232.042,2025,Export
GBR,United Kingdom,AUT,Austria,energy,27,"Mineral fuels, mineral oils and products of their distillation; bituminous substances; mineral waxes",1654937.332,2025,Export
GBR,United Kingdom,AUT,Austria,energy,27,"Mineral fuels, mineral oils and products of their distillation; bituminous substances; mineral waxes",1654649.244,2025,Export
GBR,United Kingdom,AUT,Austria,energy,27,"Mineral fuels, mineral oils and products of their distillation; bituminous substances; mineral waxes",288.088,2025,Export
GBR,United Kingdom,AZE,Azerbaijan,energy,27,"Mineral fuels, mineral oils and products of their distillation; bituminous substances; mineral waxes",710514.087,2025,Export
GBR,United Kingdom,AZE,Azerbaijan,energy,27,"Mineral fuels, mineral oils and products of their distillation; bituminous substances; mineral waxes",710514.087,2025,Export
GBR,United Kingdom,BEL,Belgium,energy,27,"Mineral fuels, mineral oils and products of their distillation; bituminous substances; mineral waxes",3934451542.762,2025,Export
GBR,United Kingdom,BEL,Belgium,energy,27,"Mineral fuels, mineral oils and products of their distillation; bituminous substances; mineral waxes",643645.338,2025,Export
GBR,United Kingdom,BEL,Belgium,energy,27,"Mineral fuels, mineral oils and products of their distillation; bituminous substances; mineral waxes",3935095188.1,2025,Export
GBR,United Kingdom,BEN,Benin,energy,27,"Mineral fuels, mineral oils and products of their distillation; bituminous substances; mineral waxes",35584.368,2025,Export
GBR,United Kingdom,BEN,Benin,energy,27,"Mineral fuels, mineral oils and products of their distillation; bituminous substances; mineral waxes",35584.368,2025,Export
GBR,United Kingdom,BFA,Burkina Faso,energy,27,"Mineral fuels, mineral oils and products of their distillation; bituminous substances; mineral waxes",5801.497,2025,Export
GBR,United Kingdom,BFA,Burkina Faso,energy,27,"Mineral fuels, mineral oils and products of their distillation; bituminous substances; mineral waxes",5801.497,2025,Export
GBR,United Kingdom,BGD,Bangladesh,energy,27,"Mineral fuels, mineral oils and products of their distillation; bituminous substances; mineral waxes",104759.338,2025,Export
GBR,United Kingdom,BGD,Bangladesh,energy,27,"Mineral fuels, mineral oils and products of their distillation; bituminous substances; mineral waxes",104759.338,2025,Export
GBR,United Kingdom,BGR,Bulgaria,energy,27,"Mineral fuels, mineral oils and products of their distillation; bituminous substances; mineral waxes",2566812.518,2025,Export
GBR,United Kingdom,BGR,Bulgaria,energy,27,"Mineral fuels, mineral oils and products of their distillation; bituminous substances; mineral waxes",2566812.518,2025,Export
GBR,United Kingdom,BHR,Bahrain,energy,27,"Mineral fuels, mineral oils and products of their distillation; bituminous substances; mineral waxes",1167118.712,2025,Export
GBR,United Kingdom,BHR,Bahrain,energy,27,"Mineral fuels, mineral oils and products of their distillation; bituminous substances; mineral waxes",1167118.712,2025,Export
GBR,United Kingdom,BHS,Bahamas,energy,27,"Mineral fuels, mineral oils and products of their distillation; bituminous substances; mineral waxes",32582.819,2025,Export
GBR,United Kingdom,BHS,Bahamas,energy,27,"Mineral fuels, mineral oils and products of their distillation; bituminous substances; mineral waxes",32582.819,2025,Export
GBR,United Kingdom,BIH,Bosnia Herzegovina,energy,27,"Mineral fuels, mineral oils and products of their distillation; bituminous substances; mineral waxes",28068.556,2025,Export
GBR,United Kingdom,BIH,Bosnia Herzegovina,energy,27,"Mineral fuels, mineral oils and products of their distillation; bituminous substances; mineral waxes",28068.556,2025,Export
GBR,United Kingdom,BLZ,Belize,energy,27,"Mineral fuels, mineral oils and products of their distillation; bituminous substances; mineral waxes",5171.269,2025,Export
GBR,United Kingdom,BLZ,Belize,energy,27,"Mineral fuels, mineral oils and products of their distillation; bituminous substances; mineral waxes",5171.269,2025,Export
GBR,United Kingdom,BMU,Bermuda,energy,27,"Mineral fuels, mineral oils and products of their distillation; bituminous substances; mineral waxes",4486.051,2025,Export
GBR,United Kingdom,BMU,Bermuda,energy,27,"Mineral fuels, mineral oils and products of their distillation; bituminous substances; mineral waxes",4486.051,2025,Export
GBR,United Kingdom,BOL,Bolivia (Plurinational State of),energy,27,"Mineral fuels, mineral oils and products of their distillation; bituminous substances; mineral waxes",59765.563,2025,Export
GBR,United Kingdom,BOL,Bolivia (Plurinational State of),energy,27,"Mineral fuels, mineral oils and products of their distillation; bituminous substances; mineral waxes",59765.563,2025,Export
GBR,United Kingdom,BRA,Brazil,energy,27,"Mineral fuels, mineral oils and products of their distillation; bituminous substances; mineral waxes",10408801.785,2025,Export
GBR,United Kingdom,BRA,Brazil,energy,27,"Mineral fuels, mineral oils and products of their distillation; bituminous substances; mineral waxes",10408801.785,2025,Export
GBR,United Kingdom,BRB,Barbados,energy,27,"Mineral fuels, mineral oils and products of their distillation; bituminous substances; mineral waxes",63240.556,2025,Export
GBR,United Kingdom,BRB,Barbados,energy,27,"Mineral fuels, mineral oils and products of their distillation; bituminous substances; mineral waxes",63240.556,2025,Export
GBR,United Kingdom,BRN,Brunei Darussalam,energy,27,"Mineral fuels, mineral oils and products of their distillation; bituminous substances; mineral waxes",4970.038,2025,Export
GBR,United Kingdom,BRN,Brunei Darussalam,energy,27,"Mineral fuels, mineral oils and products of their distillation; bituminous substances; mineral waxes",4970.038,2025,Export
GBR,United Kingdom,BVT,Bouvet Island,energy,27,"Mineral fuels, mineral oils and products of their distillation; bituminous substances; mineral waxes",3721.788,2025,Export
GBR,United Kingdom,BVT,Bouvet Island,energy,27,"Mineral fuels, mineral oils and products of their distillation; bituminous substances; mineral waxes",3721.788,2025,Export
GBR,United Kingdom,CAF,Central African Rep.,energy,27,"Mineral fuels, mineral oils and products of their distillation; bituminous substances; mineral waxes",3423.414,2025,Export
GBR,United Kingdom,CAF,Central African Rep.,energy,27,"Mineral fuels, mineral oils and products of their distillation; bituminous substances; mineral waxes",3423.414,2025,Export
GBR,United Kingdom,CAN,Canada,energy,27,"Mineral fuels, mineral oils and products of their distillation; bituminous substances; mineral waxes",18.387,2025,Export
GBR,United Kingdom,CAN,Canada,energy,27,"Mineral fuels, mineral oils and products of their distillation; bituminous substances; mineral waxes",953098498.206,2025,Export
GBR,United Kingdom,CAN,Canada,energy,27,"Mineral fuels, mineral oils and products of their distillation; bituminous substances; mineral waxes",953098516.592,2025,Export
GBR,United Kingdom,CHE,Switzerland,energy,27,"Mineral fuels, mineral oils and products of their distillation; bituminous substances; mineral waxes",8883662.939,2025,Export
GBR,United Kingdom,CHE,Switzerland,energy,27,"Mineral fuels, mineral oils and products of their distillation; bituminous substances; mineral waxes",8885201.477,2025,Export
GBR,United Kingdom,CHE,Switzerland,energy,27,"Mineral fuels, mineral oils and products of their distillation; bituminous substances; mineral waxes",1538.538,2025,Export
GBR,United Kingdom,CHL,Chile,energy,27,"Mineral fuels, mineral oils and products of their distillation; bituminous substances; mineral waxes",1362339.741,2025,Export
GBR,United Kingdom,CHL,Chile,energy,27,"Mineral fuels, mineral oils and products of their distillation; bituminous substances; mineral waxes",1362339.741,2025,Export
GBR,United Kingdom,CHN,China,energy,27,"Mineral fuels, mineral oils and products of their distillation; bituminous substances; mineral waxes",1678733623.562,2025,Export
GBR,United Kingdom,CHN,China,energy,27,"Mineral fuels, mineral oils and products of their distillation; bituminous substances; mineral waxes",47.604,2025,Export
GBR,United Kingdom,CHN,China,energy,27,"Mineral fuels, mineral oils and products of their distillation; bituminous substances; mineral waxes",167915.628,2025,Export
GBR,United Kingdom,CHN,China,energy,27,"Mineral fuels, mineral oils and products of their distillation; bituminous substances; mineral waxes",1678901586.794,2025,Export
GBR,United Kingdom,CIV,Côte d'Ivoire,energy,27,"Mineral fuels, mineral oils and products of their distillation; bituminous substances; mineral waxes",12491754.715,2025,Export
GBR,United Kingdom,CIV,Côte d'Ivoire,energy,27,"Mineral fuels, mineral oils and products of their distillation; bituminous substances; mineral waxes",12491754.715,2025,Export
GBR,United Kingdom,CMR,Cameroon,energy,27,"Mineral fuels, mineral oils and products of their distillation; bituminous substances; mineral waxes",19724374.873,2025,Export
GBR,United Kingdom,CMR,Cameroon,energy,27,"Mineral fuels, mineral oils and products of their distillation; bituminous substances; mineral waxes",19724374.873,2025,Export
GBR,United Kingdom,COG,Congo,energy,27,"Mineral fuels, mineral oils and products of their distillation; bituminous substances; mineral waxes",77355.263,2025,Export
GBR,United Kingdom,COG,Congo,energy,27,"Mineral fuels, mineral oils and products of their distillation; bituminous substances; mineral waxes",77355.263,2025,Export
GBR,United Kingdom,COL,Colombia,energy,27,"Mineral fuels, mineral oils and products of their distillation; bituminous substances; mineral waxes",990037.111,2025,Export
GBR,United Kingdom,COL,Colombia,energy,27,"Mineral fuels, mineral oils and products of their distillation; bituminous substances; mineral waxes",1231877.116,2025,Export
GBR,United Kingdom,COL,Colombia,energy,27,"Mineral fuels, mineral oils and products of their distillation; bituminous substances; mineral waxes",1757021.216,2025,Export
GBR,United Kingdom,COL,Colombia,energy,27,"Mineral fuels, mineral oils and products of their distillation; bituminous substances; mineral waxes",16397690.715,2025,Export
GBR,United Kingdom,COL,Colombia,energy,27,"Mineral fuels, mineral oils and products of their distillation; bituminous substances; mineral waxes",837868.005,2025,Export
GBR,United Kingdom,COL,Colombia,energy,27,"Mineral fuels, mineral oils and products of their distillation; bituminous substances; mineral waxes",1783236.079,2025,Export
GBR,United Kingdom,COL,Colombia,energy,27,"Mineral fuels, mineral oils and products of their distillation; bituminous substances; mineral waxes",9797651.187,2025,Export
GBR,United Kingdom,CRI,Costa Rica,energy,27,"Mineral fuels, mineral oils and products of their distillation; bituminous substances; mineral waxes",119179.706,2025,Export
GBR,United Kingdom,CRI,Costa Rica,energy,27,"Mineral fuels, mineral oils and products of their distillation; bituminous substances; mineral waxes",119179.706,2025,Export
GBR,United Kingdom,CUW,Curaçao,energy,27,"Mineral fuels, mineral oils and products of their distillation; bituminous substances; mineral waxes",1851.792,2025,Export
GBR,United Kingdom,CUW,Curaçao,energy,27,"Mineral fuels, mineral oils and products of their distillation; bituminous substances; mineral waxes",1851.792,2025,Export
GBR,United Kingdom,CYM,Cayman Isds,energy,27,"Mineral fuels, mineral oils and products of their distillation; bituminous substances; mineral waxes",1.338,2025,Export
GBR,United Kingdom,CYM,Cayman Isds,energy,27,"Mineral fuels, mineral oils and products of their distillation; bituminous substances; mineral waxes",1.338,2025,Export
GBR,United Kingdom,CYP,Cyprus,energy,27,"Mineral fuels, mineral oils and products of their distillation; bituminous substances; mineral waxes",23373759.649,2025,Export
GBR,United Kingdom,CYP,Cyprus,energy,27,"Mineral fuels, mineral oils and products of their distillation; bituminous substances; mineral waxes",23373759.649,2025,Export
GBR,United Kingdom,CZE,Czechia,energy,27,"Mineral fuels, mineral oils and products of their distillation; bituminous substances; mineral waxes",4039981.167,2025,Export
GBR,United Kingdom,CZE,Czechia,energy,27,"Mineral fuels, mineral oils and products of their distillation; bituminous substances; mineral waxes",319.664,2025,Export
GBR,United Kingdom,CZE,Czechia,energy,27,"Mineral fuels, mineral oils and products of their distillation; bituminous substances; mineral waxes",4040300.831,2025,Export
GBR,United Kingdom,DEU,Germany,energy,27,"Mineral fuels, mineral oils and products of their distillation; bituminous substances; mineral waxes",228.222,2025,Export
GBR,United Kingdom,DEU,Germany,energy,27,"Mineral fuels, mineral oils and products of their distillation; bituminous substances; mineral waxes",1117031.432,2025,Export
GBR,United Kingdom,DEU,Germany,energy,27,"Mineral fuels, mineral oils and products of their distillation; bituminous substances; mineral waxes",1792494933.057,2025,Export
GBR,United Kingdom,DEU,Germany,energy,27,"Mineral fuels, mineral oils and products of their distillation; bituminous substances; mineral waxes",1791377673.403,2025,Export
GBR,United Kingdom,DMA,Dominica,energy,27,"Mineral fuels, mineral oils and products of their distillation; bituminous substances; mineral waxes",35365.023,2025,Export
GBR,United Kingdom,DMA,Dominica,energy,27,"Mineral fuels, mineral oils and products of their distillation; bituminous substances; mineral waxes",35365.023,2025,Export
GBR,United Kingdom,DNK,Denmark,energy,27,"Mineral fuels, mineral oils and products of their distillation; bituminous substances; mineral waxes",77736.27,2025,Export
GBR,United Kingdom,DNK,Denmark,energy,27,"Mineral fuels, mineral oils and products of their distillation; bituminous substances; mineral waxes",796210159.613,2025,Export
GBR,United Kingdom,DNK,Denmark,energy,27,"Mineral fuels, mineral oils and products of their distillation; bituminous substances; mineral waxes",3068.136,2025,Export
GBR,United Kingdom,DNK,Denmark,energy,27,"Mineral fuels, mineral oils and products of their distillation; bituminous substances; mineral waxes",796290964.019,2025,Export
GBR,United Kingdom,DOM,Dominican Rep.,energy,27,"Mineral fuels, mineral oils and products of their distillation; bituminous substances; mineral waxes",380149.551,2025,Export
GBR,United Kingdom,DOM,Dominican Rep.,energy,27,"Mineral fuels, mineral oils and products of their distillation; bituminous substances; mineral waxes",380149.551,2025,Export
GBR,United Kingdom,DZA,Algeria,energy,27,"Mineral fuels, mineral oils and products of their distillation; bituminous substances; mineral waxes",2512448.29,2025,Export
GBR,United Kingdom,DZA,Algeria,energy,27,"Mineral fuels, mineral oils and products of their distillation; bituminous substances; mineral waxes",2512448.29,2025,Export
GBR,United Kingdom,ECU,Ecuador,energy,27,"Mineral fuels, mineral oils and products of their distillation; bituminous substances; mineral waxes",283814.942,2025,Export
GBR,United Kingdom,ECU,Ecuador,energy,27,"Mineral fuels, mineral oils and products of their distillation; bituminous substances; mineral waxes",283814.942,2025,Export
GBR,United Kingdom,EGY,Egypt,energy,27,"Mineral fuels, mineral oils and products of their distillation; bituminous substances; mineral waxes",5383505.093,2025,Export
GBR,United Kingdom,EGY,Egypt,energy,27,"Mineral fuels, mineral oils and products of their distillation; bituminous substances; mineral waxes",5383505.093,2025,Export
GBR,United Kingdom,ESP,Spain,energy,27,"Mineral fuels, mineral oils and products of their distillation; bituminous substances; mineral waxes",583573800.266,2025,Export
GBR,United Kingdom,ESP,Spain,energy,27,"Mineral fuels, mineral oils and products of their distillation; bituminous substances; mineral waxes",583562199.493,2025,Export
GBR,United Kingdom,ESP,Spain,energy,27,"Mineral fuels, mineral oils and products of their distillation; bituminous substances; mineral waxes",11600.773,2025,Export
GBR,United Kingdom,EST,Estonia,energy,27,"Mineral fuels, mineral oils and products of their distillation; bituminous substances; mineral waxes",2419668.635,2025,Export
GBR,United Kingdom,EST,Estonia,energy,27,"Mineral fuels, mineral oils and products of their distillation; bituminous substances; mineral waxes",2419668.635,2025,Export
GBR,United Kingdom,ETH,Ethiopia,energy,27,"Mineral fuels, mineral oils and products of their distillation; bituminous substances; mineral waxes",21911.271,2025,Export
GBR,United Kingdom,ETH,Ethiopia,energy,27,"Mineral fuels, mineral oils and products of their distillation; bituminous substances; mineral waxes",21911.271,2025,Export
GBR,United Kingdom,FIN,Finland,energy,27,"Mineral fuels, mineral oils and products of their distillation; bituminous substances; mineral waxes",87968952.397,2025,Export
GBR,United Kingdom,FIN,Finland,energy,27,"Mineral fuels, mineral oils and products of their distillation; bituminous substances; mineral waxes",87968952.397,2025,Export
GBR,United Kingdom,FJI,Fiji,energy,27,"Mineral fuels, mineral oils and products of their distillation; bituminous substances; mineral waxes",2373.183,2025,Export
GBR,United Kingdom,FJI,Fiji,energy,27,"Mineral fuels, mineral oils and products of their distillation; bituminous substances; mineral waxes",2373.183,2025,Export
GBR,United Kingdom,FLK,Falkland Isds (Malvinas),energy,27,"Mineral fuels, mineral oils and products of their distillation; bituminous substances; mineral waxes",1697777.053,2025,Export
GBR,United Kingdom,FLK,Falkland Isds (Malvinas),energy,27,"Mineral fuels, mineral oils and products of their distillation; bituminous substances; mineral waxes",1697777.053,2025,Export
GBR,United Kingdom,FRA,France,energy,27,"Mineral fuels, mineral oils and products of their distillation; bituminous substances; mineral waxes",1369869191.022,2025,Export
GBR,United Kingdom,FRA,France,energy,27,"Mineral fuels, mineral oils and products of their distillation; bituminous substances; mineral waxes",58196.752,2025,Export
GBR,United Kingdom,FRA,France,energy,27,"Mineral fuels, mineral oils and products of their distillation; bituminous substances; mineral waxes",1369927482.272,2025,Export
GBR,United Kingdom,FRA,France,energy,27,"Mineral fuels, mineral oils and products of their distillation; bituminous substances; mineral waxes",48.53,2025,Export
GBR,United Kingdom,FRA,France,energy,27,"Mineral fuels, mineral oils and products of their distillation; bituminous substances; mineral waxes",45.968,2025,Export
GBR,United Kingdom,FRO,Faroe Isds,energy,27,"Mineral fuels, mineral oils and products of their distillation; bituminous substances; mineral waxes",36066.67,2025,Export
GBR,United Kingdom,FRO,Faroe Isds,energy,27,"Mineral fuels, mineral oils and products of their distillation; bituminous substances; mineral waxes",36066.67,2025,Export
GBR,United Kingdom,GAB,Gabon,energy,27,"Mineral fuels, mineral oils and products of their distillation; bituminous substances; mineral waxes",266462.441,2025,Export
GBR,United Kingdom,GAB,Gabon,energy,27,"Mineral fuels, mineral oils and products of their distillation; bituminous substances; mineral waxes",266462.441,2025,Export
GBR,United Kingdom,GEO,Georgia,energy,27,"Mineral fuels, mineral oils and products of their distillation; bituminous substances; mineral waxes",2553.132,2025,Export
GBR,United Kingdom,GEO,Georgia,energy,27,"Mineral fuels, mineral oils and products of their distillation; bituminous substances; mineral waxes",2033921.761,2025,Export
GBR,United Kingdom,GEO,Georgia,energy,27,"Mineral fuels, mineral oils and products of their distillation; bituminous substances; mineral waxes",2036474.892,2025,Export
GBR,United Kingdom,GHA,Ghana,energy,27,"Mineral fuels, mineral oils and products of their distillation; bituminous substances; mineral waxes",27956581.329,2025,Export
GBR,United Kingdom,GHA,Ghana,energy,27,"Mineral fuels, mineral oils and products of their distillation; bituminous substances; mineral waxes",27956581.329,2025,Export
GBR,United Kingdom,GIB,Gibraltar,energy,27,"Mineral fuels, mineral oils and products of their distillation; bituminous substances; mineral waxes",171380810.4,2025,Export
GBR,United Kingdom,GIB,Gibraltar,energy,27,"Mineral fuels, mineral oils and products of their distillation; bituminous substances; mineral waxes",171380810.4,2025,Export
GBR,United Kingdom,GIN,Guinea,energy,27,"Mineral fuels, mineral oils and products of their distillation; bituminous substances; mineral waxes",7519.734,2025,Export
GBR,United Kingdom,GIN,Guinea,energy,27,"Mineral fuels, mineral oils and products of their distillation; bituminous substances; mineral waxes",7519.734,2025,Export
GBR,United Kingdom,GMB,Gambia,energy,27,"Mineral fuels, mineral oils and products of their distillation; bituminous substances; mineral waxes",72888.794,2025,Export
GBR,United Kingdom,GMB,Gambia,energy,27,"Mineral fuels, mineral oils and products of their distillation; bituminous substances; mineral waxes",72888.794,2025,Export
GBR,United Kingdom,GNQ,Equatorial Guinea,energy,27,"Mineral fuels, mineral oils and products of their distillation; bituminous substances; mineral waxes",116522.913,2025,Export
GBR,United Kingdom,GNQ,Equatorial Guinea,energy,27,"Mineral fuels, mineral oils and products of their distillation; bituminous substances; mineral waxes",116522.913,2025,Export
GBR,United Kingdom,GRC,Greece,energy,27,"Mineral fuels, mineral oils and products of their distillation; bituminous substances; mineral waxes",9689127.819,2025,Export
GBR,United Kingdom,GRC,Greece,energy,27,"Mineral fuels, mineral oils and products of their distillation; bituminous substances; mineral waxes",9689127.819,2025,Export
GBR,United Kingdom,GRD,Grenada,energy,27,"Mineral fuels, mineral oils and products of their distillation; bituminous substances; mineral waxes",40930.847,2025,Export
GBR,United Kingdom,GRD,Grenada,energy,27,"Mineral fuels, mineral oils and products of their distillation; bituminous substances; mineral waxes",40930.847,2025,Export
GBR,United Kingdom,GTM,Guatemala,energy,27,"Mineral fuels, mineral oils and products of their distillation; bituminous substances; mineral waxes",314632.764,2025,Export
GBR,United Kingdom,GTM,Guatemala,energy,27,"Mineral fuels, mineral oils and products of their distillation; bituminous substances; mineral waxes",314632.764,2025,Export
GBR,United Kingdom,GUY,Guyana,energy,27,"Mineral fuels, mineral oils and products of their distillation; bituminous substances; mineral waxes",336558.267,2025,Export
GBR,United Kingdom,GUY,Guyana,energy,27,"Mineral fuels, mineral oils and products of their distillation; bituminous substances; mineral waxes",336558.267,2025,Export
GBR,United Kingdom,HKG,"China, Hong Kong SAR",energy,27,"Mineral fuels, mineral oils and products of their distillation; bituminous substances; mineral waxes",1228328.831,2025,Export
GBR,United Kingdom,HKG,"China, Hong Kong SAR",energy,27,"Mineral fuels, mineral oils and products of their distillation; bituminous substances; mineral waxes",1228328.831,2025,Export
GBR,United Kingdom,HND,Honduras,energy,27,"Mineral fuels, mineral oils and products of their distillation; bituminous substances; mineral waxes",788978.791,2025,Export
GBR,United Kingdom,HND,Honduras,energy,27,"Mineral fuels, mineral oils and products of their distillation; bituminous substances; mineral waxes",788978.791,2025,Export
GBR,United Kingdom,HRV,Croatia,energy,27,"Mineral fuels, mineral oils and products of their distillation; bituminous substances; mineral waxes",916925.187,2025,Export
GBR,United Kingdom,HRV,Croatia,energy,27,"Mineral fuels, mineral oils and products of their distillation; bituminous substances; mineral waxes",916925.187,2025,Export
GBR,United Kingdom,HUN,Hungary,energy,27,"Mineral fuels, mineral oils and products of their distillation; bituminous substances; mineral waxes",3706744.207,2025,Export
GBR,United Kingdom,HUN,Hungary,energy,27,"Mineral fuels, mineral oils and products of their distillation; bituminous substances; mineral waxes",75953.887,2025,Export
GBR,United Kingdom,HUN,Hungary,energy,27,"Mineral fuels, mineral oils and products of their distillation; bituminous substances; mineral waxes",3630790.32,2025,Export
GBR,United Kingdom,IDN,Indonesia,energy,27,"Mineral fuels, mineral oils and products of their distillation; bituminous substances; mineral waxes",1189567.578,2025,Export
GBR,United Kingdom,IDN,Indonesia,energy,27,"Mineral fuels, mineral oils and products of their distillation; bituminous substances; mineral waxes",1189567.578,2025,Export
GBR,United Kingdom,IND,India,energy,27,"Mineral fuels, mineral oils and products of their distillation; bituminous substances; mineral waxes",87479026.387,2025,Export
GBR,United Kingdom,IND,India,energy,27,"Mineral fuels, mineral oils and products of their distillation; bituminous substances; mineral waxes",87483758.213,2025,Export
GBR,United Kingdom,IND,India,energy,27,"Mineral fuels, mineral oils and products of their distillation; bituminous substances; mineral waxes",4731.826,2025,Export
GBR,United Kingdom,IRL,Ireland,energy,27,"Mineral fuels, mineral oils and products of their distillation; bituminous substances; mineral waxes",4233699142.652,2025,Export
GBR,United Kingdom,IRL,Ireland,energy,27,"Mineral fuels, mineral oils and products of their distillation; bituminous substances; mineral waxes",4233699142.652,2025,Export
GBR,United Kingdom,IRQ,Iraq,energy,27,"Mineral fuels, mineral oils and products of their distillation; bituminous substances; mineral waxes",47545836.959,2025,Export
GBR,United Kingdom,IRQ,Iraq,energy,27,"Mineral fuels, mineral oils and products of their distillation; bituminous substances; mineral waxes",47545836.959,2025,Export
GBR,United Kingdom,ISL,Iceland,energy,27,"Mineral fuels, mineral oils and products of their distillation; bituminous substances; mineral waxes",33127600.079,2025,Export
GBR,United Kingdom,ISL,Iceland,energy,27,"Mineral fuels, mineral oils and products of their distillation; bituminous substances; mineral waxes",33127600.079,2025,Export
GBR,United Kingdom,ISR,Israel,energy,27,"Mineral fuels, mineral oils and products of their distillation; bituminous substances; mineral waxes",5434888.64,2025,Export
GBR,United Kingdom,ISR,Israel,energy,27,"Mineral fuels, mineral oils and products of their distillation; bituminous substances; mineral waxes",5434888.64,2025,Export
GBR,United Kingdom,ITA,Italy,energy,27,"Mineral fuels, mineral oils and products of their distillation; bituminous substances; mineral waxes",273316.514,2025,Export
GBR,United Kingdom,ITA,Italy,energy,27,"Mineral fuels, mineral oils and products of their distillation; bituminous substances; mineral waxes",230358907.884,2025,Export
GBR,United Kingdom,ITA,Italy,energy,27,"Mineral fuels, mineral oils and products of their distillation; bituminous substances; mineral waxes",230085591.37,2025,Export
GBR,United Kingdom,JAM,Jamaica,energy,27,"Mineral fuels, mineral oils and products of their distillation; bituminous substances; mineral waxes",609038.954,2025,Export
GBR,United Kingdom,JAM,Jamaica,energy,27,"Mineral fuels, mineral oils and products of their distillation; bituminous substances; mineral waxes",609038.954,2025,Export
GBR,United Kingdom,JOR,Jordan,energy,27,"Mineral fuels, mineral oils and products of their distillation; bituminous substances; mineral waxes",4061170.533,2025,Export
GBR,United Kingdom,JOR,Jordan,energy,27,"Mineral fuels, mineral oils and products of their distillation; bituminous substances; mineral waxes",4061170.533,2025,Export
GBR,United Kingdom,JPN,Japan,energy,27,"Mineral fuels, mineral oils and products of their distillation; bituminous substances; mineral waxes",11982240.025,2025,Export
GBR,United Kingdom,JPN,Japan,energy,27,"Mineral fuels, mineral oils and products of their distillation; bituminous substances; mineral waxes",104.53,2025,Export
GBR,United Kingdom,JPN,Japan,energy,27,"Mineral fuels, mineral oils and products of their distillation; bituminous substances; mineral waxes",11982344.555,2025,Export
GBR,United Kingdom,KAZ,Kazakhstan,energy,27,"Mineral fuels, mineral oils and products of their distillation; bituminous substances; mineral waxes",508480.076,2025,Export
GBR,United Kingdom,KAZ,Kazakhstan,energy,27,"Mineral fuels, mineral oils and products of their distillation; bituminous substances; mineral waxes",2012211.331,2025,Export
GBR,United Kingdom,KAZ,Kazakhstan,energy,27,"Mineral fuels, mineral oils and products of their distillation; bituminous substances; mineral waxes",1503731.254,2025,Export
GBR,United Kingdom,KEN,Kenya,energy,27,"Mineral fuels, mineral oils and products of their distillation; bituminous substances; mineral waxes",27496547.636,2025,Export
GBR,United Kingdom,KEN,Kenya,energy,27,"Mineral fuels, mineral oils and products of their distillation; bituminous substances; mineral waxes",27496547.636,2025,Export
GBR,United Kingdom,KGZ,Kyrgyzstan,energy,27,"Mineral fuels, mineral oils and products of their distillation; bituminous substances; mineral waxes",9067.02,2025,Export
GBR,United Kingdom,KGZ,Kyrgyzstan,energy,27,"Mineral fuels, mineral oils and products of their distillation; bituminous substances; mineral waxes",9067.02,2025,Export
GBR,United Kingdom,KHM,Cambodia,energy,27,"Mineral fuels, mineral oils and products of their distillation; bituminous substances; mineral waxes",76257.275,2025,Export
GBR,United Kingdom,KHM,Cambodia,energy,27,"Mineral fuels, mineral oils and products of their distillation; bituminous substances; mineral waxes",76257.275,2025,Export
GBR,United Kingdom,KNA,Saint Kitts and Nevis,energy,27,"Mineral fuels, mineral oils and products of their distillation; bituminous substances; mineral waxes",1.344,2025,Export
GBR,United Kingdom,KNA,Saint Kitts and Nevis,energy,27,"Mineral fuels, mineral oils and products of their distillation; bituminous substances; mineral waxes",1.344,2025,Export
GBR,United Kingdom,KOR,Rep. of Korea,energy,27,"Mineral fuels, mineral oils and products of their distillation; bituminous substances; mineral waxes",45492.509,2025,Export
GBR,United Kingdom,KOR,Rep. of Korea,energy,27,"Mineral fuels, mineral oils and products of their distillation; bituminous substances; mineral waxes",305991036.253,2025,Export
GBR,United Kingdom,KOR,Rep. of Korea,energy,27,"Mineral fuels, mineral oils and products of their distillation; bituminous substances; mineral waxes",306036528.763,2025,Export
GBR,United Kingdom,KWT,Kuwait,energy,27,"Mineral fuels, mineral oils and products of their distillation; bituminous substances; mineral waxes",802158.731,2025,Export
GBR,United Kingdom,KWT,Kuwait,energy,27,"Mineral fuels, mineral oils and products of their distillation; bituminous substances; mineral waxes",430224.085,2025,Export
GBR,United Kingdom,KWT,Kuwait,energy,27,"Mineral fuels, mineral oils and products of their distillation; bituminous substances; mineral waxes",371934.646,2025,Export
GBR,United Kingdom,LBN,Lebanon,energy,27,"Mineral fuels, mineral oils and products of their distillation; bituminous substances; mineral waxes",3191731.605,2025,Export
GBR,United Kingdom,LBN,Lebanon,energy,27,"Mineral fuels, mineral oils and products of their distillation; bituminous substances; mineral waxes",3191731.605,2025,Export
GBR,United Kingdom,LBR,Liberia,energy,27,"Mineral fuels, mineral oils and products of their distillation; bituminous substances; mineral waxes",12586.579,2025,Export
GBR,United Kingdom,LBR,Liberia,energy,27,"Mineral fuels, mineral oils and products of their distillation; bituminous substances; mineral waxes",12586.579,2025,Export
GBR,United Kingdom,LBY,Libya,energy,27,"Mineral fuels, mineral oils and products of their distillation; bituminous substances; mineral waxes",3730500.526,2025,Export
GBR,United Kingdom,LBY,Libya,energy,27,"Mineral fuels, mineral oils and products of their distillation; bituminous substances; mineral waxes",3730500.526,2025,Export
GBR,United Kingdom,LCA,Saint Lucia,energy,27,"Mineral fuels, mineral oils and products of their distillation; bituminous substances; mineral waxes",27266744.291,2025,Export
GBR,United Kingdom,LCA,Saint Lucia,energy,27,"Mineral fuels, mineral oils and products of their distillation; bituminous substances; mineral waxes",27266744.291,2025,Export
GBR,United Kingdom,LKA,Sri Lanka,energy,27,"Mineral fuels, mineral oils and products of their distillation; bituminous substances; mineral waxes",489365.339,2025,Export
GBR,United Kingdom,LKA,Sri Lanka,energy,27,"Mineral fuels, mineral oils and products of their distillation; bituminous substances; mineral waxes",489365.339,2025,Export
GBR,United Kingdom,LTU,Lithuania,energy,27,"Mineral fuels, mineral oils and products of their distillation; bituminous substances; mineral waxes",653968981.093,2025,Export
GBR,United Kingdom,LTU,Lithuania,energy,27,"Mineral fuels, mineral oils and products of their distillation; bituminous substances; mineral waxes",653968981.093,2025,Export
GBR,United Kingdom,LUX,Luxembourg,energy,27,"Mineral fuels, mineral oils and products of their distillation; bituminous substances; mineral waxes",13269.842,2025,Export
GBR,United Kingdom,LUX,Luxembourg,energy,27,"Mineral fuels, mineral oils and products of their distillation; bituminous substances; mineral waxes",13269.842,2025,Export
GBR,United Kingdom,LVA,Latvia,energy,27,"Mineral fuels, mineral oils and products of their distillation; bituminous substances; mineral waxes",80918736.402,2025,Export
GBR,United Kingdom,LVA,Latvia,energy,27,"Mineral fuels, mineral oils and products of their distillation; bituminous substances; mineral waxes",80918736.402,2025,Export
GBR,United Kingdom,MAC,"China, Macao SAR",energy,27,"Mineral fuels, mineral oils and products of their distillation; bituminous substances; mineral waxes",73899.573,2025,Export
GBR,United Kingdom,MAC,"China, Macao SAR",energy,27,"Mineral fuels, mineral oils and products of their distillation; bituminous substances; mineral waxes",73899.573,2025,Export
GBR,United Kingdom,MAR,Morocco,energy,27,"Mineral fuels, mineral oils and products of their distillation; bituminous substances; mineral waxes",356367468.393,2025,Export
GBR,United Kingdom,MAR,Morocco,energy,27,"Mineral fuels, mineral oils and products of their distillation; bituminous substances; mineral waxes",356367468.393,2025,Export
GBR,United Kingdom,MDA,Rep. of Moldova,energy,27,"Mineral fuels, mineral oils and products of their distillation; bituminous substances; mineral waxes",23884.767,2025,Export
GBR,United Kingdom,MDA,Rep. of Moldova,energy,27,"Mineral fuels, mineral oils and products of their distillation; bituminous substances; mineral waxes",23884.767,2025,Export
GBR,United Kingdom,MDG,Madagascar,energy,27,"Mineral fuels, mineral oils and products of their distillation; bituminous substances; mineral waxes",2069.521,2025,Export
GBR,United Kingdom,MDG,Madagascar,energy,27,"Mineral fuels, mineral oils and products of their distillation; bituminous substances; mineral waxes",2069.521,2025,Export
GBR,United Kingdom,MDV,Maldives,energy,27,"Mineral fuels, mineral oils and products of their distillation; bituminous substances; mineral waxes",32773.246,2025,Export
GBR,United Kingdom,MDV,Maldives,energy,27,"Mineral fuels, mineral oils and products of their distillation; bituminous substances; mineral waxes",32773.246,2025,Export
GBR,United Kingdom,MEX,Mexico,energy,27,"Mineral fuels, mineral oils and products of their distillation; bituminous substances; mineral waxes",262724.341,2025,Export
GBR,United Kingdom,MEX,Mexico,energy,27,"Mineral fuels, mineral oils and products of their distillation; bituminous substances; mineral waxes",33.761,2025,Export
GBR,United Kingdom,MEX,Mexico,energy,27,"Mineral fuels, mineral oils and products of their distillation; bituminous substances; mineral waxes",262758.102,2025,Export
GBR,United Kingdom,MHL,Marshall Isds,energy,27,"Mineral fuels, mineral oils and products of their distillation; bituminous substances; mineral waxes",914232.557,2025,Export
GBR,United Kingdom,MHL,Marshall Isds,energy,27,"Mineral fuels, mineral oils and products of their distillation; bituminous substances; mineral waxes",914232.557,2025,Export
GBR,United Kingdom,MLT,Malta,energy,27,"Mineral fuels, mineral oils and products of their distillation; bituminous substances; mineral waxes",54193209.47,2025,Export
GBR,United Kingdom,MLT,Malta,energy,27,"Mineral fuels, mineral oils and products of their distillation; bituminous substances; mineral waxes",54193209.47,2025,Export
GBR,United Kingdom,MMR,Myanmar,energy,27,"Mineral fuels, mineral oils and products of their distillation; bituminous substances; mineral waxes",12691.053,2025,Export
GBR,United Kingdom,MMR,Myanmar,energy,27,"Mineral fuels, mineral oils and products of their distillation; bituminous substances; mineral waxes",12691.053,2025,Export
GBR,United Kingdom,MNG,Mongolia,energy,27,"Mineral fuels, mineral oils and products of their distillation; bituminous substances; mineral waxes",231265.939,2025,Export
GBR,United Kingdom,MNG,Mongolia,energy,27,"Mineral fuels, mineral oils and products of their distillation; bituminous substances; mineral waxes",231265.939,2025,Export
GBR,United Kingdom,MOZ,Mozambique,energy,27,"Mineral fuels, mineral oils and products of their distillation; bituminous substances; mineral waxes",44113.173,2025,Export
GBR,United Kingdom,MOZ,Mozambique,energy,27,"Mineral fuels, mineral oils and products of their distillation; bituminous substances; mineral waxes",44113.173,2025,Export
GBR,United Kingdom,MRT,Mauritania,energy,27,"Mineral fuels, mineral oils and products of their distillation; bituminous substances; mineral waxes",2943821.336,2025,Export
GBR,United Kingdom,MRT,Mauritania,energy,27,"Mineral fuels, mineral oils and products of their distillation; bituminous substances; mineral waxes",2943821.336,2025,Export
GBR,United Kingdom,MUS,Mauritius,energy,27,"Mineral fuels, mineral oils and products of their distillation; bituminous substances; mineral waxes",100260.782,2025,Export
GBR,United Kingdom,MUS,Mauritius,energy,27,"Mineral fuels, mineral oils and products of their distillation; bituminous substances; mineral waxes",100260.782,2025,Export
GBR,United Kingdom,MYS,Malaysia,energy,27,"Mineral fuels, mineral oils and products of their distillation; bituminous substances; mineral waxes",4302518.959,2025,Export
GBR,United Kingdom,MYS,Malaysia,energy,27,"Mineral fuels, mineral oils and products of their distillation; bituminous substances; mineral waxes",4302518.959,2025,Export
GBR,United Kingdom,NAM,Namibia,energy,27,"Mineral fuels, mineral oils and products of their distillation; bituminous substances; mineral waxes",815485.608,2025,Export
GBR,United Kingdom,NAM,Namibia,energy,27,"Mineral fuels, mineral oils and products of their distillation; bituminous substances; mineral waxes",815485.608,2025,Export
GBR,United Kingdom,NCL,New Caledonia,energy,27,"Mineral fuels, mineral oils and products of their distillation; bituminous substances; mineral waxes",4677.907,2025,Export
GBR,United Kingdom,NCL,New Caledonia,energy,27,"Mineral fuels, mineral oils and products of their distillation; bituminous substances; mineral waxes",4677.907,2025,Export
GBR,United Kingdom,NGA,Nigeria,energy,27,"Mineral fuels, mineral oils and products of their distillation; bituminous substances; mineral waxes",1071728907.421,2025,Export
GBR,United Kingdom,NGA,Nigeria,energy,27,"Mineral fuels, mineral oils and products of their distillation; bituminous substances; mineral waxes",1071728907.421,2025,Export
GBR,United Kingdom,NIC,Nicaragua,energy,27,"Mineral fuels, mineral oils and products of their distillation; bituminous substances; mineral waxes",5888308.99,2025,Export
GBR,United Kingdom,NIC,Nicaragua,energy,27,"Mineral fuels, mineral oils and products of their distillation; bituminous substances; mineral waxes",45.907,2025,Export
GBR,United Kingdom,NIC,Nicaragua,energy,27,"Mineral fuels, mineral oils and products of their distillation; bituminous substances; mineral waxes",6085816.374,2025,Export
GBR,United Kingdom,NIC,Nicaragua,energy,27,"Mineral fuels, mineral oils and products of their distillation; bituminous substances; mineral waxes",195477.258,2025,Export
GBR,United Kingdom,NIC,Nicaragua,energy,27,"Mineral fuels, mineral oils and products of their distillation; bituminous substances; mineral waxes",1877.096,2025,Export
GBR,United Kingdom,NIC,Nicaragua,energy,27,"Mineral fuels, mineral oils and products of their distillation; bituminous substances; mineral waxes",107.123,2025,Export
GBR,United Kingdom,NLD,Netherlands,energy,27,"Mineral fuels, mineral oils and products of their distillation; bituminous substances; mineral waxes",935218.012,2025,Export
GBR,United Kingdom,NLD,Netherlands,energy,27,"Mineral fuels, mineral oils and products of their distillation; bituminous substances; mineral waxes",10775002016.723,2025,Export
GBR,United Kingdom,NLD,Netherlands,energy,27,"Mineral fuels, mineral oils and products of their distillation; bituminous substances; mineral waxes",10775937234.736,2025,Export
GBR,United Kingdom,NOR,Norway,energy,27,"Mineral fuels, mineral oils and products of their distillation; bituminous substances; mineral waxes",159238600.484,2025,Export
GBR,United Kingdom,NOR,Norway,energy,27,"Mineral fuels, mineral oils and products of their distillation; bituminous substances; mineral waxes",159238600.484,2025,Export
GBR,United Kingdom,NZL,New Zealand,energy,27,"Mineral fuels, mineral oils and products of their distillation; bituminous substances; mineral waxes",1787086.626,2025,Export
GBR,United Kingdom,NZL,New Zealand,energy,27,"Mineral fuels, mineral oils and products of their distillation; bituminous substances; mineral waxes",1787086.626,2025,Export
GBR,United Kingdom,OMN,Oman,energy,27,"Mineral fuels, mineral oils and products of their distillation; bituminous substances; mineral waxes",1303947.194,2025,Export
GBR,United Kingdom,OMN,Oman,energy,27,"Mineral fuels, mineral oils and products of their distillation; bituminous substances; mineral waxes",1303947.194,2025,Export
GBR,United Kingdom,PAK,Pakistan,energy,27,"Mineral fuels, mineral oils and products of their distillation; bituminous substances; mineral waxes",1043659.233,2025,Export
GBR,United Kingdom,PAK,Pakistan,energy,27,"Mineral fuels, mineral oils and products of their distillation; bituminous substances; mineral waxes",1043659.233,2025,Export
GBR,United Kingdom,PAN,Panama,energy,27,"Mineral fuels, mineral oils and products of their distillation; bituminous substances; mineral waxes",35257826.183,2025,Export
GBR,United Kingdom,PAN,Panama,energy,27,"Mineral fuels, mineral oils and products of their distillation; bituminous substances; mineral waxes",35257826.183,2025,Export
GBR,United Kingdom,PER,Peru,energy,27,"Mineral fuels, mineral oils and products of their distillation; bituminous substances; mineral waxes",362910.976,2025,Export
GBR,United Kingdom,PER,Peru,energy,27,"Mineral fuels, mineral oils and products of their distillation; bituminous substances; mineral waxes",362910.976,2025,Export
GBR,United Kingdom,PHL,Philippines,energy,27,"Mineral fuels, mineral oils and products of their distillation; bituminous substances; mineral waxes",456077.915,2025,Export
GBR,United Kingdom,PHL,Philippines,energy,27,"Mineral fuels, mineral oils and products of their distillation; bituminous substances; mineral waxes",456077.915,2025,Export
GBR,United Kingdom,PNG,Papua New Guinea,energy,27,"Mineral fuels, mineral oils and products of their distillation; bituminous substances; mineral waxes",107014.128,2025,Export
GBR,United Kingdom,PNG,Papua New Guinea,energy,27,"Mineral fuels, mineral oils and products of their distillation; bituminous substances; mineral waxes",107014.128,2025,Export
GBR,United Kingdom,POL,Poland,energy,27,"Mineral fuels, mineral oils and products of their distillation; bituminous substances; mineral waxes",3567246584.913,2025,Export
GBR,United Kingdom,POL,Poland,energy,27,"Mineral fuels, mineral oils and products of their distillation; bituminous substances; mineral waxes",3567236895.786,2025,Export
GBR,United Kingdom,POL,Poland,energy,27,"Mineral fuels, mineral oils and products of their distillation; bituminous substances; mineral waxes",9689.127,2025,Export
GBR,United Kingdom,PRT,Portugal,energy,27,"Mineral fuels, mineral oils and products of their distillation; bituminous substances; mineral waxes",33984438.389,2025,Export
GBR,United Kingdom,PRT,Portugal,energy,27,"Mineral fuels, mineral oils and products of their distillation; bituminous substances; mineral waxes",33984438.389,2025,Export
GBR,United Kingdom,PRY,Paraguay,energy,27,"Mineral fuels, mineral oils and products of their distillation; bituminous substances; mineral waxes",10298.996,2025,Export
GBR,United Kingdom,PRY,Paraguay,energy,27,"Mineral fuels, mineral oils and products of their distillation; bituminous substances; mineral waxes",10298.996,2025,Export
GBR,United Kingdom,QAT,Qatar,energy,27,"Mineral fuels, mineral oils and products of their distillation; bituminous substances; mineral waxes",3151778.872,2025,Export
GBR,United Kingdom,QAT,Qatar,energy,27,"Mineral fuels, mineral oils and products of their distillation; bituminous substances; mineral waxes",3151778.872,2025,Export
GBR,United Kingdom,ROU,Romania,energy,27,"Mineral fuels, mineral oils and products of their distillation; bituminous substances; mineral waxes",5853306.81,2025,Export
GBR,United Kingdom,ROU,Romania,energy,27,"Mineral fuels, mineral oils and products of their distillation; bituminous substances; mineral waxes",5853306.81,2025,Export
GBR,United Kingdom,RUS,Russian Federation,energy,27,"Mineral fuels, mineral oils and products of their distillation; bituminous substances; mineral waxes",10309.032,2025,Export
GBR,United Kingdom,RUS,Russian Federation,energy,27,"Mineral fuels, mineral oils and products of their distillation; bituminous substances; mineral waxes",10309.032,2025,Export
GBR,United Kingdom,RWA,Rwanda,energy,27,"Mineral fuels, mineral oils and products of their distillation; bituminous substances; mineral waxes",1674.493,2025,Export
GBR,United Kingdom,RWA,Rwanda,energy,27,"Mineral fuels, mineral oils and products of their distillation; bituminous substances; mineral waxes",1674.493,2025,Export
GBR,United Kingdom,S19,"Other Asia, nes",energy,27,"Mineral fuels, mineral oils and products of their distillation; bituminous substances; mineral waxes",624.252,2025,Export
GBR,United Kingdom,S19,"Other Asia, nes",energy,27,"Mineral fuels, mineral oils and products of their distillation; bituminous substances; mineral waxes",3306117.83,2025,Export
GBR,United Kingdom,S19,"Other Asia, nes",energy,27,"Mineral fuels, mineral oils and products of their distillation; bituminous substances; mineral waxes",3306742.082,2025,Export
GBR,United Kingdom,SAU,Saudi Arabia,energy,27,"Mineral fuels, mineral oils and products of their distillation; bituminous substances; mineral waxes",14727402.498,2025,Export
GBR,United Kingdom,SAU,Saudi Arabia,energy,27,"Mineral fuels, mineral oils and products of their distillation; bituminous substances; mineral waxes",235093.502,2025,Export
GBR,United Kingdom,SAU,Saudi Arabia,energy,27,"Mineral fuels, mineral oils and products of their distillation; bituminous substances; mineral waxes",14962496.0,2025,Export
GBR,United Kingdom,SDN,Sudan,energy,27,"Mineral fuels, mineral oils and products of their distillation; bituminous substances; mineral waxes",27063.578,2025,Export
GBR,United Kingdom,SDN,Sudan,energy,27,"Mineral fuels, mineral oils and products of their distillation; bituminous substances; mineral waxes",27063.578,2025,Export
GBR,United Kingdom,SEN,Senegal,energy,27,"Mineral fuels, mineral oils and products of their distillation; bituminous substances; mineral waxes",246391202.108,2025,Export
GBR,United Kingdom,SEN,Senegal,energy,27,"Mineral fuels, mineral oils and products of their distillation; bituminous substances; mineral waxes",246391202.108,2025,Export
GBR,United Kingdom,SGP,Singapore,energy,27,"Mineral fuels, mineral oils and products of their distillation; bituminous substances; mineral waxes",53265383.493,2025,Export
GBR,United Kingdom,SGP,Singapore,energy,27,"Mineral fuels, mineral oils and products of their distillation; bituminous substances; mineral waxes",53265383.493,2025,Export
GBR,United Kingdom,SHN,Saint Helena,energy,27,"Mineral fuels, mineral oils and products of their distillation; bituminous substances; mineral waxes",1436161.042,2025,Export
GBR,United Kingdom,SHN,Saint Helena,energy,27,"Mineral fuels, mineral oils and products of their distillation; bituminous substances; mineral waxes",1436161.042,2025,Export
GBR,United Kingdom,SLB,Solomon Isds,energy,27,"Mineral fuels, mineral oils and products of their distillation; bituminous substances; mineral waxes",3657.092,2025,Export
GBR,United Kingdom,SLB,Solomon Isds,energy,27,"Mineral fuels, mineral oils and products of their distillation; bituminous substances; mineral waxes",3657.092,2025,Export
GBR,United Kingdom,SLE,Sierra Leone,energy,27,"Mineral fuels, mineral oils and products of their distillation; bituminous substances; mineral waxes",1275431.871,2025,Export
GBR,United Kingdom,SLE,Sierra Leone,energy,27,"Mineral fuels, mineral oils and products of their distillation; bituminous substances; mineral waxes",1275431.871,2025,Export
GBR,United Kingdom,SLV,El Salvador,energy,27,"Mineral fuels, mineral oils and products of their distillation; bituminous substances; mineral waxes",55719.095,2025,Export
GBR,United Kingdom,SLV,El Salvador,energy,27,"Mineral fuels, mineral oils and products of their distillation; bituminous substances; mineral waxes",55719.095,2025,Export
GBR,United Kingdom,SOM,Somalia,energy,27,"Mineral fuels, mineral oils and products of their distillation; bituminous substances; mineral waxes",1611.095,2025,Export
GBR,United Kingdom,SOM,Somalia,energy,27,"Mineral fuels, mineral oils and products of their distillation; bituminous substances; mineral waxes",1611.095,2025,Export
GBR,United Kingdom,SRB,Serbia,energy,27,"Mineral fuels, mineral oils and products of their distillation; bituminous substances; mineral waxes",1158095.016,2025,Export
GBR,United Kingdom,SRB,Serbia,energy,27,"Mineral fuels, mineral oils and products of their distillation; bituminous substances; mineral waxes",1158095.016,2025,Export
GBR,United Kingdom,SSD,South Sudan,energy,27,"Mineral fuels, mineral oils and products of their distillation; bituminous substances; mineral waxes",4300.679,2025,Export
GBR,United Kingdom,SSD,South Sudan,energy,27,"Mineral fuels, mineral oils and products of their distillation; bituminous substances; mineral waxes",4300.679,2025,Export
GBR,United Kingdom,SUR,Suriname,energy,27,"Mineral fuels, mineral oils and products of their distillation; bituminous substances; mineral waxes",146211.71,2025,Export
GBR,United Kingdom,SUR,Suriname,energy,27,"Mineral fuels, mineral oils and products of their distillation; bituminous substances; mineral waxes",146211.71,2025,Export
GBR,United Kingdom,SVK,Slovakia,energy,27,"Mineral fuels, mineral oils and products of their distillation; bituminous substances; mineral waxes",818577.151,2025,Export
GBR,United Kingdom,SVK,Slovakia,energy,27,"Mineral fuels, mineral oils and products of their distillation; bituminous substances; mineral waxes",818577.151,2025,Export
GBR,United Kingdom,SVN,Slovenia,energy,27,"Mineral fuels, mineral oils and products of their distillation; bituminous substances; mineral waxes",6687929.41,2025,Export
GBR,United Kingdom,SVN,Slovenia,energy,27,"Mineral fuels, mineral oils and products of their distillation; bituminous substances; mineral waxes",6687929.41,2025,Export
GBR,United Kingdom,SWE,Sweden,energy,27,"Mineral fuels, mineral oils and products of their distillation; bituminous substances; mineral waxes",2126.859,2025,Export
GBR,United Kingdom,SWE,Sweden,energy,27,"Mineral fuels, mineral oils and products of their distillation; bituminous substances; mineral waxes",1318017742.534,2025,Export
GBR,United Kingdom,SWE,Sweden,energy,27,"Mineral fuels, mineral oils and products of their distillation; bituminous substances; mineral waxes",1318019869.392,2025,Export
GBR,United Kingdom,SYC,Seychelles,energy,27,"Mineral fuels, mineral oils and products of their distillation; bituminous substances; mineral waxes",197788.195,2025,Export
GBR,United Kingdom,SYC,Seychelles,energy,27,"Mineral fuels, mineral oils and products of their distillation; bituminous substances; mineral waxes",197788.195,2025,Export
GBR,United Kingdom,TGO,Togo,energy,27,"Mineral fuels, mineral oils and products of their distillation; bituminous substances; mineral waxes",42237205.883,2025,Export
GBR,United Kingdom,TGO,Togo,energy,27,"Mineral fuels, mineral oils and products of their distillation; bituminous substances; mineral waxes",42237205.883,2025,Export
GBR,United Kingdom,THA,Thailand,energy,27,"Mineral fuels, mineral oils and products of their distillation; bituminous substances; mineral waxes",2716777.231,2025,Export
GBR,United Kingdom,THA,Thailand,energy,27,"Mineral fuels, mineral oils and products of their distillation; bituminous substances; mineral waxes",2716777.231,2025,Export
GBR,United Kingdom,TKM,Turkmenistan,energy,27,"Mineral fuels, mineral oils and products of their distillation; bituminous substances; mineral waxes",250409.522,2025,Export
GBR,United Kingdom,TKM,Turkmenistan,energy,27,"Mineral fuels, mineral oils and products of their distillation; bituminous substances; mineral waxes",250409.522,2025,Export
GBR,United Kingdom,TTO,Trinidad and Tobago,energy,27,"Mineral fuels, mineral oils and products of their distillation; bituminous substances; mineral waxes",125536124.662,2025,Export
GBR,United Kingdom,TTO,Trinidad and Tobago,energy,27,"Mineral fuels, mineral oils and products of their distillation; bituminous substances; mineral waxes",125536124.662,2025,Export
GBR,United Kingdom,TUN,Tunisia,energy,27,"Mineral fuels, mineral oils and products of their distillation; bituminous substances; mineral waxes",42324825.39,2025,Export
GBR,United Kingdom,TUN,Tunisia,energy,27,"Mineral fuels, mineral oils and products of their distillation; bituminous substances; mineral waxes",42324825.39,2025,Export
GBR,United Kingdom,TUR,Türkiye,energy,27,"Mineral fuels, mineral oils and products of their distillation; bituminous substances; mineral waxes",10883843.587,2025,Export
GBR,United Kingdom,TUR,Türkiye,energy,27,"Mineral fuels, mineral oils and products of their distillation; bituminous substances; mineral waxes",340.014,2025,Export
GBR,United Kingdom,TUR,Türkiye,energy,27,"Mineral fuels, mineral oils and products of their distillation; bituminous substances; mineral waxes",10883503.574,2025,Export
GBR,United Kingdom,TZA,United Rep. of Tanzania,energy,27,"Mineral fuels, mineral oils and products of their distillation; bituminous substances; mineral waxes",3193536.424,2025,Export
GBR,United Kingdom,TZA,United Rep. of Tanzania,energy,27,"Mineral fuels, mineral oils and products of their distillation; bituminous substances; mineral waxes",3193536.424,2025,Export
GBR,United Kingdom,UGA,Uganda,energy,27,"Mineral fuels, mineral oils and products of their distillation; bituminous substances; mineral waxes",8468.752,2025,Export
GBR,United Kingdom,UGA,Uganda,energy,27,"Mineral fuels, mineral oils and products of their distillation; bituminous substances; mineral waxes",8468.752,2025,Export
GBR,United Kingdom,UKR,Ukraine,energy,27,"Mineral fuels, mineral oils and products of their distillation; bituminous substances; mineral waxes",9767575.834,2025,Export
GBR,United Kingdom,UKR,Ukraine,energy,27,"Mineral fuels, mineral oils and products of their distillation; bituminous substances; mineral waxes",9767575.834,2025,Export
GBR,United Kingdom,URY,Uruguay,energy,27,"Mineral fuels, mineral oils and products of their distillation; bituminous substances; mineral waxes",219298.909,2025,Export
GBR,United Kingdom,URY,Uruguay,energy,27,"Mineral fuels, mineral oils and products of their distillation; bituminous substances; mineral waxes",219298.909,2025,Export
GBR,United Kingdom,USA,USA,energy,27,"Mineral fuels, mineral oils and products of their distillation; bituminous substances; mineral waxes",36732488.968,2025,Export
GBR,United Kingdom,USA,USA,energy,27,"Mineral fuels, mineral oils and products of their distillation; bituminous substances; mineral waxes",1529308454.45,2025,Export
GBR,United Kingdom,USA,USA,energy,27,"Mineral fuels, mineral oils and products of their distillation; bituminous substances; mineral waxes",6215011.445,2025,Export
GBR,United Kingdom,USA,USA,energy,27,"Mineral fuels, mineral oils and products of their distillation; bituminous substances; mineral waxes",1572255954.863,2025,Export
GBR,United Kingdom,UZB,Uzbekistan,energy,27,"Mineral fuels, mineral oils and products of their distillation; bituminous substances; mineral waxes",133320.695,2025,Export
GBR,United Kingdom,UZB,Uzbekistan,energy,27,"Mineral fuels, mineral oils and products of their distillation; bituminous substances; mineral waxes",133320.695,2025,Export
GBR,United Kingdom,VCT,Saint Vincent and the Grenadines,energy,27,"Mineral fuels, mineral oils and products of their distillation; bituminous substances; mineral waxes",966086.63,2025,Export
GBR,United Kingdom,VCT,Saint Vincent and the Grenadines,energy,27,"Mineral fuels, mineral oils and products of their distillation; bituminous substances; mineral waxes",966086.63,2025,Export
GBR,United Kingdom,VEN,Venezuela,energy,27,"Mineral fuels, mineral oils and products of their distillation; bituminous substances; mineral waxes",64408.554,2025,Export
GBR,United Kingdom,VEN,Venezuela,energy,27,"Mineral fuels, mineral oils and products of their distillation; bituminous substances; mineral waxes",64408.554,2025,Export
GBR,United Kingdom,VGB,Br. Virgin Isds,energy,27,"Mineral fuels, mineral oils and products of their distillation; bituminous substances; mineral waxes",114681.025,2025,Export
GBR,United Kingdom,VGB,Br. Virgin Isds,energy,27,"Mineral fuels, mineral oils and products of their distillation; bituminous substances; mineral waxes",114681.025,2025,Export
GBR,United Kingdom,VNM,Viet Nam,energy,27,"Mineral fuels, mineral oils and products of their distillation; bituminous substances; mineral waxes",1752267.525,2025,Export
GBR,United Kingdom,VNM,Viet Nam,energy,27,"Mineral fuels, mineral oils and products of their distillation; bituminous substances; mineral waxes",1752267.525,2025,Export
GBR,United Kingdom,W00,World,energy,27,"Mineral fuels, mineral oils and products of their distillation; bituminous substances; mineral waxes",6606914.093,2025,Export
GBR,United Kingdom,W00,World,energy,27,"Mineral fuels, mineral oils and products of their distillation; bituminous substances; mineral waxes",6687929.41,2025,Export
GBR,United Kingdom,W00,World,energy,27,"Mineral fuels, mineral oils and products of their distillation; bituminous substances; mineral waxes",171380810.4,2025,Export
GBR,United Kingdom,W00,World,energy,27,"Mineral fuels, mineral oils and products of their distillation; bituminous substances; mineral waxes",4970.038,2025,Export
GBR,United Kingdom,W00,World,energy,27,"Mineral fuels, mineral oils and products of their distillation; bituminous substances; mineral waxes",4300.679,2025,Export
GBR,United Kingdom,W00,World,energy,27,"Mineral fuels, mineral oils and products of their distillation; bituminous substances; mineral waxes",1.344,2025,Export
GBR,United Kingdom,W00,World,energy,27,"Mineral fuels, mineral oils and products of their distillation; bituminous substances; mineral waxes",1503731.254,2025,Export
GBR,United Kingdom,W00,World,energy,27,"Mineral fuels, mineral oils and products of their distillation; bituminous substances; mineral waxes",197788.195,2025,Export
GBR,United Kingdom,W00,World,energy,27,"Mineral fuels, mineral oils and products of their distillation; bituminous substances; mineral waxes",312697.789,2025,Export
GBR,United Kingdom,W00,World,energy,27,"Mineral fuels, mineral oils and products of their distillation; bituminous substances; mineral waxes",362910.976,2025,Export
GBR,United Kingdom,W00,World,energy,27,"Mineral fuels, mineral oils and products of their distillation; bituminous substances; mineral waxes",35257826.183,2025,Export
GBR,United Kingdom,W00,World,energy,27,"Mineral fuels, mineral oils and products of their distillation; bituminous substances; mineral waxes",13269.842,2025,Export
GBR,United Kingdom,W00,World,energy,27,"Mineral fuels, mineral oils and products of their distillation; bituminous substances; mineral waxes",1275431.871,2025,Export
GBR,United Kingdom,W00,World,energy,27,"Mineral fuels, mineral oils and products of their distillation; bituminous substances; mineral waxes",5171.269,2025,Export
GBR,United Kingdom,W00,World,energy,27,"Mineral fuels, mineral oils and products of their distillation; bituminous substances; mineral waxes",10298.996,2025,Export
GBR,United Kingdom,W00,World,energy,27,"Mineral fuels, mineral oils and products of their distillation; bituminous substances; mineral waxes",818577.151,2025,Export
GBR,United Kingdom,W00,World,energy,27,"Mineral fuels, mineral oils and products of their distillation; bituminous substances; mineral waxes",916925.187,2025,Export
GBR,United Kingdom,W00,World,energy,27,"Mineral fuels, mineral oils and products of their distillation; bituminous substances; mineral waxes",159238600.484,2025,Export
GBR,United Kingdom,W00,World,energy,27,"Mineral fuels, mineral oils and products of their distillation; bituminous substances; mineral waxes",953098498.206,2025,Export
GBR,United Kingdom,W00,World,energy,27,"Mineral fuels, mineral oils and products of their distillation; bituminous substances; mineral waxes",1370997585.112,2025,Export
GBR,United Kingdom,W00,World,energy,27,"Mineral fuels, mineral oils and products of their distillation; bituminous substances; mineral waxes",3567236928.049,2025,Export
GBR,United Kingdom,W00,World,energy,27,"Mineral fuels, mineral oils and products of their distillation; bituminous substances; mineral waxes",32963.521,2025,Export
GBR,United Kingdom,W00,World,energy,27,"Mineral fuels, mineral oils and products of their distillation; bituminous substances; mineral waxes",8883662.939,2025,Export
GBR,United Kingdom,W00,World,energy,27,"Mineral fuels, mineral oils and products of their distillation; bituminous substances; mineral waxes",1228328.831,2025,Export
GBR,United Kingdom,W00,World,energy,27,"Mineral fuels, mineral oils and products of their distillation; bituminous substances; mineral waxes",336558.267,2025,Export
GBR,United Kingdom,W00,World,energy,27,"Mineral fuels, mineral oils and products of their distillation; bituminous substances; mineral waxes",11982240.025,2025,Export
GBR,United Kingdom,W00,World,energy,27,"Mineral fuels, mineral oils and products of their distillation; bituminous substances; mineral waxes",230086639.048,2025,Export
GBR,United Kingdom,W00,World,energy,27,"Mineral fuels, mineral oils and products of their distillation; bituminous substances; mineral waxes",585591490.821,2025,Export
GBR,United Kingdom,W00,World,energy,27,"Mineral fuels, mineral oils and products of their distillation; bituminous substances; mineral waxes",4486.051,2025,Export
GBR,United Kingdom,W00,World,energy,27,"Mineral fuels, mineral oils and products of their distillation; bituminous substances; mineral waxes",13186144.818,2025,Export
GBR,United Kingdom,W00,World,energy,27,"Mineral fuels, mineral oils and products of their distillation; bituminous substances; mineral waxes",2566931.664,2025,Export
GBR,United Kingdom,W00,World,energy,27,"Mineral fuels, mineral oils and products of their distillation; bituminous substances; mineral waxes",1752267.525,2025,Export
GBR,United Kingdom,W00,World,energy,27,"Mineral fuels, mineral oils and products of their distillation; bituminous substances; mineral waxes",653968981.093,2025,Export
GBR,United Kingdom,W00,World,energy,27,"Mineral fuels, mineral oils and products of their distillation; bituminous substances; mineral waxes",9691368.18,2025,Export
GBR,United Kingdom,W00,World,energy,27,"Mineral fuels, mineral oils and products of their distillation; bituminous substances; mineral waxes",380149.551,2025,Export
GBR,United Kingdom,W00,World,energy,27,"Mineral fuels, mineral oils and products of their distillation; bituminous substances; mineral waxes",6516.422,2025,Export
GBR,United Kingdom,W00,World,energy,27,"Mineral fuels, mineral oils and products of their distillation; bituminous substances; mineral waxes",4677.907,2025,Export
GBR,United Kingdom,W00,World,energy,27,"Mineral fuels, mineral oils and products of their distillation; bituminous substances; mineral waxes",27266744.291,2025,Export
GBR,United Kingdom,W00,World,energy,27,"Mineral fuels, mineral oils and products of their distillation; bituminous substances; mineral waxes",27063.578,2025,Export
GBR,United Kingdom,W00,World,energy,27,"Mineral fuels, mineral oils and products of their distillation; bituminous substances; mineral waxes",55719.095,2025,Export
GBR,United Kingdom,W00,World,energy,27,"Mineral fuels, mineral oils and products of their distillation; bituminous substances; mineral waxes",23884.767,2025,Export
GBR,United Kingdom,W00,World,energy,27,"Mineral fuels, mineral oils and products of their distillation; bituminous substances; mineral waxes",28068.556,2025,Export
GBR,United Kingdom,W00,World,energy,27,"Mineral fuels, mineral oils and products of their distillation; bituminous substances; mineral waxes",33127600.079,2025,Export
GBR,United Kingdom,W00,World,energy,27,"Mineral fuels, mineral oils and products of their distillation; bituminous substances; mineral waxes",27496547.636,2025,Export
GBR,United Kingdom,W00,World,energy,27,"Mineral fuels, mineral oils and products of their distillation; bituminous substances; mineral waxes",4061170.533,2025,Export
GBR,United Kingdom,W00,World,energy,27,"Mineral fuels, mineral oils and products of their distillation; bituminous substances; mineral waxes",32582.819,2025,Export
GBR,United Kingdom,W00,World,energy,27,"Mineral fuels, mineral oils and products of their distillation; bituminous substances; mineral waxes",609038.954,2025,Export
GBR,United Kingdom,W00,World,energy,27,"Mineral fuels, mineral oils and products of their distillation; bituminous substances; mineral waxes",314632.764,2025,Export
GBR,United Kingdom,W00,World,energy,27,"Mineral fuels, mineral oils and products of their distillation; bituminous substances; mineral waxes",371934.646,2025,Export
GBR,United Kingdom,W00,World,energy,27,"Mineral fuels, mineral oils and products of their distillation; bituminous substances; mineral waxes",9067.02,2025,Export
GBR,United Kingdom,W00,World,energy,27,"Mineral fuels, mineral oils and products of their distillation; bituminous substances; mineral waxes",73899.573,2025,Export
GBR,United Kingdom,W00,World,energy,27,"Mineral fuels, mineral oils and products of their distillation; bituminous substances; mineral waxes",35365.023,2025,Export
GBR,United Kingdom,W00,World,energy,27,"Mineral fuels, mineral oils and products of their distillation; bituminous substances; mineral waxes",116522.913,2025,Export
GBR,United Kingdom,W00,World,energy,27,"Mineral fuels, mineral oils and products of their distillation; bituminous substances; mineral waxes",125536124.662,2025,Export
GBR,United Kingdom,W00,World,energy,27,"Mineral fuels, mineral oils and products of their distillation; bituminous substances; mineral waxes",1851.792,2025,Export
GBR,United Kingdom,W00,World,energy,27,"Mineral fuels, mineral oils and products of their distillation; bituminous substances; mineral waxes",1043659.233,2025,Export
GBR,United Kingdom,W00,World,energy,27,"Mineral fuels, mineral oils and products of their distillation; bituminous substances; mineral waxes",914232.557,2025,Export
GBR,United Kingdom,W00,World,energy,27,"Mineral fuels, mineral oils and products of their distillation; bituminous substances; mineral waxes",21911.271,2025,Export
GBR,United Kingdom,W00,World,energy,27,"Mineral fuels, mineral oils and products of their distillation; bituminous substances; mineral waxes",1787086.626,2025,Export
GBR,United Kingdom,W00,World,energy,27,"Mineral fuels, mineral oils and products of their distillation; bituminous substances; mineral waxes",77355.263,2025,Export
GBR,United Kingdom,W00,World,energy,27,"Mineral fuels, mineral oils and products of their distillation; bituminous substances; mineral waxes",2373.183,2025,Export
GBR,United Kingdom,W00,World,energy,27,"Mineral fuels, mineral oils and products of their distillation; bituminous substances; mineral waxes",63240.556,2025,Export
GBR,United Kingdom,W00,World,energy,27,"Mineral fuels, mineral oils and products of their distillation; bituminous substances; mineral waxes",2419738.538,2025,Export
GBR,United Kingdom,W00,World,energy,27,"Mineral fuels, mineral oils and products of their distillation; bituminous substances; mineral waxes",36066.67,2025,Export
GBR,United Kingdom,W00,World,energy,27,"Mineral fuels, mineral oils and products of their distillation; bituminous substances; mineral waxes",1303947.194,2025,Export
GBR,United Kingdom,W00,World,energy,27,"Mineral fuels, mineral oils and products of their distillation; bituminous substances; mineral waxes",3423.414,2025,Export
GBR,United Kingdom,W00,World,energy,27,"Mineral fuels, mineral oils and products of their distillation; bituminous substances; mineral waxes",12691.053,2025,Export
GBR,United Kingdom,W00,World,energy,27,"Mineral fuels, mineral oils and products of their distillation; bituminous substances; mineral waxes",4040013.574,2025,Export
GBR,United Kingdom,W00,World,energy,27,"Mineral fuels, mineral oils and products of their distillation; bituminous substances; mineral waxes",2033921.761,2025,Export
GBR,United Kingdom,W00,World,energy,27,"Mineral fuels, mineral oils and products of their distillation; bituminous substances; mineral waxes",456077.915,2025,Export
GBR,United Kingdom,W00,World,energy,27,"Mineral fuels, mineral oils and products of their distillation; bituminous substances; mineral waxes",5383505.093,2025,Export
GBR,United Kingdom,W00,World,energy,27,"Mineral fuels, mineral oils and products of their distillation; bituminous substances; mineral waxes",1071728907.421,2025,Export
GBR,United Kingdom,W00,World,energy,27,"Mineral fuels, mineral oils and products of their distillation; bituminous substances; mineral waxes",87479026.387,2025,Export
GBR,United Kingdom,W00,World,energy,27,"Mineral fuels, mineral oils and products of their distillation; bituminous substances; mineral waxes",3936394778.756,2025,Export
GBR,United Kingdom,W00,World,energy,27,"Mineral fuels, mineral oils and products of their distillation; bituminous substances; mineral waxes",54209910.979,2025,Export
GBR,United Kingdom,W00,World,energy,27,"Mineral fuels, mineral oils and products of their distillation; bituminous substances; mineral waxes",88959013.915,2025,Export
GBR,United Kingdom,W00,World,energy,27,"Mineral fuels, mineral oils and products of their distillation; bituminous substances; mineral waxes",796210387.836,2025,Export
GBR,United Kingdom,W00,World,energy,27,"Mineral fuels, mineral oils and products of their distillation; bituminous substances; mineral waxes",1.338,2025,Export
GBR,United Kingdom,W00,World,energy,27,"Mineral fuels, mineral oils and products of their distillation; bituminous substances; mineral waxes",12586.579,2025,Export
GBR,United Kingdom,W00,World,energy,27,"Mineral fuels, mineral oils and products of their distillation; bituminous substances; mineral waxes",64408.554,2025,Export
GBR,United Kingdom,W00,World,energy,27,"Mineral fuels, mineral oils and products of their distillation; bituminous substances; mineral waxes",7519.734,2025,Export
GBR,United Kingdom,W00,World,energy,27,"Mineral fuels, mineral oils and products of their distillation; bituminous substances; mineral waxes",40930.847,2025,Export
GBR,United Kingdom,W00,World,energy,27,"Mineral fuels, mineral oils and products of their distillation; bituminous substances; mineral waxes",1362339.741,2025,Export
GBR,United Kingdom,W00,World,energy,27,"Mineral fuels, mineral oils and products of their distillation; bituminous substances; mineral waxes",72888.794,2025,Export
GBR,United Kingdom,W00,World,energy,27,"Mineral fuels, mineral oils and products of their distillation; bituminous substances; mineral waxes",107014.128,2025,Export
GBR,United Kingdom,W00,World,energy,27,"Mineral fuels, mineral oils and products of their distillation; bituminous substances; mineral waxes",283814.942,2025,Export
GBR,United Kingdom,W00,World,energy,27,"Mineral fuels, mineral oils and products of their distillation; bituminous substances; mineral waxes",2069.521,2025,Export
GBR,United Kingdom,W00,World,energy,27,"Mineral fuels, mineral oils and products of their distillation; bituminous substances; mineral waxes",44113.173,2025,Export
GBR,United Kingdom,W00,World,energy,27,"Mineral fuels, mineral oils and products of their distillation; bituminous substances; mineral waxes",9767575.834,2025,Export
GBR,United Kingdom,W00,World,energy,27,"Mineral fuels, mineral oils and products of their distillation; bituminous substances; mineral waxes",114681.025,2025,Export
GBR,United Kingdom,W00,World,energy,27,"Mineral fuels, mineral oils and products of their distillation; bituminous substances; mineral waxes",4302518.959,2025,Export
GBR,United Kingdom,W00,World,energy,27,"Mineral fuels, mineral oils and products of their distillation; bituminous substances; mineral waxes",100260.782,2025,Export
GBR,United Kingdom,W00,World,energy,27,"Mineral fuels, mineral oils and products of their distillation; bituminous substances; mineral waxes",966086.63,2025,Export
GBR,United Kingdom,W00,World,energy,27,"Mineral fuels, mineral oils and products of their distillation; bituminous substances; mineral waxes",8468.752,2025,Export
GBR,United Kingdom,W00,World,energy,27,"Mineral fuels, mineral oils and products of their distillation; bituminous substances; mineral waxes",1678733623.562,2025,Export
GBR,United Kingdom,W00,World,energy,27,"Mineral fuels, mineral oils and products of their distillation; bituminous substances; mineral waxes",1231877.116,2025,Export
GBR,United Kingdom,W00,World,energy,27,"Mineral fuels, mineral oils and products of their distillation; bituminous substances; mineral waxes",3657.092,2025,Export
GBR,United Kingdom,W00,World,energy,27,"Mineral fuels, mineral oils and products of their distillation; bituminous substances; mineral waxes",356367468.393,2025,Export
GBR,United Kingdom,W00,World,energy,27,"Mineral fuels, mineral oils and products of their distillation; bituminous substances; mineral waxes",815485.608,2025,Export
GBR,United Kingdom,W00,World,energy,27,"Mineral fuels, mineral oils and products of their distillation; bituminous substances; mineral waxes",262724.341,2025,Export
GBR,United Kingdom,W00,World,energy,27,"Mineral fuels, mineral oils and products of their distillation; bituminous substances; mineral waxes",1167118.712,2025,Export
GBR,United Kingdom,W00,World,energy,27,"Mineral fuels, mineral oils and products of their distillation; bituminous substances; mineral waxes",32773.246,2025,Export
GBR,United Kingdom,W00,World,energy,27,"Mineral fuels, mineral oils and products of their distillation; bituminous substances; mineral waxes",42237205.883,2025,Export
GBR,United Kingdom,W00,World,energy,27,"Mineral fuels, mineral oils and products of their distillation; bituminous substances; mineral waxes",250409.522,2025,Export
GBR,United Kingdom,W00,World,energy,27,"Mineral fuels, mineral oils and products of their distillation; bituminous substances; mineral waxes",3306117.83,2025,Export
GBR,United Kingdom,W00,World,energy,27,"Mineral fuels, mineral oils and products of their distillation; bituminous substances; mineral waxes",133320.695,2025,Export
GBR,United Kingdom,W00,World,energy,27,"Mineral fuels, mineral oils and products of their distillation; bituminous substances; mineral waxes",80918736.402,2025,Export
GBR,United Kingdom,W00,World,energy,27,"Mineral fuels, mineral oils and products of their distillation; bituminous substances; mineral waxes",5801.497,2025,Export
GBR,United Kingdom,W00,World,energy,27,"Mineral fuels, mineral oils and products of their distillation; bituminous substances; mineral waxes",19724374.873,2025,Export
GBR,United Kingdom,W00,World,energy,27,"Mineral fuels, mineral oils and products of their distillation; bituminous substances; mineral waxes",1783508.635,2025,Export
GBR,United Kingdom,W00,World,energy,27,"Mineral fuels, mineral oils and products of their distillation; bituminous substances; mineral waxes",648385.938,2025,Export
GBR,United Kingdom,W00,World,energy,27,"Mineral fuels, mineral oils and products of their distillation; bituminous substances; mineral waxes",3191731.605,2025,Export
GBR,United Kingdom,W00,World,energy,27,"Mineral fuels, mineral oils and products of their distillation; bituminous substances; mineral waxes",1318017742.534,2025,Export
GBR,United Kingdom,W00,World,energy,27,"Mineral fuels, mineral oils and products of their distillation; bituminous substances; mineral waxes",3630790.32,2025,Export
GBR,United Kingdom,W00,World,energy,27,"Mineral fuels, mineral oils and products of their distillation; bituminous substances; mineral waxes",53265383.493,2025,Export
GBR,United Kingdom,W00,World,energy,27,"Mineral fuels, mineral oils and products of their distillation; bituminous substances; mineral waxes",1436161.042,2025,Export
GBR,United Kingdom,W00,World,energy,27,"Mineral fuels, mineral oils and products of their distillation; bituminous substances; mineral waxes",10813528919.908,2025,Export
GBR,United Kingdom,W00,World,energy,27,"Mineral fuels, mineral oils and products of their distillation; bituminous substances; mineral waxes",1697777.053,2025,Export
GBR,United Kingdom,W00,World,energy,27,"Mineral fuels, mineral oils and products of their distillation; bituminous substances; mineral waxes",5434888.64,2025,Export
GBR,United Kingdom,W00,World,energy,27,"Mineral fuels, mineral oils and products of their distillation; bituminous substances; mineral waxes",2512448.29,2025,Export
GBR,United Kingdom,W00,World,energy,27,"Mineral fuels, mineral oils and products of their distillation; bituminous substances; mineral waxes",23373759.649,2025,Export
GBR,United Kingdom,W00,World,energy,27,"Mineral fuels, mineral oils and products of their distillation; bituminous substances; mineral waxes",26760.046,2025,Export
GBR,United Kingdom,W00,World,energy,27,"Mineral fuels, mineral oils and products of their distillation; bituminous substances; mineral waxes",5853306.81,2025,Export
GBR,United Kingdom,W00,World,energy,27,"Mineral fuels, mineral oils and products of their distillation; bituminous substances; mineral waxes",4518.498,2025,Export
GBR,United Kingdom,W00,World,energy,27,"Mineral fuels, mineral oils and products of their distillation; bituminous substances; mineral waxes",42324825.39,2025,Export
GBR,United Kingdom,W00,World,energy,27,"Mineral fuels, mineral oils and products of their distillation; bituminous substances; mineral waxes",10408801.785,2025,Export
GBR,United Kingdom,W00,World,energy,27,"Mineral fuels, mineral oils and products of their distillation; bituminous substances; mineral waxes",4720266862.907,2025,Export
GBR,United Kingdom,W00,World,energy,27,"Mineral fuels, mineral oils and products of their distillation; bituminous substances; mineral waxes",12491754.715,2025,Export
GBR,United Kingdom,W00,World,energy,27,"Mineral fuels, mineral oils and products of their distillation; bituminous substances; mineral waxes",14727402.498,2025,Export
GBR,United Kingdom,W00,World,energy,27,"Mineral fuels, mineral oils and products of their distillation; bituminous substances; mineral waxes",710514.087,2025,Export
GBR,United Kingdom,W00,World,energy,27,"Mineral fuels, mineral oils and products of their distillation; bituminous substances; mineral waxes",27956581.329,2025,Export
GBR,United Kingdom,W00,World,energy,27,"Mineral fuels, mineral oils and products of their distillation; bituminous substances; mineral waxes",1791657183.278,2025,Export
GBR,United Kingdom,W00,World,energy,27,"Mineral fuels, mineral oils and products of their distillation; bituminous substances; mineral waxes",305991036.253,2025,Export
GBR,United Kingdom,W00,World,energy,27,"Mineral fuels, mineral oils and products of their distillation; bituminous substances; mineral waxes",246391202.108,2025,Export
GBR,United Kingdom,W00,World,energy,27,"Mineral fuels, mineral oils and products of their distillation; bituminous substances; mineral waxes",18723603.456,2025,Export
GBR,United Kingdom,W00,World,energy,27,"Mineral fuels, mineral oils and products of their distillation; bituminous substances; mineral waxes",47545836.959,2025,Export
GBR,United Kingdom,W00,World,energy,27,"Mineral fuels, mineral oils and products of their distillation; bituminous substances; mineral waxes",1611.095,2025,Export
GBR,United Kingdom,W00,World,energy,27,"Mineral fuels, mineral oils and products of their distillation; bituminous substances; mineral waxes",146211.71,2025,Export
GBR,United Kingdom,W00,World,energy,27,"Mineral fuels, mineral oils and products of their distillation; bituminous substances; mineral waxes",2943821.336,2025,Export
GBR,United Kingdom,W00,World,energy,27,"Mineral fuels, mineral oils and products of their distillation; bituminous substances; mineral waxes",788978.791,2025,Export
GBR,United Kingdom,W00,World,energy,27,"Mineral fuels, mineral oils and products of their distillation; bituminous substances; mineral waxes",1674.493,2025,Export
GBR,United Kingdom,W00,World,energy,27,"Mineral fuels, mineral oils and products of their distillation; bituminous substances; mineral waxes",6191687.123,2025,Export
GBR,United Kingdom,W00,World,energy,27,"Mineral fuels, mineral oils and products of their distillation; bituminous substances; mineral waxes",76257.275,2025,Export
GBR,United Kingdom,W00,World,energy,27,"Mineral fuels, mineral oils and products of their distillation; bituminous substances; mineral waxes",266462.441,2025,Export
GBR,United Kingdom,W00,World,energy,27,"Mineral fuels, mineral oils and products of their distillation; bituminous substances; mineral waxes",37445542310.236,2025,Export
GBR,United Kingdom,W00,World,energy,27,"Mineral fuels, mineral oils and products of their distillation; bituminous substances; mineral waxes",219298.909,2025,Export
GBR,United Kingdom,W00,World,energy,27,"Mineral fuels, mineral oils and products of their distillation; bituminous substances; mineral waxes",10883503.574,2025,Export
GBR,United Kingdom,W00,World,energy,27,"Mineral fuels, mineral oils and products of their distillation; bituminous substances; mineral waxes",1529308454.45,2025,Export
GBR,United Kingdom,W00,World,energy,27,"Mineral fuels, mineral oils and products of their distillation; bituminous substances; mineral waxes",93344488.646,2025,Export
GBR,United Kingdom,W00,World,energy,27,"Mineral fuels, mineral oils and products of their distillation; bituminous substances; mineral waxes",5287232.042,2025,Export
GBR,United Kingdom,W00,World,energy,27,"Mineral fuels, mineral oils and products of their distillation; bituminous substances; mineral waxes",3151778.872,2025,Export
GBR,United Kingdom,W00,World,energy,27,"Mineral fuels, mineral oils and products of their distillation; bituminous substances; mineral waxes",3730500.526,2025,Export
GBR,United Kingdom,W00,World,energy,27,"Mineral fuels, mineral oils and products of their distillation; bituminous substances; mineral waxes",3193536.424,2025,Export
GBR,United Kingdom,W00,World,energy,27,"Mineral fuels, mineral oils and products of their distillation; bituminous substances; mineral waxes",3721.788,2025,Export
GBR,United Kingdom,W00,World,energy,27,"Mineral fuels, mineral oils and products of their distillation; bituminous substances; mineral waxes",104759.338,2025,Export
GBR,United Kingdom,W00,World,energy,27,"Mineral fuels, mineral oils and products of their distillation; bituminous substances; mineral waxes",489365.339,2025,Export
GBR,United Kingdom,W00,World,energy,27,"Mineral fuels, mineral oils and products of their distillation; bituminous substances; mineral waxes",59765.563,2025,Export
GBR,United Kingdom,W00,World,energy,27,"Mineral fuels, mineral oils and products of their distillation; bituminous substances; mineral waxes",2716777.231,2025,Export
GBR,United Kingdom,W00,World,energy,27,"Mineral fuels, mineral oils and products of their distillation; bituminous substances; mineral waxes",1189567.578,2025,Export
GBR,United Kingdom,W00,World,energy,27,"Mineral fuels, mineral oils and products of their distillation; bituminous substances; mineral waxes",1654649.244,2025,Export
GBR,United Kingdom,W00,World,energy,27,"Mineral fuels, mineral oils and products of their distillation; bituminous substances; mineral waxes",231265.939,2025,Export
GBR,United Kingdom,W00,World,energy,27,"Mineral fuels, mineral oils and products of their distillation; bituminous substances; mineral waxes",33984438.389,2025,Export
GBR,United Kingdom,W00,World,energy,27,"Mineral fuels, mineral oils and products of their distillation; bituminous substances; mineral waxes",119179.706,2025,Export
GBR,United Kingdom,X1,Bunkers,energy,27,"Mineral fuels, mineral oils and products of their distillation; bituminous substances; mineral waxes",5448819.078,2025,Export
GBR,United Kingdom,X1,Bunkers,energy,27,"Mineral fuels, mineral oils and products of their distillation; bituminous substances; mineral waxes",18599379.527,2025,Export
GBR,United Kingdom,X1,Bunkers,energy,27,"Mineral fuels, mineral oils and products of their distillation; bituminous substances; mineral waxes",13150560.449,2025,Export
GBR,United Kingdom,YEM,Yemen,energy,27,"Mineral fuels, mineral oils and products of their distillation; bituminous substances; mineral waxes",26760.046,2025,Export
GBR,United Kingdom,YEM,Yemen,energy,27,"Mineral fuels, mineral oils and products of their distillation; bituminous substances; mineral waxes",26760.046,2025,Export
GBR,United Kingdom,ZAF,South Africa,energy,27,"Mineral fuels, mineral oils and products of their distillation; bituminous substances; mineral waxes",93344488.646,2025,Export
GBR,United Kingdom,ZAF,South Africa,energy,27,"Mineral fuels, mineral oils and products of their distillation; bituminous substances; mineral waxes",22558.054,2025,Export
GBR,United Kingdom,ZAF,South Africa,energy,27,"Mineral fuels, mineral oils and products of their distillation; bituminous substances; mineral waxes",93367046.7,2025,Export
GBR,United Kingdom,ZMB,Zambia,energy,27,"Mineral fuels, mineral oils and products of their distillation; bituminous substances; mineral waxes",32963.521,2025,Export
GBR,United Kingdom,ZMB,Zambia,energy,27,"Mineral fuels, mineral oils and products of their distillation; bituminous substances; mineral waxes",32963.521,2025,Export
GBR,United Kingdom,ZWE,Zimbabwe,energy,27,"Mineral fuels, mineral oils and products of their distillation; bituminous substances; mineral waxes",4518.498,2025,Export
GBR,United Kingdom,ZWE,Zimbabwe,energy,27,"Mineral fuels, mineral oils and products of their distillation; bituminous substances; mineral waxes",4518.498,2025,Export
GBR,United Kingdom,_X,"Areas, nes",energy,27,"Mineral fuels, mineral oils and products of their distillation; bituminous substances; mineral waxes",460106276.724,2025,Export
GBR,United Kingdom,_X,"Areas, nes",energy,27,"Mineral fuels, mineral oils and products of their distillation; bituminous substances; mineral waxes",24.408,2025,Export
GBR,United Kingdom,_X,"Areas, nes",energy,27,"Mineral fuels, mineral oils and products of their distillation; bituminous substances; mineral waxes",12.023,2025,Export
GBR,United Kingdom,_X,"Areas, nes",energy,27,"Mineral fuels, mineral oils and products of their distillation; bituminous substances; mineral waxes",32.407,2025,Export
GBR,United Kingdom,_X,"Areas, nes",energy,27,"Mineral fuels, mineral oils and products of their distillation; bituminous substances; mineral waxes",69.903,2025,Export
GBR,United Kingdom,_X,"Areas, nes",energy,27,"Mineral fuels, mineral oils and products of their distillation; bituminous substances; mineral waxes",246009.281,2025,Export
GBR,United Kingdom,_X,"Areas, nes",energy,27,"Mineral fuels, mineral oils and products of their distillation; bituminous substances; mineral waxes",32.263,2025,Export
GBR,United Kingdom,_X,"Areas, nes",energy,27,"Mineral fuels, mineral oils and products of their distillation; bituminous substances; mineral waxes",95048.828,2025,Export
GBR,United Kingdom,_X,"Areas, nes",energy,27,"Mineral fuels, mineral oils and products of their distillation; bituminous substances; mineral waxes",363.265,2025,Export
GBR,United Kingdom,_X,"Areas, nes",energy,27,"Mineral fuels, mineral oils and products of their distillation; bituminous substances; mineral waxes",201773.605,2025,Export
GBR,United Kingdom,_X,"Areas, nes",energy,27,"Mineral fuels, mineral oils and products of their distillation; bituminous substances; mineral waxes",462647878.848,2025,Export
GBR,United Kingdom,_X,"Areas, nes",energy,27,"Mineral fuels, mineral oils and products of their distillation; bituminous substances; mineral waxes",16653.904,2025,Export
GBR,United Kingdom,_X,"Areas, nes",energy,27,"Mineral fuels, mineral oils and products of their distillation; bituminous substances; mineral waxes",1001.772,2025,Export
GBR,United Kingdom,_X,"Areas, nes",energy,27,"Mineral fuels, mineral oils and products of their distillation; bituminous substances; mineral waxes",37344.471,2025,Export
GBR,United Kingdom,_X,"Areas, nes",energy,27,"Mineral fuels, mineral oils and products of their distillation; bituminous substances; mineral waxes",1943235.993,2025,Export
IDN,Indonesia,AND,Andorra,energy,27,"Mineral fuels, mineral oils and products of their distillation; bituminous substances; mineral waxes",1891973.5,2025,Export
IDN,Indonesia,ARE,United Arab Emirates,energy,27,"Mineral fuels, mineral oils and products of their distillation; bituminous substances; mineral waxes",8173252.656,2025,Export
IDN,Indonesia,ARG,Argentina,energy,27,"Mineral fuels, mineral oils and products of their distillation; bituminous substances; mineral waxes",26061172.24,2025,Export
IDN,Indonesia,AUS,Australia,energy,27,"Mineral fuels, mineral oils and products of their distillation; bituminous substances; mineral waxes",167053814.497,2025,Export
IDN,Indonesia,BEL,Belgium,energy,27,"Mineral fuels, mineral oils and products of their distillation; bituminous substances; mineral waxes",91099405.85,2025,Export
IDN,Indonesia,BGD,Bangladesh,energy,27,"Mineral fuels, mineral oils and products of their distillation; bituminous substances; mineral waxes",1293482652.45,2025,Export
IDN,Indonesia,BRA,Brazil,energy,27,"Mineral fuels, mineral oils and products of their distillation; bituminous substances; mineral waxes",152804699.79,2025,Export
IDN,Indonesia,BRN,Brunei Darussalam,energy,27,"Mineral fuels, mineral oils and products of their distillation; bituminous substances; mineral waxes",74841402.66,2025,Export
IDN,Indonesia,CAN,Canada,energy,27,"Mineral fuels, mineral oils and products of their distillation; bituminous substances; mineral waxes",58903.68,2025,Export
IDN,Indonesia,CHL,Chile,energy,27,"Mineral fuels, mineral oils and products of their distillation; bituminous substances; mineral waxes",6158.94,2025,Export
IDN,Indonesia,CHN,China,energy,27,"Mineral fuels, mineral oils and products of their distillation; bituminous substances; mineral waxes",12689278543.524,2025,Export
IDN,Indonesia,COL,Colombia,energy,27,"Mineral fuels, mineral oils and products of their distillation; bituminous substances; mineral waxes",8659.86,2025,Export
IDN,Indonesia,CYM,Cayman Isds,energy,27,"Mineral fuels, mineral oils and products of their distillation; bituminous substances; mineral waxes",2134.8,2025,Export
IDN,Indonesia,DEU,Germany,energy,27,"Mineral fuels, mineral oils and products of their distillation; bituminous substances; mineral waxes",2873685.5,2025,Export
IDN,Indonesia,DJI,Djibouti,energy,27,"Mineral fuels, mineral oils and products of their distillation; bituminous substances; mineral waxes",299160.0,2025,Export
IDN,Indonesia,DOM,Dominican Rep.,energy,27,"Mineral fuels, mineral oils and products of their distillation; bituminous substances; mineral waxes",42172.0,2025,Export
IDN,Indonesia,ECU,Ecuador,energy,27,"Mineral fuels, mineral oils and products of their distillation; bituminous substances; mineral waxes",1711.6,2025,Export
IDN,Indonesia,EGY,Egypt,energy,27,"Mineral fuels, mineral oils and products of their distillation; bituminous substances; mineral waxes",156779.5,2025,Export
IDN,Indonesia,ESP,Spain,energy,27,"Mineral fuels, mineral oils and products of their distillation; bituminous substances; mineral waxes",21837277.313,2025,Export
IDN,Indonesia,FRA,France,energy,27,"Mineral fuels, mineral oils and products of their distillation; bituminous substances; mineral waxes",14447707.08,2025,Export
IDN,Indonesia,FSM,FS Micronesia,energy,27,"Mineral fuels, mineral oils and products of their distillation; bituminous substances; mineral waxes",73.36,2025,Export
IDN,Indonesia,GBR,United Kingdom,energy,27,"Mineral fuels, mineral oils and products of their distillation; bituminous substances; mineral waxes",8396471.943,2025,Export
IDN,Indonesia,GHA,Ghana,energy,27,"Mineral fuels, mineral oils and products of their distillation; bituminous substances; mineral waxes",45.0,2025,Export
IDN,Indonesia,GRC,Greece,energy,27,"Mineral fuels, mineral oils and products of their distillation; bituminous substances; mineral waxes",1461.643,2025,Export
IDN,Indonesia,GTM,Guatemala,energy,27,"Mineral fuels, mineral oils and products of their distillation; bituminous substances; mineral waxes",86660.19,2025,Export
IDN,Indonesia,HKG,"China, Hong Kong SAR",energy,27,"Mineral fuels, mineral oils and products of their distillation; bituminous substances; mineral waxes",235777784.318,2025,Export
IDN,Indonesia,HRV,Croatia,energy,27,"Mineral fuels, mineral oils and products of their distillation; bituminous substances; mineral waxes",36808613.98,2025,Export
IDN,Indonesia,IND,India,energy,27,"Mineral fuels, mineral oils and products of their distillation; bituminous substances; mineral waxes",5361070646.65,2025,Export
IDN,Indonesia,IRL,Ireland,energy,27,"Mineral fuels, mineral oils and products of their distillation; bituminous substances; mineral waxes",14587.927,2025,Export
IDN,Indonesia,ISL,Iceland,energy,27,"Mineral fuels, mineral oils and products of their distillation; bituminous substances; mineral waxes",1218.0,2025,Export
IDN,Indonesia,ISR,Israel,energy,27,"Mineral fuels, mineral oils and products of their distillation; bituminous substances; mineral waxes",13033.44,2025,Export
IDN,Indonesia,ITA,Italy,energy,27,"Mineral fuels, mineral oils and products of their distillation; bituminous substances; mineral waxes",131464001.22,2025,Export
IDN,Indonesia,JPN,Japan,energy,27,"Mineral fuels, mineral oils and products of their distillation; bituminous substances; mineral waxes",4961859196.171,2025,Export
IDN,Indonesia,KHM,Cambodia,energy,27,"Mineral fuels, mineral oils and products of their distillation; bituminous substances; mineral waxes",359442383.526,2025,Export
IDN,Indonesia,KOR,Rep. of Korea,energy,27,"Mineral fuels, mineral oils and products of their distillation; bituminous substances; mineral waxes",3111119340.165,2025,Export
IDN,Indonesia,LAO,Lao People's Dem. Rep.,energy,27,"Mineral fuels, mineral oils and products of their distillation; bituminous substances; mineral waxes",3438809.5,2025,Export
IDN,Indonesia,LBN,Lebanon,energy,27,"Mineral fuels, mineral oils and products of their distillation; bituminous substances; mineral waxes",55324.062,2025,Export
IDN,Indonesia,LBR,Liberia,energy,27,"Mineral fuels, mineral oils and products of their distillation; bituminous substances; mineral waxes",211268.985,2025,Export
IDN,Indonesia,LBY,Libya,energy,27,"Mineral fuels, mineral oils and products of their distillation; bituminous substances; mineral waxes",85753.36,2025,Export
IDN,Indonesia,LKA,Sri Lanka,energy,27,"Mineral fuels, mineral oils and products of their distillation; bituminous substances; mineral waxes",4641674.96,2025,Export
IDN,Indonesia,LVA,Latvia,energy,27,"Mineral fuels, mineral oils and products of their distillation; bituminous substances; mineral waxes",10369240.0,2025,Export
IDN,Indonesia,MAR,Morocco,energy,27,"Mineral fuels, mineral oils and products of their distillation; bituminous substances; mineral waxes",6092120.0,2025,Export
IDN,Indonesia,MDA,Rep. of Moldova,energy,27,"Mineral fuels, mineral oils and products of their distillation; bituminous substances; mineral waxes",1374.856,2025,Export
IDN,Indonesia,MDV,Maldives,energy,27,"Mineral fuels, mineral oils and products of their distillation; bituminous substances; mineral waxes",2164137.766,2025,Export
IDN,Indonesia,MEX,Mexico,energy,27,"Mineral fuels, mineral oils and products of their distillation; bituminous substances; mineral waxes",35804590.8,2025,Export
IDN,Indonesia,MHL,Marshall Isds,energy,27,"Mineral fuels, mineral oils and products of their distillation; bituminous substances; mineral waxes",328082364.87,2025,Export
IDN,Indonesia,MMR,Myanmar,energy,27,"Mineral fuels, mineral oils and products of their distillation; bituminous substances; mineral waxes",909559.331,2025,Export
IDN,Indonesia,MNE,Montenegro,energy,27,"Mineral fuels, mineral oils and products of their distillation; bituminous substances; mineral waxes",10118857.05,2025,Export
IDN,Indonesia,MOZ,Mozambique,energy,27,"Mineral fuels, mineral oils and products of their distillation; bituminous substances; mineral waxes",46012.5,2025,Export
IDN,Indonesia,MUS,Mauritius,energy,27,"Mineral fuels, mineral oils and products of their distillation; bituminous substances; mineral waxes",97720.0,2025,Export
IDN,Indonesia,MWI,Malawi,energy,27,"Mineral fuels, mineral oils and products of their distillation; bituminous substances; mineral waxes",56593.43,2025,Export
IDN,Indonesia,MYS,Malaysia,energy,27,"Mineral fuels, mineral oils and products of their distillation; bituminous substances; mineral waxes",3652955056.078,2025,Export
IDN,Indonesia,NGA,Nigeria,energy,27,"Mineral fuels, mineral oils and products of their distillation; bituminous substances; mineral waxes",167987.59,2025,Export
IDN,Indonesia,NLD,Netherlands,energy,27,"Mineral fuels, mineral oils and products of their distillation; bituminous substances; mineral waxes",135158281.86,2025,Export
IDN,Indonesia,NOR,Norway,energy,27,"Mineral fuels, mineral oils and products of their distillation; bituminous substances; mineral waxes",30063.73,2025,Export
IDN,Indonesia,NZL,New Zealand,energy,27,"Mineral fuels, mineral oils and products of their distillation; bituminous substances; mineral waxes",115883635.414,2025,Export
IDN,Indonesia,OMN,Oman,energy,27,"Mineral fuels, mineral oils and products of their distillation; bituminous substances; mineral waxes",48054463.69,2025,Export
IDN,Indonesia,PAK,Pakistan,energy,27,"Mineral fuels, mineral oils and products of their distillation; bituminous substances; mineral waxes",65930923.56,2025,Export
IDN,Indonesia,PER,Peru,energy,27,"Mineral fuels, mineral oils and products of their distillation; bituminous substances; mineral waxes",4225471.39,2025,Export
IDN,Indonesia,PHL,Philippines,energy,27,"Mineral fuels, mineral oils and products of their distillation; bituminous substances; mineral waxes",2289894720.589,2025,Export
IDN,Indonesia,PNG,Papua New Guinea,energy,27,"Mineral fuels, mineral oils and products of their distillation; bituminous substances; mineral waxes",367260.958,2025,Export
IDN,Indonesia,QAT,Qatar,energy,27,"Mineral fuels, mineral oils and products of their distillation; bituminous substances; mineral waxes",1014324.16,2025,Export
IDN,Indonesia,ROU,Romania,energy,27,"Mineral fuels, mineral oils and products of their distillation; bituminous substances; mineral waxes",52908494.63,2025,Export
IDN,Indonesia,RUS,Russian Federation,energy,27,"Mineral fuels, mineral oils and products of their distillation; bituminous substances; mineral waxes",119976.351,2025,Export
IDN,Indonesia,S19,"Other Asia, nes",energy,27,"Mineral fuels, mineral oils and products of their distillation; bituminous substances; mineral waxes",1433582655.768,2025,Export
IDN,Indonesia,SAU,Saudi Arabia,energy,27,"Mineral fuels, mineral oils and products of their distillation; bituminous substances; mineral waxes",9226.663,2025,Export
IDN,Indonesia,SGP,Singapore,energy,27,"Mineral fuels, mineral oils and products of their distillation; bituminous substances; mineral waxes",4021438991.73,2025,Export
IDN,Indonesia,SUR,Suriname,energy,27,"Mineral fuels, mineral oils and products of their distillation; bituminous substances; mineral waxes",6734.4,2025,Export
IDN,Indonesia,SVN,Slovenia,energy,27,"Mineral fuels, mineral oils and products of their distillation; bituminous substances; mineral waxes",6459810.0,2025,Export
IDN,Indonesia,SWE,Sweden,energy,27,"Mineral fuels, mineral oils and products of their distillation; bituminous substances; mineral waxes",1315.92,2025,Export
IDN,Indonesia,SYC,Seychelles,energy,27,"Mineral fuels, mineral oils and products of their distillation; bituminous substances; mineral waxes",1233.2,2025,Export
IDN,Indonesia,TGO,Togo,energy,27,"Mineral fuels, mineral oils and products of their distillation; bituminous substances; mineral waxes",2155.154,2025,Export
IDN,Indonesia,THA,Thailand,energy,27,"Mineral fuels, mineral oils and products of their distillation; bituminous substances; mineral waxes",2181861431.776,2025,Export
IDN,Indonesia,TLS,Timor-Leste,energy,27,"Mineral fuels, mineral oils and products of their distillation; bituminous substances; mineral waxes",13461312.543,2025,Export
IDN,Indonesia,TUN,Tunisia,energy,27,"Mineral fuels, mineral oils and products of their distillation; bituminous substances; mineral waxes",15932.0,2025,Export
IDN,Indonesia,TUR,Türkiye,energy,27,"Mineral fuels, mineral oils and products of their distillation; bituminous substances; mineral waxes",103989324.68,2025,Export
IDN,Indonesia,TZA,United Rep. of Tanzania,energy,27,"Mineral fuels, mineral oils and products of their distillation; bituminous substances; mineral waxes",2032062.53,2025,Export
IDN,Indonesia,USA,USA,energy,27,"Mineral fuels, mineral oils and products of their distillation; bituminous substances; mineral waxes",28004.4,2025,Export
IDN,Indonesia,VNM,Viet Nam,energy,27,"Mineral fuels, mineral oils and products of their distillation; bituminous substances; mineral waxes",1766085535.272,2025,Export
IDN,Indonesia,W00,World,energy,27,"Mineral fuels, mineral oils and products of their distillation; bituminous substances; mineral waxes",45112846505.39,2025,Export
IDN,Indonesia,YEM,Yemen,energy,27,"Mineral fuels, mineral oils and products of their distillation; bituminous substances; mineral waxes",8356.56,2025,Export
IDN,Indonesia,ZAF,South Africa,energy,27,"Mineral fuels, mineral oils and products of their distillation; bituminous substances; mineral waxes",64499576.35,2025,Export
ITA,Italy,ABW,Aruba,energy,27,"Mineral fuels, mineral oils and products of their distillation; bituminous substances; mineral waxes",23364.661,2025,Export
ITA,Italy,AGO,Angola,energy,27,"Mineral fuels, mineral oils and products of their distillation; bituminous substances; mineral waxes",3149030.235,2025,Export
ITA,Italy,ALB,Albania,energy,27,"Mineral fuels, mineral oils and products of their distillation; bituminous substances; mineral waxes",47790109.134,2025,Export
ITA,Italy,ARE,United Arab Emirates,energy,27,"Mineral fuels, mineral oils and products of their distillation; bituminous substances; mineral waxes",5538864.347,2025,Export
ITA,Italy,ARG,Argentina,energy,27,"Mineral fuels, mineral oils and products of their distillation; bituminous substances; mineral waxes",2455762.979,2025,Export
ITA,Italy,ARM,Armenia,energy,27,"Mineral fuels, mineral oils and products of their distillation; bituminous substances; mineral waxes",473448.246,2025,Export
ITA,Italy,AUS,Australia,energy,27,"Mineral fuels, mineral oils and products of their distillation; bituminous substances; mineral waxes",2021928.552,2025,Export
ITA,Italy,AUT,Austria,energy,27,"Mineral fuels, mineral oils and products of their distillation; bituminous substances; mineral waxes",1164160370.496,2025,Export
ITA,Italy,AZE,Azerbaijan,energy,27,"Mineral fuels, mineral oils and products of their distillation; bituminous substances; mineral waxes",2300789.181,2025,Export
ITA,Italy,BEL,Belgium,energy,27,"Mineral fuels, mineral oils and products of their distillation; bituminous substances; mineral waxes",206661675.199,2025,Export
ITA,Italy,BEN,Benin,energy,27,"Mineral fuels, mineral oils and products of their distillation; bituminous substances; mineral waxes",7908.752,2025,Export
ITA,Italy,BFA,Burkina Faso,energy,27,"Mineral fuels, mineral oils and products of their distillation; bituminous substances; mineral waxes",1391.009,2025,Export
ITA,Italy,BGD,Bangladesh,energy,27,"Mineral fuels, mineral oils and products of their distillation; bituminous substances; mineral waxes",291452.031,2025,Export
ITA,Italy,BGR,Bulgaria,energy,27,"Mineral fuels, mineral oils and products of their distillation; bituminous substances; mineral waxes",27933473.626,2025,Export
ITA,Italy,BHR,Bahrain,energy,27,"Mineral fuels, mineral oils and products of their distillation; bituminous substances; mineral waxes",108976.704,2025,Export
ITA,Italy,BIH,Bosnia Herzegovina,energy,27,"Mineral fuels, mineral oils and products of their distillation; bituminous substances; mineral waxes",8849193.381,2025,Export
ITA,Italy,BMU,Bermuda,energy,27,"Mineral fuels, mineral oils and products of their distillation; bituminous substances; mineral waxes",520325.596,2025,Export
ITA,Italy,BOL,Bolivia (Plurinational State of),energy,27,"Mineral fuels, mineral oils and products of their distillation; bituminous substances; mineral waxes",702363.62,2025,Export
ITA,Italy,BRA,Brazil,energy,27,"Mineral fuels, mineral oils and products of their distillation; bituminous substances; mineral waxes",8751066.289,2025,Export
ITA,Italy,CAN,Canada,energy,27,"Mineral fuels, mineral oils and products of their distillation; bituminous substances; mineral waxes",1612165.026,2025,Export
ITA,Italy,CHE,Switzerland,energy,27,"Mineral fuels, mineral oils and products of their distillation; bituminous substances; mineral waxes",420698059.932,2025,Export
ITA,Italy,CHL,Chile,energy,27,"Mineral fuels, mineral oils and products of their distillation; bituminous substances; mineral waxes",1605174.95,2025,Export
ITA,Italy,CHN,China,energy,27,"Mineral fuels, mineral oils and products of their distillation; bituminous substances; mineral waxes",46362277.128,2025,Export
ITA,Italy,CIV,Côte d'Ivoire,energy,27,"Mineral fuels, mineral oils and products of their distillation; bituminous substances; mineral waxes",1669538.79,2025,Export
ITA,Italy,CMR,Cameroon,energy,27,"Mineral fuels, mineral oils and products of their distillation; bituminous substances; mineral waxes",489529.036,2025,Export
ITA,Italy,COD,Dem. Rep. of the Congo,energy,27,"Mineral fuels, mineral oils and products of their distillation; bituminous substances; mineral waxes",75415.075,2025,Export
ITA,Italy,COG,Congo,energy,27,"Mineral fuels, mineral oils and products of their distillation; bituminous substances; mineral waxes",420509.666,2025,Export
ITA,Italy,COL,Colombia,energy,27,"Mineral fuels, mineral oils and products of their distillation; bituminous substances; mineral waxes",9835808.294,2025,Export
ITA,Italy,CPV,Cabo Verde,energy,27,"Mineral fuels, mineral oils and products of their distillation; bituminous substances; mineral waxes",10195989.29,2025,Export
ITA,Italy,CRI,Costa Rica,energy,27,"Mineral fuels, mineral oils and products of their distillation; bituminous substances; mineral waxes",438569.056,2025,Export
ITA,Italy,CUB,Cuba,energy,27,"Mineral fuels, mineral oils and products of their distillation; bituminous substances; mineral waxes",147202.904,2025,Export
ITA,Italy,CUW,Curaçao,energy,27,"Mineral fuels, mineral oils and products of their distillation; bituminous substances; mineral waxes",24795565.816,2025,Export
ITA,Italy,CYM,Cayman Isds,energy,27,"Mineral fuels, mineral oils and products of their distillation; bituminous substances; mineral waxes",11997.031,2025,Export
ITA,Italy,CYP,Cyprus,energy,27,"Mineral fuels, mineral oils and products of their distillation; bituminous substances; mineral waxes",216955785.445,2025,Export
ITA,Italy,CZE,Czechia,energy,27,"Mineral fuels, mineral oils and products of their distillation; bituminous substances; mineral waxes",43475235.744,2025,Export
ITA,Italy,DEU,Germany,energy,27,"Mineral fuels, mineral oils and products of their distillation; bituminous substances; mineral waxes",585599229.592,2025,Export
ITA,Italy,DJI,Djibouti,energy,27,"Mineral fuels, mineral oils and products of their distillation; bituminous substances; mineral waxes",12316.816,2025,Export
ITA,Italy,DMA,Dominica,energy,27,"Mineral fuels, mineral oils and products of their distillation; bituminous substances; mineral waxes",234046.628,2025,Export
ITA,Italy,DNK,Denmark,energy,27,"Mineral fuels, mineral oils and products of their distillation; bituminous substances; mineral waxes",14000656.082,2025,Export
ITA,Italy,DOM,Dominican Rep.,energy,27,"Mineral fuels, mineral oils and products of their distillation; bituminous substances; mineral waxes",26418871.345,2025,Export
ITA,Italy,DZA,Algeria,energy,27,"Mineral fuels, mineral oils and products of their distillation; bituminous substances; mineral waxes",492220969.919,2025,Export
ITA,Italy,E19,"Other Europe, nes",energy,27,"Mineral fuels, mineral oils and products of their distillation; bituminous substances; mineral waxes",2967.336,2025,Export
ITA,Italy,ECU,Ecuador,energy,27,"Mineral fuels, mineral oils and products of their distillation; bituminous substances; mineral waxes",80856287.098,2025,Export
ITA,Italy,EGY,Egypt,energy,27,"Mineral fuels, mineral oils and products of their distillation; bituminous substances; mineral waxes",550783742.809,2025,Export
ITA,Italy,ESP,Spain,energy,27,"Mineral fuels, mineral oils and products of their distillation; bituminous substances; mineral waxes",2116186256.871,2025,Export
ITA,Italy,EST,Estonia,energy,27,"Mineral fuels, mineral oils and products of their distillation; bituminous substances; mineral waxes",2863607.793,2025,Export
ITA,Italy,ETH,Ethiopia,energy,27,"Mineral fuels, mineral oils and products of their distillation; bituminous substances; mineral waxes",45237.745,2025,Export
ITA,Italy,F19,"Other Africa, nes",energy,27,"Mineral fuels, mineral oils and products of their distillation; bituminous substances; mineral waxes",20223730.87,2025,Export
ITA,Italy,FIN,Finland,energy,27,"Mineral fuels, mineral oils and products of their distillation; bituminous substances; mineral waxes",3945228.785,2025,Export
ITA,Italy,FRA,France,energy,27,"Mineral fuels, mineral oils and products of their distillation; bituminous substances; mineral waxes",1002950646.708,2025,Export
ITA,Italy,GAB,Gabon,energy,27,"Mineral fuels, mineral oils and products of their distillation; bituminous substances; mineral waxes",30844.02,2025,Export
ITA,Italy,GBR,United Kingdom,energy,27,"Mineral fuels, mineral oils and products of their distillation; bituminous substances; mineral waxes",143472801.053,2025,Export
ITA,Italy,GEO,Georgia,energy,27,"Mineral fuels, mineral oils and products of their distillation; bituminous substances; mineral waxes",1629652.645,2025,Export
ITA,Italy,GHA,Ghana,energy,27,"Mineral fuels, mineral oils and products of their distillation; bituminous substances; mineral waxes",620425.153,2025,Export
ITA,Italy,GIB,Gibraltar,energy,27,"Mineral fuels, mineral oils and products of their distillation; bituminous substances; mineral waxes",2847901209.602,2025,Export
ITA,Italy,GIN,Guinea,energy,27,"Mineral fuels, mineral oils and products of their distillation; bituminous substances; mineral waxes",10091318.952,2025,Export
ITA,Italy,GMB,Gambia,energy,27,"Mineral fuels, mineral oils and products of their distillation; bituminous substances; mineral waxes",10525.793,2025,Export
ITA,Italy,GNQ,Equatorial Guinea,energy,27,"Mineral fuels, mineral oils and products of their distillation; bituminous substances; mineral waxes",65693.83,2025,Export
ITA,Italy,GRC,Greece,energy,27,"Mineral fuels, mineral oils and products of their distillation; bituminous substances; mineral waxes",348413526.619,2025,Export
ITA,Italy,GTM,Guatemala,energy,27,"Mineral fuels, mineral oils and products of their distillation; bituminous substances; mineral waxes",4527368.979,2025,Export
ITA,Italy,GUM,Guam,energy,27,"Mineral fuels, mineral oils and products of their distillation; bituminous substances; mineral waxes",49362.183,2025,Export
ITA,Italy,GUY,Guyana,energy,27,"Mineral fuels, mineral oils and products of their distillation; bituminous substances; mineral waxes",704502.678,2025,Export
ITA,Italy,HKG,"China, Hong Kong SAR",energy,27,"Mineral fuels, mineral oils and products of their distillation; bituminous substances; mineral waxes",278462.875,2025,Export
ITA,Italy,HND,Honduras,energy,27,"Mineral fuels, mineral oils and products of their distillation; bituminous substances; mineral waxes",4531440.308,2025,Export
ITA,Italy,HRV,Croatia,energy,27,"Mineral fuels, mineral oils and products of their distillation; bituminous substances; mineral waxes",1046116290.802,2025,Export
ITA,Italy,HUN,Hungary,energy,27,"Mineral fuels, mineral oils and products of their distillation; bituminous substances; mineral waxes",21853625.331,2025,Export
ITA,Italy,IDN,Indonesia,energy,27,"Mineral fuels, mineral oils and products of their distillation; bituminous substances; mineral waxes",619342.629,2025,Export
ITA,Italy,IND,India,energy,27,"Mineral fuels, mineral oils and products of their distillation; bituminous substances; mineral waxes",4148397.494,2025,Export
ITA,Italy,IRL,Ireland,energy,27,"Mineral fuels, mineral oils and products of their distillation; bituminous substances; mineral waxes",4003381.107,2025,Export
ITA,Italy,IRN,Iran,energy,27,"Mineral fuels, mineral oils and products of their distillation; bituminous substances; mineral waxes",618848.826,2025,Export
ITA,Italy,IRQ,Iraq,energy,27,"Mineral fuels, mineral oils and products of their distillation; bituminous substances; mineral waxes",2544414.676,2025,Export
ITA,Italy,ISL,Iceland,energy,27,"Mineral fuels, mineral oils and products of their distillation; bituminous substances; mineral waxes",25615.588,2025,Export
ITA,Italy,ISR,Israel,energy,27,"Mineral fuels, mineral oils and products of their distillation; bituminous substances; mineral waxes",198537923.57,2025,Export
ITA,Italy,JAM,Jamaica,energy,27,"Mineral fuels, mineral oils and products of their distillation; bituminous substances; mineral waxes",7199.123,2025,Export
ITA,Italy,JOR,Jordan,energy,27,"Mineral fuels, mineral oils and products of their distillation; bituminous substances; mineral waxes",1303893.195,2025,Export
ITA,Italy,JPN,Japan,energy,27,"Mineral fuels, mineral oils and products of their distillation; bituminous substances; mineral waxes",1484497.27,2025,Export
ITA,Italy,KAZ,Kazakhstan,energy,27,"Mineral fuels, mineral oils and products of their distillation; bituminous substances; mineral waxes",5615226.348,2025,Export
ITA,Italy,KEN,Kenya,energy,27,"Mineral fuels, mineral oils and products of their distillation; bituminous substances; mineral waxes",19675559.099,2025,Export
ITA,Italy,KGZ,Kyrgyzstan,energy,27,"Mineral fuels, mineral oils and products of their distillation; bituminous substances; mineral waxes",941109.848,2025,Export
ITA,Italy,KHM,Cambodia,energy,27,"Mineral fuels, mineral oils and products of their distillation; bituminous substances; mineral waxes",167714.358,2025,Export
ITA,Italy,KOR,Rep. of Korea,energy,27,"Mineral fuels, mineral oils and products of their distillation; bituminous substances; mineral waxes",1516802.358,2025,Export
ITA,Italy,KWT,Kuwait,energy,27,"Mineral fuels, mineral oils and products of their distillation; bituminous substances; mineral waxes",120869.777,2025,Export
ITA,Italy,LBN,Lebanon,energy,27,"Mineral fuels, mineral oils and products of their distillation; bituminous substances; mineral waxes",349567718.518,2025,Export
ITA,Italy,LBR,Liberia,energy,27,"Mineral fuels, mineral oils and products of their distillation; bituminous substances; mineral waxes",4748269.383,2025,Export
ITA,Italy,LBY,Libya,energy,27,"Mineral fuels, mineral oils and products of their distillation; bituminous substances; mineral waxes",787450020.782,2025,Export
ITA,Italy,LKA,Sri Lanka,energy,27,"Mineral fuels, mineral oils and products of their distillation; bituminous substances; mineral waxes",307570.111,2025,Export
ITA,Italy,LTU,Lithuania,energy,27,"Mineral fuels, mineral oils and products of their distillation; bituminous substances; mineral waxes",4550547.193,2025,Export
ITA,Italy,LUX,Luxembourg,energy,27,"Mineral fuels, mineral oils and products of their distillation; bituminous substances; mineral waxes",1695616.54,2025,Export
ITA,Italy,LVA,Latvia,energy,27,"Mineral fuels, mineral oils and products of their distillation; bituminous substances; mineral waxes",2357175.34,2025,Export
ITA,Italy,MAC,"China, Macao SAR",energy,27,"Mineral fuels, mineral oils and products of their distillation; bituminous substances; mineral waxes",2024.93,2025,Export
ITA,Italy,MAR,Morocco,energy,27,"Mineral fuels, mineral oils and products of their distillation; bituminous substances; mineral waxes",473386409.812,2025,Export
ITA,Italy,MDA,Rep. of Moldova,energy,27,"Mineral fuels, mineral oils and products of their distillation; bituminous substances; mineral waxes",2958208.852,2025,Export
ITA,Italy,MDG,Madagascar,energy,27,"Mineral fuels, mineral oils and products of their distillation; bituminous substances; mineral waxes",630065.039,2025,Export
ITA,Italy,MEX,Mexico,energy,27,"Mineral fuels, mineral oils and products of their distillation; bituminous substances; mineral waxes",12279159.538,2025,Export
ITA,Italy,MHL,Marshall Isds,energy,27,"Mineral fuels, mineral oils and products of their distillation; bituminous substances; mineral waxes",2658232.228,2025,Export
ITA,Italy,MKD,North Macedonia,energy,27,"Mineral fuels, mineral oils and products of their distillation; bituminous substances; mineral waxes",1150473.124,2025,Export
ITA,Italy,MLI,Mali,energy,27,"Mineral fuels, mineral oils and products of their distillation; bituminous substances; mineral waxes",91624.683,2025,Export
ITA,Italy,MLT,Malta,energy,27,"Mineral fuels, mineral oils and products of their distillation; bituminous substances; mineral waxes",552358943.826,2025,Export
ITA,Italy,MNE,Montenegro,energy,27,"Mineral fuels, mineral oils and products of their distillation; bituminous substances; mineral waxes",158309660.49,2025,Export
ITA,Italy,MNG,Mongolia,energy,27,"Mineral fuels, mineral oils and products of their distillation; bituminous substances; mineral waxes",613904.02,2025,Export
ITA,Italy,MOZ,Mozambique,energy,27,"Mineral fuels, mineral oils and products of their distillation; bituminous substances; mineral waxes",360403.603,2025,Export
ITA,Italy,MRT,Mauritania,energy,27,"Mineral fuels, mineral oils and products of their distillation; bituminous substances; mineral waxes",835375.066,2025,Export
ITA,Italy,MUS,Mauritius,energy,27,"Mineral fuels, mineral oils and products of their distillation; bituminous substances; mineral waxes",1266008.25,2025,Export
ITA,Italy,MYS,Malaysia,energy,27,"Mineral fuels, mineral oils and products of their distillation; bituminous substances; mineral waxes",929695.888,2025,Export
ITA,Italy,NAM,Namibia,energy,27,"Mineral fuels, mineral oils and products of their distillation; bituminous substances; mineral waxes",210134543.911,2025,Export
ITA,Italy,NCL,New Caledonia,energy,27,"Mineral fuels, mineral oils and products of their distillation; bituminous substances; mineral waxes",427773.197,2025,Export
ITA,Italy,NER,Niger,energy,27,"Mineral fuels, mineral oils and products of their distillation; bituminous substances; mineral waxes",50917.04,2025,Export
ITA,Italy,NGA,Nigeria,energy,27,"Mineral fuels, mineral oils and products of their distillation; bituminous substances; mineral waxes",265657584.186,2025,Export
ITA,Italy,NIC,Nicaragua,energy,27,"Mineral fuels, mineral oils and products of their distillation; bituminous substances; mineral waxes",729248.179,2025,Export
ITA,Italy,NLD,Netherlands,energy,27,"Mineral fuels, mineral oils and products of their distillation; bituminous substances; mineral waxes",654298013.396,2025,Export
ITA,Italy,NOR,Norway,energy,27,"Mineral fuels, mineral oils and products of their distillation; bituminous substances; mineral waxes",4469015.181,2025,Export
ITA,Italy,NZL,New Zealand,energy,27,"Mineral fuels, mineral oils and products of their distillation; bituminous substances; mineral waxes",243419.838,2025,Export
ITA,Italy,OMN,Oman,energy,27,"Mineral fuels, mineral oils and products of their distillation; bituminous substances; mineral waxes",620769.798,2025,Export
ITA,Italy,PAK,Pakistan,energy,27,"Mineral fuels, mineral oils and products of their distillation; bituminous substances; mineral waxes",5656067.328,2025,Export
ITA,Italy,PAN,Panama,energy,27,"Mineral fuels, mineral oils and products of their distillation; bituminous substances; mineral waxes",1075200.427,2025,Export
ITA,Italy,PER,Peru,energy,27,"Mineral fuels, mineral oils and products of their distillation; bituminous substances; mineral waxes",6883332.977,2025,Export
ITA,Italy,PHL,Philippines,energy,27,"Mineral fuels, mineral oils and products of their distillation; bituminous substances; mineral waxes",32085.871,2025,Export
ITA,Italy,POL,Poland,energy,27,"Mineral fuels, mineral oils and products of their distillation; bituminous substances; mineral waxes",36604443.321,2025,Export
ITA,Italy,PRT,Portugal,energy,27,"Mineral fuels, mineral oils and products of their distillation; bituminous substances; mineral waxes",169907161.077,2025,Export
ITA,Italy,PRY,Paraguay,energy,27,"Mineral fuels, mineral oils and products of their distillation; bituminous substances; mineral waxes",55622.29,2025,Export
ITA,Italy,PSE,State of Palestine,energy,27,"Mineral fuels, mineral oils and products of their distillation; bituminous substances; mineral waxes",165960.624,2025,Export
ITA,Italy,PYF,French Polynesia,energy,27,"Mineral fuels, mineral oils and products of their distillation; bituminous substances; mineral waxes",725676.302,2025,Export
ITA,Italy,QAT,Qatar,energy,27,"Mineral fuels, mineral oils and products of their distillation; bituminous substances; mineral waxes",442626.826,2025,Export
ITA,Italy,ROU,Romania,energy,27,"Mineral fuels, mineral oils and products of their distillation; bituminous substances; mineral waxes",61014022.716,2025,Export
ITA,Italy,RUS,Russian Federation,energy,27,"Mineral fuels, mineral oils and products of their distillation; bituminous substances; mineral waxes",276052.621,2025,Export
ITA,Italy,S19,"Other Asia, nes",energy,27,"Mineral fuels, mineral oils and products of their distillation; bituminous substances; mineral waxes",1567160.057,2025,Export
ITA,Italy,SAU,Saudi Arabia,energy,27,"Mineral fuels, mineral oils and products of their distillation; bituminous substances; mineral waxes",72961967.245,2025,Export
ITA,Italy,SEN,Senegal,energy,27,"Mineral fuels, mineral oils and products of their distillation; bituminous substances; mineral waxes",49320095.006,2025,Export
ITA,Italy,SGP,Singapore,energy,27,"Mineral fuels, mineral oils and products of their distillation; bituminous substances; mineral waxes",172558074.404,2025,Export
ITA,Italy,SLE,Sierra Leone,energy,27,"Mineral fuels, mineral oils and products of their distillation; bituminous substances; mineral waxes",332547.258,2025,Export
ITA,Italy,SLV,El Salvador,energy,27,"Mineral fuels, mineral oils and products of their distillation; bituminous substances; mineral waxes",2786191.518,2025,Export
ITA,Italy,SMR,San Marino,energy,27,"Mineral fuels, mineral oils and products of their distillation; bituminous substances; mineral waxes",40943090.425,2025,Export
ITA,Italy,SRB,Serbia,energy,27,"Mineral fuels, mineral oils and products of their distillation; bituminous substances; mineral waxes",77053990.038,2025,Export
ITA,Italy,SVK,Slovakia,energy,27,"Mineral fuels, mineral oils and products of their distillation; bituminous substances; mineral waxes",5725881.077,2025,Export
ITA,Italy,SVN,Slovenia,energy,27,"Mineral fuels, mineral oils and products of their distillation; bituminous substances; mineral waxes",838056711.201,2025,Export
ITA,Italy,SWE,Sweden,energy,27,"Mineral fuels, mineral oils and products of their distillation; bituminous substances; mineral waxes",32007461.73,2025,Export
ITA,Italy,SYC,Seychelles,energy,27,"Mineral fuels, mineral oils and products of their distillation; bituminous substances; mineral waxes",135705.325,2025,Export
ITA,Italy,SYR,Syria,energy,27,"Mineral fuels, mineral oils and products of their distillation; bituminous substances; mineral waxes",33433.941,2025,Export
ITA,Italy,TCD,Chad,energy,27,"Mineral fuels, mineral oils and products of their distillation; bituminous substances; mineral waxes",57720.669,2025,Export
ITA,Italy,TGO,Togo,energy,27,"Mineral fuels, mineral oils and products of their distillation; bituminous substances; mineral waxes",34188.77,2025,Export
ITA,Italy,THA,Thailand,energy,27,"Mineral fuels, mineral oils and products of their distillation; bituminous substances; mineral waxes",1012722.53,2025,Export
ITA,Italy,TJK,Tajikistan,energy,27,"Mineral fuels, mineral oils and products of their distillation; bituminous substances; mineral waxes",315590.731,2025,Export
ITA,Italy,TKM,Turkmenistan,energy,27,"Mineral fuels, mineral oils and products of their distillation; bituminous substances; mineral waxes",882415.134,2025,Export
ITA,Italy,TTO,Trinidad and Tobago,energy,27,"Mineral fuels, mineral oils and products of their distillation; bituminous substances; mineral waxes",113677.434,2025,Export
ITA,Italy,TUN,Tunisia,energy,27,"Mineral fuels, mineral oils and products of their distillation; bituminous substances; mineral waxes",318877630.682,2025,Export
ITA,Italy,TUR,Türkiye,energy,27,"Mineral fuels, mineral oils and products of their distillation; bituminous substances; mineral waxes",686344953.348,2025,Export
ITA,Italy,TZA,United Rep. of Tanzania,energy,27,"Mineral fuels, mineral oils and products of their distillation; bituminous substances; mineral waxes",38129.021,2025,Export
ITA,Italy,UGA,Uganda,energy,27,"Mineral fuels, mineral oils and products of their distillation; bituminous substances; mineral waxes",562632.165,2025,Export
ITA,Italy,UKR,Ukraine,energy,27,"Mineral fuels, mineral oils and products of their distillation; bituminous substances; mineral waxes",15499186.613,2025,Export
ITA,Italy,URY,Uruguay,energy,27,"Mineral fuels, mineral oils and products of their distillation; bituminous substances; mineral waxes",777288.282,2025,Export
ITA,Italy,USA,USA,energy,27,"Mineral fuels, mineral oils and products of their distillation; bituminous substances; mineral waxes",351623071.971,2025,Export
ITA,Italy,UZB,Uzbekistan,energy,27,"Mineral fuels, mineral oils and products of their distillation; bituminous substances; mineral waxes",1639685.505,2025,Export
ITA,Italy,VAT,Holy See (Vatican City State),energy,27,"Mineral fuels, mineral oils and products of their distillation; bituminous substances; mineral waxes",18132758.089,2025,Export
ITA,Italy,VCT,Saint Vincent and the Grenadines,energy,27,"Mineral fuels, mineral oils and products of their distillation; bituminous substances; mineral waxes",17401.74,2025,Export
ITA,Italy,VEN,Venezuela,energy,27,"Mineral fuels, mineral oils and products of their distillation; bituminous substances; mineral waxes",1471483.255,2025,Export
ITA,Italy,VNM,Viet Nam,energy,27,"Mineral fuels, mineral oils and products of their distillation; bituminous substances; mineral waxes",389292.752,2025,Export
ITA,Italy,VUT,Vanuatu,energy,27,"Mineral fuels, mineral oils and products of their distillation; bituminous substances; mineral waxes",10072.67,2025,Export
ITA,Italy,W00,World,energy,27,"Mineral fuels, mineral oils and products of their distillation; bituminous substances; mineral waxes",18426256759.241,2025,Export
ITA,Italy,WSM,Samoa,energy,27,"Mineral fuels, mineral oils and products of their distillation; bituminous substances; mineral waxes",33957.123,2025,Export
ITA,Italy,YEM,Yemen,energy,27,"Mineral fuels, mineral oils and products of their distillation; bituminous substances; mineral waxes",1492386.813,2025,Export
ITA,Italy,ZAF,South Africa,energy,27,"Mineral fuels, mineral oils and products of their distillation; bituminous substances; mineral waxes",126966507.926,2025,Export
ITA,Italy,ZWE,Zimbabwe,energy,27,"Mineral fuels, mineral oils and products of their distillation; bituminous substances; mineral waxes",3092.764,2025,Export
JPN,Japan,AGO,Angola,energy,27,"Mineral fuels, mineral oils and products of their distillation; bituminous substances; mineral waxes",102253.093,2025,Export
JPN,Japan,AND,Andorra,energy,27,"Mineral fuels, mineral oils and products of their distillation; bituminous substances; mineral waxes",22944.56,2025,Export
JPN,Japan,ARE,United Arab Emirates,energy,27,"Mineral fuels, mineral oils and products of their distillation; bituminous substances; mineral waxes",8556907.263,2025,Export
JPN,Japan,ARG,Argentina,energy,27,"Mineral fuels, mineral oils and products of their distillation; bituminous substances; mineral waxes",49802500.086,2025,Export
JPN,Japan,ARM,Armenia,energy,27,"Mineral fuels, mineral oils and products of their distillation; bituminous substances; mineral waxes",600997.595,2025,Export
JPN,Japan,AUS,Australia,energy,27,"Mineral fuels, mineral oils and products of their distillation; bituminous substances; mineral waxes",1112058057.463,2025,Export
JPN,Japan,AUT,Austria,energy,27,"Mineral fuels, mineral oils and products of their distillation; bituminous substances; mineral waxes",2817.353,2025,Export
JPN,Japan,AZE,Azerbaijan,energy,27,"Mineral fuels, mineral oils and products of their distillation; bituminous substances; mineral waxes",998754.537,2025,Export
JPN,Japan,BEL,Belgium,energy,27,"Mineral fuels, mineral oils and products of their distillation; bituminous substances; mineral waxes",1208269.532,2025,Export
JPN,Japan,BGD,Bangladesh,energy,27,"Mineral fuels, mineral oils and products of their distillation; bituminous substances; mineral waxes",452472945.353,2025,Export
JPN,Japan,BGR,Bulgaria,energy,27,"Mineral fuels, mineral oils and products of their distillation; bituminous substances; mineral waxes",1606.79,2025,Export
JPN,Japan,BHR,Bahrain,energy,27,"Mineral fuels, mineral oils and products of their distillation; bituminous substances; mineral waxes",2865925.571,2025,Export
JPN,Japan,BHS,Bahamas,energy,27,"Mineral fuels, mineral oils and products of their distillation; bituminous substances; mineral waxes",760449.818,2025,Export
JPN,Japan,BMU,Bermuda,energy,27,"Mineral fuels, mineral oils and products of their distillation; bituminous substances; mineral waxes",5862.697,2025,Export
JPN,Japan,BOL,Bolivia (Plurinational State of),energy,27,"Mineral fuels, mineral oils and products of their distillation; bituminous substances; mineral waxes",441022.337,2025,Export
JPN,Japan,BRA,Brazil,energy,27,"Mineral fuels, mineral oils and products of their distillation; bituminous substances; mineral waxes",72761482.398,2025,Export
JPN,Japan,BRB,Barbados,energy,27,"Mineral fuels, mineral oils and products of their distillation; bituminous substances; mineral waxes",112150.018,2025,Export
JPN,Japan,BRN,Brunei Darussalam,energy,27,"Mineral fuels, mineral oils and products of their distillation; bituminous substances; mineral waxes",97620.288,2025,Export
JPN,Japan,BTN,Bhutan,energy,27,"Mineral fuels, mineral oils and products of their distillation; bituminous substances; mineral waxes",43595.826,2025,Export
JPN,Japan,CAN,Canada,energy,27,"Mineral fuels, mineral oils and products of their distillation; bituminous substances; mineral waxes",28779932.05,2025,Export
JPN,Japan,CHE,Switzerland,energy,27,"Mineral fuels, mineral oils and products of their distillation; bituminous substances; mineral waxes",664752.422,2025,Export
JPN,Japan,CHL,Chile,energy,27,"Mineral fuels, mineral oils and products of their distillation; bituminous substances; mineral waxes",140258184.854,2025,Export
JPN,Japan,CHN,China,energy,27,"Mineral fuels, mineral oils and products of their distillation; bituminous substances; mineral waxes",1523858865.778,2025,Export
JPN,Japan,COL,Colombia,energy,27,"Mineral fuels, mineral oils and products of their distillation; bituminous substances; mineral waxes",604912.921,2025,Export
JPN,Japan,CRI,Costa Rica,energy,27,"Mineral fuels, mineral oils and products of their distillation; bituminous substances; mineral waxes",791440.829,2025,Export
JPN,Japan,CUW,Curaçao,energy,27,"Mineral fuels, mineral oils and products of their distillation; bituminous substances; mineral waxes",1779.065,2025,Export
JPN,Japan,CYP,Cyprus,energy,27,"Mineral fuels, mineral oils and products of their distillation; bituminous substances; mineral waxes",13502.843,2025,Export
JPN,Japan,CZE,Czechia,energy,27,"Mineral fuels, mineral oils and products of their distillation; bituminous substances; mineral waxes",122042.709,2025,Export
JPN,Japan,DEU,Germany,energy,27,"Mineral fuels, mineral oils and products of their distillation; bituminous substances; mineral waxes",9243150.118,2025,Export
JPN,Japan,DJI,Djibouti,energy,27,"Mineral fuels, mineral oils and products of their distillation; bituminous substances; mineral waxes",11502.574,2025,Export
JPN,Japan,DMA,Dominica,energy,27,"Mineral fuels, mineral oils and products of their distillation; bituminous substances; mineral waxes",3566.797,2025,Export
JPN,Japan,DNK,Denmark,energy,27,"Mineral fuels, mineral oils and products of their distillation; bituminous substances; mineral waxes",4054.472,2025,Export
JPN,Japan,DOM,Dominican Rep.,energy,27,"Mineral fuels, mineral oils and products of their distillation; bituminous substances; mineral waxes",182784.273,2025,Export
JPN,Japan,DZA,Algeria,energy,27,"Mineral fuels, mineral oils and products of their distillation; bituminous substances; mineral waxes",276662.67,2025,Export
JPN,Japan,ECU,Ecuador,energy,27,"Mineral fuels, mineral oils and products of their distillation; bituminous substances; mineral waxes",54556271.634,2025,Export
JPN,Japan,EGY,Egypt,energy,27,"Mineral fuels, mineral oils and products of their distillation; bituminous substances; mineral waxes",761692.227,2025,Export
JPN,Japan,ESP,Spain,energy,27,"Mineral fuels, mineral oils and products of their distillation; bituminous substances; mineral waxes",3586148.321,2025,Export
JPN,Japan,EST,Estonia,energy,27,"Mineral fuels, mineral oils and products of their distillation; bituminous substances; mineral waxes",27631.17,2025,Export
JPN,Japan,ETH,Ethiopia,energy,27,"Mineral fuels, mineral oils and products of their distillation; bituminous substances; mineral waxes",33744.664,2025,Export
JPN,Japan,FJI,Fiji,energy,27,"Mineral fuels, mineral oils and products of their distillation; bituminous substances; mineral waxes",70176.738,2025,Export
JPN,Japan,FRA,France,energy,27,"Mineral fuels, mineral oils and products of their distillation; bituminous substances; mineral waxes",11246036.135,2025,Export
JPN,Japan,FSM,FS Micronesia,energy,27,"Mineral fuels, mineral oils and products of their distillation; bituminous substances; mineral waxes",78717.057,2025,Export
JPN,Japan,GBR,United Kingdom,energy,27,"Mineral fuels, mineral oils and products of their distillation; bituminous substances; mineral waxes",85108115.714,2025,Export
JPN,Japan,GEO,Georgia,energy,27,"Mineral fuels, mineral oils and products of their distillation; bituminous substances; mineral waxes",878479.192,2025,Export
JPN,Japan,GRC,Greece,energy,27,"Mineral fuels, mineral oils and products of their distillation; bituminous substances; mineral waxes",138903.704,2025,Export
JPN,Japan,GTM,Guatemala,energy,27,"Mineral fuels, mineral oils and products of their distillation; bituminous substances; mineral waxes",436306.801,2025,Export
JPN,Japan,GUM,Guam,energy,27,"Mineral fuels, mineral oils and products of their distillation; bituminous substances; mineral waxes",1480.594,2025,Export
JPN,Japan,HKG,"China, Hong Kong SAR",energy,27,"Mineral fuels, mineral oils and products of their distillation; bituminous substances; mineral waxes",261111443.735,2025,Export
JPN,Japan,HND,Honduras,energy,27,"Mineral fuels, mineral oils and products of their distillation; bituminous substances; mineral waxes",46671.112,2025,Export
JPN,Japan,HUN,Hungary,energy,27,"Mineral fuels, mineral oils and products of their distillation; bituminous substances; mineral waxes",124288.711,2025,Export
JPN,Japan,IDN,Indonesia,energy,27,"Mineral fuels, mineral oils and products of their distillation; bituminous substances; mineral waxes",62381086.943,2025,Export
JPN,Japan,IND,India,energy,27,"Mineral fuels, mineral oils and products of their distillation; bituminous substances; mineral waxes",182294441.113,2025,Export
JPN,Japan,IRL,Ireland,energy,27,"Mineral fuels, mineral oils and products of their distillation; bituminous substances; mineral waxes",178370.78,2025,Export
JPN,Japan,IRQ,Iraq,energy,27,"Mineral fuels, mineral oils and products of their distillation; bituminous substances; mineral waxes",4724503.107,2025,Export
JPN,Japan,ISL,Iceland,energy,27,"Mineral fuels, mineral oils and products of their distillation; bituminous substances; mineral waxes",2368.951,2025,Export
JPN,Japan,ISR,Israel,energy,27,"Mineral fuels, mineral oils and products of their distillation; bituminous substances; mineral waxes",295426.419,2025,Export
JPN,Japan,ITA,Italy,energy,27,"Mineral fuels, mineral oils and products of their distillation; bituminous substances; mineral waxes",834814.395,2025,Export
JPN,Japan,JAM,Jamaica,energy,27,"Mineral fuels, mineral oils and products of their distillation; bituminous substances; mineral waxes",9523.675,2025,Export
JPN,Japan,JOR,Jordan,energy,27,"Mineral fuels, mineral oils and products of their distillation; bituminous substances; mineral waxes",2738161.058,2025,Export
JPN,Japan,KAZ,Kazakhstan,energy,27,"Mineral fuels, mineral oils and products of their distillation; bituminous substances; mineral waxes",13787115.651,2025,Export
JPN,Japan,KEN,Kenya,energy,27,"Mineral fuels, mineral oils and products of their distillation; bituminous substances; mineral waxes",208177.005,2025,Export
JPN,Japan,KGZ,Kyrgyzstan,energy,27,"Mineral fuels, mineral oils and products of their distillation; bituminous substances; mineral waxes",3952124.597,2025,Export
JPN,Japan,KHM,Cambodia,energy,27,"Mineral fuels, mineral oils and products of their distillation; bituminous substances; mineral waxes",1369962.57,2025,Export
JPN,Japan,KOR,Rep. of Korea,energy,27,"Mineral fuels, mineral oils and products of their distillation; bituminous substances; mineral waxes",2822432531.294,2025,Export
JPN,Japan,KWT,Kuwait,energy,27,"Mineral fuels, mineral oils and products of their distillation; bituminous substances; mineral waxes",377788.652,2025,Export
JPN,Japan,LBN,Lebanon,energy,27,"Mineral fuels, mineral oils and products of their distillation; bituminous substances; mineral waxes",55366.402,2025,Export
JPN,Japan,LBR,Liberia,energy,27,"Mineral fuels, mineral oils and products of their distillation; bituminous substances; mineral waxes",866133.018,2025,Export
JPN,Japan,LBY,Libya,energy,27,"Mineral fuels, mineral oils and products of their distillation; bituminous substances; mineral waxes",9900.467,2025,Export
JPN,Japan,LCA,Saint Lucia,energy,27,"Mineral fuels, mineral oils and products of their distillation; bituminous substances; mineral waxes",4494.427,2025,Export
JPN,Japan,LKA,Sri Lanka,energy,27,"Mineral fuels, mineral oils and products of their distillation; bituminous substances; mineral waxes",3961686.032,2025,Export
JPN,Japan,LTU,Lithuania,energy,27,"Mineral fuels, mineral oils and products of their distillation; bituminous substances; mineral waxes",952715.432,2025,Export
JPN,Japan,LUX,Luxembourg,energy,27,"Mineral fuels, mineral oils and products of their distillation; bituminous substances; mineral waxes",1251228.681,2025,Export
JPN,Japan,MAC,"China, Macao SAR",energy,27,"Mineral fuels, mineral oils and products of their distillation; bituminous substances; mineral waxes",2765.461,2025,Export
JPN,Japan,MAR,Morocco,energy,27,"Mineral fuels, mineral oils and products of their distillation; bituminous substances; mineral waxes",1770.604,2025,Export
JPN,Japan,MDA,Rep. of Moldova,energy,27,"Mineral fuels, mineral oils and products of their distillation; bituminous substances; mineral waxes",370018.421,2025,Export
JPN,Japan,MDV,Maldives,energy,27,"Mineral fuels, mineral oils and products of their distillation; bituminous substances; mineral waxes",20116.771,2025,Export
JPN,Japan,MEX,Mexico,energy,27,"Mineral fuels, mineral oils and products of their distillation; bituminous substances; mineral waxes",31032551.283,2025,Export
JPN,Japan,MHL,Marshall Isds,energy,27,"Mineral fuels, mineral oils and products of their distillation; bituminous substances; mineral waxes",1305361.972,2025,Export
JPN,Japan,MLT,Malta,energy,27,"Mineral fuels, mineral oils and products of their distillation; bituminous substances; mineral waxes",37967.444,2025,Export
JPN,Japan,MMR,Myanmar,energy,27,"Mineral fuels, mineral oils and products of their distillation; bituminous substances; mineral waxes",1255518.11,2025,Export
JPN,Japan,MNE,Montenegro,energy,27,"Mineral fuels, mineral oils and products of their distillation; bituminous substances; mineral waxes",6975.245,2025,Export
JPN,Japan,MNG,Mongolia,energy,27,"Mineral fuels, mineral oils and products of their distillation; bituminous substances; mineral waxes",3532594.675,2025,Export
JPN,Japan,MUS,Mauritius,energy,27,"Mineral fuels, mineral oils and products of their distillation; bituminous substances; mineral waxes",98605.62,2025,Export
JPN,Japan,MYS,Malaysia,energy,27,"Mineral fuels, mineral oils and products of their distillation; bituminous substances; mineral waxes",159753664.628,2025,Export
JPN,Japan,NAM,Namibia,energy,27,"Mineral fuels, mineral oils and products of their distillation; bituminous substances; mineral waxes",28645.052,2025,Export
JPN,Japan,NCL,New Caledonia,energy,27,"Mineral fuels, mineral oils and products of their distillation; bituminous substances; mineral waxes",5322.777,2025,Export
JPN,Japan,NGA,Nigeria,energy,27,"Mineral fuels, mineral oils and products of their distillation; bituminous substances; mineral waxes",2825.726,2025,Export
JPN,Japan,NIC,Nicaragua,energy,27,"Mineral fuels, mineral oils and products of their distillation; bituminous substances; mineral waxes",80595.945,2025,Export
JPN,Japan,NLD,Netherlands,energy,27,"Mineral fuels, mineral oils and products of their distillation; bituminous substances; mineral waxes",13281480.025,2025,Export
JPN,Japan,NPL,Nepal,energy,27,"Mineral fuels, mineral oils and products of their distillation; bituminous substances; mineral waxes",492539.355,2025,Export
JPN,Japan,NZL,New Zealand,energy,27,"Mineral fuels, mineral oils and products of their distillation; bituminous substances; mineral waxes",185409368.64,2025,Export
JPN,Japan,OMN,Oman,energy,27,"Mineral fuels, mineral oils and products of their distillation; bituminous substances; mineral waxes",471035.993,2025,Export
JPN,Japan,PAK,Pakistan,energy,27,"Mineral fuels, mineral oils and products of their distillation; bituminous substances; mineral waxes",2040183.832,2025,Export
JPN,Japan,PAN,Panama,energy,27,"Mineral fuels, mineral oils and products of their distillation; bituminous substances; mineral waxes",6284672.963,2025,Export
JPN,Japan,PER,Peru,energy,27,"Mineral fuels, mineral oils and products of their distillation; bituminous substances; mineral waxes",1193175.149,2025,Export
JPN,Japan,PHL,Philippines,energy,27,"Mineral fuels, mineral oils and products of their distillation; bituminous substances; mineral waxes",507641694.081,2025,Export
JPN,Japan,PLW,Palau,energy,27,"Mineral fuels, mineral oils and products of their distillation; bituminous substances; mineral waxes",46155.066,2025,Export
JPN,Japan,PNG,Papua New Guinea,energy,27,"Mineral fuels, mineral oils and products of their distillation; bituminous substances; mineral waxes",7798.473,2025,Export
JPN,Japan,POL,Poland,energy,27,"Mineral fuels, mineral oils and products of their distillation; bituminous substances; mineral waxes",726415.271,2025,Export
JPN,Japan,PRT,Portugal,energy,27,"Mineral fuels, mineral oils and products of their distillation; bituminous substances; mineral waxes",7533.888,2025,Export
JPN,Japan,PRY,Paraguay,energy,27,"Mineral fuels, mineral oils and products of their distillation; bituminous substances; mineral waxes",94743.652,2025,Export
JPN,Japan,QAT,Qatar,energy,27,"Mineral fuels, mineral oils and products of their distillation; bituminous substances; mineral waxes",768191.946,2025,Export
JPN,Japan,ROU,Romania,energy,27,"Mineral fuels, mineral oils and products of their distillation; bituminous substances; mineral waxes",698581.909,2025,Export
JPN,Japan,RUS,Russian Federation,energy,27,"Mineral fuels, mineral oils and products of their distillation; bituminous substances; mineral waxes",970464.782,2025,Export
JPN,Japan,S19,"Other Asia, nes",energy,27,"Mineral fuels, mineral oils and products of their distillation; bituminous substances; mineral waxes",200023339.884,2025,Export
JPN,Japan,SAU,Saudi Arabia,energy,27,"Mineral fuels, mineral oils and products of their distillation; bituminous substances; mineral waxes",6374959.588,2025,Export
JPN,Japan,SGP,Singapore,energy,27,"Mineral fuels, mineral oils and products of their distillation; bituminous substances; mineral waxes",649663025.565,2025,Export
JPN,Japan,SLB,Solomon Isds,energy,27,"Mineral fuels, mineral oils and products of their distillation; bituminous substances; mineral waxes",5359.752,2025,Export
JPN,Japan,SLV,El Salvador,energy,27,"Mineral fuels, mineral oils and products of their distillation; bituminous substances; mineral waxes",145729.851,2025,Export
JPN,Japan,SRB,Serbia,energy,27,"Mineral fuels, mineral oils and products of their distillation; bituminous substances; mineral waxes",1447.965,2025,Export
JPN,Japan,SVN,Slovenia,energy,27,"Mineral fuels, mineral oils and products of their distillation; bituminous substances; mineral waxes",223974.967,2025,Export
JPN,Japan,SWE,Sweden,energy,27,"Mineral fuels, mineral oils and products of their distillation; bituminous substances; mineral waxes",1291272.005,2025,Export
JPN,Japan,SWZ,Eswatini,energy,27,"Mineral fuels, mineral oils and products of their distillation; bituminous substances; mineral waxes",2135.537,2025,Export
JPN,Japan,SYC,Seychelles,energy,27,"Mineral fuels, mineral oils and products of their distillation; bituminous substances; mineral waxes",8189.235,2025,Export
JPN,Japan,THA,Thailand,energy,27,"Mineral fuels, mineral oils and products of their distillation; bituminous substances; mineral waxes",59306998.385,2025,Export
JPN,Japan,TJK,Tajikistan,energy,27,"Mineral fuels, mineral oils and products of their distillation; bituminous substances; mineral waxes",19845.828,2025,Export
JPN,Japan,TKM,Turkmenistan,energy,27,"Mineral fuels, mineral oils and products of their distillation; bituminous substances; mineral waxes",688413.063,2025,Export
JPN,Japan,TLS,Timor-Leste,energy,27,"Mineral fuels, mineral oils and products of their distillation; bituminous substances; mineral waxes",106439.084,2025,Export
JPN,Japan,TTO,Trinidad and Tobago,energy,27,"Mineral fuels, mineral oils and products of their distillation; bituminous substances; mineral waxes",52259.744,2025,Export
JPN,Japan,TUN,Tunisia,energy,27,"Mineral fuels, mineral oils and products of their distillation; bituminous substances; mineral waxes",12135.14,2025,Export
JPN,Japan,TUR,Türkiye,energy,27,"Mineral fuels, mineral oils and products of their distillation; bituminous substances; mineral waxes",1276912.412,2025,Export
JPN,Japan,TZA,United Rep. of Tanzania,energy,27,"Mineral fuels, mineral oils and products of their distillation; bituminous substances; mineral waxes",36817.45,2025,Export
JPN,Japan,UKR,Ukraine,energy,27,"Mineral fuels, mineral oils and products of their distillation; bituminous substances; mineral waxes",1551056.374,2025,Export
JPN,Japan,URY,Uruguay,energy,27,"Mineral fuels, mineral oils and products of their distillation; bituminous substances; mineral waxes",6580.367,2025,Export
JPN,Japan,USA,USA,energy,27,"Mineral fuels, mineral oils and products of their distillation; bituminous substances; mineral waxes",220832378.042,2025,Export
JPN,Japan,UZB,Uzbekistan,energy,27,"Mineral fuels, mineral oils and products of their distillation; bituminous substances; mineral waxes",442590.007,2025,Export
JPN,Japan,VEN,Venezuela,energy,27,"Mineral fuels, mineral oils and products of their distillation; bituminous substances; mineral waxes",808212.107,2025,Export
JPN,Japan,VNM,Viet Nam,energy,27,"Mineral fuels, mineral oils and products of their distillation; bituminous substances; mineral waxes",91732861.111,2025,Export
JPN,Japan,W00,World,energy,27,"Mineral fuels, mineral oils and products of their distillation; bituminous substances; mineral waxes",9086197236.115,2025,Export
JPN,Japan,YEM,Yemen,energy,27,"Mineral fuels, mineral oils and products of their distillation; bituminous substances; mineral waxes",2837666.455,2025,Export
JPN,Japan,ZAF,South Africa,energy,27,"Mineral fuels, mineral oils and products of their distillation; bituminous substances; mineral waxes",2449976.305,2025,Export
KOR,Rep. of Korea,AFG,Afghanistan,energy,27,"Mineral fuels, mineral oils and products of their distillation; bituminous substances; mineral waxes",2695639.0,2025,Export
KOR,Rep. of Korea,AGO,Angola,energy,27,"Mineral fuels, mineral oils and products of their distillation; bituminous substances; mineral waxes",533019559.0,2025,Export
KOR,Rep. of Korea,ARE,United Arab Emirates,energy,27,"Mineral fuels, mineral oils and products of their distillation; bituminous substances; mineral waxes",282945741.0,2025,Export
KOR,Rep. of Korea,ARG,Argentina,energy,27,"Mineral fuels, mineral oils and products of their distillation; bituminous substances; mineral waxes",109636286.0,2025,Export
KOR,Rep. of Korea,ARM,Armenia,energy,27,"Mineral fuels, mineral oils and products of their distillation; bituminous substances; mineral waxes",853093.0,2025,Export
KOR,Rep. of Korea,ASM,American Samoa,energy,27,"Mineral fuels, mineral oils and products of their distillation; bituminous substances; mineral waxes",567483.0,2025,Export
KOR,Rep. of Korea,ATA,Antarctica,energy,27,"Mineral fuels, mineral oils and products of their distillation; bituminous substances; mineral waxes",427300.0,2025,Export
KOR,Rep. of Korea,ATG,Antigua and Barbuda,energy,27,"Mineral fuels, mineral oils and products of their distillation; bituminous substances; mineral waxes",23863.0,2025,Export
KOR,Rep. of Korea,AUS,Australia,energy,27,"Mineral fuels, mineral oils and products of their distillation; bituminous substances; mineral waxes",7294483710.0,2025,Export
KOR,Rep. of Korea,AUT,Austria,energy,27,"Mineral fuels, mineral oils and products of their distillation; bituminous substances; mineral waxes",113185.0,2025,Export
KOR,Rep. of Korea,AZE,Azerbaijan,energy,27,"Mineral fuels, mineral oils and products of their distillation; bituminous substances; mineral waxes",1887805.0,2025,Export
KOR,Rep. of Korea,BEL,Belgium,energy,27,"Mineral fuels, mineral oils and products of their distillation; bituminous substances; mineral waxes",188947528.0,2025,Export
KOR,Rep. of Korea,BEN,Benin,energy,27,"Mineral fuels, mineral oils and products of their distillation; bituminous substances; mineral waxes",350712.0,2025,Export
KOR,Rep. of Korea,BFA,Burkina Faso,energy,27,"Mineral fuels, mineral oils and products of their distillation; bituminous substances; mineral waxes",17453.0,2025,Export
KOR,Rep. of Korea,BGD,Bangladesh,energy,27,"Mineral fuels, mineral oils and products of their distillation; bituminous substances; mineral waxes",814217265.0,2025,Export
KOR,Rep. of Korea,BGR,Bulgaria,energy,27,"Mineral fuels, mineral oils and products of their distillation; bituminous substances; mineral waxes",9820.0,2025,Export
KOR,Rep. of Korea,BHR,Bahrain,energy,27,"Mineral fuels, mineral oils and products of their distillation; bituminous substances; mineral waxes",42241024.0,2025,Export
KOR,Rep. of Korea,BHS,Bahamas,energy,27,"Mineral fuels, mineral oils and products of their distillation; bituminous substances; mineral waxes",721483.0,2025,Export
KOR,Rep. of Korea,BLR,Belarus,energy,27,"Mineral fuels, mineral oils and products of their distillation; bituminous substances; mineral waxes",1126123.0,2025,Export
KOR,Rep. of Korea,BLZ,Belize,energy,27,"Mineral fuels, mineral oils and products of their distillation; bituminous substances; mineral waxes",28371.0,2025,Export
KOR,Rep. of Korea,BMU,Bermuda,energy,27,"Mineral fuels, mineral oils and products of their distillation; bituminous substances; mineral waxes",128734.0,2025,Export
KOR,Rep. of Korea,BRA,Brazil,energy,27,"Mineral fuels, mineral oils and products of their distillation; bituminous substances; mineral waxes",19702138.0,2025,Export
KOR,Rep. of Korea,BRB,Barbados,energy,27,"Mineral fuels, mineral oils and products of their distillation; bituminous substances; mineral waxes",28405.0,2025,Export
KOR,Rep. of Korea,BRN,Brunei Darussalam,energy,27,"Mineral fuels, mineral oils and products of their distillation; bituminous substances; mineral waxes",365530.0,2025,Export
KOR,Rep. of Korea,CAN,Canada,energy,27,"Mineral fuels, mineral oils and products of their distillation; bituminous substances; mineral waxes",87995982.0,2025,Export
KOR,Rep. of Korea,CHE,Switzerland,energy,27,"Mineral fuels, mineral oils and products of their distillation; bituminous substances; mineral waxes",166011.0,2025,Export
KOR,Rep. of Korea,CHL,Chile,energy,27,"Mineral fuels, mineral oils and products of their distillation; bituminous substances; mineral waxes",537005378.0,2025,Export
KOR,Rep. of Korea,CHN,China,energy,27,"Mineral fuels, mineral oils and products of their distillation; bituminous substances; mineral waxes",3472179894.0,2025,Export
KOR,Rep. of Korea,CIV,Côte d'Ivoire,energy,27,"Mineral fuels, mineral oils and products of their distillation; bituminous substances; mineral waxes",435460.0,2025,Export
KOR,Rep. of Korea,CMR,Cameroon,energy,27,"Mineral fuels, mineral oils and products of their distillation; bituminous substances; mineral waxes",178043.0,2025,Export
KOR,Rep. of Korea,COL,Colombia,energy,27,"Mineral fuels, mineral oils and products of their distillation; bituminous substances; mineral waxes",10649795.0,2025,Export
KOR,Rep. of Korea,CRI,Costa Rica,energy,27,"Mineral fuels, mineral oils and products of their distillation; bituminous substances; mineral waxes",653757.0,2025,Export
KOR,Rep. of Korea,CZE,Czechia,energy,27,"Mineral fuels, mineral oils and products of their distillation; bituminous substances; mineral waxes",184477.0,2025,Export
KOR,Rep. of Korea,DEU,Germany,energy,27,"Mineral fuels, mineral oils and products of their distillation; bituminous substances; mineral waxes",7524806.0,2025,Export
KOR,Rep. of Korea,DJI,Djibouti,energy,27,"Mineral fuels, mineral oils and products of their distillation; bituminous substances; mineral waxes",1089322.0,2025,Export
KOR,Rep. of Korea,DNK,Denmark,energy,27,"Mineral fuels, mineral oils and products of their distillation; bituminous substances; mineral waxes",113381.0,2025,Export
KOR,Rep. of Korea,DOM,Dominican Rep.,energy,27,"Mineral fuels, mineral oils and products of their distillation; bituminous substances; mineral waxes",1149279.0,2025,Export
KOR,Rep. of Korea,DZA,Algeria,energy,27,"Mineral fuels, mineral oils and products of their distillation; bituminous substances; mineral waxes",206175.0,2025,Export
KOR,Rep. of Korea,ECU,Ecuador,energy,27,"Mineral fuels, mineral oils and products of their distillation; bituminous substances; mineral waxes",51787314.0,2025,Export
KOR,Rep. of Korea,EGY,Egypt,energy,27,"Mineral fuels, mineral oils and products of their distillation; bituminous substances; mineral waxes",5910044.0,2025,Export
KOR,Rep. of Korea,ESP,Spain,energy,27,"Mineral fuels, mineral oils and products of their distillation; bituminous substances; mineral waxes",2545717.0,2025,Export
KOR,Rep. of Korea,ETH,Ethiopia,energy,27,"Mineral fuels, mineral oils and products of their distillation; bituminous substances; mineral waxes",302020.0,2025,Export
KOR,Rep. of Korea,FIN,Finland,energy,27,"Mineral fuels, mineral oils and products of their distillation; bituminous substances; mineral waxes",107858.0,2025,Export
KOR,Rep. of Korea,FJI,Fiji,energy,27,"Mineral fuels, mineral oils and products of their distillation; bituminous substances; mineral waxes",180811175.0,2025,Export
KOR,Rep. of Korea,FRA,France,energy,27,"Mineral fuels, mineral oils and products of their distillation; bituminous substances; mineral waxes",63249611.0,2025,Export
KOR,Rep. of Korea,FSM,FS Micronesia,energy,27,"Mineral fuels, mineral oils and products of their distillation; bituminous substances; mineral waxes",489399.0,2025,Export
KOR,Rep. of Korea,GBR,United Kingdom,energy,27,"Mineral fuels, mineral oils and products of their distillation; bituminous substances; mineral waxes",125845594.0,2025,Export
KOR,Rep. of Korea,GEO,Georgia,energy,27,"Mineral fuels, mineral oils and products of their distillation; bituminous substances; mineral waxes",2763127.0,2025,Export
KOR,Rep. of Korea,GHA,Ghana,energy,27,"Mineral fuels, mineral oils and products of their distillation; bituminous substances; mineral waxes",999211.0,2025,Export
KOR,Rep. of Korea,GIN,Guinea,energy,27,"Mineral fuels, mineral oils and products of their distillation; bituminous substances; mineral waxes",538597.0,2025,Export
KOR,Rep. of Korea,GRC,Greece,energy,27,"Mineral fuels, mineral oils and products of their distillation; bituminous substances; mineral waxes",1647707.0,2025,Export
KOR,Rep. of Korea,GTM,Guatemala,energy,27,"Mineral fuels, mineral oils and products of their distillation; bituminous substances; mineral waxes",19032813.0,2025,Export
KOR,Rep. of Korea,GUM,Guam,energy,27,"Mineral fuels, mineral oils and products of their distillation; bituminous substances; mineral waxes",347186164.0,2025,Export
KOR,Rep. of Korea,GUY,Guyana,energy,27,"Mineral fuels, mineral oils and products of their distillation; bituminous substances; mineral waxes",548348.0,2025,Export
KOR,Rep. of Korea,HKG,"China, Hong Kong SAR",energy,27,"Mineral fuels, mineral oils and products of their distillation; bituminous substances; mineral waxes",818736814.0,2025,Export
KOR,Rep. of Korea,HND,Honduras,energy,27,"Mineral fuels, mineral oils and products of their distillation; bituminous substances; mineral waxes",1278866.0,2025,Export
KOR,Rep. of Korea,HTI,Haiti,energy,27,"Mineral fuels, mineral oils and products of their distillation; bituminous substances; mineral waxes",275386.0,2025,Export
KOR,Rep. of Korea,HUN,Hungary,energy,27,"Mineral fuels, mineral oils and products of their distillation; bituminous substances; mineral waxes",1575456.0,2025,Export
KOR,Rep. of Korea,IDN,Indonesia,energy,27,"Mineral fuels, mineral oils and products of their distillation; bituminous substances; mineral waxes",291847939.0,2025,Export
KOR,Rep. of Korea,IND,India,energy,27,"Mineral fuels, mineral oils and products of their distillation; bituminous substances; mineral waxes",1275943385.0,2025,Export
KOR,Rep. of Korea,IRL,Ireland,energy,27,"Mineral fuels, mineral oils and products of their distillation; bituminous substances; mineral waxes",40414.0,2025,Export
KOR,Rep. of Korea,IRN,Iran,energy,27,"Mineral fuels, mineral oils and products of their distillation; bituminous substances; mineral waxes",982239.0,2025,Export
KOR,Rep. of Korea,IRQ,Iraq,energy,27,"Mineral fuels, mineral oils and products of their distillation; bituminous substances; mineral waxes",19001016.0,2025,Export
KOR,Rep. of Korea,ISR,Israel,energy,27,"Mineral fuels, mineral oils and products of their distillation; bituminous substances; mineral waxes",1879803.0,2025,Export
KOR,Rep. of Korea,ITA,Italy,energy,27,"Mineral fuels, mineral oils and products of their distillation; bituminous substances; mineral waxes",1258991.0,2025,Export
KOR,Rep. of Korea,JAM,Jamaica,energy,27,"Mineral fuels, mineral oils and products of their distillation; bituminous substances; mineral waxes",51274.0,2025,Export
KOR,Rep. of Korea,JOR,Jordan,energy,27,"Mineral fuels, mineral oils and products of their distillation; bituminous substances; mineral waxes",857203.0,2025,Export
KOR,Rep. of Korea,JPN,Japan,energy,27,"Mineral fuels, mineral oils and products of their distillation; bituminous substances; mineral waxes",5537545036.0,2025,Export
KOR,Rep. of Korea,KAZ,Kazakhstan,energy,27,"Mineral fuels, mineral oils and products of their distillation; bituminous substances; mineral waxes",25069645.0,2025,Export
KOR,Rep. of Korea,KEN,Kenya,energy,27,"Mineral fuels, mineral oils and products of their distillation; bituminous substances; mineral waxes",3761317.0,2025,Export
KOR,Rep. of Korea,KGZ,Kyrgyzstan,energy,27,"Mineral fuels, mineral oils and products of their distillation; bituminous substances; mineral waxes",6025429.0,2025,Export
KOR,Rep. of Korea,KHM,Cambodia,energy,27,"Mineral fuels, mineral oils and products of their distillation; bituminous substances; mineral waxes",2038662.0,2025,Export
KOR,Rep. of Korea,KIR,Kiribati,energy,27,"Mineral fuels, mineral oils and products of their distillation; bituminous substances; mineral waxes",276698.0,2025,Export
KOR,Rep. of Korea,KWT,Kuwait,energy,27,"Mineral fuels, mineral oils and products of their distillation; bituminous substances; mineral waxes",3075136.0,2025,Export
KOR,Rep. of Korea,LAO,Lao People's Dem. Rep.,energy,27,"Mineral fuels, mineral oils and products of their distillation; bituminous substances; mineral waxes",805920.0,2025,Export
KOR,Rep. of Korea,LBN,Lebanon,energy,27,"Mineral fuels, mineral oils and products of their distillation; bituminous substances; mineral waxes",408802.0,2025,Export
KOR,Rep. of Korea,LBR,Liberia,energy,27,"Mineral fuels, mineral oils and products of their distillation; bituminous substances; mineral waxes",480.0,2025,Export
KOR,Rep. of Korea,LBY,Libya,energy,27,"Mineral fuels, mineral oils and products of their distillation; bituminous substances; mineral waxes",15906208.0,2025,Export
KOR,Rep. of Korea,LKA,Sri Lanka,energy,27,"Mineral fuels, mineral oils and products of their distillation; bituminous substances; mineral waxes",44895214.0,2025,Export
KOR,Rep. of Korea,LTU,Lithuania,energy,27,"Mineral fuels, mineral oils and products of their distillation; bituminous substances; mineral waxes",6571655.0,2025,Export
KOR,Rep. of Korea,LVA,Latvia,energy,27,"Mineral fuels, mineral oils and products of their distillation; bituminous substances; mineral waxes",1377813.0,2025,Export
KOR,Rep. of Korea,MAC,"China, Macao SAR",energy,27,"Mineral fuels, mineral oils and products of their distillation; bituminous substances; mineral waxes",1762.0,2025,Export
KOR,Rep. of Korea,MAR,Morocco,energy,27,"Mineral fuels, mineral oils and products of their distillation; bituminous substances; mineral waxes",829186.0,2025,Export
KOR,Rep. of Korea,MDA,Rep. of Moldova,energy,27,"Mineral fuels, mineral oils and products of their distillation; bituminous substances; mineral waxes",235272.0,2025,Export
KOR,Rep. of Korea,MDG,Madagascar,energy,27,"Mineral fuels, mineral oils and products of their distillation; bituminous substances; mineral waxes",502741.0,2025,Export
KOR,Rep. of Korea,MDV,Maldives,energy,27,"Mineral fuels, mineral oils and products of their distillation; bituminous substances; mineral waxes",34305.0,2025,Export
KOR,Rep. of Korea,MEX,Mexico,energy,27,"Mineral fuels, mineral oils and products of their distillation; bituminous substances; mineral waxes",61754748.0,2025,Export
KOR,Rep. of Korea,MHL,Marshall Isds,energy,27,"Mineral fuels, mineral oils and products of their distillation; bituminous substances; mineral waxes",101738.0,2025,Export
KOR,Rep. of Korea,MLI,Mali,energy,27,"Mineral fuels, mineral oils and products of their distillation; bituminous substances; mineral waxes",33695.0,2025,Export
KOR,Rep. of Korea,MMR,Myanmar,energy,27,"Mineral fuels, mineral oils and products of their distillation; bituminous substances; mineral waxes",2153158.0,2025,Export
KOR,Rep. of Korea,MNG,Mongolia,energy,27,"Mineral fuels, mineral oils and products of their distillation; bituminous substances; mineral waxes",14952755.0,2025,Export
KOR,Rep. of Korea,MNP,N. Mariana Isds,energy,27,"Mineral fuels, mineral oils and products of their distillation; bituminous substances; mineral waxes",5503735.0,2025,Export
KOR,Rep. of Korea,MOZ,Mozambique,energy,27,"Mineral fuels, mineral oils and products of their distillation; bituminous substances; mineral waxes",7748023.0,2025,Export
KOR,Rep. of Korea,MUS,Mauritius,energy,27,"Mineral fuels, mineral oils and products of their distillation; bituminous substances; mineral waxes",2806146.0,2025,Export
KOR,Rep. of Korea,MYS,Malaysia,energy,27,"Mineral fuels, mineral oils and products of their distillation; bituminous substances; mineral waxes",1882109450.0,2025,Export
KOR,Rep. of Korea,NCL,New Caledonia,energy,27,"Mineral fuels, mineral oils and products of their distillation; bituminous substances; mineral waxes",10734251.0,2025,Export
KOR,Rep. of Korea,NGA,Nigeria,energy,27,"Mineral fuels, mineral oils and products of their distillation; bituminous substances; mineral waxes",4777844.0,2025,Export
KOR,Rep. of Korea,NIC,Nicaragua,energy,27,"Mineral fuels, mineral oils and products of their distillation; bituminous substances; mineral waxes",5567952.0,2025,Export
KOR,Rep. of Korea,NLD,Netherlands,energy,27,"Mineral fuels, mineral oils and products of their distillation; bituminous substances; mineral waxes",636045912.0,2025,Export
KOR,Rep. of Korea,NOR,Norway,energy,27,"Mineral fuels, mineral oils and products of their distillation; bituminous substances; mineral waxes",408565.0,2025,Export
KOR,Rep. of Korea,NPL,Nepal,energy,27,"Mineral fuels, mineral oils and products of their distillation; bituminous substances; mineral waxes",314.0,2025,Export
KOR,Rep. of Korea,NZL,New Zealand,energy,27,"Mineral fuels, mineral oils and products of their distillation; bituminous substances; mineral waxes",2262861520.0,2025,Export
KOR,Rep. of Korea,OMN,Oman,energy,27,"Mineral fuels, mineral oils and products of their distillation; bituminous substances; mineral waxes",269443638.0,2025,Export
KOR,Rep. of Korea,PAK,Pakistan,energy,27,"Mineral fuels, mineral oils and products of their distillation; bituminous substances; mineral waxes",86905867.0,2025,Export
KOR,Rep. of Korea,PAN,Panama,energy,27,"Mineral fuels, mineral oils and products of their distillation; bituminous substances; mineral waxes",27177633.0,2025,Export
KOR,Rep. of Korea,PER,Peru,energy,27,"Mineral fuels, mineral oils and products of their distillation; bituminous substances; mineral waxes",39410351.0,2025,Export
KOR,Rep. of Korea,PHL,Philippines,energy,27,"Mineral fuels, mineral oils and products of their distillation; bituminous substances; mineral waxes",3620299445.0,2025,Export
KOR,Rep. of Korea,PLW,Palau,energy,27,"Mineral fuels, mineral oils and products of their distillation; bituminous substances; mineral waxes",10334119.0,2025,Export
KOR,Rep. of Korea,PNG,Papua New Guinea,energy,27,"Mineral fuels, mineral oils and products of their distillation; bituminous substances; mineral waxes",107481278.0,2025,Export
KOR,Rep. of Korea,POL,Poland,energy,27,"Mineral fuels, mineral oils and products of their distillation; bituminous substances; mineral waxes",2233386.0,2025,Export
KOR,Rep. of Korea,PRT,Portugal,energy,27,"Mineral fuels, mineral oils and products of their distillation; bituminous substances; mineral waxes",14892.0,2025,Export
KOR,Rep. of Korea,PRY,Paraguay,energy,27,"Mineral fuels, mineral oils and products of their distillation; bituminous substances; mineral waxes",129159610.0,2025,Export
KOR,Rep. of Korea,PYF,French Polynesia,energy,27,"Mineral fuels, mineral oils and products of their distillation; bituminous substances; mineral waxes",36166054.0,2025,Export
KOR,Rep. of Korea,QAT,Qatar,energy,27,"Mineral fuels, mineral oils and products of their distillation; bituminous substances; mineral waxes",88887275.0,2025,Export
KOR,Rep. of Korea,ROU,Romania,energy,27,"Mineral fuels, mineral oils and products of their distillation; bituminous substances; mineral waxes",242311.0,2025,Export
KOR,Rep. of Korea,RUS,Russian Federation,energy,27,"Mineral fuels, mineral oils and products of their distillation; bituminous substances; mineral waxes",213426674.0,2025,Export
KOR,Rep. of Korea,RWA,Rwanda,energy,27,"Mineral fuels, mineral oils and products of their distillation; bituminous substances; mineral waxes",309055.0,2025,Export
KOR,Rep. of Korea,S19,"Other Asia, nes",energy,27,"Mineral fuels, mineral oils and products of their distillation; bituminous substances; mineral waxes",1325567640.0,2025,Export
KOR,Rep. of Korea,SAU,Saudi Arabia,energy,27,"Mineral fuels, mineral oils and products of their distillation; bituminous substances; mineral waxes",70723853.0,2025,Export
KOR,Rep. of Korea,SDN,Sudan,energy,27,"Mineral fuels, mineral oils and products of their distillation; bituminous substances; mineral waxes",231299.0,2025,Export
KOR,Rep. of Korea,SEN,Senegal,energy,27,"Mineral fuels, mineral oils and products of their distillation; bituminous substances; mineral waxes",436070.0,2025,Export
KOR,Rep. of Korea,SGP,Singapore,energy,27,"Mineral fuels, mineral oils and products of their distillation; bituminous substances; mineral waxes",5632784859.0,2025,Export
KOR,Rep. of Korea,SLB,Solomon Isds,energy,27,"Mineral fuels, mineral oils and products of their distillation; bituminous substances; mineral waxes",4210580.0,2025,Export
KOR,Rep. of Korea,SLE,Sierra Leone,energy,27,"Mineral fuels, mineral oils and products of their distillation; bituminous substances; mineral waxes",5348.0,2025,Export
KOR,Rep. of Korea,SLV,El Salvador,energy,27,"Mineral fuels, mineral oils and products of their distillation; bituminous substances; mineral waxes",4414388.0,2025,Export
KOR,Rep. of Korea,SRB,Serbia,energy,27,"Mineral fuels, mineral oils and products of their distillation; bituminous substances; mineral waxes",6991.0,2025,Export
KOR,Rep. of Korea,SUR,Suriname,energy,27,"Mineral fuels, mineral oils and products of their distillation; bituminous substances; mineral waxes",32258.0,2025,Export
KOR,Rep. of Korea,SVK,Slovakia,energy,27,"Mineral fuels, mineral oils and products of their distillation; bituminous substances; mineral waxes",245510.0,2025,Export
KOR,Rep. of Korea,SVN,Slovenia,energy,27,"Mineral fuels, mineral oils and products of their distillation; bituminous substances; mineral waxes",549078.0,2025,Export
KOR,Rep. of Korea,SWE,Sweden,energy,27,"Mineral fuels, mineral oils and products of their distillation; bituminous substances; mineral waxes",1864621.0,2025,Export
KOR,Rep. of Korea,SYC,Seychelles,energy,27,"Mineral fuels, mineral oils and products of their distillation; bituminous substances; mineral waxes",122528.0,2025,Export
KOR,Rep. of Korea,SYR,Syria,energy,27,"Mineral fuels, mineral oils and products of their distillation; bituminous substances; mineral waxes",1206067.0,2025,Export
KOR,Rep. of Korea,TGO,Togo,energy,27,"Mineral fuels, mineral oils and products of their distillation; bituminous substances; mineral waxes",1259.0,2025,Export
KOR,Rep. of Korea,THA,Thailand,energy,27,"Mineral fuels, mineral oils and products of their distillation; bituminous substances; mineral waxes",259414387.0,2025,Export
KOR,Rep. of Korea,TJK,Tajikistan,energy,27,"Mineral fuels, mineral oils and products of their distillation; bituminous substances; mineral waxes",4549454.0,2025,Export
KOR,Rep. of Korea,TKM,Turkmenistan,energy,27,"Mineral fuels, mineral oils and products of their distillation; bituminous substances; mineral waxes",445431.0,2025,Export
KOR,Rep. of Korea,TLS,Timor-Leste,energy,27,"Mineral fuels, mineral oils and products of their distillation; bituminous substances; mineral waxes",34435.0,2025,Export
KOR,Rep. of Korea,TTO,Trinidad and Tobago,energy,27,"Mineral fuels, mineral oils and products of their distillation; bituminous substances; mineral waxes",213080.0,2025,Export
KOR,Rep. of Korea,TUN,Tunisia,energy,27,"Mineral fuels, mineral oils and products of their distillation; bituminous substances; mineral waxes",92646.0,2025,Export
KOR,Rep. of Korea,TUR,Türkiye,energy,27,"Mineral fuels, mineral oils and products of their distillation; bituminous substances; mineral waxes",20735574.0,2025,Export
KOR,Rep. of Korea,TUV,Tuvalu,energy,27,"Mineral fuels, mineral oils and products of their distillation; bituminous substances; mineral waxes",143187.0,2025,Export
KOR,Rep. of Korea,TZA,United Rep. of Tanzania,energy,27,"Mineral fuels, mineral oils and products of their distillation; bituminous substances; mineral waxes",2286487.0,2025,Export
KOR,Rep. of Korea,UGA,Uganda,energy,27,"Mineral fuels, mineral oils and products of their distillation; bituminous substances; mineral waxes",388270.0,2025,Export
KOR,Rep. of Korea,UKR,Ukraine,energy,27,"Mineral fuels, mineral oils and products of their distillation; bituminous substances; mineral waxes",1760553.0,2025,Export
KOR,Rep. of Korea,URY,Uruguay,energy,27,"Mineral fuels, mineral oils and products of their distillation; bituminous substances; mineral waxes",603387.0,2025,Export
KOR,Rep. of Korea,USA,USA,energy,27,"Mineral fuels, mineral oils and products of their distillation; bituminous substances; mineral waxes",5766651138.0,2025,Export
KOR,Rep. of Korea,UZB,Uzbekistan,energy,27,"Mineral fuels, mineral oils and products of their distillation; bituminous substances; mineral waxes",34414730.0,2025,Export
KOR,Rep. of Korea,VEN,Venezuela,energy,27,"Mineral fuels, mineral oils and products of their distillation; bituminous substances; mineral waxes",322866.0,2025,Export
KOR,Rep. of Korea,VNM,Viet Nam,energy,27,"Mineral fuels, mineral oils and products of their distillation; bituminous substances; mineral waxes",2178091016.0,2025,Export
KOR,Rep. of Korea,VUT,Vanuatu,energy,27,"Mineral fuels, mineral oils and products of their distillation; bituminous substances; mineral waxes",183370.0,2025,Export
KOR,Rep. of Korea,W00,World,energy,27,"Mineral fuels, mineral oils and products of their distillation; bituminous substances; mineral waxes",47235215550.0,2025,Export
KOR,Rep. of Korea,WSM,Samoa,energy,27,"Mineral fuels, mineral oils and products of their distillation; bituminous substances; mineral waxes",51338.0,2025,Export
KOR,Rep. of Korea,YEM,Yemen,energy,27,"Mineral fuels, mineral oils and products of their distillation; bituminous substances; mineral waxes",690364.0,2025,Export
KOR,Rep. of Korea,ZAF,South Africa,energy,27,"Mineral fuels, mineral oils and products of their distillation; bituminous substances; mineral waxes",27123679.0,2025,Export
KOR,Rep. of Korea,ZMB,Zambia,energy,27,"Mineral fuels, mineral oils and products of their distillation; bituminous substances; mineral waxes",634869.0,2025,Export
KOR,Rep. of Korea,_X,"Areas, nes",energy,27,"Mineral fuels, mineral oils and products of their distillation; bituminous substances; mineral waxes",84006770.0,2025,Export
MEX,Mexico,A59,"North America and Central America, nes",energy,27,"Mineral fuels, mineral oils and products of their distillation; bituminous substances; mineral waxes",8863468570.0,2025,Export
MEX,Mexico,ABW,Aruba,energy,27,"Mineral fuels, mineral oils and products of their distillation; bituminous substances; mineral waxes",3009.0,2025,Export
MEX,Mexico,BLZ,Belize,energy,27,"Mineral fuels, mineral oils and products of their distillation; bituminous substances; mineral waxes",45206602.0,2025,Export
MEX,Mexico,BOL,Bolivia (Plurinational State of),energy,27,"Mineral fuels, mineral oils and products of their distillation; bituminous substances; mineral waxes",5509173.0,2025,Export
MEX,Mexico,BRA,Brazil,energy,27,"Mineral fuels, mineral oils and products of their distillation; bituminous substances; mineral waxes",40333713.0,2025,Export
MEX,Mexico,CAN,Canada,energy,27,"Mineral fuels, mineral oils and products of their distillation; bituminous substances; mineral waxes",2607572.0,2025,Export
MEX,Mexico,CHL,Chile,energy,27,"Mineral fuels, mineral oils and products of their distillation; bituminous substances; mineral waxes",1734763.0,2025,Export
MEX,Mexico,CHN,China,energy,27,"Mineral fuels, mineral oils and products of their distillation; bituminous substances; mineral waxes",9040099.0,2025,Export
MEX,Mexico,COL,Colombia,energy,27,"Mineral fuels, mineral oils and products of their distillation; bituminous substances; mineral waxes",22435037.0,2025,Export
MEX,Mexico,CRI,Costa Rica,energy,27,"Mineral fuels, mineral oils and products of their distillation; bituminous substances; mineral waxes",19670339.0,2025,Export
MEX,Mexico,CUB,Cuba,energy,27,"Mineral fuels, mineral oils and products of their distillation; bituminous substances; mineral waxes",212815168.0,2025,Export
MEX,Mexico,DEU,Germany,energy,27,"Mineral fuels, mineral oils and products of their distillation; bituminous substances; mineral waxes",1732743.0,2025,Export
MEX,Mexico,DOM,Dominican Rep.,energy,27,"Mineral fuels, mineral oils and products of their distillation; bituminous substances; mineral waxes",18227198.0,2025,Export
MEX,Mexico,E19,"Other Europe, nes",energy,27,"Mineral fuels, mineral oils and products of their distillation; bituminous substances; mineral waxes",4096429641.0,2025,Export
MEX,Mexico,ECU,Ecuador,energy,27,"Mineral fuels, mineral oils and products of their distillation; bituminous substances; mineral waxes",11278787.0,2025,Export
MEX,Mexico,EGY,Egypt,energy,27,"Mineral fuels, mineral oils and products of their distillation; bituminous substances; mineral waxes",15454.0,2025,Export
MEX,Mexico,GTM,Guatemala,energy,27,"Mineral fuels, mineral oils and products of their distillation; bituminous substances; mineral waxes",161173808.0,2025,Export
MEX,Mexico,HND,Honduras,energy,27,"Mineral fuels, mineral oils and products of their distillation; bituminous substances; mineral waxes",9550036.0,2025,Export
MEX,Mexico,IND,India,energy,27,"Mineral fuels, mineral oils and products of their distillation; bituminous substances; mineral waxes",14972806.0,2025,Export
MEX,Mexico,JAM,Jamaica,energy,27,"Mineral fuels, mineral oils and products of their distillation; bituminous substances; mineral waxes",7402814.0,2025,Export
MEX,Mexico,NIC,Nicaragua,energy,27,"Mineral fuels, mineral oils and products of their distillation; bituminous substances; mineral waxes",10620837.0,2025,Export
MEX,Mexico,NLD,Netherlands,energy,27,"Mineral fuels, mineral oils and products of their distillation; bituminous substances; mineral waxes",19105862.0,2025,Export
MEX,Mexico,PAN,Panama,energy,27,"Mineral fuels, mineral oils and products of their distillation; bituminous substances; mineral waxes",194014106.0,2025,Export
MEX,Mexico,PER,Peru,energy,27,"Mineral fuels, mineral oils and products of their distillation; bituminous substances; mineral waxes",9480219.0,2025,Export
MEX,Mexico,PRY,Paraguay,energy,27,"Mineral fuels, mineral oils and products of their distillation; bituminous substances; mineral waxes",1240946.0,2025,Export
MEX,Mexico,S19,"Other Asia, nes",energy,27,"Mineral fuels, mineral oils and products of their distillation; bituminous substances; mineral waxes",1835895877.0,2025,Export
MEX,Mexico,SLV,El Salvador,energy,27,"Mineral fuels, mineral oils and products of their distillation; bituminous substances; mineral waxes",11322150.0,2025,Export
MEX,Mexico,URY,Uruguay,energy,27,"Mineral fuels, mineral oils and products of their distillation; bituminous substances; mineral waxes",155921.0,2025,Export
MEX,Mexico,USA,USA,energy,27,"Mineral fuels, mineral oils and products of their distillation; bituminous substances; mineral waxes",4727200974.0,2025,Export
MEX,Mexico,VEN,Venezuela,energy,27,"Mineral fuels, mineral oils and products of their distillation; bituminous substances; mineral waxes",7135509.0,2025,Export
MEX,Mexico,W00,World,energy,27,"Mineral fuels, mineral oils and products of their distillation; bituminous substances; mineral waxes",20575028435.0,2025,Export
MEX,Mexico,_X,"Areas, nes",energy,27,"Mineral fuels, mineral oils and products of their distillation; bituminous substances; mineral waxes",215248702.0,2025,Export
TUR,Türkiye,ABW,Aruba,energy,27,"Mineral fuels, mineral oils and products of their distillation; bituminous substances; mineral waxes",15876.0,2025,Export
TUR,Türkiye,ABW,Aruba,energy,27,"Mineral fuels, mineral oils and products of their distillation; bituminous substances; mineral waxes",15876.0,2025,Export
TUR,Türkiye,AFG,Afghanistan,energy,27,"Mineral fuels, mineral oils and products of their distillation; bituminous substances; mineral waxes",685767.0,2025,Export
TUR,Türkiye,AFG,Afghanistan,energy,27,"Mineral fuels, mineral oils and products of their distillation; bituminous substances; mineral waxes",685767.0,2025,Export
TUR,Türkiye,AGO,Angola,energy,27,"Mineral fuels, mineral oils and products of their distillation; bituminous substances; mineral waxes",608361.0,2025,Export
TUR,Türkiye,AGO,Angola,energy,27,"Mineral fuels, mineral oils and products of their distillation; bituminous substances; mineral waxes",608361.0,2025,Export
TUR,Türkiye,ALB,Albania,energy,27,"Mineral fuels, mineral oils and products of their distillation; bituminous substances; mineral waxes",13422774.0,2025,Export
TUR,Türkiye,ALB,Albania,energy,27,"Mineral fuels, mineral oils and products of their distillation; bituminous substances; mineral waxes",13422774.0,2025,Export
TUR,Türkiye,AND,Andorra,energy,27,"Mineral fuels, mineral oils and products of their distillation; bituminous substances; mineral waxes",125.0,2025,Export
TUR,Türkiye,AND,Andorra,energy,27,"Mineral fuels, mineral oils and products of their distillation; bituminous substances; mineral waxes",125.0,2025,Export
TUR,Türkiye,ARE,United Arab Emirates,energy,27,"Mineral fuels, mineral oils and products of their distillation; bituminous substances; mineral waxes",227535555.0,2025,Export
TUR,Türkiye,ARE,United Arab Emirates,energy,27,"Mineral fuels, mineral oils and products of their distillation; bituminous substances; mineral waxes",227535555.0,2025,Export
TUR,Türkiye,ARG,Argentina,energy,27,"Mineral fuels, mineral oils and products of their distillation; bituminous substances; mineral waxes",282184.0,2025,Export
TUR,Türkiye,ARG,Argentina,energy,27,"Mineral fuels, mineral oils and products of their distillation; bituminous substances; mineral waxes",282184.0,2025,Export
TUR,Türkiye,ATG,Antigua and Barbuda,energy,27,"Mineral fuels, mineral oils and products of their distillation; bituminous substances; mineral waxes",3800611.0,2025,Export
TUR,Türkiye,ATG,Antigua and Barbuda,energy,27,"Mineral fuels, mineral oils and products of their distillation; bituminous substances; mineral waxes",3800611.0,2025,Export
TUR,Türkiye,AUS,Australia,energy,27,"Mineral fuels, mineral oils and products of their distillation; bituminous substances; mineral waxes",105839.0,2025,Export
TUR,Türkiye,AUS,Australia,energy,27,"Mineral fuels, mineral oils and products of their distillation; bituminous substances; mineral waxes",105839.0,2025,Export
TUR,Türkiye,AUT,Austria,energy,27,"Mineral fuels, mineral oils and products of their distillation; bituminous substances; mineral waxes",801961.0,2025,Export
TUR,Türkiye,AUT,Austria,energy,27,"Mineral fuels, mineral oils and products of their distillation; bituminous substances; mineral waxes",801961.0,2025,Export
TUR,Türkiye,AZE,Azerbaijan,energy,27,"Mineral fuels, mineral oils and products of their distillation; bituminous substances; mineral waxes",53864119.0,2025,Export
TUR,Türkiye,AZE,Azerbaijan,energy,27,"Mineral fuels, mineral oils and products of their distillation; bituminous substances; mineral waxes",53864119.0,2025,Export
TUR,Türkiye,BEL,Belgium,energy,27,"Mineral fuels, mineral oils and products of their distillation; bituminous substances; mineral waxes",258217366.0,2025,Export
TUR,Türkiye,BEL,Belgium,energy,27,"Mineral fuels, mineral oils and products of their distillation; bituminous substances; mineral waxes",258217366.0,2025,Export
TUR,Türkiye,BEN,Benin,energy,27,"Mineral fuels, mineral oils and products of their distillation; bituminous substances; mineral waxes",261222.0,2025,Export
TUR,Türkiye,BEN,Benin,energy,27,"Mineral fuels, mineral oils and products of their distillation; bituminous substances; mineral waxes",261222.0,2025,Export
TUR,Türkiye,BFA,Burkina Faso,energy,27,"Mineral fuels, mineral oils and products of their distillation; bituminous substances; mineral waxes",1222251.0,2025,Export
TUR,Türkiye,BFA,Burkina Faso,energy,27,"Mineral fuels, mineral oils and products of their distillation; bituminous substances; mineral waxes",1222251.0,2025,Export
TUR,Türkiye,BGD,Bangladesh,energy,27,"Mineral fuels, mineral oils and products of their distillation; bituminous substances; mineral waxes",3293206.0,2025,Export
TUR,Türkiye,BGD,Bangladesh,energy,27,"Mineral fuels, mineral oils and products of their distillation; bituminous substances; mineral waxes",3293206.0,2025,Export
TUR,Türkiye,BGR,Bulgaria,energy,27,"Mineral fuels, mineral oils and products of their distillation; bituminous substances; mineral waxes",850087145.0,2025,Export
TUR,Türkiye,BGR,Bulgaria,energy,27,"Mineral fuels, mineral oils and products of their distillation; bituminous substances; mineral waxes",850087145.0,2025,Export
TUR,Türkiye,BHR,Bahrain,energy,27,"Mineral fuels, mineral oils and products of their distillation; bituminous substances; mineral waxes",2152509.0,2025,Export
TUR,Türkiye,BHR,Bahrain,energy,27,"Mineral fuels, mineral oils and products of their distillation; bituminous substances; mineral waxes",2152509.0,2025,Export
TUR,Türkiye,BHS,Bahamas,energy,27,"Mineral fuels, mineral oils and products of their distillation; bituminous substances; mineral waxes",2621483.0,2025,Export
TUR,Türkiye,BHS,Bahamas,energy,27,"Mineral fuels, mineral oils and products of their distillation; bituminous substances; mineral waxes",2621483.0,2025,Export
TUR,Türkiye,BIH,Bosnia Herzegovina,energy,27,"Mineral fuels, mineral oils and products of their distillation; bituminous substances; mineral waxes",8022868.0,2025,Export
TUR,Türkiye,BIH,Bosnia Herzegovina,energy,27,"Mineral fuels, mineral oils and products of their distillation; bituminous substances; mineral waxes",8022868.0,2025,Export
TUR,Türkiye,BLR,Belarus,energy,27,"Mineral fuels, mineral oils and products of their distillation; bituminous substances; mineral waxes",16471057.0,2025,Export
TUR,Türkiye,BLR,Belarus,energy,27,"Mineral fuels, mineral oils and products of their distillation; bituminous substances; mineral waxes",16471057.0,2025,Export
TUR,Türkiye,BLZ,Belize,energy,27,"Mineral fuels, mineral oils and products of their distillation; bituminous substances; mineral waxes",3178532.0,2025,Export
TUR,Türkiye,BLZ,Belize,energy,27,"Mineral fuels, mineral oils and products of their distillation; bituminous substances; mineral waxes",3178532.0,2025,Export
TUR,Türkiye,BMU,Bermuda,energy,27,"Mineral fuels, mineral oils and products of their distillation; bituminous substances; mineral waxes",206109.0,2025,Export
TUR,Türkiye,BMU,Bermuda,energy,27,"Mineral fuels, mineral oils and products of their distillation; bituminous substances; mineral waxes",206109.0,2025,Export
TUR,Türkiye,BOL,Bolivia (Plurinational State of),energy,27,"Mineral fuels, mineral oils and products of their distillation; bituminous substances; mineral waxes",50920.0,2025,Export
TUR,Türkiye,BOL,Bolivia (Plurinational State of),energy,27,"Mineral fuels, mineral oils and products of their distillation; bituminous substances; mineral waxes",50920.0,2025,Export
TUR,Türkiye,BRA,Brazil,energy,27,"Mineral fuels, mineral oils and products of their distillation; bituminous substances; mineral waxes",10008335.0,2025,Export
TUR,Türkiye,BRA,Brazil,energy,27,"Mineral fuels, mineral oils and products of their distillation; bituminous substances; mineral waxes",10008335.0,2025,Export
TUR,Türkiye,BRB,Barbados,energy,27,"Mineral fuels, mineral oils and products of their distillation; bituminous substances; mineral waxes",8231408.0,2025,Export
TUR,Türkiye,BRB,Barbados,energy,27,"Mineral fuels, mineral oils and products of their distillation; bituminous substances; mineral waxes",8231408.0,2025,Export
TUR,Türkiye,BWA,Botswana,energy,27,"Mineral fuels, mineral oils and products of their distillation; bituminous substances; mineral waxes",870.0,2025,Export
TUR,Türkiye,BWA,Botswana,energy,27,"Mineral fuels, mineral oils and products of their distillation; bituminous substances; mineral waxes",870.0,2025,Export
TUR,Türkiye,CAF,Central African Rep.,energy,27,"Mineral fuels, mineral oils and products of their distillation; bituminous substances; mineral waxes",120671.0,2025,Export
TUR,Türkiye,CAF,Central African Rep.,energy,27,"Mineral fuels, mineral oils and products of their distillation; bituminous substances; mineral waxes",120671.0,2025,Export
TUR,Türkiye,CAN,Canada,energy,27,"Mineral fuels, mineral oils and products of their distillation; bituminous substances; mineral waxes",6624721.0,2025,Export
TUR,Türkiye,CAN,Canada,energy,27,"Mineral fuels, mineral oils and products of their distillation; bituminous substances; mineral waxes",6624721.0,2025,Export
TUR,Türkiye,CHE,Switzerland,energy,27,"Mineral fuels, mineral oils and products of their distillation; bituminous substances; mineral waxes",390836092.0,2025,Export
TUR,Türkiye,CHE,Switzerland,energy,27,"Mineral fuels, mineral oils and products of their distillation; bituminous substances; mineral waxes",390836092.0,2025,Export
TUR,Türkiye,CHL,Chile,energy,27,"Mineral fuels, mineral oils and products of their distillation; bituminous substances; mineral waxes",9939321.0,2025,Export
TUR,Türkiye,CHL,Chile,energy,27,"Mineral fuels, mineral oils and products of their distillation; bituminous substances; mineral waxes",9939321.0,2025,Export
TUR,Türkiye,CHN,China,energy,27,"Mineral fuels, mineral oils and products of their distillation; bituminous substances; mineral waxes",39487643.0,2025,Export
TUR,Türkiye,CHN,China,energy,27,"Mineral fuels, mineral oils and products of their distillation; bituminous substances; mineral waxes",39487643.0,2025,Export
TUR,Türkiye,CIV,Côte d'Ivoire,energy,27,"Mineral fuels, mineral oils and products of their distillation; bituminous substances; mineral waxes",3813084.0,2025,Export
TUR,Türkiye,CIV,Côte d'Ivoire,energy,27,"Mineral fuels, mineral oils and products of their distillation; bituminous substances; mineral waxes",3813084.0,2025,Export
TUR,Türkiye,CMR,Cameroon,energy,27,"Mineral fuels, mineral oils and products of their distillation; bituminous substances; mineral waxes",5777565.0,2025,Export
TUR,Türkiye,CMR,Cameroon,energy,27,"Mineral fuels, mineral oils and products of their distillation; bituminous substances; mineral waxes",5777565.0,2025,Export
TUR,Türkiye,COD,Dem. Rep. of the Congo,energy,27,"Mineral fuels, mineral oils and products of their distillation; bituminous substances; mineral waxes",264421.0,2025,Export
TUR,Türkiye,COD,Dem. Rep. of the Congo,energy,27,"Mineral fuels, mineral oils and products of their distillation; bituminous substances; mineral waxes",264421.0,2025,Export
TUR,Türkiye,COG,Congo,energy,27,"Mineral fuels, mineral oils and products of their distillation; bituminous substances; mineral waxes",279865.0,2025,Export
TUR,Türkiye,COG,Congo,energy,27,"Mineral fuels, mineral oils and products of their distillation; bituminous substances; mineral waxes",279865.0,2025,Export
TUR,Türkiye,COK,Cook Isds,energy,27,"Mineral fuels, mineral oils and products of their distillation; bituminous substances; mineral waxes",1846585.0,2025,Export
TUR,Türkiye,COK,Cook Isds,energy,27,"Mineral fuels, mineral oils and products of their distillation; bituminous substances; mineral waxes",1846585.0,2025,Export
TUR,Türkiye,COL,Colombia,energy,27,"Mineral fuels, mineral oils and products of their distillation; bituminous substances; mineral waxes",2849031.0,2025,Export
TUR,Türkiye,COL,Colombia,energy,27,"Mineral fuels, mineral oils and products of their distillation; bituminous substances; mineral waxes",2849031.0,2025,Export
TUR,Türkiye,COM,Comoros,energy,27,"Mineral fuels, mineral oils and products of their distillation; bituminous substances; mineral waxes",3803851.0,2025,Export
TUR,Türkiye,COM,Comoros,energy,27,"Mineral fuels, mineral oils and products of their distillation; bituminous substances; mineral waxes",3803851.0,2025,Export
TUR,Türkiye,CPV,Cabo Verde,energy,27,"Mineral fuels, mineral oils and products of their distillation; bituminous substances; mineral waxes",83555.0,2025,Export
TUR,Türkiye,CPV,Cabo Verde,energy,27,"Mineral fuels, mineral oils and products of their distillation; bituminous substances; mineral waxes",83555.0,2025,Export
TUR,Türkiye,CRI,Costa Rica,energy,27,"Mineral fuels, mineral oils and products of their distillation; bituminous substances; mineral waxes",1413617.0,2025,Export
TUR,Türkiye,CRI,Costa Rica,energy,27,"Mineral fuels, mineral oils and products of their distillation; bituminous substances; mineral waxes",1413617.0,2025,Export
TUR,Türkiye,CUB,Cuba,energy,27,"Mineral fuels, mineral oils and products of their distillation; bituminous substances; mineral waxes",692519.0,2025,Export
TUR,Türkiye,CUB,Cuba,energy,27,"Mineral fuels, mineral oils and products of their distillation; bituminous substances; mineral waxes",692519.0,2025,Export
TUR,Türkiye,CYM,Cayman Isds,energy,27,"Mineral fuels, mineral oils and products of their distillation; bituminous substances; mineral waxes",7470197.0,2025,Export
TUR,Türkiye,CYM,Cayman Isds,energy,27,"Mineral fuels, mineral oils and products of their distillation; bituminous substances; mineral waxes",7470197.0,2025,Export
TUR,Türkiye,CYP,Cyprus,energy,27,"Mineral fuels, mineral oils and products of their distillation; bituminous substances; mineral waxes",920858121.0,2025,Export
TUR,Türkiye,CYP,Cyprus,energy,27,"Mineral fuels, mineral oils and products of their distillation; bituminous substances; mineral waxes",920858121.0,2025,Export
TUR,Türkiye,CZE,Czechia,energy,27,"Mineral fuels, mineral oils and products of their distillation; bituminous substances; mineral waxes",405186.0,2025,Export
TUR,Türkiye,CZE,Czechia,energy,27,"Mineral fuels, mineral oils and products of their distillation; bituminous substances; mineral waxes",405186.0,2025,Export
TUR,Türkiye,DEU,Germany,energy,27,"Mineral fuels, mineral oils and products of their distillation; bituminous substances; mineral waxes",99437890.0,2025,Export
TUR,Türkiye,DEU,Germany,energy,27,"Mineral fuels, mineral oils and products of their distillation; bituminous substances; mineral waxes",99437890.0,2025,Export
TUR,Türkiye,DJI,Djibouti,energy,27,"Mineral fuels, mineral oils and products of their distillation; bituminous substances; mineral waxes",1158900.0,2025,Export
TUR,Türkiye,DJI,Djibouti,energy,27,"Mineral fuels, mineral oils and products of their distillation; bituminous substances; mineral waxes",1158900.0,2025,Export
TUR,Türkiye,DMA,Dominica,energy,27,"Mineral fuels, mineral oils and products of their distillation; bituminous substances; mineral waxes",88568.0,2025,Export
TUR,Türkiye,DMA,Dominica,energy,27,"Mineral fuels, mineral oils and products of their distillation; bituminous substances; mineral waxes",88568.0,2025,Export
TUR,Türkiye,DNK,Denmark,energy,27,"Mineral fuels, mineral oils and products of their distillation; bituminous substances; mineral waxes",36843643.0,2025,Export
TUR,Türkiye,DNK,Denmark,energy,27,"Mineral fuels, mineral oils and products of their distillation; bituminous substances; mineral waxes",36843643.0,2025,Export
TUR,Türkiye,DOM,Dominican Rep.,energy,27,"Mineral fuels, mineral oils and products of their distillation; bituminous substances; mineral waxes",1381864.0,2025,Export
TUR,Türkiye,DOM,Dominican Rep.,energy,27,"Mineral fuels, mineral oils and products of their distillation; bituminous substances; mineral waxes",1381864.0,2025,Export
TUR,Türkiye,DZA,Algeria,energy,27,"Mineral fuels, mineral oils and products of their distillation; bituminous substances; mineral waxes",40558675.0,2025,Export
TUR,Türkiye,DZA,Algeria,energy,27,"Mineral fuels, mineral oils and products of their distillation; bituminous substances; mineral waxes",40558675.0,2025,Export
TUR,Türkiye,ECU,Ecuador,energy,27,"Mineral fuels, mineral oils and products of their distillation; bituminous substances; mineral waxes",236455.0,2025,Export
TUR,Türkiye,ECU,Ecuador,energy,27,"Mineral fuels, mineral oils and products of their distillation; bituminous substances; mineral waxes",236455.0,2025,Export
TUR,Türkiye,EGY,Egypt,energy,27,"Mineral fuels, mineral oils and products of their distillation; bituminous substances; mineral waxes",229870534.0,2025,Export
TUR,Türkiye,EGY,Egypt,energy,27,"Mineral fuels, mineral oils and products of their distillation; bituminous substances; mineral waxes",229870534.0,2025,Export
TUR,Türkiye,ERI,Eritrea,energy,27,"Mineral fuels, mineral oils and products of their distillation; bituminous substances; mineral waxes",136177.0,2025,Export
TUR,Türkiye,ERI,Eritrea,energy,27,"Mineral fuels, mineral oils and products of their distillation; bituminous substances; mineral waxes",136177.0,2025,Export
TUR,Türkiye,ESP,Spain,energy,27,"Mineral fuels, mineral oils and products of their distillation; bituminous substances; mineral waxes",339145404.0,2025,Export
TUR,Türkiye,ESP,Spain,energy,27,"Mineral fuels, mineral oils and products of their distillation; bituminous substances; mineral waxes",339145404.0,2025,Export
TUR,Türkiye,EST,Estonia,energy,27,"Mineral fuels, mineral oils and products of their distillation; bituminous substances; mineral waxes",59588527.0,2025,Export
TUR,Türkiye,EST,Estonia,energy,27,"Mineral fuels, mineral oils and products of their distillation; bituminous substances; mineral waxes",59588527.0,2025,Export
TUR,Türkiye,ETH,Ethiopia,energy,27,"Mineral fuels, mineral oils and products of their distillation; bituminous substances; mineral waxes",199568.0,2025,Export
TUR,Türkiye,ETH,Ethiopia,energy,27,"Mineral fuels, mineral oils and products of their distillation; bituminous substances; mineral waxes",199568.0,2025,Export
TUR,Türkiye,FIN,Finland,energy,27,"Mineral fuels, mineral oils and products of their distillation; bituminous substances; mineral waxes",1839081.0,2025,Export
TUR,Türkiye,FIN,Finland,energy,27,"Mineral fuels, mineral oils and products of their distillation; bituminous substances; mineral waxes",1839081.0,2025,Export
TUR,Türkiye,FJI,Fiji,energy,27,"Mineral fuels, mineral oils and products of their distillation; bituminous substances; mineral waxes",144.0,2025,Export
TUR,Türkiye,FJI,Fiji,energy,27,"Mineral fuels, mineral oils and products of their distillation; bituminous substances; mineral waxes",144.0,2025,Export
TUR,Türkiye,FRA,France,energy,27,"Mineral fuels, mineral oils and products of their distillation; bituminous substances; mineral waxes",253485729.0,2025,Export
TUR,Türkiye,FRA,France,energy,27,"Mineral fuels, mineral oils and products of their distillation; bituminous substances; mineral waxes",253485729.0,2025,Export
TUR,Türkiye,FRO,Faroe Isds,energy,27,"Mineral fuels, mineral oils and products of their distillation; bituminous substances; mineral waxes",7833.0,2025,Export
TUR,Türkiye,FRO,Faroe Isds,energy,27,"Mineral fuels, mineral oils and products of their distillation; bituminous substances; mineral waxes",7833.0,2025,Export
TUR,Türkiye,GAB,Gabon,energy,27,"Mineral fuels, mineral oils and products of their distillation; bituminous substances; mineral waxes",1636873.0,2025,Export
TUR,Türkiye,GAB,Gabon,energy,27,"Mineral fuels, mineral oils and products of their distillation; bituminous substances; mineral waxes",1636873.0,2025,Export
TUR,Türkiye,GBR,United Kingdom,energy,27,"Mineral fuels, mineral oils and products of their distillation; bituminous substances; mineral waxes",1354088057.0,2025,Export
TUR,Türkiye,GBR,United Kingdom,energy,27,"Mineral fuels, mineral oils and products of their distillation; bituminous substances; mineral waxes",1354088057.0,2025,Export
TUR,Türkiye,GEO,Georgia,energy,27,"Mineral fuels, mineral oils and products of their distillation; bituminous substances; mineral waxes",62856411.0,2025,Export
TUR,Türkiye,GEO,Georgia,energy,27,"Mineral fuels, mineral oils and products of their distillation; bituminous substances; mineral waxes",62856411.0,2025,Export
TUR,Türkiye,GHA,Ghana,energy,27,"Mineral fuels, mineral oils and products of their distillation; bituminous substances; mineral waxes",4229420.0,2025,Export
TUR,Türkiye,GHA,Ghana,energy,27,"Mineral fuels, mineral oils and products of their distillation; bituminous substances; mineral waxes",4229420.0,2025,Export
TUR,Türkiye,GIB,Gibraltar,energy,27,"Mineral fuels, mineral oils and products of their distillation; bituminous substances; mineral waxes",107517582.0,2025,Export
TUR,Türkiye,GIB,Gibraltar,energy,27,"Mineral fuels, mineral oils and products of their distillation; bituminous substances; mineral waxes",107517582.0,2025,Export
TUR,Türkiye,GIN,Guinea,energy,27,"Mineral fuels, mineral oils and products of their distillation; bituminous substances; mineral waxes",10423365.0,2025,Export
TUR,Türkiye,GIN,Guinea,energy,27,"Mineral fuels, mineral oils and products of their distillation; bituminous substances; mineral waxes",10423365.0,2025,Export
TUR,Türkiye,GMB,Gambia,energy,27,"Mineral fuels, mineral oils and products of their distillation; bituminous substances; mineral waxes",3368149.0,2025,Export
TUR,Türkiye,GMB,Gambia,energy,27,"Mineral fuels, mineral oils and products of their distillation; bituminous substances; mineral waxes",3368149.0,2025,Export
TUR,Türkiye,GNB,Guinea-Bissau,energy,27,"Mineral fuels, mineral oils and products of their distillation; bituminous substances; mineral waxes",2820362.0,2025,Export
TUR,Türkiye,GNB,Guinea-Bissau,energy,27,"Mineral fuels, mineral oils and products of their distillation; bituminous substances; mineral waxes",2820362.0,2025,Export
TUR,Türkiye,GNQ,Equatorial Guinea,energy,27,"Mineral fuels, mineral oils and products of their distillation; bituminous substances; mineral waxes",329678.0,2025,Export
TUR,Türkiye,GNQ,Equatorial Guinea,energy,27,"Mineral fuels, mineral oils and products of their distillation; bituminous substances; mineral waxes",329678.0,2025,Export
TUR,Türkiye,GRC,Greece,energy,27,"Mineral fuels, mineral oils and products of their distillation; bituminous substances; mineral waxes",1791491104.0,2025,Export
TUR,Türkiye,GRC,Greece,energy,27,"Mineral fuels, mineral oils and products of their distillation; bituminous substances; mineral waxes",1791491104.0,2025,Export
TUR,Türkiye,GRD,Grenada,energy,27,"Mineral fuels, mineral oils and products of their distillation; bituminous substances; mineral waxes",107318.0,2025,Export
TUR,Türkiye,GRD,Grenada,energy,27,"Mineral fuels, mineral oils and products of their distillation; bituminous substances; mineral waxes",107318.0,2025,Export
TUR,Türkiye,GTM,Guatemala,energy,27,"Mineral fuels, mineral oils and products of their distillation; bituminous substances; mineral waxes",63027.0,2025,Export
TUR,Türkiye,GTM,Guatemala,energy,27,"Mineral fuels, mineral oils and products of their distillation; bituminous substances; mineral waxes",63027.0,2025,Export
TUR,Türkiye,GUY,Guyana,energy,27,"Mineral fuels, mineral oils and products of their distillation; bituminous substances; mineral waxes",2037284.0,2025,Export
TUR,Türkiye,GUY,Guyana,energy,27,"Mineral fuels, mineral oils and products of their distillation; bituminous substances; mineral waxes",2037284.0,2025,Export
TUR,Türkiye,HKG,"China, Hong Kong SAR",energy,27,"Mineral fuels, mineral oils and products of their distillation; bituminous substances; mineral waxes",9595603.0,2025,Export
TUR,Türkiye,HKG,"China, Hong Kong SAR",energy,27,"Mineral fuels, mineral oils and products of their distillation; bituminous substances; mineral waxes",9595603.0,2025,Export
TUR,Türkiye,HND,Honduras,energy,27,"Mineral fuels, mineral oils and products of their distillation; bituminous substances; mineral waxes",350221.0,2025,Export
TUR,Türkiye,HND,Honduras,energy,27,"Mineral fuels, mineral oils and products of their distillation; bituminous substances; mineral waxes",350221.0,2025,Export
TUR,Türkiye,HRV,Croatia,energy,27,"Mineral fuels, mineral oils and products of their distillation; bituminous substances; mineral waxes",5539291.0,2025,Export
TUR,Türkiye,HRV,Croatia,energy,27,"Mineral fuels, mineral oils and products of their distillation; bituminous substances; mineral waxes",5539291.0,2025,Export
TUR,Türkiye,HTI,Haiti,energy,27,"Mineral fuels, mineral oils and products of their distillation; bituminous substances; mineral waxes",8747.0,2025,Export
TUR,Türkiye,HTI,Haiti,energy,27,"Mineral fuels, mineral oils and products of their distillation; bituminous substances; mineral waxes",8747.0,2025,Export
TUR,Türkiye,HUN,Hungary,energy,27,"Mineral fuels, mineral oils and products of their distillation; bituminous substances; mineral waxes",15454705.0,2025,Export
TUR,Türkiye,HUN,Hungary,energy,27,"Mineral fuels, mineral oils and products of their distillation; bituminous substances; mineral waxes",15454705.0,2025,Export
TUR,Türkiye,IDN,Indonesia,energy,27,"Mineral fuels, mineral oils and products of their distillation; bituminous substances; mineral waxes",1992797.0,2025,Export
TUR,Türkiye,IDN,Indonesia,energy,27,"Mineral fuels, mineral oils and products of their distillation; bituminous substances; mineral waxes",1992797.0,2025,Export
TUR,Türkiye,IND,India,energy,27,"Mineral fuels, mineral oils and products of their distillation; bituminous substances; mineral waxes",22906185.0,2025,Export
TUR,Türkiye,IND,India,energy,27,"Mineral fuels, mineral oils and products of their distillation; bituminous substances; mineral waxes",22906185.0,2025,Export
TUR,Türkiye,IRL,Ireland,energy,27,"Mineral fuels, mineral oils and products of their distillation; bituminous substances; mineral waxes",27245203.0,2025,Export
TUR,Türkiye,IRL,Ireland,energy,27,"Mineral fuels, mineral oils and products of their distillation; bituminous substances; mineral waxes",27245203.0,2025,Export
TUR,Türkiye,IRN,Iran,energy,27,"Mineral fuels, mineral oils and products of their distillation; bituminous substances; mineral waxes",2888140.0,2025,Export
TUR,Türkiye,IRN,Iran,energy,27,"Mineral fuels, mineral oils and products of their distillation; bituminous substances; mineral waxes",2888140.0,2025,Export
TUR,Türkiye,IRQ,Iraq,energy,27,"Mineral fuels, mineral oils and products of their distillation; bituminous substances; mineral waxes",203010143.0,2025,Export
TUR,Türkiye,IRQ,Iraq,energy,27,"Mineral fuels, mineral oils and products of their distillation; bituminous substances; mineral waxes",203010143.0,2025,Export
TUR,Türkiye,ISL,Iceland,energy,27,"Mineral fuels, mineral oils and products of their distillation; bituminous substances; mineral waxes",91213.0,2025,Export
TUR,Türkiye,ISL,Iceland,energy,27,"Mineral fuels, mineral oils and products of their distillation; bituminous substances; mineral waxes",91213.0,2025,Export
TUR,Türkiye,ITA,Italy,energy,27,"Mineral fuels, mineral oils and products of their distillation; bituminous substances; mineral waxes",600728395.0,2025,Export
TUR,Türkiye,ITA,Italy,energy,27,"Mineral fuels, mineral oils and products of their distillation; bituminous substances; mineral waxes",600728395.0,2025,Export
TUR,Türkiye,JAM,Jamaica,energy,27,"Mineral fuels, mineral oils and products of their distillation; bituminous substances; mineral waxes",128033.0,2025,Export
TUR,Türkiye,JAM,Jamaica,energy,27,"Mineral fuels, mineral oils and products of their distillation; bituminous substances; mineral waxes",128033.0,2025,Export
TUR,Türkiye,JOR,Jordan,energy,27,"Mineral fuels, mineral oils and products of their distillation; bituminous substances; mineral waxes",46737135.0,2025,Export
TUR,Türkiye,JOR,Jordan,energy,27,"Mineral fuels, mineral oils and products of their distillation; bituminous substances; mineral waxes",46737135.0,2025,Export
TUR,Türkiye,JPN,Japan,energy,27,"Mineral fuels, mineral oils and products of their distillation; bituminous substances; mineral waxes",458555.0,2025,Export
TUR,Türkiye,JPN,Japan,energy,27,"Mineral fuels, mineral oils and products of their distillation; bituminous substances; mineral waxes",458555.0,2025,Export
TUR,Türkiye,KAZ,Kazakhstan,energy,27,"Mineral fuels, mineral oils and products of their distillation; bituminous substances; mineral waxes",72843753.0,2025,Export
TUR,Türkiye,KAZ,Kazakhstan,energy,27,"Mineral fuels, mineral oils and products of their distillation; bituminous substances; mineral waxes",72843753.0,2025,Export
TUR,Türkiye,KEN,Kenya,energy,27,"Mineral fuels, mineral oils and products of their distillation; bituminous substances; mineral waxes",1963378.0,2025,Export
TUR,Türkiye,KEN,Kenya,energy,27,"Mineral fuels, mineral oils and products of their distillation; bituminous substances; mineral waxes",1963378.0,2025,Export
TUR,Türkiye,KGZ,Kyrgyzstan,energy,27,"Mineral fuels, mineral oils and products of their distillation; bituminous substances; mineral waxes",27504655.0,2025,Export
TUR,Türkiye,KGZ,Kyrgyzstan,energy,27,"Mineral fuels, mineral oils and products of their distillation; bituminous substances; mineral waxes",27504655.0,2025,Export
TUR,Türkiye,KHM,Cambodia,energy,27,"Mineral fuels, mineral oils and products of their distillation; bituminous substances; mineral waxes",409437.0,2025,Export
TUR,Türkiye,KHM,Cambodia,energy,27,"Mineral fuels, mineral oils and products of their distillation; bituminous substances; mineral waxes",409437.0,2025,Export
TUR,Türkiye,KNA,Saint Kitts and Nevis,energy,27,"Mineral fuels, mineral oils and products of their distillation; bituminous substances; mineral waxes",7484848.0,2025,Export
TUR,Türkiye,KNA,Saint Kitts and Nevis,energy,27,"Mineral fuels, mineral oils and products of their distillation; bituminous substances; mineral waxes",7484848.0,2025,Export
TUR,Türkiye,KOR,Rep. of Korea,energy,27,"Mineral fuels, mineral oils and products of their distillation; bituminous substances; mineral waxes",1090527.0,2025,Export
TUR,Türkiye,KOR,Rep. of Korea,energy,27,"Mineral fuels, mineral oils and products of their distillation; bituminous substances; mineral waxes",1090527.0,2025,Export
TUR,Türkiye,KWT,Kuwait,energy,27,"Mineral fuels, mineral oils and products of their distillation; bituminous substances; mineral waxes",2179889.0,2025,Export
TUR,Türkiye,KWT,Kuwait,energy,27,"Mineral fuels, mineral oils and products of their distillation; bituminous substances; mineral waxes",2179889.0,2025,Export
TUR,Türkiye,LBN,Lebanon,energy,27,"Mineral fuels, mineral oils and products of their distillation; bituminous substances; mineral waxes",506760904.0,2025,Export
TUR,Türkiye,LBN,Lebanon,energy,27,"Mineral fuels, mineral oils and products of their distillation; bituminous substances; mineral waxes",506760904.0,2025,Export
TUR,Türkiye,LBR,Liberia,energy,27,"Mineral fuels, mineral oils and products of their distillation; bituminous substances; mineral waxes",54976297.0,2025,Export
TUR,Türkiye,LBR,Liberia,energy,27,"Mineral fuels, mineral oils and products of their distillation; bituminous substances; mineral waxes",54976297.0,2025,Export
TUR,Türkiye,LBY,Libya,energy,27,"Mineral fuels, mineral oils and products of their distillation; bituminous substances; mineral waxes",107538695.0,2025,Export
TUR,Türkiye,LBY,Libya,energy,27,"Mineral fuels, mineral oils and products of their distillation; bituminous substances; mineral waxes",107538695.0,2025,Export
TUR,Türkiye,LCA,Saint Lucia,energy,27,"Mineral fuels, mineral oils and products of their distillation; bituminous substances; mineral waxes",39577.0,2025,Export
TUR,Türkiye,LCA,Saint Lucia,energy,27,"Mineral fuels, mineral oils and products of their distillation; bituminous substances; mineral waxes",39577.0,2025,Export
TUR,Türkiye,LKA,Sri Lanka,energy,27,"Mineral fuels, mineral oils and products of their distillation; bituminous substances; mineral waxes",667979.0,2025,Export
TUR,Türkiye,LKA,Sri Lanka,energy,27,"Mineral fuels, mineral oils and products of their distillation; bituminous substances; mineral waxes",667979.0,2025,Export
TUR,Türkiye,LTU,Lithuania,energy,27,"Mineral fuels, mineral oils and products of their distillation; bituminous substances; mineral waxes",5664312.0,2025,Export
TUR,Türkiye,LTU,Lithuania,energy,27,"Mineral fuels, mineral oils and products of their distillation; bituminous substances; mineral waxes",5664312.0,2025,Export
TUR,Türkiye,LUX,Luxembourg,energy,27,"Mineral fuels, mineral oils and products of their distillation; bituminous substances; mineral waxes",112542.0,2025,Export
TUR,Türkiye,LUX,Luxembourg,energy,27,"Mineral fuels, mineral oils and products of their distillation; bituminous substances; mineral waxes",112542.0,2025,Export
TUR,Türkiye,LVA,Latvia,energy,27,"Mineral fuels, mineral oils and products of their distillation; bituminous substances; mineral waxes",23310628.0,2025,Export
TUR,Türkiye,LVA,Latvia,energy,27,"Mineral fuels, mineral oils and products of their distillation; bituminous substances; mineral waxes",23310628.0,2025,Export
TUR,Türkiye,MAC,"China, Macao SAR",energy,27,"Mineral fuels, mineral oils and products of their distillation; bituminous substances; mineral waxes",3.0,2025,Export
TUR,Türkiye,MAC,"China, Macao SAR",energy,27,"Mineral fuels, mineral oils and products of their distillation; bituminous substances; mineral waxes",3.0,2025,Export
TUR,Türkiye,MAR,Morocco,energy,27,"Mineral fuels, mineral oils and products of their distillation; bituminous substances; mineral waxes",533998866.0,2025,Export
TUR,Türkiye,MAR,Morocco,energy,27,"Mineral fuels, mineral oils and products of their distillation; bituminous substances; mineral waxes",533998866.0,2025,Export
TUR,Türkiye,MDA,Rep. of Moldova,energy,27,"Mineral fuels, mineral oils and products of their distillation; bituminous substances; mineral waxes",60312446.0,2025,Export
TUR,Türkiye,MDA,Rep. of Moldova,energy,27,"Mineral fuels, mineral oils and products of their distillation; bituminous substances; mineral waxes",60312446.0,2025,Export
TUR,Türkiye,MDG,Madagascar,energy,27,"Mineral fuels, mineral oils and products of their distillation; bituminous substances; mineral waxes",322840.0,2025,Export
TUR,Türkiye,MDG,Madagascar,energy,27,"Mineral fuels, mineral oils and products of their distillation; bituminous substances; mineral waxes",322840.0,2025,Export
TUR,Türkiye,MDV,Maldives,energy,27,"Mineral fuels, mineral oils and products of their distillation; bituminous substances; mineral waxes",1800404.0,2025,Export
TUR,Türkiye,MDV,Maldives,energy,27,"Mineral fuels, mineral oils and products of their distillation; bituminous substances; mineral waxes",1800404.0,2025,Export
TUR,Türkiye,MEX,Mexico,energy,27,"Mineral fuels, mineral oils and products of their distillation; bituminous substances; mineral waxes",553079.0,2025,Export
TUR,Türkiye,MEX,Mexico,energy,27,"Mineral fuels, mineral oils and products of their distillation; bituminous substances; mineral waxes",553079.0,2025,Export
TUR,Türkiye,MHL,Marshall Isds,energy,27,"Mineral fuels, mineral oils and products of their distillation; bituminous substances; mineral waxes",92343135.0,2025,Export
TUR,Türkiye,MHL,Marshall Isds,energy,27,"Mineral fuels, mineral oils and products of their distillation; bituminous substances; mineral waxes",92343135.0,2025,Export
TUR,Türkiye,MKD,North Macedonia,energy,27,"Mineral fuels, mineral oils and products of their distillation; bituminous substances; mineral waxes",2916151.0,2025,Export
TUR,Türkiye,MKD,North Macedonia,energy,27,"Mineral fuels, mineral oils and products of their distillation; bituminous substances; mineral waxes",2916151.0,2025,Export
TUR,Türkiye,MLI,Mali,energy,27,"Mineral fuels, mineral oils and products of their distillation; bituminous substances; mineral waxes",2237048.0,2025,Export
TUR,Türkiye,MLI,Mali,energy,27,"Mineral fuels, mineral oils and products of their distillation; bituminous substances; mineral waxes",2237048.0,2025,Export
TUR,Türkiye,MLT,Malta,energy,27,"Mineral fuels, mineral oils and products of their distillation; bituminous substances; mineral waxes",497768450.0,2025,Export
TUR,Türkiye,MLT,Malta,energy,27,"Mineral fuels, mineral oils and products of their distillation; bituminous substances; mineral waxes",497768450.0,2025,Export
TUR,Türkiye,MNE,Montenegro,energy,27,"Mineral fuels, mineral oils and products of their distillation; bituminous substances; mineral waxes",2287033.0,2025,Export
TUR,Türkiye,MNE,Montenegro,energy,27,"Mineral fuels, mineral oils and products of their distillation; bituminous substances; mineral waxes",2287033.0,2025,Export
TUR,Türkiye,MNG,Mongolia,energy,27,"Mineral fuels, mineral oils and products of their distillation; bituminous substances; mineral waxes",447366.0,2025,Export
TUR,Türkiye,MNG,Mongolia,energy,27,"Mineral fuels, mineral oils and products of their distillation; bituminous substances; mineral waxes",447366.0,2025,Export
TUR,Türkiye,MOZ,Mozambique,energy,27,"Mineral fuels, mineral oils and products of their distillation; bituminous substances; mineral waxes",544082.0,2025,Export
TUR,Türkiye,MOZ,Mozambique,energy,27,"Mineral fuels, mineral oils and products of their distillation; bituminous substances; mineral waxes",544082.0,2025,Export
TUR,Türkiye,MRT,Mauritania,energy,27,"Mineral fuels, mineral oils and products of their distillation; bituminous substances; mineral waxes",2099079.0,2025,Export
TUR,Türkiye,MRT,Mauritania,energy,27,"Mineral fuels, mineral oils and products of their distillation; bituminous substances; mineral waxes",2099079.0,2025,Export
TUR,Türkiye,MUS,Mauritius,energy,27,"Mineral fuels, mineral oils and products of their distillation; bituminous substances; mineral waxes",322076.0,2025,Export
TUR,Türkiye,MUS,Mauritius,energy,27,"Mineral fuels, mineral oils and products of their distillation; bituminous substances; mineral waxes",322076.0,2025,Export
TUR,Türkiye,MWI,Malawi,energy,27,"Mineral fuels, mineral oils and products of their distillation; bituminous substances; mineral waxes",178767.0,2025,Export
TUR,Türkiye,MWI,Malawi,energy,27,"Mineral fuels, mineral oils and products of their distillation; bituminous substances; mineral waxes",178767.0,2025,Export
TUR,Türkiye,MYS,Malaysia,energy,27,"Mineral fuels, mineral oils and products of their distillation; bituminous substances; mineral waxes",1864607.0,2025,Export
TUR,Türkiye,MYS,Malaysia,energy,27,"Mineral fuels, mineral oils and products of their distillation; bituminous substances; mineral waxes",1864607.0,2025,Export
TUR,Türkiye,NCL,New Caledonia,energy,27,"Mineral fuels, mineral oils and products of their distillation; bituminous substances; mineral waxes",1043543.0,2025,Export
TUR,Türkiye,NCL,New Caledonia,energy,27,"Mineral fuels, mineral oils and products of their distillation; bituminous substances; mineral waxes",1043543.0,2025,Export
TUR,Türkiye,NER,Niger,energy,27,"Mineral fuels, mineral oils and products of their distillation; bituminous substances; mineral waxes",281077.0,2025,Export
TUR,Türkiye,NER,Niger,energy,27,"Mineral fuels, mineral oils and products of their distillation; bituminous substances; mineral waxes",281077.0,2025,Export
TUR,Türkiye,NGA,Nigeria,energy,27,"Mineral fuels, mineral oils and products of their distillation; bituminous substances; mineral waxes",16977902.0,2025,Export
TUR,Türkiye,NGA,Nigeria,energy,27,"Mineral fuels, mineral oils and products of their distillation; bituminous substances; mineral waxes",16977902.0,2025,Export
TUR,Türkiye,NIC,Nicaragua,energy,27,"Mineral fuels, mineral oils and products of their distillation; bituminous substances; mineral waxes",182922.0,2025,Export
TUR,Türkiye,NIC,Nicaragua,energy,27,"Mineral fuels, mineral oils and products of their distillation; bituminous substances; mineral waxes",182922.0,2025,Export
TUR,Türkiye,NIU,Niue,energy,27,"Mineral fuels, mineral oils and products of their distillation; bituminous substances; mineral waxes",53850.0,2025,Export
TUR,Türkiye,NIU,Niue,energy,27,"Mineral fuels, mineral oils and products of their distillation; bituminous substances; mineral waxes",53850.0,2025,Export
TUR,Türkiye,NLD,Netherlands,energy,27,"Mineral fuels, mineral oils and products of their distillation; bituminous substances; mineral waxes",1089909046.0,2025,Export
TUR,Türkiye,NLD,Netherlands,energy,27,"Mineral fuels, mineral oils and products of their distillation; bituminous substances; mineral waxes",1089909046.0,2025,Export
TUR,Türkiye,NOR,Norway,energy,27,"Mineral fuels, mineral oils and products of their distillation; bituminous substances; mineral waxes",6508949.0,2025,Export
TUR,Türkiye,NOR,Norway,energy,27,"Mineral fuels, mineral oils and products of their distillation; bituminous substances; mineral waxes",6508949.0,2025,Export
TUR,Türkiye,NRU,Nauru,energy,27,"Mineral fuels, mineral oils and products of their distillation; bituminous substances; mineral waxes",321048.0,2025,Export
TUR,Türkiye,NRU,Nauru,energy,27,"Mineral fuels, mineral oils and products of their distillation; bituminous substances; mineral waxes",321048.0,2025,Export
TUR,Türkiye,NZL,New Zealand,energy,27,"Mineral fuels, mineral oils and products of their distillation; bituminous substances; mineral waxes",1100.0,2025,Export
TUR,Türkiye,NZL,New Zealand,energy,27,"Mineral fuels, mineral oils and products of their distillation; bituminous substances; mineral waxes",1100.0,2025,Export
TUR,Türkiye,OMN,Oman,energy,27,"Mineral fuels, mineral oils and products of their distillation; bituminous substances; mineral waxes",1814296.0,2025,Export
TUR,Türkiye,OMN,Oman,energy,27,"Mineral fuels, mineral oils and products of their distillation; bituminous substances; mineral waxes",1814296.0,2025,Export
TUR,Türkiye,PAK,Pakistan,energy,27,"Mineral fuels, mineral oils and products of their distillation; bituminous substances; mineral waxes",2452719.0,2025,Export
TUR,Türkiye,PAK,Pakistan,energy,27,"Mineral fuels, mineral oils and products of their distillation; bituminous substances; mineral waxes",2452719.0,2025,Export
TUR,Türkiye,PAN,Panama,energy,27,"Mineral fuels, mineral oils and products of their distillation; bituminous substances; mineral waxes",47237690.0,2025,Export
TUR,Türkiye,PAN,Panama,energy,27,"Mineral fuels, mineral oils and products of their distillation; bituminous substances; mineral waxes",47237690.0,2025,Export
TUR,Türkiye,PER,Peru,energy,27,"Mineral fuels, mineral oils and products of their distillation; bituminous substances; mineral waxes",702669.0,2025,Export
TUR,Türkiye,PER,Peru,energy,27,"Mineral fuels, mineral oils and products of their distillation; bituminous substances; mineral waxes",702669.0,2025,Export
TUR,Türkiye,PHL,Philippines,energy,27,"Mineral fuels, mineral oils and products of their distillation; bituminous substances; mineral waxes",640962.0,2025,Export
TUR,Türkiye,PHL,Philippines,energy,27,"Mineral fuels, mineral oils and products of their distillation; bituminous substances; mineral waxes",640962.0,2025,Export
TUR,Türkiye,PLW,Palau,energy,27,"Mineral fuels, mineral oils and products of their distillation; bituminous substances; mineral waxes",7383033.0,2025,Export
TUR,Türkiye,PLW,Palau,energy,27,"Mineral fuels, mineral oils and products of their distillation; bituminous substances; mineral waxes",7383033.0,2025,Export
TUR,Türkiye,POL,Poland,energy,27,"Mineral fuels, mineral oils and products of their distillation; bituminous substances; mineral waxes",19077151.0,2025,Export
TUR,Türkiye,POL,Poland,energy,27,"Mineral fuels, mineral oils and products of their distillation; bituminous substances; mineral waxes",19077151.0,2025,Export
TUR,Türkiye,PRT,Portugal,energy,27,"Mineral fuels, mineral oils and products of their distillation; bituminous substances; mineral waxes",81920775.0,2025,Export
TUR,Türkiye,PRT,Portugal,energy,27,"Mineral fuels, mineral oils and products of their distillation; bituminous substances; mineral waxes",81920775.0,2025,Export
TUR,Türkiye,PRY,Paraguay,energy,27,"Mineral fuels, mineral oils and products of their distillation; bituminous substances; mineral waxes",3965032.0,2025,Export
TUR,Türkiye,PRY,Paraguay,energy,27,"Mineral fuels, mineral oils and products of their distillation; bituminous substances; mineral waxes",3965032.0,2025,Export
TUR,Türkiye,PSE,State of Palestine,energy,27,"Mineral fuels, mineral oils and products of their distillation; bituminous substances; mineral waxes",5861948.0,2025,Export
TUR,Türkiye,PSE,State of Palestine,energy,27,"Mineral fuels, mineral oils and products of their distillation; bituminous substances; mineral waxes",5861948.0,2025,Export
TUR,Türkiye,PYF,French Polynesia,energy,27,"Mineral fuels, mineral oils and products of their distillation; bituminous substances; mineral waxes",39967.0,2025,Export
TUR,Türkiye,PYF,French Polynesia,energy,27,"Mineral fuels, mineral oils and products of their distillation; bituminous substances; mineral waxes",39967.0,2025,Export
TUR,Türkiye,QAT,Qatar,energy,27,"Mineral fuels, mineral oils and products of their distillation; bituminous substances; mineral waxes",5732280.0,2025,Export
TUR,Türkiye,QAT,Qatar,energy,27,"Mineral fuels, mineral oils and products of their distillation; bituminous substances; mineral waxes",5732280.0,2025,Export
TUR,Türkiye,ROU,Romania,energy,27,"Mineral fuels, mineral oils and products of their distillation; bituminous substances; mineral waxes",936811039.0,2025,Export
TUR,Türkiye,ROU,Romania,energy,27,"Mineral fuels, mineral oils and products of their distillation; bituminous substances; mineral waxes",936811039.0,2025,Export
TUR,Türkiye,RUS,Russian Federation,energy,27,"Mineral fuels, mineral oils and products of their distillation; bituminous substances; mineral waxes",80314972.0,2025,Export
TUR,Türkiye,RUS,Russian Federation,energy,27,"Mineral fuels, mineral oils and products of their distillation; bituminous substances; mineral waxes",80314972.0,2025,Export
TUR,Türkiye,RWA,Rwanda,energy,27,"Mineral fuels, mineral oils and products of their distillation; bituminous substances; mineral waxes",67162.0,2025,Export
TUR,Türkiye,RWA,Rwanda,energy,27,"Mineral fuels, mineral oils and products of their distillation; bituminous substances; mineral waxes",67162.0,2025,Export
TUR,Türkiye,S19,"Other Asia, nes",energy,27,"Mineral fuels, mineral oils and products of their distillation; bituminous substances; mineral waxes",911000.0,2025,Export
TUR,Türkiye,S19,"Other Asia, nes",energy,27,"Mineral fuels, mineral oils and products of their distillation; bituminous substances; mineral waxes",911000.0,2025,Export
TUR,Türkiye,SAU,Saudi Arabia,energy,27,"Mineral fuels, mineral oils and products of their distillation; bituminous substances; mineral waxes",21985529.0,2025,Export
TUR,Türkiye,SAU,Saudi Arabia,energy,27,"Mineral fuels, mineral oils and products of their distillation; bituminous substances; mineral waxes",21985529.0,2025,Export
TUR,Türkiye,SDN,Sudan,energy,27,"Mineral fuels, mineral oils and products of their distillation; bituminous substances; mineral waxes",12043719.0,2025,Export
TUR,Türkiye,SDN,Sudan,energy,27,"Mineral fuels, mineral oils and products of their distillation; bituminous substances; mineral waxes",12043719.0,2025,Export
TUR,Türkiye,SEN,Senegal,energy,27,"Mineral fuels, mineral oils and products of their distillation; bituminous substances; mineral waxes",8852005.0,2025,Export
TUR,Türkiye,SEN,Senegal,energy,27,"Mineral fuels, mineral oils and products of their distillation; bituminous substances; mineral waxes",8852005.0,2025,Export
TUR,Türkiye,SGP,Singapore,energy,27,"Mineral fuels, mineral oils and products of their distillation; bituminous substances; mineral waxes",402342494.0,2025,Export
TUR,Türkiye,SGP,Singapore,energy,27,"Mineral fuels, mineral oils and products of their distillation; bituminous substances; mineral waxes",402342494.0,2025,Export
TUR,Türkiye,SLE,Sierra Leone,energy,27,"Mineral fuels, mineral oils and products of their distillation; bituminous substances; mineral waxes",5079735.0,2025,Export
TUR,Türkiye,SLE,Sierra Leone,energy,27,"Mineral fuels, mineral oils and products of their distillation; bituminous substances; mineral waxes",5079735.0,2025,Export
TUR,Türkiye,SLV,El Salvador,energy,27,"Mineral fuels, mineral oils and products of their distillation; bituminous substances; mineral waxes",3.0,2025,Export
TUR,Türkiye,SLV,El Salvador,energy,27,"Mineral fuels, mineral oils and products of their distillation; bituminous substances; mineral waxes",3.0,2025,Export
TUR,Türkiye,SMR,San Marino,energy,27,"Mineral fuels, mineral oils and products of their distillation; bituminous substances; mineral waxes",1070517.0,2025,Export
TUR,Türkiye,SMR,San Marino,energy,27,"Mineral fuels, mineral oils and products of their distillation; bituminous substances; mineral waxes",1070517.0,2025,Export
TUR,Türkiye,SOM,Somalia,energy,27,"Mineral fuels, mineral oils and products of their distillation; bituminous substances; mineral waxes",3458348.0,2025,Export
TUR,Türkiye,SOM,Somalia,energy,27,"Mineral fuels, mineral oils and products of their distillation; bituminous substances; mineral waxes",3458348.0,2025,Export
TUR,Türkiye,SRB,Serbia,energy,27,"Mineral fuels, mineral oils and products of their distillation; bituminous substances; mineral waxes",53370966.0,2025,Export
TUR,Türkiye,SRB,Serbia,energy,27,"Mineral fuels, mineral oils and products of their distillation; bituminous substances; mineral waxes",53370966.0,2025,Export
TUR,Türkiye,SSD,South Sudan,energy,27,"Mineral fuels, mineral oils and products of their distillation; bituminous substances; mineral waxes",35117.0,2025,Export
TUR,Türkiye,SSD,South Sudan,energy,27,"Mineral fuels, mineral oils and products of their distillation; bituminous substances; mineral waxes",35117.0,2025,Export
TUR,Türkiye,STP,Sao Tome and Principe,energy,27,"Mineral fuels, mineral oils and products of their distillation; bituminous substances; mineral waxes",601885.0,2025,Export
TUR,Türkiye,STP,Sao Tome and Principe,energy,27,"Mineral fuels, mineral oils and products of their distillation; bituminous substances; mineral waxes",601885.0,2025,Export
TUR,Türkiye,SUR,Suriname,energy,27,"Mineral fuels, mineral oils and products of their distillation; bituminous substances; mineral waxes",625395.0,2025,Export
TUR,Türkiye,SUR,Suriname,energy,27,"Mineral fuels, mineral oils and products of their distillation; bituminous substances; mineral waxes",625395.0,2025,Export
TUR,Türkiye,SVK,Slovakia,energy,27,"Mineral fuels, mineral oils and products of their distillation; bituminous substances; mineral waxes",269390.0,2025,Export
TUR,Türkiye,SVK,Slovakia,energy,27,"Mineral fuels, mineral oils and products of their distillation; bituminous substances; mineral waxes",269390.0,2025,Export
TUR,Türkiye,SVN,Slovenia,energy,27,"Mineral fuels, mineral oils and products of their distillation; bituminous substances; mineral waxes",373599300.0,2025,Export
TUR,Türkiye,SVN,Slovenia,energy,27,"Mineral fuels, mineral oils and products of their distillation; bituminous substances; mineral waxes",373599300.0,2025,Export
TUR,Türkiye,SWE,Sweden,energy,27,"Mineral fuels, mineral oils and products of their distillation; bituminous substances; mineral waxes",3267405.0,2025,Export
TUR,Türkiye,SWE,Sweden,energy,27,"Mineral fuels, mineral oils and products of their distillation; bituminous substances; mineral waxes",3267405.0,2025,Export
TUR,Türkiye,SYC,Seychelles,energy,27,"Mineral fuels, mineral oils and products of their distillation; bituminous substances; mineral waxes",962338.0,2025,Export
TUR,Türkiye,SYC,Seychelles,energy,27,"Mineral fuels, mineral oils and products of their distillation; bituminous substances; mineral waxes",962338.0,2025,Export
TUR,Türkiye,SYR,Syria,energy,27,"Mineral fuels, mineral oils and products of their distillation; bituminous substances; mineral waxes",212652473.0,2025,Export
TUR,Türkiye,SYR,Syria,energy,27,"Mineral fuels, mineral oils and products of their distillation; bituminous substances; mineral waxes",212652473.0,2025,Export
TUR,Türkiye,TCD,Chad,energy,27,"Mineral fuels, mineral oils and products of their distillation; bituminous substances; mineral waxes",866.0,2025,Export
TUR,Türkiye,TCD,Chad,energy,27,"Mineral fuels, mineral oils and products of their distillation; bituminous substances; mineral waxes",866.0,2025,Export
TUR,Türkiye,TGO,Togo,energy,27,"Mineral fuels, mineral oils and products of their distillation; bituminous substances; mineral waxes",142665638.0,2025,Export
TUR,Türkiye,TGO,Togo,energy,27,"Mineral fuels, mineral oils and products of their distillation; bituminous substances; mineral waxes",142665638.0,2025,Export
TUR,Türkiye,THA,Thailand,energy,27,"Mineral fuels, mineral oils and products of their distillation; bituminous substances; mineral waxes",5095939.0,2025,Export
TUR,Türkiye,THA,Thailand,energy,27,"Mineral fuels, mineral oils and products of their distillation; bituminous substances; mineral waxes",5095939.0,2025,Export
TUR,Türkiye,TJK,Tajikistan,energy,27,"Mineral fuels, mineral oils and products of their distillation; bituminous substances; mineral waxes",4936496.0,2025,Export
TUR,Türkiye,TJK,Tajikistan,energy,27,"Mineral fuels, mineral oils and products of their distillation; bituminous substances; mineral waxes",4936496.0,2025,Export
TUR,Türkiye,TKM,Turkmenistan,energy,27,"Mineral fuels, mineral oils and products of their distillation; bituminous substances; mineral waxes",18998769.0,2025,Export
TUR,Türkiye,TKM,Turkmenistan,energy,27,"Mineral fuels, mineral oils and products of their distillation; bituminous substances; mineral waxes",18998769.0,2025,Export
TUR,Türkiye,TLS,Timor-Leste,energy,27,"Mineral fuels, mineral oils and products of their distillation; bituminous substances; mineral waxes",155851.0,2025,Export
TUR,Türkiye,TLS,Timor-Leste,energy,27,"Mineral fuels, mineral oils and products of their distillation; bituminous substances; mineral waxes",155851.0,2025,Export
TUR,Türkiye,TON,Tonga,energy,27,"Mineral fuels, mineral oils and products of their distillation; bituminous substances; mineral waxes",26218.0,2025,Export
TUR,Türkiye,TON,Tonga,energy,27,"Mineral fuels, mineral oils and products of their distillation; bituminous substances; mineral waxes",26218.0,2025,Export
TUR,Türkiye,TTO,Trinidad and Tobago,energy,27,"Mineral fuels, mineral oils and products of their distillation; bituminous substances; mineral waxes",136786.0,2025,Export
TUR,Türkiye,TTO,Trinidad and Tobago,energy,27,"Mineral fuels, mineral oils and products of their distillation; bituminous substances; mineral waxes",136786.0,2025,Export
TUR,Türkiye,TUN,Tunisia,energy,27,"Mineral fuels, mineral oils and products of their distillation; bituminous substances; mineral waxes",71632107.0,2025,Export
TUR,Türkiye,TUN,Tunisia,energy,27,"Mineral fuels, mineral oils and products of their distillation; bituminous substances; mineral waxes",71632107.0,2025,Export
TUR,Türkiye,TUV,Tuvalu,energy,27,"Mineral fuels, mineral oils and products of their distillation; bituminous substances; mineral waxes",207722.0,2025,Export
TUR,Türkiye,TUV,Tuvalu,energy,27,"Mineral fuels, mineral oils and products of their distillation; bituminous substances; mineral waxes",207722.0,2025,Export
TUR,Türkiye,TZA,United Rep. of Tanzania,energy,27,"Mineral fuels, mineral oils and products of their distillation; bituminous substances; mineral waxes",3850176.0,2025,Export
TUR,Türkiye,TZA,United Rep. of Tanzania,energy,27,"Mineral fuels, mineral oils and products of their distillation; bituminous substances; mineral waxes",3850176.0,2025,Export
TUR,Türkiye,UGA,Uganda,energy,27,"Mineral fuels, mineral oils and products of their distillation; bituminous substances; mineral waxes",907343.0,2025,Export
TUR,Türkiye,UGA,Uganda,energy,27,"Mineral fuels, mineral oils and products of their distillation; bituminous substances; mineral waxes",907343.0,2025,Export
TUR,Türkiye,UKR,Ukraine,energy,27,"Mineral fuels, mineral oils and products of their distillation; bituminous substances; mineral waxes",463658160.0,2025,Export
TUR,Türkiye,UKR,Ukraine,energy,27,"Mineral fuels, mineral oils and products of their distillation; bituminous substances; mineral waxes",463658160.0,2025,Export
TUR,Türkiye,URY,Uruguay,energy,27,"Mineral fuels, mineral oils and products of their distillation; bituminous substances; mineral waxes",1077446.0,2025,Export
TUR,Türkiye,URY,Uruguay,energy,27,"Mineral fuels, mineral oils and products of their distillation; bituminous substances; mineral waxes",1077446.0,2025,Export
TUR,Türkiye,USA,USA,energy,27,"Mineral fuels, mineral oils and products of their distillation; bituminous substances; mineral waxes",568396215.0,2025,Export
TUR,Türkiye,USA,USA,energy,27,"Mineral fuels, mineral oils and products of their distillation; bituminous substances; mineral waxes",568396215.0,2025,Export
TUR,Türkiye,UZB,Uzbekistan,energy,27,"Mineral fuels, mineral oils and products of their distillation; bituminous substances; mineral waxes",39441448.0,2025,Export
TUR,Türkiye,UZB,Uzbekistan,energy,27,"Mineral fuels, mineral oils and products of their distillation; bituminous substances; mineral waxes",39441448.0,2025,Export
TUR,Türkiye,VCT,Saint Vincent and the Grenadines,energy,27,"Mineral fuels, mineral oils and products of their distillation; bituminous substances; mineral waxes",4408840.0,2025,Export
TUR,Türkiye,VCT,Saint Vincent and the Grenadines,energy,27,"Mineral fuels, mineral oils and products of their distillation; bituminous substances; mineral waxes",4408840.0,2025,Export
TUR,Türkiye,VEN,Venezuela,energy,27,"Mineral fuels, mineral oils and products of their distillation; bituminous substances; mineral waxes",11441253.0,2025,Export
TUR,Türkiye,VEN,Venezuela,energy,27,"Mineral fuels, mineral oils and products of their distillation; bituminous substances; mineral waxes",11441253.0,2025,Export
TUR,Türkiye,VGB,Br. Virgin Isds,energy,27,"Mineral fuels, mineral oils and products of their distillation; bituminous substances; mineral waxes",401175.0,2025,Export
TUR,Türkiye,VGB,Br. Virgin Isds,energy,27,"Mineral fuels, mineral oils and products of their distillation; bituminous substances; mineral waxes",401175.0,2025,Export
TUR,Türkiye,VNM,Viet Nam,energy,27,"Mineral fuels, mineral oils and products of their distillation; bituminous substances; mineral waxes",546109.0,2025,Export
TUR,Türkiye,VNM,Viet Nam,energy,27,"Mineral fuels, mineral oils and products of their distillation; bituminous substances; mineral waxes",546109.0,2025,Export
TUR,Türkiye,VUT,Vanuatu,energy,27,"Mineral fuels, mineral oils and products of their distillation; bituminous substances; mineral waxes",4001218.0,2025,Export
TUR,Türkiye,VUT,Vanuatu,energy,27,"Mineral fuels, mineral oils and products of their distillation; bituminous substances; mineral waxes",4001218.0,2025,Export
TUR,Türkiye,W00,World,energy,27,"Mineral fuels, mineral oils and products of their distillation; bituminous substances; mineral waxes",92343135.0,2025,Export
TUR,Türkiye,W00,World,energy,27,"Mineral fuels, mineral oils and products of their distillation; bituminous substances; mineral waxes",36843643.0,2025,Export
TUR,Türkiye,W00,World,energy,27,"Mineral fuels, mineral oils and products of their distillation; bituminous substances; mineral waxes",1413617.0,2025,Export
TUR,Türkiye,W00,World,energy,27,"Mineral fuels, mineral oils and products of their distillation; bituminous substances; mineral waxes",1800404.0,2025,Export
TUR,Türkiye,W00,World,energy,27,"Mineral fuels, mineral oils and products of their distillation; bituminous substances; mineral waxes",702669.0,2025,Export
TUR,Türkiye,W00,World,energy,27,"Mineral fuels, mineral oils and products of their distillation; bituminous substances; mineral waxes",6624721.0,2025,Export
TUR,Türkiye,W00,World,energy,27,"Mineral fuels, mineral oils and products of their distillation; bituminous substances; mineral waxes",47237690.0,2025,Export
TUR,Türkiye,W00,World,energy,27,"Mineral fuels, mineral oils and products of their distillation; bituminous substances; mineral waxes",83555.0,2025,Export
TUR,Türkiye,W00,World,energy,27,"Mineral fuels, mineral oils and products of their distillation; bituminous substances; mineral waxes",13422774.0,2025,Export
TUR,Türkiye,W00,World,energy,27,"Mineral fuels, mineral oils and products of their distillation; bituminous substances; mineral waxes",7484848.0,2025,Export
TUR,Türkiye,W00,World,energy,27,"Mineral fuels, mineral oils and products of their distillation; bituminous substances; mineral waxes",1100.0,2025,Export
TUR,Türkiye,W00,World,energy,27,"Mineral fuels, mineral oils and products of their distillation; bituminous substances; mineral waxes",22906185.0,2025,Export
TUR,Türkiye,W00,World,energy,27,"Mineral fuels, mineral oils and products of their distillation; bituminous substances; mineral waxes",2888140.0,2025,Export
TUR,Türkiye,W00,World,energy,27,"Mineral fuels, mineral oils and products of their distillation; bituminous substances; mineral waxes",35117.0,2025,Export
TUR,Türkiye,W00,World,energy,27,"Mineral fuels, mineral oils and products of their distillation; bituminous substances; mineral waxes",5664312.0,2025,Export
TUR,Türkiye,W00,World,energy,27,"Mineral fuels, mineral oils and products of their distillation; bituminous substances; mineral waxes",71632107.0,2025,Export
TUR,Türkiye,W00,World,energy,27,"Mineral fuels, mineral oils and products of their distillation; bituminous substances; mineral waxes",53864119.0,2025,Export
TUR,Türkiye,W00,World,energy,27,"Mineral fuels, mineral oils and products of their distillation; bituminous substances; mineral waxes",2179889.0,2025,Export
TUR,Türkiye,W00,World,energy,27,"Mineral fuels, mineral oils and products of their distillation; bituminous substances; mineral waxes",178767.0,2025,Export
TUR,Türkiye,W00,World,energy,27,"Mineral fuels, mineral oils and products of their distillation; bituminous substances; mineral waxes",625395.0,2025,Export
TUR,Türkiye,W00,World,energy,27,"Mineral fuels, mineral oils and products of their distillation; bituminous substances; mineral waxes",329678.0,2025,Export
TUR,Türkiye,W00,World,energy,27,"Mineral fuels, mineral oils and products of their distillation; bituminous substances; mineral waxes",46737135.0,2025,Export
TUR,Türkiye,W00,World,energy,27,"Mineral fuels, mineral oils and products of their distillation; bituminous substances; mineral waxes",7775920.0,2025,Export
TUR,Türkiye,W00,World,energy,27,"Mineral fuels, mineral oils and products of their distillation; bituminous substances; mineral waxes",53370966.0,2025,Export
TUR,Türkiye,W00,World,energy,27,"Mineral fuels, mineral oils and products of their distillation; bituminous substances; mineral waxes",80314972.0,2025,Export
TUR,Türkiye,W00,World,energy,27,"Mineral fuels, mineral oils and products of their distillation; bituminous substances; mineral waxes",5777565.0,2025,Export
TUR,Türkiye,W00,World,energy,27,"Mineral fuels, mineral oils and products of their distillation; bituminous substances; mineral waxes",405186.0,2025,Export
TUR,Türkiye,W00,World,energy,27,"Mineral fuels, mineral oils and products of their distillation; bituminous substances; mineral waxes",207722.0,2025,Export
TUR,Türkiye,W00,World,energy,27,"Mineral fuels, mineral oils and products of their distillation; bituminous substances; mineral waxes",125.0,2025,Export
TUR,Türkiye,W00,World,energy,27,"Mineral fuels, mineral oils and products of their distillation; bituminous substances; mineral waxes",142665638.0,2025,Export
TUR,Türkiye,W00,World,energy,27,"Mineral fuels, mineral oils and products of their distillation; bituminous substances; mineral waxes",5732280.0,2025,Export
TUR,Türkiye,W00,World,energy,27,"Mineral fuels, mineral oils and products of their distillation; bituminous substances; mineral waxes",850087145.0,2025,Export
TUR,Türkiye,W00,World,energy,27,"Mineral fuels, mineral oils and products of their distillation; bituminous substances; mineral waxes",2037284.0,2025,Export
TUR,Türkiye,W00,World,energy,27,"Mineral fuels, mineral oils and products of their distillation; bituminous substances; mineral waxes",4936496.0,2025,Export
TUR,Türkiye,W00,World,energy,27,"Mineral fuels, mineral oils and products of their distillation; bituminous substances; mineral waxes",506760904.0,2025,Export
TUR,Türkiye,W00,World,energy,27,"Mineral fuels, mineral oils and products of their distillation; bituminous substances; mineral waxes",50920.0,2025,Export
TUR,Türkiye,W00,World,energy,27,"Mineral fuels, mineral oils and products of their distillation; bituminous substances; mineral waxes",59588527.0,2025,Export
TUR,Türkiye,W00,World,energy,27,"Mineral fuels, mineral oils and products of their distillation; bituminous substances; mineral waxes",936811039.0,2025,Export
TUR,Türkiye,W00,World,energy,27,"Mineral fuels, mineral oils and products of their distillation; bituminous substances; mineral waxes",2820362.0,2025,Export
TUR,Türkiye,W00,World,energy,27,"Mineral fuels, mineral oils and products of their distillation; bituminous substances; mineral waxes",497768450.0,2025,Export
TUR,Türkiye,W00,World,energy,27,"Mineral fuels, mineral oils and products of their distillation; bituminous substances; mineral waxes",182922.0,2025,Export
TUR,Türkiye,W00,World,energy,27,"Mineral fuels, mineral oils and products of their distillation; bituminous substances; mineral waxes",7470197.0,2025,Export
TUR,Türkiye,W00,World,energy,27,"Mineral fuels, mineral oils and products of their distillation; bituminous substances; mineral waxes",16471057.0,2025,Export
TUR,Türkiye,W00,World,energy,27,"Mineral fuels, mineral oils and products of their distillation; bituminous substances; mineral waxes",8231408.0,2025,Export
TUR,Türkiye,W00,World,energy,27,"Mineral fuels, mineral oils and products of their distillation; bituminous substances; mineral waxes",321048.0,2025,Export
TUR,Türkiye,W00,World,energy,27,"Mineral fuels, mineral oils and products of their distillation; bituminous substances; mineral waxes",81920775.0,2025,Export
TUR,Türkiye,W00,World,energy,27,"Mineral fuels, mineral oils and products of their distillation; bituminous substances; mineral waxes",39577.0,2025,Export
TUR,Türkiye,W00,World,energy,27,"Mineral fuels, mineral oils and products of their distillation; bituminous substances; mineral waxes",1043543.0,2025,Export
TUR,Türkiye,W00,World,energy,27,"Mineral fuels, mineral oils and products of their distillation; bituminous substances; mineral waxes",3.0,2025,Export
TUR,Türkiye,W00,World,energy,27,"Mineral fuels, mineral oils and products of their distillation; bituminous substances; mineral waxes",2237048.0,2025,Export
TUR,Türkiye,W00,World,energy,27,"Mineral fuels, mineral oils and products of their distillation; bituminous substances; mineral waxes",458555.0,2025,Export
TUR,Türkiye,W00,World,energy,27,"Mineral fuels, mineral oils and products of their distillation; bituminous substances; mineral waxes",203010143.0,2025,Export
TUR,Türkiye,W00,World,energy,27,"Mineral fuels, mineral oils and products of their distillation; bituminous substances; mineral waxes",3813084.0,2025,Export
TUR,Türkiye,W00,World,energy,27,"Mineral fuels, mineral oils and products of their distillation; bituminous substances; mineral waxes",91213.0,2025,Export
TUR,Türkiye,W00,World,energy,27,"Mineral fuels, mineral oils and products of their distillation; bituminous substances; mineral waxes",229870534.0,2025,Export
TUR,Türkiye,W00,World,energy,27,"Mineral fuels, mineral oils and products of their distillation; bituminous substances; mineral waxes",553079.0,2025,Export
TUR,Türkiye,W00,World,energy,27,"Mineral fuels, mineral oils and products of their distillation; bituminous substances; mineral waxes",9595603.0,2025,Export
TUR,Türkiye,W00,World,energy,27,"Mineral fuels, mineral oils and products of their distillation; bituminous substances; mineral waxes",15876.0,2025,Export
TUR,Türkiye,W00,World,energy,27,"Mineral fuels, mineral oils and products of their distillation; bituminous substances; mineral waxes",269390.0,2025,Export
TUR,Türkiye,W00,World,energy,27,"Mineral fuels, mineral oils and products of their distillation; bituminous substances; mineral waxes",322076.0,2025,Export
TUR,Türkiye,W00,World,energy,27,"Mineral fuels, mineral oils and products of their distillation; bituminous substances; mineral waxes",1814296.0,2025,Export
TUR,Türkiye,W00,World,energy,27,"Mineral fuels, mineral oils and products of their distillation; bituminous substances; mineral waxes",390836092.0,2025,Export
TUR,Türkiye,W00,World,energy,27,"Mineral fuels, mineral oils and products of their distillation; bituminous substances; mineral waxes",907343.0,2025,Export
TUR,Türkiye,W00,World,energy,27,"Mineral fuels, mineral oils and products of their distillation; bituminous substances; mineral waxes",39487643.0,2025,Export
TUR,Türkiye,W00,World,energy,27,"Mineral fuels, mineral oils and products of their distillation; bituminous substances; mineral waxes",18998769.0,2025,Export
TUR,Türkiye,W00,World,energy,27,"Mineral fuels, mineral oils and products of their distillation; bituminous substances; mineral waxes",1090527.0,2025,Export
TUR,Türkiye,W00,World,energy,27,"Mineral fuels, mineral oils and products of their distillation; bituminous substances; mineral waxes",870.0,2025,Export
TUR,Türkiye,W00,World,energy,27,"Mineral fuels, mineral oils and products of their distillation; bituminous substances; mineral waxes",322840.0,2025,Export
TUR,Türkiye,W00,World,energy,27,"Mineral fuels, mineral oils and products of their distillation; bituminous substances; mineral waxes",8852005.0,2025,Export
TUR,Türkiye,W00,World,energy,27,"Mineral fuels, mineral oils and products of their distillation; bituminous substances; mineral waxes",120671.0,2025,Export
TUR,Türkiye,W00,World,energy,27,"Mineral fuels, mineral oils and products of their distillation; bituminous substances; mineral waxes",5861948.0,2025,Export
TUR,Türkiye,W00,World,energy,27,"Mineral fuels, mineral oils and products of their distillation; bituminous substances; mineral waxes",144.0,2025,Export
TUR,Türkiye,W00,World,energy,27,"Mineral fuels, mineral oils and products of their distillation; bituminous substances; mineral waxes",281077.0,2025,Export
TUR,Türkiye,W00,World,energy,27,"Mineral fuels, mineral oils and products of their distillation; bituminous substances; mineral waxes",7833.0,2025,Export
TUR,Türkiye,W00,World,energy,27,"Mineral fuels, mineral oils and products of their distillation; bituminous substances; mineral waxes",212652473.0,2025,Export
TUR,Türkiye,W00,World,energy,27,"Mineral fuels, mineral oils and products of their distillation; bituminous substances; mineral waxes",2287033.0,2025,Export
TUR,Türkiye,W00,World,energy,27,"Mineral fuels, mineral oils and products of their distillation; bituminous substances; mineral waxes",801961.0,2025,Export
TUR,Türkiye,W00,World,energy,27,"Mineral fuels, mineral oils and products of their distillation; bituminous substances; mineral waxes",3178532.0,2025,Export
TUR,Türkiye,W00,World,energy,27,"Mineral fuels, mineral oils and products of their distillation; bituminous substances; mineral waxes",447366.0,2025,Export
TUR,Türkiye,W00,World,energy,27,"Mineral fuels, mineral oils and products of their distillation; bituminous substances; mineral waxes",53850.0,2025,Export
TUR,Türkiye,W00,World,energy,27,"Mineral fuels, mineral oils and products of their distillation; bituminous substances; mineral waxes",107538695.0,2025,Export
TUR,Türkiye,W00,World,energy,27,"Mineral fuels, mineral oils and products of their distillation; bituminous substances; mineral waxes",1354088057.0,2025,Export
TUR,Türkiye,W00,World,energy,27,"Mineral fuels, mineral oils and products of their distillation; bituminous substances; mineral waxes",2621483.0,2025,Export
TUR,Türkiye,W00,World,energy,27,"Mineral fuels, mineral oils and products of their distillation; bituminous substances; mineral waxes",692519.0,2025,Export
TUR,Türkiye,W00,World,energy,27,"Mineral fuels, mineral oils and products of their distillation; bituminous substances; mineral waxes",16977902.0,2025,Export
TUR,Türkiye,W00,World,energy,27,"Mineral fuels, mineral oils and products of their distillation; bituminous substances; mineral waxes",601885.0,2025,Export
TUR,Türkiye,W00,World,energy,27,"Mineral fuels, mineral oils and products of their distillation; bituminous substances; mineral waxes",608361.0,2025,Export
TUR,Türkiye,W00,World,energy,27,"Mineral fuels, mineral oils and products of their distillation; bituminous substances; mineral waxes",920858121.0,2025,Export
TUR,Türkiye,W00,World,energy,27,"Mineral fuels, mineral oils and products of their distillation; bituminous substances; mineral waxes",155851.0,2025,Export
TUR,Türkiye,W00,World,energy,27,"Mineral fuels, mineral oils and products of their distillation; bituminous substances; mineral waxes",7383033.0,2025,Export
TUR,Türkiye,W00,World,energy,27,"Mineral fuels, mineral oils and products of their distillation; bituminous substances; mineral waxes",1846585.0,2025,Export
TUR,Türkiye,W00,World,energy,27,"Mineral fuels, mineral oils and products of their distillation; bituminous substances; mineral waxes",1222251.0,2025,Export
TUR,Türkiye,W00,World,energy,27,"Mineral fuels, mineral oils and products of their distillation; bituminous substances; mineral waxes",8022868.0,2025,Export
TUR,Türkiye,W00,World,energy,27,"Mineral fuels, mineral oils and products of their distillation; bituminous substances; mineral waxes",409437.0,2025,Export
TUR,Türkiye,W00,World,energy,27,"Mineral fuels, mineral oils and products of their distillation; bituminous substances; mineral waxes",3803851.0,2025,Export
TUR,Türkiye,W00,World,energy,27,"Mineral fuels, mineral oils and products of their distillation; bituminous substances; mineral waxes",15454705.0,2025,Export
TUR,Türkiye,W00,World,energy,27,"Mineral fuels, mineral oils and products of their distillation; bituminous substances; mineral waxes",3267405.0,2025,Export
TUR,Türkiye,W00,World,energy,27,"Mineral fuels, mineral oils and products of their distillation; bituminous substances; mineral waxes",279865.0,2025,Export
TUR,Türkiye,W00,World,energy,27,"Mineral fuels, mineral oils and products of their distillation; bituminous substances; mineral waxes",1158900.0,2025,Export
TUR,Türkiye,W00,World,energy,27,"Mineral fuels, mineral oils and products of their distillation; bituminous substances; mineral waxes",40558675.0,2025,Export
TUR,Türkiye,W00,World,energy,27,"Mineral fuels, mineral oils and products of their distillation; bituminous substances; mineral waxes",3800611.0,2025,Export
TUR,Türkiye,W00,World,energy,27,"Mineral fuels, mineral oils and products of their distillation; bituminous substances; mineral waxes",4229420.0,2025,Export
TUR,Türkiye,W00,World,energy,27,"Mineral fuels, mineral oils and products of their distillation; bituminous substances; mineral waxes",6508949.0,2025,Export
TUR,Türkiye,W00,World,energy,27,"Mineral fuels, mineral oils and products of their distillation; bituminous substances; mineral waxes",463658160.0,2025,Export
TUR,Türkiye,W00,World,energy,27,"Mineral fuels, mineral oils and products of their distillation; bituminous substances; mineral waxes",72843753.0,2025,Export
TUR,Türkiye,W00,World,energy,27,"Mineral fuels, mineral oils and products of their distillation; bituminous substances; mineral waxes",54976297.0,2025,Export
TUR,Türkiye,W00,World,energy,27,"Mineral fuels, mineral oils and products of their distillation; bituminous substances; mineral waxes",533998866.0,2025,Export
TUR,Türkiye,W00,World,energy,27,"Mineral fuels, mineral oils and products of their distillation; bituminous substances; mineral waxes",63027.0,2025,Export
TUR,Türkiye,W00,World,energy,27,"Mineral fuels, mineral oils and products of their distillation; bituminous substances; mineral waxes",4408840.0,2025,Export
TUR,Türkiye,W00,World,energy,27,"Mineral fuels, mineral oils and products of their distillation; bituminous substances; mineral waxes",12043719.0,2025,Export
TUR,Türkiye,W00,World,energy,27,"Mineral fuels, mineral oils and products of their distillation; bituminous substances; mineral waxes",1077446.0,2025,Export
TUR,Türkiye,W00,World,energy,27,"Mineral fuels, mineral oils and products of their distillation; bituminous substances; mineral waxes",10008335.0,2025,Export
TUR,Türkiye,W00,World,energy,27,"Mineral fuels, mineral oils and products of their distillation; bituminous substances; mineral waxes",3458348.0,2025,Export
TUR,Türkiye,W00,World,energy,27,"Mineral fuels, mineral oils and products of their distillation; bituminous substances; mineral waxes",11441253.0,2025,Export
TUR,Türkiye,W00,World,energy,27,"Mineral fuels, mineral oils and products of their distillation; bituminous substances; mineral waxes",1070517.0,2025,Export
TUR,Türkiye,W00,World,energy,27,"Mineral fuels, mineral oils and products of their distillation; bituminous substances; mineral waxes",26218.0,2025,Export
TUR,Türkiye,W00,World,energy,27,"Mineral fuels, mineral oils and products of their distillation; bituminous substances; mineral waxes",568396215.0,2025,Export
TUR,Türkiye,W00,World,energy,27,"Mineral fuels, mineral oils and products of their distillation; bituminous substances; mineral waxes",67162.0,2025,Export
TUR,Türkiye,W00,World,energy,27,"Mineral fuels, mineral oils and products of their distillation; bituminous substances; mineral waxes",401175.0,2025,Export
TUR,Türkiye,W00,World,energy,27,"Mineral fuels, mineral oils and products of their distillation; bituminous substances; mineral waxes",39441448.0,2025,Export
TUR,Türkiye,W00,World,energy,27,"Mineral fuels, mineral oils and products of their distillation; bituminous substances; mineral waxes",88568.0,2025,Export
TUR,Türkiye,W00,World,energy,27,"Mineral fuels, mineral oils and products of their distillation; bituminous substances; mineral waxes",236455.0,2025,Export
TUR,Türkiye,W00,World,energy,27,"Mineral fuels, mineral oils and products of their distillation; bituminous substances; mineral waxes",107517582.0,2025,Export
TUR,Türkiye,W00,World,energy,27,"Mineral fuels, mineral oils and products of their distillation; bituminous substances; mineral waxes",199568.0,2025,Export
TUR,Türkiye,W00,World,energy,27,"Mineral fuels, mineral oils and products of their distillation; bituminous substances; mineral waxes",2916151.0,2025,Export
TUR,Türkiye,W00,World,energy,27,"Mineral fuels, mineral oils and products of their distillation; bituminous substances; mineral waxes",339145404.0,2025,Export
TUR,Türkiye,W00,World,energy,27,"Mineral fuels, mineral oils and products of their distillation; bituminous substances; mineral waxes",19077151.0,2025,Export
TUR,Türkiye,W00,World,energy,27,"Mineral fuels, mineral oils and products of their distillation; bituminous substances; mineral waxes",3850176.0,2025,Export
TUR,Türkiye,W00,World,energy,27,"Mineral fuels, mineral oils and products of their distillation; bituminous substances; mineral waxes",10423365.0,2025,Export
TUR,Türkiye,W00,World,energy,27,"Mineral fuels, mineral oils and products of their distillation; bituminous substances; mineral waxes",256475559.0,2025,Export
TUR,Türkiye,W00,World,energy,27,"Mineral fuels, mineral oils and products of their distillation; bituminous substances; mineral waxes",107318.0,2025,Export
TUR,Türkiye,W00,World,energy,27,"Mineral fuels, mineral oils and products of their distillation; bituminous substances; mineral waxes",1992797.0,2025,Export
TUR,Türkiye,W00,World,energy,27,"Mineral fuels, mineral oils and products of their distillation; bituminous substances; mineral waxes",258217366.0,2025,Export
TUR,Türkiye,W00,World,energy,27,"Mineral fuels, mineral oils and products of their distillation; bituminous substances; mineral waxes",60312446.0,2025,Export
TUR,Türkiye,W00,World,energy,27,"Mineral fuels, mineral oils and products of their distillation; bituminous substances; mineral waxes",667979.0,2025,Export
TUR,Türkiye,W00,World,energy,27,"Mineral fuels, mineral oils and products of their distillation; bituminous substances; mineral waxes",640962.0,2025,Export
TUR,Türkiye,W00,World,energy,27,"Mineral fuels, mineral oils and products of their distillation; bituminous substances; mineral waxes",1636873.0,2025,Export
TUR,Türkiye,W00,World,energy,27,"Mineral fuels, mineral oils and products of their distillation; bituminous substances; mineral waxes",1089909046.0,2025,Export
TUR,Türkiye,W00,World,energy,27,"Mineral fuels, mineral oils and products of their distillation; bituminous substances; mineral waxes",3965032.0,2025,Export
TUR,Türkiye,W00,World,energy,27,"Mineral fuels, mineral oils and products of their distillation; bituminous substances; mineral waxes",136177.0,2025,Export
TUR,Türkiye,W00,World,energy,27,"Mineral fuels, mineral oils and products of their distillation; bituminous substances; mineral waxes",227535555.0,2025,Export
TUR,Türkiye,W00,World,energy,27,"Mineral fuels, mineral oils and products of their distillation; bituminous substances; mineral waxes",2152509.0,2025,Export
TUR,Türkiye,W00,World,energy,27,"Mineral fuels, mineral oils and products of their distillation; bituminous substances; mineral waxes",2849031.0,2025,Export
TUR,Türkiye,W00,World,energy,27,"Mineral fuels, mineral oils and products of their distillation; bituminous substances; mineral waxes",5095939.0,2025,Export
TUR,Türkiye,W00,World,energy,27,"Mineral fuels, mineral oils and products of their distillation; bituminous substances; mineral waxes",866.0,2025,Export
TUR,Türkiye,W00,World,energy,27,"Mineral fuels, mineral oils and products of their distillation; bituminous substances; mineral waxes",2099079.0,2025,Export
TUR,Türkiye,W00,World,energy,27,"Mineral fuels, mineral oils and products of their distillation; bituminous substances; mineral waxes",20777906.0,2025,Export
TUR,Türkiye,W00,World,energy,27,"Mineral fuels, mineral oils and products of their distillation; bituminous substances; mineral waxes",1963378.0,2025,Export
TUR,Türkiye,W00,World,energy,27,"Mineral fuels, mineral oils and products of their distillation; bituminous substances; mineral waxes",402342494.0,2025,Export
TUR,Türkiye,W00,World,energy,27,"Mineral fuels, mineral oils and products of their distillation; bituminous substances; mineral waxes",3.0,2025,Export
TUR,Türkiye,W00,World,energy,27,"Mineral fuels, mineral oils and products of their distillation; bituminous substances; mineral waxes",5079735.0,2025,Export
TUR,Türkiye,W00,World,energy,27,"Mineral fuels, mineral oils and products of their distillation; bituminous substances; mineral waxes",105839.0,2025,Export
TUR,Türkiye,W00,World,energy,27,"Mineral fuels, mineral oils and products of their distillation; bituminous substances; mineral waxes",350221.0,2025,Export
TUR,Türkiye,W00,World,energy,27,"Mineral fuels, mineral oils and products of their distillation; bituminous substances; mineral waxes",27504655.0,2025,Export
TUR,Türkiye,W00,World,energy,27,"Mineral fuels, mineral oils and products of their distillation; bituminous substances; mineral waxes",21985529.0,2025,Export
TUR,Türkiye,W00,World,energy,27,"Mineral fuels, mineral oils and products of their distillation; bituminous substances; mineral waxes",62856411.0,2025,Export
TUR,Türkiye,W00,World,energy,27,"Mineral fuels, mineral oils and products of their distillation; bituminous substances; mineral waxes",39967.0,2025,Export
TUR,Türkiye,W00,World,energy,27,"Mineral fuels, mineral oils and products of their distillation; bituminous substances; mineral waxes",99437890.0,2025,Export
TUR,Türkiye,W00,World,energy,27,"Mineral fuels, mineral oils and products of their distillation; bituminous substances; mineral waxes",136786.0,2025,Export
TUR,Türkiye,W00,World,energy,27,"Mineral fuels, mineral oils and products of their distillation; bituminous substances; mineral waxes",264421.0,2025,Export
TUR,Türkiye,W00,World,energy,27,"Mineral fuels, mineral oils and products of their distillation; bituminous substances; mineral waxes",600728395.0,2025,Export
TUR,Türkiye,W00,World,energy,27,"Mineral fuels, mineral oils and products of their distillation; bituminous substances; mineral waxes",23310628.0,2025,Export
TUR,Türkiye,W00,World,energy,27,"Mineral fuels, mineral oils and products of their distillation; bituminous substances; mineral waxes",4001218.0,2025,Export
TUR,Türkiye,W00,World,energy,27,"Mineral fuels, mineral oils and products of their distillation; bituminous substances; mineral waxes",261222.0,2025,Export
TUR,Türkiye,W00,World,energy,27,"Mineral fuels, mineral oils and products of their distillation; bituminous substances; mineral waxes",685767.0,2025,Export
TUR,Türkiye,W00,World,energy,27,"Mineral fuels, mineral oils and products of their distillation; bituminous substances; mineral waxes",8747.0,2025,Export
TUR,Türkiye,W00,World,energy,27,"Mineral fuels, mineral oils and products of their distillation; bituminous substances; mineral waxes",112542.0,2025,Export
TUR,Türkiye,W00,World,energy,27,"Mineral fuels, mineral oils and products of their distillation; bituminous substances; mineral waxes",1381864.0,2025,Export
TUR,Türkiye,W00,World,energy,27,"Mineral fuels, mineral oils and products of their distillation; bituminous substances; mineral waxes",9939321.0,2025,Export
TUR,Türkiye,W00,World,energy,27,"Mineral fuels, mineral oils and products of their distillation; bituminous substances; mineral waxes",128033.0,2025,Export
TUR,Türkiye,W00,World,energy,27,"Mineral fuels, mineral oils and products of their distillation; bituminous substances; mineral waxes",1864607.0,2025,Export
TUR,Türkiye,W00,World,energy,27,"Mineral fuels, mineral oils and products of their distillation; bituminous substances; mineral waxes",3293206.0,2025,Export
TUR,Türkiye,W00,World,energy,27,"Mineral fuels, mineral oils and products of their distillation; bituminous substances; mineral waxes",1791491104.0,2025,Export
TUR,Türkiye,W00,World,energy,27,"Mineral fuels, mineral oils and products of their distillation; bituminous substances; mineral waxes",2452719.0,2025,Export
TUR,Türkiye,W00,World,energy,27,"Mineral fuels, mineral oils and products of their distillation; bituminous substances; mineral waxes",962338.0,2025,Export
TUR,Türkiye,W00,World,energy,27,"Mineral fuels, mineral oils and products of their distillation; bituminous substances; mineral waxes",546109.0,2025,Export
TUR,Türkiye,W00,World,energy,27,"Mineral fuels, mineral oils and products of their distillation; bituminous substances; mineral waxes",253485729.0,2025,Export
TUR,Türkiye,W00,World,energy,27,"Mineral fuels, mineral oils and products of their distillation; bituminous substances; mineral waxes",373599300.0,2025,Export
TUR,Türkiye,W00,World,energy,27,"Mineral fuels, mineral oils and products of their distillation; bituminous substances; mineral waxes",544082.0,2025,Export
TUR,Türkiye,W00,World,energy,27,"Mineral fuels, mineral oils and products of their distillation; bituminous substances; mineral waxes",206109.0,2025,Export
TUR,Türkiye,W00,World,energy,27,"Mineral fuels, mineral oils and products of their distillation; bituminous substances; mineral waxes",3368149.0,2025,Export
TUR,Türkiye,W00,World,energy,27,"Mineral fuels, mineral oils and products of their distillation; bituminous substances; mineral waxes",1839081.0,2025,Export
TUR,Türkiye,W00,World,energy,27,"Mineral fuels, mineral oils and products of their distillation; bituminous substances; mineral waxes",911000.0,2025,Export
TUR,Türkiye,W00,World,energy,27,"Mineral fuels, mineral oils and products of their distillation; bituminous substances; mineral waxes",282184.0,2025,Export
TUR,Türkiye,W00,World,energy,27,"Mineral fuels, mineral oils and products of their distillation; bituminous substances; mineral waxes",5539291.0,2025,Export
TUR,Türkiye,W00,World,energy,27,"Mineral fuels, mineral oils and products of their distillation; bituminous substances; mineral waxes",27245203.0,2025,Export
TUR,Türkiye,W00,World,energy,27,"Mineral fuels, mineral oils and products of their distillation; bituminous substances; mineral waxes",15253783250.0,2025,Export
TUR,Türkiye,YEM,Yemen,energy,27,"Mineral fuels, mineral oils and products of their distillation; bituminous substances; mineral waxes",7775920.0,2025,Export
TUR,Türkiye,YEM,Yemen,energy,27,"Mineral fuels, mineral oils and products of their distillation; bituminous substances; mineral waxes",7775920.0,2025,Export
TUR,Türkiye,ZAF,South Africa,energy,27,"Mineral fuels, mineral oils and products of their distillation; bituminous substances; mineral waxes",20777906.0,2025,Export
TUR,Türkiye,ZAF,South Africa,energy,27,"Mineral fuels, mineral oils and products of their distillation; bituminous substances; mineral waxes",20777906.0,2025,Export
TUR,Türkiye,_X,"Areas, nes",energy,27,"Mineral fuels, mineral oils and products of their distillation; bituminous substances; mineral waxes",256475559.0,2025,Export
TUR,Türkiye,_X,"Areas, nes",energy,27,"Mineral fuels, mineral oils and products of their distillation; bituminous substances; mineral waxes",256475559.0,2025,Export
USA,USA,ABW,Aruba,energy,27,"Mineral fuels, mineral oils and products of their distillation; bituminous substances; mineral waxes",134281714.0,2025,Export
USA,USA,AFG,Afghanistan,energy,27,"Mineral fuels, mineral oils and products of their distillation; bituminous substances; mineral waxes",49452.0,2025,Export
USA,USA,AGO,Angola,energy,27,"Mineral fuels, mineral oils and products of their distillation; bituminous substances; mineral waxes",8153032.0,2025,Export
USA,USA,AIA,Anguilla,energy,27,"Mineral fuels, mineral oils and products of their distillation; bituminous substances; mineral waxes",26146965.0,2025,Export
USA,USA,ALB,Albania,energy,27,"Mineral fuels, mineral oils and products of their distillation; bituminous substances; mineral waxes",5018902.0,2025,Export
USA,USA,ARE,United Arab Emirates,energy,27,"Mineral fuels, mineral oils and products of their distillation; bituminous substances; mineral waxes",386685424.0,2025,Export
USA,USA,ARG,Argentina,energy,27,"Mineral fuels, mineral oils and products of their distillation; bituminous substances; mineral waxes",1641576040.0,2025,Export
USA,USA,ARM,Armenia,energy,27,"Mineral fuels, mineral oils and products of their distillation; bituminous substances; mineral waxes",58456.0,2025,Export
USA,USA,ATG,Antigua and Barbuda,energy,27,"Mineral fuels, mineral oils and products of their distillation; bituminous substances; mineral waxes",111720797.0,2025,Export
USA,USA,AUS,Australia,energy,27,"Mineral fuels, mineral oils and products of their distillation; bituminous substances; mineral waxes",913218975.0,2025,Export
USA,USA,AUT,Austria,energy,27,"Mineral fuels, mineral oils and products of their distillation; bituminous substances; mineral waxes",160226470.0,2025,Export
USA,USA,AZE,Azerbaijan,energy,27,"Mineral fuels, mineral oils and products of their distillation; bituminous substances; mineral waxes",1339999.0,2025,Export
USA,USA,BEL,Belgium,energy,27,"Mineral fuels, mineral oils and products of their distillation; bituminous substances; mineral waxes",3912123255.0,2025,Export
USA,USA,BEN,Benin,energy,27,"Mineral fuels, mineral oils and products of their distillation; bituminous substances; mineral waxes",48742.0,2025,Export
USA,USA,BFA,Burkina Faso,energy,27,"Mineral fuels, mineral oils and products of their distillation; bituminous substances; mineral waxes",15142.0,2025,Export
USA,USA,BGD,Bangladesh,energy,27,"Mineral fuels, mineral oils and products of their distillation; bituminous substances; mineral waxes",262830473.0,2025,Export
USA,USA,BGR,Bulgaria,energy,27,"Mineral fuels, mineral oils and products of their distillation; bituminous substances; mineral waxes",94298729.0,2025,Export
USA,USA,BHR,Bahrain,energy,27,"Mineral fuels, mineral oils and products of their distillation; bituminous substances; mineral waxes",175851222.0,2025,Export
USA,USA,BHS,Bahamas,energy,27,"Mineral fuels, mineral oils and products of their distillation; bituminous substances; mineral waxes",3135718154.0,2025,Export
USA,USA,BIH,Bosnia Herzegovina,energy,27,"Mineral fuels, mineral oils and products of their distillation; bituminous substances; mineral waxes",32148.0,2025,Export
USA,USA,BLZ,Belize,energy,27,"Mineral fuels, mineral oils and products of their distillation; bituminous substances; mineral waxes",157940404.0,2025,Export
USA,USA,BMU,Bermuda,energy,27,"Mineral fuels, mineral oils and products of their distillation; bituminous substances; mineral waxes",34861439.0,2025,Export
USA,USA,BOL,Bolivia (Plurinational State of),energy,27,"Mineral fuels, mineral oils and products of their distillation; bituminous substances; mineral waxes",15619461.0,2025,Export
USA,USA,BRA,Brazil,energy,27,"Mineral fuels, mineral oils and products of their distillation; bituminous substances; mineral waxes",11226290986.0,2025,Export
USA,USA,BRB,Barbados,energy,27,"Mineral fuels, mineral oils and products of their distillation; bituminous substances; mineral waxes",74045091.0,2025,Export
USA,USA,BRN,Brunei Darussalam,energy,27,"Mineral fuels, mineral oils and products of their distillation; bituminous substances; mineral waxes",139728.0,2025,Export
USA,USA,BWA,Botswana,energy,27,"Mineral fuels, mineral oils and products of their distillation; bituminous substances; mineral waxes",8720.0,2025,Export
USA,USA,CAN,Canada,energy,27,"Mineral fuels, mineral oils and products of their distillation; bituminous substances; mineral waxes",27025184734.0,2025,Export
USA,USA,CHE,Switzerland,energy,27,"Mineral fuels, mineral oils and products of their distillation; bituminous substances; mineral waxes",159404460.0,2025,Export
USA,USA,CHL,Chile,energy,27,"Mineral fuels, mineral oils and products of their distillation; bituminous substances; mineral waxes",6381881414.0,2025,Export
USA,USA,CHN,China,energy,27,"Mineral fuels, mineral oils and products of their distillation; bituminous substances; mineral waxes",5140418118.0,2025,Export
USA,USA,CIV,Côte d'Ivoire,energy,27,"Mineral fuels, mineral oils and products of their distillation; bituminous substances; mineral waxes",282683051.0,2025,Export
USA,USA,CMR,Cameroon,energy,27,"Mineral fuels, mineral oils and products of their distillation; bituminous substances; mineral waxes",8716204.0,2025,Export
USA,USA,COD,Dem. Rep. of the Congo,energy,27,"Mineral fuels, mineral oils and products of their distillation; bituminous substances; mineral waxes",69446.0,2025,Export
USA,USA,COG,Congo,energy,27,"Mineral fuels, mineral oils and products of their distillation; bituminous substances; mineral waxes",1950179.0,2025,Export
USA,USA,COL,Colombia,energy,27,"Mineral fuels, mineral oils and products of their distillation; bituminous substances; mineral waxes",4358143866.0,2025,Export
USA,USA,CRI,Costa Rica,energy,27,"Mineral fuels, mineral oils and products of their distillation; bituminous substances; mineral waxes",2081842837.0,2025,Export
USA,USA,CUB,Cuba,energy,27,"Mineral fuels, mineral oils and products of their distillation; bituminous substances; mineral waxes",311558.0,2025,Export
USA,USA,CUW,Curaçao,energy,27,"Mineral fuels, mineral oils and products of their distillation; bituminous substances; mineral waxes",391820504.0,2025,Export
USA,USA,CYM,Cayman Isds,energy,27,"Mineral fuels, mineral oils and products of their distillation; bituminous substances; mineral waxes",154353229.0,2025,Export
USA,USA,CYP,Cyprus,energy,27,"Mineral fuels, mineral oils and products of their distillation; bituminous substances; mineral waxes",23056826.0,2025,Export
USA,USA,CZE,Czechia,energy,27,"Mineral fuels, mineral oils and products of their distillation; bituminous substances; mineral waxes",2833036.0,2025,Export
USA,USA,DEU,Germany,energy,27,"Mineral fuels, mineral oils and products of their distillation; bituminous substances; mineral waxes",6819755407.0,2025,Export
USA,USA,DJI,Djibouti,energy,27,"Mineral fuels, mineral oils and products of their distillation; bituminous substances; mineral waxes",36981.0,2025,Export
USA,USA,DMA,Dominica,energy,27,"Mineral fuels, mineral oils and products of their distillation; bituminous substances; mineral waxes",4919200.0,2025,Export
USA,USA,DNK,Denmark,energy,27,"Mineral fuels, mineral oils and products of their distillation; bituminous substances; mineral waxes",860824049.0,2025,Export
USA,USA,DOM,Dominican Rep.,energy,27,"Mineral fuels, mineral oils and products of their distillation; bituminous substances; mineral waxes",3852611179.0,2025,Export
USA,USA,DZA,Algeria,energy,27,"Mineral fuels, mineral oils and products of their distillation; bituminous substances; mineral waxes",52565843.0,2025,Export
USA,USA,ECU,Ecuador,energy,27,"Mineral fuels, mineral oils and products of their distillation; bituminous substances; mineral waxes",5254405751.0,2025,Export
USA,USA,EGY,Egypt,energy,27,"Mineral fuels, mineral oils and products of their distillation; bituminous substances; mineral waxes",4425372004.0,2025,Export
USA,USA,ESP,Spain,energy,27,"Mineral fuels, mineral oils and products of their distillation; bituminous substances; mineral waxes",8578427083.0,2025,Export
USA,USA,EST,Estonia,energy,27,"Mineral fuels, mineral oils and products of their distillation; bituminous substances; mineral waxes",20252375.0,2025,Export
USA,USA,ETH,Ethiopia,energy,27,"Mineral fuels, mineral oils and products of their distillation; bituminous substances; mineral waxes",217448.0,2025,Export
USA,USA,FIN,Finland,energy,27,"Mineral fuels, mineral oils and products of their distillation; bituminous substances; mineral waxes",806115236.0,2025,Export
USA,USA,FJI,Fiji,energy,27,"Mineral fuels, mineral oils and products of their distillation; bituminous substances; mineral waxes",18699.0,2025,Export
USA,USA,FRA,France,energy,27,"Mineral fuels, mineral oils and products of their distillation; bituminous substances; mineral waxes",9199261577.0,2025,Export
USA,USA,FSM,FS Micronesia,energy,27,"Mineral fuels, mineral oils and products of their distillation; bituminous substances; mineral waxes",531750.0,2025,Export
USA,USA,GAB,Gabon,energy,27,"Mineral fuels, mineral oils and products of their distillation; bituminous substances; mineral waxes",8068359.0,2025,Export
USA,USA,GBR,United Kingdom,energy,27,"Mineral fuels, mineral oils and products of their distillation; bituminous substances; mineral waxes",11169132246.0,2025,Export
USA,USA,GEO,Georgia,energy,27,"Mineral fuels, mineral oils and products of their distillation; bituminous substances; mineral waxes",1905835.0,2025,Export
USA,USA,GHA,Ghana,energy,27,"Mineral fuels, mineral oils and products of their distillation; bituminous substances; mineral waxes",142758735.0,2025,Export
USA,USA,GIB,Gibraltar,energy,27,"Mineral fuels, mineral oils and products of their distillation; bituminous substances; mineral waxes",156813245.0,2025,Export
USA,USA,GIN,Guinea,energy,27,"Mineral fuels, mineral oils and products of their distillation; bituminous substances; mineral waxes",2395796.0,2025,Export
USA,USA,GMB,Gambia,energy,27,"Mineral fuels, mineral oils and products of their distillation; bituminous substances; mineral waxes",28000.0,2025,Export
USA,USA,GNQ,Equatorial Guinea,energy,27,"Mineral fuels, mineral oils and products of their distillation; bituminous substances; mineral waxes",4665770.0,2025,Export
USA,USA,GRC,Greece,energy,27,"Mineral fuels, mineral oils and products of their distillation; bituminous substances; mineral waxes",1009392593.0,2025,Export
USA,USA,GRD,Grenada,energy,27,"Mineral fuels, mineral oils and products of their distillation; bituminous substances; mineral waxes",38660168.0,2025,Export
USA,USA,GRL,Greenland,energy,27,"Mineral fuels, mineral oils and products of their distillation; bituminous substances; mineral waxes",8342.0,2025,Export
USA,USA,GTM,Guatemala,energy,27,"Mineral fuels, mineral oils and products of their distillation; bituminous substances; mineral waxes",3903346921.0,2025,Export
USA,USA,GUY,Guyana,energy,27,"Mineral fuels, mineral oils and products of their distillation; bituminous substances; mineral waxes",103889934.0,2025,Export
USA,USA,HKG,"China, Hong Kong SAR",energy,27,"Mineral fuels, mineral oils and products of their distillation; bituminous substances; mineral waxes",7757046.0,2025,Export
USA,USA,HND,Honduras,energy,27,"Mineral fuels, mineral oils and products of their distillation; bituminous substances; mineral waxes",2242307754.0,2025,Export
USA,USA,HRV,Croatia,energy,27,"Mineral fuels, mineral oils and products of their distillation; bituminous substances; mineral waxes",573160799.0,2025,Export
USA,USA,HTI,Haiti,energy,27,"Mineral fuels, mineral oils and products of their distillation; bituminous substances; mineral waxes",512638666.0,2025,Export
USA,USA,HUN,Hungary,energy,27,"Mineral fuels, mineral oils and products of their distillation; bituminous substances; mineral waxes",1101752.0,2025,Export
USA,USA,IDN,Indonesia,energy,27,"Mineral fuels, mineral oils and products of their distillation; bituminous substances; mineral waxes",2182252704.0,2025,Export
USA,USA,IND,India,energy,27,"Mineral fuels, mineral oils and products of their distillation; bituminous substances; mineral waxes",14144892728.0,2025,Export
USA,USA,IOT,Br. Indian Ocean Terr.,energy,27,"Mineral fuels, mineral oils and products of their distillation; bituminous substances; mineral waxes",7500000.0,2025,Export
USA,USA,IRL,Ireland,energy,27,"Mineral fuels, mineral oils and products of their distillation; bituminous substances; mineral waxes",951675251.0,2025,Export
USA,USA,IRQ,Iraq,energy,27,"Mineral fuels, mineral oils and products of their distillation; bituminous substances; mineral waxes",27081390.0,2025,Export
USA,USA,ISL,Iceland,energy,27,"Mineral fuels, mineral oils and products of their distillation; bituminous substances; mineral waxes",340903.0,2025,Export
USA,USA,ISR,Israel,energy,27,"Mineral fuels, mineral oils and products of their distillation; bituminous substances; mineral waxes",257691835.0,2025,Export
USA,USA,ITA,Italy,energy,27,"Mineral fuels, mineral oils and products of their distillation; bituminous substances; mineral waxes",6068251441.0,2025,Export
USA,USA,JAM,Jamaica,energy,27,"Mineral fuels, mineral oils and products of their distillation; bituminous substances; mineral waxes",922388929.0,2025,Export
USA,USA,JOR,Jordan,energy,27,"Mineral fuels, mineral oils and products of their distillation; bituminous substances; mineral waxes",166852950.0,2025,Export
USA,USA,JPN,Japan,energy,27,"Mineral fuels, mineral oils and products of their distillation; bituminous substances; mineral waxes",12524112379.0,2025,Export
USA,USA,KAZ,Kazakhstan,energy,27,"Mineral fuels, mineral oils and products of their distillation; bituminous substances; mineral waxes",2137566.0,2025,Export
USA,USA,KEN,Kenya,energy,27,"Mineral fuels, mineral oils and products of their distillation; bituminous substances; mineral waxes",213133530.0,2025,Export
USA,USA,KGZ,Kyrgyzstan,energy,27,"Mineral fuels, mineral oils and products of their distillation; bituminous substances; mineral waxes",208506.0,2025,Export
USA,USA,KHM,Cambodia,energy,27,"Mineral fuels, mineral oils and products of their distillation; bituminous substances; mineral waxes",639930.0,2025,Export
USA,USA,KNA,Saint Kitts and Nevis,energy,27,"Mineral fuels, mineral oils and products of their distillation; bituminous substances; mineral waxes",24284969.0,2025,Export
USA,USA,KOR,Rep. of Korea,energy,27,"Mineral fuels, mineral oils and products of their distillation; bituminous substances; mineral waxes",17345590303.0,2025,Export
USA,USA,KWT,Kuwait,energy,27,"Mineral fuels, mineral oils and products of their distillation; bituminous substances; mineral waxes",77352359.0,2025,Export
USA,USA,LAO,Lao People's Dem. Rep.,energy,27,"Mineral fuels, mineral oils and products of their distillation; bituminous substances; mineral waxes",69560.0,2025,Export
USA,USA,LBN,Lebanon,energy,27,"Mineral fuels, mineral oils and products of their distillation; bituminous substances; mineral waxes",27461705.0,2025,Export
USA,USA,LBR,Liberia,energy,27,"Mineral fuels, mineral oils and products of their distillation; bituminous substances; mineral waxes",26340450.0,2025,Export
USA,USA,LBY,Libya,energy,27,"Mineral fuels, mineral oils and products of their distillation; bituminous substances; mineral waxes",6806185.0,2025,Export
USA,USA,LCA,Saint Lucia,energy,27,"Mineral fuels, mineral oils and products of their distillation; bituminous substances; mineral waxes",860430209.0,2025,Export
USA,USA,LKA,Sri Lanka,energy,27,"Mineral fuels, mineral oils and products of their distillation; bituminous substances; mineral waxes",343852.0,2025,Export
USA,USA,LTU,Lithuania,energy,27,"Mineral fuels, mineral oils and products of their distillation; bituminous substances; mineral waxes",709770505.0,2025,Export
USA,USA,LUX,Luxembourg,energy,27,"Mineral fuels, mineral oils and products of their distillation; bituminous substances; mineral waxes",454557.0,2025,Export
USA,USA,LVA,Latvia,energy,27,"Mineral fuels, mineral oils and products of their distillation; bituminous substances; mineral waxes",135026760.0,2025,Export
USA,USA,MAC,"China, Macao SAR",energy,27,"Mineral fuels, mineral oils and products of their distillation; bituminous substances; mineral waxes",9464.0,2025,Export
USA,USA,MAR,Morocco,energy,27,"Mineral fuels, mineral oils and products of their distillation; bituminous substances; mineral waxes",1516251916.0,2025,Export
USA,USA,MDA,Rep. of Moldova,energy,27,"Mineral fuels, mineral oils and products of their distillation; bituminous substances; mineral waxes",9620.0,2025,Export
USA,USA,MDV,Maldives,energy,27,"Mineral fuels, mineral oils and products of their distillation; bituminous substances; mineral waxes",22470472.0,2025,Export
USA,USA,MEX,Mexico,energy,27,"Mineral fuels, mineral oils and products of their distillation; bituminous substances; mineral waxes",37427219610.0,2025,Export
USA,USA,MHL,Marshall Isds,energy,27,"Mineral fuels, mineral oils and products of their distillation; bituminous substances; mineral waxes",13545.0,2025,Export
USA,USA,MKD,North Macedonia,energy,27,"Mineral fuels, mineral oils and products of their distillation; bituminous substances; mineral waxes",69241.0,2025,Export
USA,USA,MLI,Mali,energy,27,"Mineral fuels, mineral oils and products of their distillation; bituminous substances; mineral waxes",116227.0,2025,Export
USA,USA,MLT,Malta,energy,27,"Mineral fuels, mineral oils and products of their distillation; bituminous substances; mineral waxes",54323554.0,2025,Export
USA,USA,MMR,Myanmar,energy,27,"Mineral fuels, mineral oils and products of their distillation; bituminous substances; mineral waxes",172099.0,2025,Export
USA,USA,MNG,Mongolia,energy,27,"Mineral fuels, mineral oils and products of their distillation; bituminous substances; mineral waxes",2609193.0,2025,Export
USA,USA,MOZ,Mozambique,energy,27,"Mineral fuels, mineral oils and products of their distillation; bituminous substances; mineral waxes",46396716.0,2025,Export
USA,USA,MRT,Mauritania,energy,27,"Mineral fuels, mineral oils and products of their distillation; bituminous substances; mineral waxes",3583557.0,2025,Export
USA,USA,MSR,Montserrat,energy,27,"Mineral fuels, mineral oils and products of their distillation; bituminous substances; mineral waxes",173519.0,2025,Export
USA,USA,MUS,Mauritius,energy,27,"Mineral fuels, mineral oils and products of their distillation; bituminous substances; mineral waxes",50392.0,2025,Export
USA,USA,MYS,Malaysia,energy,27,"Mineral fuels, mineral oils and products of their distillation; bituminous substances; mineral waxes",1705019790.0,2025,Export
USA,USA,NAM,Namibia,energy,27,"Mineral fuels, mineral oils and products of their distillation; bituminous substances; mineral waxes",6125867.0,2025,Export
USA,USA,NCL,New Caledonia,energy,27,"Mineral fuels, mineral oils and products of their distillation; bituminous substances; mineral waxes",11030.0,2025,Export
USA,USA,NGA,Nigeria,energy,27,"Mineral fuels, mineral oils and products of their distillation; bituminous substances; mineral waxes",3250267274.0,2025,Export
USA,USA,NIC,Nicaragua,energy,27,"Mineral fuels, mineral oils and products of their distillation; bituminous substances; mineral waxes",848963731.0,2025,Export
USA,USA,NLD,Netherlands,energy,27,"Mineral fuels, mineral oils and products of their distillation; bituminous substances; mineral waxes",35678587640.0,2025,Export
USA,USA,NOR,Norway,energy,27,"Mineral fuels, mineral oils and products of their distillation; bituminous substances; mineral waxes",957254594.0,2025,Export
USA,USA,NPL,Nepal,energy,27,"Mineral fuels, mineral oils and products of their distillation; bituminous substances; mineral waxes",2570.0,2025,Export
USA,USA,NZL,New Zealand,energy,27,"Mineral fuels, mineral oils and products of their distillation; bituminous substances; mineral waxes",62361844.0,2025,Export
USA,USA,OMN,Oman,energy,27,"Mineral fuels, mineral oils and products of their distillation; bituminous substances; mineral waxes",81887863.0,2025,Export
USA,USA,PAK,Pakistan,energy,27,"Mineral fuels, mineral oils and products of their distillation; bituminous substances; mineral waxes",299098033.0,2025,Export
USA,USA,PAN,Panama,energy,27,"Mineral fuels, mineral oils and products of their distillation; bituminous substances; mineral waxes",4260070943.0,2025,Export
USA,USA,PER,Peru,energy,27,"Mineral fuels, mineral oils and products of their distillation; bituminous substances; mineral waxes",5179493316.0,2025,Export
USA,USA,PHL,Philippines,energy,27,"Mineral fuels, mineral oils and products of their distillation; bituminous substances; mineral waxes",97002295.0,2025,Export
USA,USA,PLW,Palau,energy,27,"Mineral fuels, mineral oils and products of their distillation; bituminous substances; mineral waxes",12500.0,2025,Export
USA,USA,PNG,Papua New Guinea,energy,27,"Mineral fuels, mineral oils and products of their distillation; bituminous substances; mineral waxes",54270.0,2025,Export
USA,USA,POL,Poland,energy,27,"Mineral fuels, mineral oils and products of their distillation; bituminous substances; mineral waxes",2607785544.0,2025,Export
USA,USA,PRT,Portugal,energy,27,"Mineral fuels, mineral oils and products of their distillation; bituminous substances; mineral waxes",822605295.0,2025,Export
USA,USA,PRY,Paraguay,energy,27,"Mineral fuels, mineral oils and products of their distillation; bituminous substances; mineral waxes",388849021.0,2025,Export
USA,USA,PYF,French Polynesia,energy,27,"Mineral fuels, mineral oils and products of their distillation; bituminous substances; mineral waxes",378961.0,2025,Export
USA,USA,QAT,Qatar,energy,27,"Mineral fuels, mineral oils and products of their distillation; bituminous substances; mineral waxes",16966794.0,2025,Export
USA,USA,ROU,Romania,energy,27,"Mineral fuels, mineral oils and products of their distillation; bituminous substances; mineral waxes",10511197.0,2025,Export
USA,USA,RUS,Russian Federation,energy,27,"Mineral fuels, mineral oils and products of their distillation; bituminous substances; mineral waxes",100303.0,2025,Export
USA,USA,RWA,Rwanda,energy,27,"Mineral fuels, mineral oils and products of their distillation; bituminous substances; mineral waxes",50320.0,2025,Export
USA,USA,S19,"Other Asia, nes",energy,27,"Mineral fuels, mineral oils and products of their distillation; bituminous substances; mineral waxes",6711392777.0,2025,Export
USA,USA,SAU,Saudi Arabia,energy,27,"Mineral fuels, mineral oils and products of their distillation; bituminous substances; mineral waxes",59866271.0,2025,Export
USA,USA,SEN,Senegal,energy,27,"Mineral fuels, mineral oils and products of their distillation; bituminous substances; mineral waxes",138179664.0,2025,Export
USA,USA,SGP,Singapore,energy,27,"Mineral fuels, mineral oils and products of their distillation; bituminous substances; mineral waxes",3725147011.0,2025,Export
USA,USA,SLE,Sierra Leone,energy,27,"Mineral fuels, mineral oils and products of their distillation; bituminous substances; mineral waxes",20088.0,2025,Export
USA,USA,SLV,El Salvador,energy,27,"Mineral fuels, mineral oils and products of their distillation; bituminous substances; mineral waxes",1792268759.0,2025,Export
USA,USA,SOM,Somalia,energy,27,"Mineral fuels, mineral oils and products of their distillation; bituminous substances; mineral waxes",160735.0,2025,Export
USA,USA,SRB,Serbia,energy,27,"Mineral fuels, mineral oils and products of their distillation; bituminous substances; mineral waxes",254700.0,2025,Export
USA,USA,SUR,Suriname,energy,27,"Mineral fuels, mineral oils and products of their distillation; bituminous substances; mineral waxes",63433445.0,2025,Export
USA,USA,SVK,Slovakia,energy,27,"Mineral fuels, mineral oils and products of their distillation; bituminous substances; mineral waxes",2055025.0,2025,Export
USA,USA,SVN,Slovenia,energy,27,"Mineral fuels, mineral oils and products of their distillation; bituminous substances; mineral waxes",69120275.0,2025,Export
USA,USA,SWE,Sweden,energy,27,"Mineral fuels, mineral oils and products of their distillation; bituminous substances; mineral waxes",2037150852.0,2025,Export
USA,USA,SXM,Sint Maarten,energy,27,"Mineral fuels, mineral oils and products of their distillation; bituminous substances; mineral waxes",89513424.0,2025,Export
USA,USA,TCA,Turks and Caicos Isds,energy,27,"Mineral fuels, mineral oils and products of their distillation; bituminous substances; mineral waxes",44181887.0,2025,Export
USA,USA,TCD,Chad,energy,27,"Mineral fuels, mineral oils and products of their distillation; bituminous substances; mineral waxes",422285.0,2025,Export
USA,USA,TGO,Togo,energy,27,"Mineral fuels, mineral oils and products of their distillation; bituminous substances; mineral waxes",130764879.0,2025,Export
USA,USA,THA,Thailand,energy,27,"Mineral fuels, mineral oils and products of their distillation; bituminous substances; mineral waxes",4380569911.0,2025,Export
USA,USA,TKM,Turkmenistan,energy,27,"Mineral fuels, mineral oils and products of their distillation; bituminous substances; mineral waxes",7528085.0,2025,Export
USA,USA,TTO,Trinidad and Tobago,energy,27,"Mineral fuels, mineral oils and products of their distillation; bituminous substances; mineral waxes",1378956445.0,2025,Export
USA,USA,TUN,Tunisia,energy,27,"Mineral fuels, mineral oils and products of their distillation; bituminous substances; mineral waxes",18080997.0,2025,Export
USA,USA,TUR,Türkiye,energy,27,"Mineral fuels, mineral oils and products of their distillation; bituminous substances; mineral waxes",4307279034.0,2025,Export
USA,USA,TZA,United Rep. of Tanzania,energy,27,"Mineral fuels, mineral oils and products of their distillation; bituminous substances; mineral waxes",3138288.0,2025,Export
USA,USA,UGA,Uganda,energy,27,"Mineral fuels, mineral oils and products of their distillation; bituminous substances; mineral waxes",20648.0,2025,Export
USA,USA,UKR,Ukraine,energy,27,"Mineral fuels, mineral oils and products of their distillation; bituminous substances; mineral waxes",243421714.0,2025,Export
USA,USA,URY,Uruguay,energy,27,"Mineral fuels, mineral oils and products of their distillation; bituminous substances; mineral waxes",557027769.0,2025,Export
USA,USA,UZB,Uzbekistan,energy,27,"Mineral fuels, mineral oils and products of their distillation; bituminous substances; mineral waxes",1673175.0,2025,Export
USA,USA,VCT,Saint Vincent and the Grenadines,energy,27,"Mineral fuels, mineral oils and products of their distillation; bituminous substances; mineral waxes",28960359.0,2025,Export
USA,USA,VEN,Venezuela,energy,27,"Mineral fuels, mineral oils and products of their distillation; bituminous substances; mineral waxes",1085637718.0,2025,Export
USA,USA,VGB,Br. Virgin Isds,energy,27,"Mineral fuels, mineral oils and products of their distillation; bituminous substances; mineral waxes",80225076.0,2025,Export
USA,USA,VNM,Viet Nam,energy,27,"Mineral fuels, mineral oils and products of their distillation; bituminous substances; mineral waxes",679531275.0,2025,Export
USA,USA,W00,World,energy,27,"Mineral fuels, mineral oils and products of their distillation; bituminous substances; mineral waxes",308911122009.0,2025,Export
USA,USA,WSM,Samoa,energy,27,"Mineral fuels, mineral oils and products of their distillation; bituminous substances; mineral waxes",72044.0,2025,Export
USA,USA,YEM,Yemen,energy,27,"Mineral fuels, mineral oils and products of their distillation; bituminous substances; mineral waxes",11749.0,2025,Export
USA,USA,ZAF,South Africa,energy,27,"Mineral fuels, mineral oils and products of their distillation; bituminous substances; mineral waxes",1000137273.0,2025,Export
USA,USA,ZMB,Zambia,energy,27,"Mineral fuels, mineral oils and products of their distillation; bituminous substances; mineral waxes",552414.0,2025,Export
USA,USA,ZWE,Zimbabwe,energy,27,"Mineral fuels, mineral oils and products of their distillation; bituminous substances; mineral waxes",28457.0,2025,Export
ZAF,South Africa,AFG,Afghanistan,energy,27,"Mineral fuels, mineral oils and products of their distillation; bituminous substances; mineral waxes",2982120.156,2025,Export
ZAF,South Africa,AGO,Angola,energy,27,"Mineral fuels, mineral oils and products of their distillation; bituminous substances; mineral waxes",14063904.991,2025,Export
ZAF,South Africa,ARE,United Arab Emirates,energy,27,"Mineral fuels, mineral oils and products of their distillation; bituminous substances; mineral waxes",123505939.571,2025,Export
ZAF,South Africa,ARG,Argentina,energy,27,"Mineral fuels, mineral oils and products of their distillation; bituminous substances; mineral waxes",846898.295,2025,Export
ZAF,South Africa,ATA,Antarctica,energy,27,"Mineral fuels, mineral oils and products of their distillation; bituminous substances; mineral waxes",1081072.978,2025,Export
ZAF,South Africa,ATG,Antigua and Barbuda,energy,27,"Mineral fuels, mineral oils and products of their distillation; bituminous substances; mineral waxes",2257661.838,2025,Export
ZAF,South Africa,AUS,Australia,energy,27,"Mineral fuels, mineral oils and products of their distillation; bituminous substances; mineral waxes",3189337.095,2025,Export
ZAF,South Africa,AUT,Austria,energy,27,"Mineral fuels, mineral oils and products of their distillation; bituminous substances; mineral waxes",16875.218,2025,Export
ZAF,South Africa,BDI,Burundi,energy,27,"Mineral fuels, mineral oils and products of their distillation; bituminous substances; mineral waxes",383091.379,2025,Export
ZAF,South Africa,BEL,Belgium,energy,27,"Mineral fuels, mineral oils and products of their distillation; bituminous substances; mineral waxes",5656101.057,2025,Export
ZAF,South Africa,BEN,Benin,energy,27,"Mineral fuels, mineral oils and products of their distillation; bituminous substances; mineral waxes",4035338.915,2025,Export
ZAF,South Africa,BFA,Burkina Faso,energy,27,"Mineral fuels, mineral oils and products of their distillation; bituminous substances; mineral waxes",12515.498,2025,Export
ZAF,South Africa,BGD,Bangladesh,energy,27,"Mineral fuels, mineral oils and products of their distillation; bituminous substances; mineral waxes",77339461.629,2025,Export
ZAF,South Africa,BGR,Bulgaria,energy,27,"Mineral fuels, mineral oils and products of their distillation; bituminous substances; mineral waxes",9460081.235,2025,Export
ZAF,South Africa,BHR,Bahrain,energy,27,"Mineral fuels, mineral oils and products of their distillation; bituminous substances; mineral waxes",12152068.723,2025,Export
ZAF,South Africa,BHS,Bahamas,energy,27,"Mineral fuels, mineral oils and products of their distillation; bituminous substances; mineral waxes",7456598.368,2025,Export
ZAF,South Africa,BLR,Belarus,energy,27,"Mineral fuels, mineral oils and products of their distillation; bituminous substances; mineral waxes",1650791.21,2025,Export
ZAF,South Africa,BMU,Bermuda,energy,27,"Mineral fuels, mineral oils and products of their distillation; bituminous substances; mineral waxes",793642.705,2025,Export
ZAF,South Africa,BRA,Brazil,energy,27,"Mineral fuels, mineral oils and products of their distillation; bituminous substances; mineral waxes",38986880.607,2025,Export
ZAF,South Africa,BRB,Barbados,energy,27,"Mineral fuels, mineral oils and products of their distillation; bituminous substances; mineral waxes",243655.233,2025,Export
ZAF,South Africa,BWA,Botswana,energy,27,"Mineral fuels, mineral oils and products of their distillation; bituminous substances; mineral waxes",762658307.896,2025,Export
ZAF,South Africa,CAF,Central African Rep.,energy,27,"Mineral fuels, mineral oils and products of their distillation; bituminous substances; mineral waxes",2793.17,2025,Export
ZAF,South Africa,CAN,Canada,energy,27,"Mineral fuels, mineral oils and products of their distillation; bituminous substances; mineral waxes",722366.221,2025,Export
ZAF,South Africa,CHE,Switzerland,energy,27,"Mineral fuels, mineral oils and products of their distillation; bituminous substances; mineral waxes",137665159.032,2025,Export
ZAF,South Africa,CHL,Chile,energy,27,"Mineral fuels, mineral oils and products of their distillation; bituminous substances; mineral waxes",65873.859,2025,Export
ZAF,South Africa,CHN,China,energy,27,"Mineral fuels, mineral oils and products of their distillation; bituminous substances; mineral waxes",70712904.375,2025,Export
ZAF,South Africa,CIV,Côte d'Ivoire,energy,27,"Mineral fuels, mineral oils and products of their distillation; bituminous substances; mineral waxes",2597779.811,2025,Export
ZAF,South Africa,CMR,Cameroon,energy,27,"Mineral fuels, mineral oils and products of their distillation; bituminous substances; mineral waxes",978881.317,2025,Export
ZAF,South Africa,COD,Dem. Rep. of the Congo,energy,27,"Mineral fuels, mineral oils and products of their distillation; bituminous substances; mineral waxes",106259232.861,2025,Export
ZAF,South Africa,COG,Congo,energy,27,"Mineral fuels, mineral oils and products of their distillation; bituminous substances; mineral waxes",10864051.714,2025,Export
ZAF,South Africa,COK,Cook Isds,energy,27,"Mineral fuels, mineral oils and products of their distillation; bituminous substances; mineral waxes",100310.332,2025,Export
ZAF,South Africa,COL,Colombia,energy,27,"Mineral fuels, mineral oils and products of their distillation; bituminous substances; mineral waxes",203516.086,2025,Export
ZAF,South Africa,CRI,Costa Rica,energy,27,"Mineral fuels, mineral oils and products of their distillation; bituminous substances; mineral waxes",28982.569,2025,Export
ZAF,South Africa,CYM,Cayman Isds,energy,27,"Mineral fuels, mineral oils and products of their distillation; bituminous substances; mineral waxes",3142848.816,2025,Export
ZAF,South Africa,CYP,Cyprus,energy,27,"Mineral fuels, mineral oils and products of their distillation; bituminous substances; mineral waxes",4986236.83,2025,Export
ZAF,South Africa,DEU,Germany,energy,27,"Mineral fuels, mineral oils and products of their distillation; bituminous substances; mineral waxes",125707818.268,2025,Export
ZAF,South Africa,DJI,Djibouti,energy,27,"Mineral fuels, mineral oils and products of their distillation; bituminous substances; mineral waxes",17907483.465,2025,Export
ZAF,South Africa,DNK,Denmark,energy,27,"Mineral fuels, mineral oils and products of their distillation; bituminous substances; mineral waxes",18633.98,2025,Export
ZAF,South Africa,ECU,Ecuador,energy,27,"Mineral fuels, mineral oils and products of their distillation; bituminous substances; mineral waxes",33877.659,2025,Export
ZAF,South Africa,EGY,Egypt,energy,27,"Mineral fuels, mineral oils and products of their distillation; bituminous substances; mineral waxes",99690.963,2025,Export
ZAF,South Africa,ERI,Eritrea,energy,27,"Mineral fuels, mineral oils and products of their distillation; bituminous substances; mineral waxes",4403.256,2025,Export
ZAF,South Africa,ESP,Spain,energy,27,"Mineral fuels, mineral oils and products of their distillation; bituminous substances; mineral waxes",27127959.927,2025,Export
ZAF,South Africa,ETH,Ethiopia,energy,27,"Mineral fuels, mineral oils and products of their distillation; bituminous substances; mineral waxes",25402.372,2025,Export
ZAF,South Africa,FJI,Fiji,energy,27,"Mineral fuels, mineral oils and products of their distillation; bituminous substances; mineral waxes",3018.265,2025,Export
ZAF,South Africa,FRA,France,energy,27,"Mineral fuels, mineral oils and products of their distillation; bituminous substances; mineral waxes",15698453.104,2025,Export
ZAF,South Africa,GAB,Gabon,energy,27,"Mineral fuels, mineral oils and products of their distillation; bituminous substances; mineral waxes",417439.708,2025,Export
ZAF,South Africa,GBR,United Kingdom,energy,27,"Mineral fuels, mineral oils and products of their distillation; bituminous substances; mineral waxes",27296445.537,2025,Export
ZAF,South Africa,GHA,Ghana,energy,27,"Mineral fuels, mineral oils and products of their distillation; bituminous substances; mineral waxes",2378969.312,2025,Export
ZAF,South Africa,GIB,Gibraltar,energy,27,"Mineral fuels, mineral oils and products of their distillation; bituminous substances; mineral waxes",238112.068,2025,Export
ZAF,South Africa,GIN,Guinea,energy,27,"Mineral fuels, mineral oils and products of their distillation; bituminous substances; mineral waxes",201383.597,2025,Export
ZAF,South Africa,GMB,Gambia,energy,27,"Mineral fuels, mineral oils and products of their distillation; bituminous substances; mineral waxes",908348.898,2025,Export
ZAF,South Africa,GNQ,Equatorial Guinea,energy,27,"Mineral fuels, mineral oils and products of their distillation; bituminous substances; mineral waxes",126.759,2025,Export
ZAF,South Africa,GRC,Greece,energy,27,"Mineral fuels, mineral oils and products of their distillation; bituminous substances; mineral waxes",970733.872,2025,Export
ZAF,South Africa,GUY,Guyana,energy,27,"Mineral fuels, mineral oils and products of their distillation; bituminous substances; mineral waxes",2237.417,2025,Export
ZAF,South Africa,HKG,"China, Hong Kong SAR",energy,27,"Mineral fuels, mineral oils and products of their distillation; bituminous substances; mineral waxes",5301794.449,2025,Export
ZAF,South Africa,IDN,Indonesia,energy,27,"Mineral fuels, mineral oils and products of their distillation; bituminous substances; mineral waxes",4326228.343,2025,Export
ZAF,South Africa,IND,India,energy,27,"Mineral fuels, mineral oils and products of their distillation; bituminous substances; mineral waxes",2440042779.474,2025,Export
ZAF,South Africa,IRL,Ireland,energy,27,"Mineral fuels, mineral oils and products of their distillation; bituminous substances; mineral waxes",146350.231,2025,Export
ZAF,South Africa,IRQ,Iraq,energy,27,"Mineral fuels, mineral oils and products of their distillation; bituminous substances; mineral waxes",245.477,2025,Export
ZAF,South Africa,ISR,Israel,energy,27,"Mineral fuels, mineral oils and products of their distillation; bituminous substances; mineral waxes",158764557.503,2025,Export
ZAF,South Africa,ITA,Italy,energy,27,"Mineral fuels, mineral oils and products of their distillation; bituminous substances; mineral waxes",57448377.849,2025,Export
ZAF,South Africa,JOR,Jordan,energy,27,"Mineral fuels, mineral oils and products of their distillation; bituminous substances; mineral waxes",2386809.69,2025,Export
ZAF,South Africa,JPN,Japan,energy,27,"Mineral fuels, mineral oils and products of their distillation; bituminous substances; mineral waxes",276909249.076,2025,Export
ZAF,South Africa,KAZ,Kazakhstan,energy,27,"Mineral fuels, mineral oils and products of their distillation; bituminous substances; mineral waxes",10.002,2025,Export
ZAF,South Africa,KEN,Kenya,energy,27,"Mineral fuels, mineral oils and products of their distillation; bituminous substances; mineral waxes",67886679.443,2025,Export
ZAF,South Africa,KHM,Cambodia,energy,27,"Mineral fuels, mineral oils and products of their distillation; bituminous substances; mineral waxes",30221228.007,2025,Export
ZAF,South Africa,KNA,Saint Kitts and Nevis,energy,27,"Mineral fuels, mineral oils and products of their distillation; bituminous substances; mineral waxes",7800.153,2025,Export
ZAF,South Africa,KOR,Rep. of Korea,energy,27,"Mineral fuels, mineral oils and products of their distillation; bituminous substances; mineral waxes",322566321.088,2025,Export
ZAF,South Africa,KWT,Kuwait,energy,27,"Mineral fuels, mineral oils and products of their distillation; bituminous substances; mineral waxes",6775543.874,2025,Export
ZAF,South Africa,LBR,Liberia,energy,27,"Mineral fuels, mineral oils and products of their distillation; bituminous substances; mineral waxes",67947877.769,2025,Export
ZAF,South Africa,LCA,Saint Lucia,energy,27,"Mineral fuels, mineral oils and products of their distillation; bituminous substances; mineral waxes",1777.794,2025,Export
ZAF,South Africa,LKA,Sri Lanka,energy,27,"Mineral fuels, mineral oils and products of their distillation; bituminous substances; mineral waxes",15952486.488,2025,Export
ZAF,South Africa,LSO,Lesotho,energy,27,"Mineral fuels, mineral oils and products of their distillation; bituminous substances; mineral waxes",289457143.118,2025,Export
ZAF,South Africa,LUX,Luxembourg,energy,27,"Mineral fuels, mineral oils and products of their distillation; bituminous substances; mineral waxes",578702.177,2025,Export
ZAF,South Africa,LVA,Latvia,energy,27,"Mineral fuels, mineral oils and products of their distillation; bituminous substances; mineral waxes",64272.245,2025,Export
ZAF,South Africa,MAR,Morocco,energy,27,"Mineral fuels, mineral oils and products of their distillation; bituminous substances; mineral waxes",181409370.931,2025,Export
ZAF,South Africa,MDG,Madagascar,energy,27,"Mineral fuels, mineral oils and products of their distillation; bituminous substances; mineral waxes",38982663.324,2025,Export
ZAF,South Africa,MHL,Marshall Isds,energy,27,"Mineral fuels, mineral oils and products of their distillation; bituminous substances; mineral waxes",20762031.175,2025,Export
ZAF,South Africa,MLI,Mali,energy,27,"Mineral fuels, mineral oils and products of their distillation; bituminous substances; mineral waxes",240583.334,2025,Export
ZAF,South Africa,MLT,Malta,energy,27,"Mineral fuels, mineral oils and products of their distillation; bituminous substances; mineral waxes",5901939.676,2025,Export
ZAF,South Africa,MOZ,Mozambique,energy,27,"Mineral fuels, mineral oils and products of their distillation; bituminous substances; mineral waxes",508333909.674,2025,Export
ZAF,South Africa,MRT,Mauritania,energy,27,"Mineral fuels, mineral oils and products of their distillation; bituminous substances; mineral waxes",113876.522,2025,Export
ZAF,South Africa,MUS,Mauritius,energy,27,"Mineral fuels, mineral oils and products of their distillation; bituminous substances; mineral waxes",116341753.832,2025,Export
ZAF,South Africa,MWI,Malawi,energy,27,"Mineral fuels, mineral oils and products of their distillation; bituminous substances; mineral waxes",16083618.168,2025,Export
ZAF,South Africa,MYS,Malaysia,energy,27,"Mineral fuels, mineral oils and products of their distillation; bituminous substances; mineral waxes",47928247.992,2025,Export
ZAF,South Africa,NAM,Namibia,energy,27,"Mineral fuels, mineral oils and products of their distillation; bituminous substances; mineral waxes",232252080.695,2025,Export
ZAF,South Africa,NGA,Nigeria,energy,27,"Mineral fuels, mineral oils and products of their distillation; bituminous substances; mineral waxes",1755329.063,2025,Export
ZAF,South Africa,NLD,Netherlands,energy,27,"Mineral fuels, mineral oils and products of their distillation; bituminous substances; mineral waxes",228194643.362,2025,Export
ZAF,South Africa,NOR,Norway,energy,27,"Mineral fuels, mineral oils and products of their distillation; bituminous substances; mineral waxes",7929070.203,2025,Export
ZAF,South Africa,NZL,New Zealand,energy,27,"Mineral fuels, mineral oils and products of their distillation; bituminous substances; mineral waxes",531847.287,2025,Export
ZAF,South Africa,OMN,Oman,energy,27,"Mineral fuels, mineral oils and products of their distillation; bituminous substances; mineral waxes",355624.484,2025,Export
ZAF,South Africa,PAK,Pakistan,energy,27,"Mineral fuels, mineral oils and products of their distillation; bituminous substances; mineral waxes",395235486.834,2025,Export
ZAF,South Africa,PAN,Panama,energy,27,"Mineral fuels, mineral oils and products of their distillation; bituminous substances; mineral waxes",33351131.031,2025,Export
ZAF,South Africa,PER,Peru,energy,27,"Mineral fuels, mineral oils and products of their distillation; bituminous substances; mineral waxes",94182.901,2025,Export
ZAF,South Africa,PHL,Philippines,energy,27,"Mineral fuels, mineral oils and products of their distillation; bituminous substances; mineral waxes",35018.435,2025,Export
ZAF,South Africa,PNG,Papua New Guinea,energy,27,"Mineral fuels, mineral oils and products of their distillation; bituminous substances; mineral waxes",84.894,2025,Export
ZAF,South Africa,POL,Poland,energy,27,"Mineral fuels, mineral oils and products of their distillation; bituminous substances; mineral waxes",8202819.437,2025,Export
ZAF,South Africa,PRT,Portugal,energy,27,"Mineral fuels, mineral oils and products of their distillation; bituminous substances; mineral waxes",10709521.524,2025,Export
ZAF,South Africa,ROU,Romania,energy,27,"Mineral fuels, mineral oils and products of their distillation; bituminous substances; mineral waxes",2976747.669,2025,Export
ZAF,South Africa,RUS,Russian Federation,energy,27,"Mineral fuels, mineral oils and products of their distillation; bituminous substances; mineral waxes",1621844.335,2025,Export
ZAF,South Africa,RWA,Rwanda,energy,27,"Mineral fuels, mineral oils and products of their distillation; bituminous substances; mineral waxes",15214.859,2025,Export
ZAF,South Africa,S19,"Other Asia, nes",energy,27,"Mineral fuels, mineral oils and products of their distillation; bituminous substances; mineral waxes",230309919.073,2025,Export
ZAF,South Africa,SAU,Saudi Arabia,energy,27,"Mineral fuels, mineral oils and products of their distillation; bituminous substances; mineral waxes",1423940.718,2025,Export
ZAF,South Africa,SDN,Sudan,energy,27,"Mineral fuels, mineral oils and products of their distillation; bituminous substances; mineral waxes",1818.167,2025,Export
ZAF,South Africa,SEN,Senegal,energy,27,"Mineral fuels, mineral oils and products of their distillation; bituminous substances; mineral waxes",61690171.48,2025,Export
ZAF,South Africa,SGP,Singapore,energy,27,"Mineral fuels, mineral oils and products of their distillation; bituminous substances; mineral waxes",10278744.825,2025,Export
ZAF,South Africa,SHN,Saint Helena,energy,27,"Mineral fuels, mineral oils and products of their distillation; bituminous substances; mineral waxes",730986.799,2025,Export
ZAF,South Africa,SLE,Sierra Leone,energy,27,"Mineral fuels, mineral oils and products of their distillation; bituminous substances; mineral waxes",449227.145,2025,Export
ZAF,South Africa,SLV,El Salvador,energy,27,"Mineral fuels, mineral oils and products of their distillation; bituminous substances; mineral waxes",48834.504,2025,Export
ZAF,South Africa,SMR,San Marino,energy,27,"Mineral fuels, mineral oils and products of their distillation; bituminous substances; mineral waxes",186692.708,2025,Export
ZAF,South Africa,SOM,Somalia,energy,27,"Mineral fuels, mineral oils and products of their distillation; bituminous substances; mineral waxes",4010.184,2025,Export
ZAF,South Africa,SVK,Slovakia,energy,27,"Mineral fuels, mineral oils and products of their distillation; bituminous substances; mineral waxes",0.212,2025,Export
ZAF,South Africa,SWE,Sweden,energy,27,"Mineral fuels, mineral oils and products of their distillation; bituminous substances; mineral waxes",1127613.971,2025,Export
ZAF,South Africa,SWZ,Eswatini,energy,27,"Mineral fuels, mineral oils and products of their distillation; bituminous substances; mineral waxes",350688113.364,2025,Export
ZAF,South Africa,SYC,Seychelles,energy,27,"Mineral fuels, mineral oils and products of their distillation; bituminous substances; mineral waxes",301013.023,2025,Export
ZAF,South Africa,TGO,Togo,energy,27,"Mineral fuels, mineral oils and products of their distillation; bituminous substances; mineral waxes",129438.159,2025,Export
ZAF,South Africa,THA,Thailand,energy,27,"Mineral fuels, mineral oils and products of their distillation; bituminous substances; mineral waxes",5314799.916,2025,Export
ZAF,South Africa,TUN,Tunisia,energy,27,"Mineral fuels, mineral oils and products of their distillation; bituminous substances; mineral waxes",90.775,2025,Export
ZAF,South Africa,TUR,Türkiye,energy,27,"Mineral fuels, mineral oils and products of their distillation; bituminous substances; mineral waxes",33597007.564,2025,Export
ZAF,South Africa,TUV,Tuvalu,energy,27,"Mineral fuels, mineral oils and products of their distillation; bituminous substances; mineral waxes",128697.194,2025,Export
ZAF,South Africa,TZA,United Rep. of Tanzania,energy,27,"Mineral fuels, mineral oils and products of their distillation; bituminous substances; mineral waxes",12415762.051,2025,Export
ZAF,South Africa,UGA,Uganda,energy,27,"Mineral fuels, mineral oils and products of their distillation; bituminous substances; mineral waxes",1171575.243,2025,Export
ZAF,South Africa,UKR,Ukraine,energy,27,"Mineral fuels, mineral oils and products of their distillation; bituminous substances; mineral waxes",3573510.389,2025,Export
ZAF,South Africa,URY,Uruguay,energy,27,"Mineral fuels, mineral oils and products of their distillation; bituminous substances; mineral waxes",26012.712,2025,Export
ZAF,South Africa,USA,USA,energy,27,"Mineral fuels, mineral oils and products of their distillation; bituminous substances; mineral waxes",56887333.953,2025,Export
ZAF,South Africa,UZB,Uzbekistan,energy,27,"Mineral fuels, mineral oils and products of their distillation; bituminous substances; mineral waxes",240.746,2025,Export
ZAF,South Africa,VEN,Venezuela,energy,27,"Mineral fuels, mineral oils and products of their distillation; bituminous substances; mineral waxes",14898.777,2025,Export
ZAF,South Africa,VGB,Br. Virgin Isds,energy,27,"Mineral fuels, mineral oils and products of their distillation; bituminous substances; mineral waxes",7595.689,2025,Export
ZAF,South Africa,VNM,Viet Nam,energy,27,"Mineral fuels, mineral oils and products of their distillation; bituminous substances; mineral waxes",140422008.475,2025,Export
ZAF,South Africa,W00,World,energy,27,"Mineral fuels, mineral oils and products of their distillation; bituminous substances; mineral waxes",9509780951.957,2025,Export
ZAF,South Africa,WLF,Wallis and Futuna Isds,energy,27,"Mineral fuels, mineral oils and products of their distillation; bituminous substances; mineral waxes",244162.742,2025,Export
ZAF,South Africa,X1,Bunkers,energy,27,"Mineral fuels, mineral oils and products of their distillation; bituminous substances; mineral waxes",626190111.095,2025,Export
ZAF,South Africa,XX,Special Categories,energy,27,"Mineral fuels, mineral oils and products of their distillation; bituminous substances; mineral waxes",18121205.218,2025,Export
ZAF,South Africa,YEM,Yemen,energy,27,"Mineral fuels, mineral oils and products of their distillation; bituminous substances; mineral waxes",42824682.325,2025,Export
ZAF,South Africa,ZMB,Zambia,energy,27,"Mineral fuels, mineral oils and products of their distillation; bituminous substances; mineral waxes",278986809.659,2025,Export
ZAF,South Africa,ZWE,Zimbabwe,energy,27,"Mineral fuels, mineral oils and products of their distillation; bituminous substances; mineral waxes",272473991.207,2025,Export
ZAF,South Africa,_X,"Areas, nes",energy,27,"Mineral fuels, mineral oils and products of their distillation; bituminous substances; mineral waxes",127721235.987,2025,Export
